net_id,net_type,stage,species_id,original_id,trophic_level,trophic_class,biomass,bodysize,t_val
1,down_power,creation,1,1,4.44600473892112,intermediate,0.5071563194689135,156.3353452028113,5000
1,down_power,creation,2,2,3.7007161660275782,intermediate,0.9593688929617823,51.30976966048768,5000
1,down_power,creation,3,3,2.0,intermediate,0.38628156140541925,91.53494947584109,5000
1,down_power,creation,4,4,1.9999999999999998,top,0.6139165998956468,8.19578291164501,5000
1,down_power,creation,5,5,3.7290723320345465,intermediate,0.4913438719797333,52.15803957466843,5000
1,down_power,creation,6,6,1.9999999999999998,intermediate,0.9331871373897197,96.07944390705637,5000
1,down_power,creation,7,7,1.9999999999999998,top,0.45313857700788307,39.6369829655967,5000
1,down_power,creation,8,8,1.9999999999999998,intermediate,0.7827899934573752,37.65418076901627,5000
1,down_power,creation,9,9,2.0000000000000004,top,0.567236882652334,2.5162906434000787,5000
1,down_power,creation,10,10,1.9999999999999998,intermediate,0.6111012969613638,6.41324577136165,5000
1,down_power,creation,11,11,2.0,top,0.13556610129601665,20.629646335076817,5000
1,down_power,creation,12,12,1.9999999999999998,intermediate,0.7289030838298758,39.49863091540456,5000
1,down_power,creation,13,13,3.0,intermediate,0.4419671533075584,19.309542317421727,5000
1,down_power,creation,14,14,2.8695652173913055,intermediate,0.9531379608325217,59.812041204926636,5000
1,down_power,creation,15,15,1.9999999999999998,intermediate,0.40515321857640985,32.04781336750159,5000
1,down_power,creation,16,16,2.0,top,0.26210375000011765,73.63047119442977,5000
1,down_power,creation,17,17,1.9999999999999998,intermediate,0.4570537213541934,64.45739531508984,5000
1,down_power,creation,18,18,2.0,intermediate,0.8888627282081447,35.5048167173746,5000
1,down_power,creation,19,19,4.033315381424902,intermediate,0.7014302469885136,143.1327790486054,5000
1,down_power,creation,20,20,4.231877023108586,intermediate,0.6023094845579614,129.42086186180208,5000
1,down_power,creation,21,21,4.105478916948766,intermediate,0.15893770441129773,178.49257335303355,5000
1,down_power,creation,22,22,3.6767361264972025,intermediate,0.5024120348333054,91.27238645280258,5000
1,down_power,creation,23,23,3.6556004242610993,intermediate,0.3692071352005326,72.05977627803553,5000
1,down_power,creation,24,24,3.579768390229525,intermediate,0.004742901960509971,53.080611574210245,5000
1,down_power,creation,25,25,4.000000000000001,intermediate,0.6838905334061577,32.366190691482075,5000
1,down_power,creation,26,26,4.0,intermediate,0.3033667677383719,9.888985608990069,5000
1,down_power,creation,27,27,2.0,top,0.4413553269891052,69.3193499686731,5000
1,down_power,creation,28,28,1.9999999999999998,top,0.12570821618927286,69.88743153207393,5000
1,down_power,creation,29,29,1.9999999999999998,intermediate,0.6824820888514228,94.88060133508668,5000
1,down_power,creation,30,30,2.0000000000000004,intermediate,0.45049893052605583,86.63820293940341,5000
1,down_power,creation,31,31,2.0,intermediate,0.7718155912021541,42.54902220823812,5000
1,down_power,creation,32,32,1.9999999999999998,intermediate,0.09919430540618812,23.302430080309296,5000
1,down_power,creation,33,33,2.0,top,0.3133419067703088,74.94222172135926,5000
1,down_power,creation,34,34,1.9999999999999998,intermediate,0.17533985439116018,87.41737007930571,5000
1,down_power,creation,35,35,3.0,intermediate,0.9841314179237524,51.3086860285861,5000
1,down_power,creation,36,36,2.9999999999999996,intermediate,0.9653367614022664,29.038017080686036,5000
1,down_power,creation,37,37,1.0,basal,0.32431079485512126,0.6,5000
1,down_power,creation,38,38,1.0,basal,0.6120499138404898,1.9,5000
1,down_power,creation,39,39,1.0,basal,0.32873059371348856,6.0,5000
1,down_power,creation,40,40,1.0,basal,0.6298727902001745,19.0,5000
1,down_power,creation,41,41,1.0,basal,0.9582194958745175,60.0,5000
1,down_power,creation,42,42,1.0,basal,0.35940582846271585,190.0,5000
1,down_power,creation,43,43,1.0,basal,0.1607806319154883,600.0,5000
1,down_power,creation,44,44,1.0,basal,0.8261276503327981,1900.0,5000
1,down_power,creation,45,45,2.0,intermediate,0.09449532592535159,0.6,5000
1,down_power,creation,46,46,2.0,intermediate,0.17412325512756788,1.9,5000
1,down_power,creation,47,47,1.9999999999999998,intermediate,0.8753187363126824,6.0,5000
1,down_power,creation,48,48,1.9999999999999998,intermediate,0.4755582379450637,19.0,5000
1,down_power,creation,49,49,1.9999999999999998,intermediate,0.7929014326694058,60.0,5000
1,down_power,creation,50,50,2.0000000000000004,intermediate,0.9605301966046222,190.0,5000
1,down_power,creation,51,51,2.0,top,0.22909450383272023,600.0,5000
1,down_power,creation,52,52,2.0,intermediate,0.08041287376213935,1900.0,5000
1,metaweb,creation,1,1,4.0613354240613635,intermediate,0.5071563194689135,156.3353452028113,5000
1,metaweb,creation,2,2,3.5954723098103645,intermediate,0.9593688929617823,51.30976966048768,5000
1,metaweb,creation,3,3,2.0,intermediate,0.38628156140541925,91.53494947584109,5000
1,metaweb,creation,4,4,2.0,intermediate,0.6139165998956468,8.19578291164501,5000
1,metaweb,creation,5,5,3.5954723098103667,intermediate,0.4913438719797333,52.15803957466843,5000
1,metaweb,creation,6,6,2.0,intermediate,0.9331871373897197,96.07944390705637,5000
1,metaweb,creation,7,7,2.0,top,0.45313857700788307,39.6369829655967,5000
1,metaweb,creation,8,8,2.0,intermediate,0.7827899934573752,37.65418076901627,5000
1,metaweb,creation,9,9,2.0,intermediate,0.567236882652334,2.5162906434000787,5000
1,metaweb,creation,10,10,2.0,intermediate,0.6111012969613638,6.41324577136165,5000
1,metaweb,creation,11,11,2.0,top,0.13556610129601665,20.629646335076817,5000
1,metaweb,creation,12,12,2.0,intermediate,0.7289030838298758,39.49863091540456,5000
1,metaweb,creation,13,13,3.0,intermediate,0.4419671533075584,19.309542317421727,5000
1,metaweb,creation,14,14,2.8392621870882753,intermediate,0.9531379608325217,59.812041204926636,5000
1,metaweb,creation,15,15,2.0,intermediate,0.40515321857640985,32.04781336750159,5000
1,metaweb,creation,16,16,2.0,top,0.26210375000011765,73.63047119442977,5000
1,metaweb,creation,17,17,2.0,intermediate,0.4570537213541934,64.45739531508984,5000
1,metaweb,creation,18,18,2.0,intermediate,0.8888627282081447,35.5048167173746,5000
1,metaweb,creation,19,19,4.0613354240613635,intermediate,0.7014302469885136,143.1327790486054,5000
1,metaweb,creation,20,20,4.061335424061364,intermediate,0.6023094845579614,129.42086186180208,5000
1,metaweb,creation,21,21,4.061335424061364,intermediate,0.15893770441129773,178.49257335303355,5000
1,metaweb,creation,22,22,3.5954723098103636,intermediate,0.5024120348333054,91.27238645280258,5000
1,metaweb,creation,23,23,3.5954723098103654,intermediate,0.3692071352005326,72.05977627803553,5000
1,metaweb,creation,24,24,3.5762090864680016,intermediate,0.004742901960509971,53.080611574210245,5000
1,metaweb,creation,25,25,3.303030303030302,intermediate,0.6838905334061577,32.366190691482075,5000
1,metaweb,creation,26,26,3.3333333333333335,intermediate,0.3033667677383719,9.888985608990069,5000
1,metaweb,creation,27,27,2.0,top,0.4413553269891052,69.3193499686731,5000
1,metaweb,creation,28,28,2.0,top,0.12570821618927286,69.88743153207393,5000
1,metaweb,creation,29,29,2.0,intermediate,0.6824820888514228,94.88060133508668,5000
1,metaweb,creation,30,30,2.0,intermediate,0.45049893052605583,86.63820293940341,5000
1,metaweb,creation,31,31,2.0,intermediate,0.7718155912021541,42.54902220823812,5000
1,metaweb,creation,32,32,2.0,intermediate,0.09919430540618812,23.302430080309296,5000
1,metaweb,creation,33,33,2.0,top,0.3133419067703088,74.94222172135926,5000
1,metaweb,creation,34,34,2.0,intermediate,0.17533985439116018,87.41737007930571,5000
1,metaweb,creation,35,35,3.0,intermediate,0.9841314179237524,51.3086860285861,5000
1,metaweb,creation,36,36,3.0,intermediate,0.9653367614022664,29.038017080686036,5000
1,metaweb,creation,37,37,1.0,basal,0.32431079485512126,0.6,5000
1,metaweb,creation,38,38,1.0,basal,0.6120499138404898,1.9,5000
1,metaweb,creation,39,39,1.0,basal,0.32873059371348856,6.0,5000
1,metaweb,creation,40,40,1.0,basal,0.6298727902001745,19.0,5000
1,metaweb,creation,41,41,1.0,basal,0.9582194958745175,60.0,5000
1,metaweb,creation,42,42,1.0,basal,0.35940582846271585,190.0,5000
1,metaweb,creation,43,43,1.0,basal,0.1607806319154883,600.0,5000
1,metaweb,creation,44,44,1.0,basal,0.8261276503327981,1900.0,5000
1,metaweb,creation,45,45,2.0,intermediate,0.09449532592535159,0.6,5000
1,metaweb,creation,46,46,2.0,intermediate,0.17412325512756788,1.9,5000
1,metaweb,creation,47,47,2.0,intermediate,0.8753187363126824,6.0,5000
1,metaweb,creation,48,48,2.0,intermediate,0.4755582379450637,19.0,5000
1,metaweb,creation,49,49,2.0,intermediate,0.7929014326694058,60.0,5000
1,metaweb,creation,50,50,2.0,intermediate,0.9605301966046222,190.0,5000
1,metaweb,creation,51,51,2.0,intermediate,0.22909450383272023,600.0,5000
1,metaweb,creation,52,52,2.0,intermediate,0.08041287376213935,1900.0,5000
1,niche,creation,1,1,3.4963784375141604,top,0.5071563194689135,156.3353452028113,5000
1,niche,creation,2,2,3.596950831825349,top,0.9593688929617823,51.30976966048768,5000
1,niche,creation,3,3,3.367399097967481,top,0.38628156140541925,91.53494947584109,5000
1,niche,creation,4,4,3.283724506583282,intermediate,0.6139165998956468,8.19578291164501,5000
1,niche,creation,5,5,2.0295952382984703,intermediate,0.4913438719797333,52.15803957466843,5000
1,niche,creation,6,6,3.6225116136173745,intermediate,0.9331871373897197,96.07944390705637,5000
1,niche,creation,7,7,2.1418830688417807,intermediate,0.45313857700788307,39.6369829655967,5000
1,niche,creation,8,8,1.000000000000001,basal,0.7827899934573752,37.65418076901627,5000
1,niche,creation,9,9,3.5096396646825183,intermediate,0.567236882652334,2.5162906434000787,5000
1,niche,creation,10,10,3.819203525094941,intermediate,0.6111012969613638,6.41324577136165,5000
1,niche,creation,11,11,0.9999999999999994,basal,0.13556610129601665,20.629646335076817,5000
1,niche,creation,12,12,3.189054122059423,intermediate,0.7289030838298758,39.49863091540456,5000
1,niche,creation,13,13,2.749999999999998,intermediate,0.4419671533075584,19.309542317421727,5000
1,niche,creation,14,14,2.2837661376835623,intermediate,0.9531379608325217,59.812041204926636,5000
1,niche,creation,15,15,3.5314906042568315,intermediate,0.40515321857640985,32.04781336750159,5000
1,niche,creation,16,16,3.1161065928239315,intermediate,0.26210375000011765,73.63047119442977,5000
1,niche,creation,17,17,1.8512984130506764,intermediate,0.4570537213541934,64.45739531508984,5000
1,niche,creation,18,18,3.8319123308850678,intermediate,0.8888627282081447,35.5048167173746,5000
1,niche,creation,19,19,1.0,basal,0.7014302469885136,143.1327790486054,5000
1,niche,creation,20,20,0.08549735508445958,intermediate,0.6023094845579614,129.42086186180208,5000
1,niche,creation,21,21,3.3633037340017586,intermediate,0.15893770441129773,178.49257335303355,5000
1,niche,creation,22,22,3.033021479038836,intermediate,0.5024120348333054,91.27238645280258,5000
1,niche,creation,23,23,3.000000000000005,intermediate,0.3692071352005326,72.05977627803553,5000
1,niche,creation,24,24,0.9999999999999984,basal,0.004742901960509971,53.080611574210245,5000
1,niche,creation,25,25,4.005654162674931,intermediate,0.6838905334061577,32.366190691482075,5000
1,niche,creation,26,26,2.170259682610131,intermediate,0.3033667677383719,9.888985608990069,5000
1,niche,creation,27,27,3.9019241637393938,intermediate,0.4413553269891052,69.3193499686731,5000
1,niche,creation,28,28,3.9504328043502244,intermediate,0.12570821618927286,69.88743153207393,5000
1,niche,creation,29,29,2.499999999999998,intermediate,0.6824820888514228,94.88060133508668,5000
1,niche,creation,30,30,3.218139371607032,intermediate,0.45049893052605583,86.63820293940341,5000
1,niche,creation,31,31,1.0000000000000004,basal,0.7718155912021541,42.54902220823812,5000
1,niche,creation,32,32,3.572713123869007,intermediate,0.09919430540618812,23.302430080309296,5000
1,niche,creation,33,33,2.5,intermediate,0.3133419067703088,74.94222172135926,5000
1,niche,creation,34,34,0.9999999999999982,basal,0.17533985439116018,87.41737007930571,5000
1,niche,creation,35,35,1.9999999999999958,intermediate,0.9841314179237524,51.3086860285861,5000
1,niche,creation,36,36,2.9504328043502244,intermediate,0.9653367614022664,29.038017080686036,5000
1,niche,creation,37,37,2.243228118014478,intermediate,0.32431079485512126,0.6,5000
1,niche,creation,38,38,0.9999999999999964,basal,0.6120499138404898,1.9,5000
1,niche,creation,39,39,2.4256492065253346,intermediate,0.32873059371348856,6.0,5000
1,niche,creation,40,40,1.9999999999999978,intermediate,0.6298727902001745,19.0,5000
1,niche,creation,41,41,2.4256492065253443,intermediate,0.9582194958745175,60.0,5000
1,niche,creation,42,42,3.000000000000003,intermediate,0.35940582846271585,190.0,5000
1,niche,creation,43,43,1.000000000000001,basal,0.1607806319154883,600.0,5000
1,niche,creation,44,44,1.8512984130506784,intermediate,0.8261276503327981,1900.0,5000
1,niche,creation,45,45,0.8512984130506733,intermediate,0.09449532592535159,0.6,5000
1,niche,creation,46,46,2.0000000000000067,intermediate,0.17412325512756788,1.9,5000
1,niche,creation,47,47,0.9999999999999986,basal,0.8753187363126824,6.0,5000
1,niche,creation,48,48,0.9999999999999996,basal,0.4755582379450637,19.0,5000
1,niche,creation,49,49,0.999999999999999,basal,0.7929014326694058,60.0,5000
1,niche,creation,50,50,1.000000000000002,basal,0.9605301966046222,190.0,5000
1,niche,creation,51,51,-4.74350793474663,intermediate,0.22909450383272023,600.0,5000
1,niche,creation,52,52,1.000000000000001,basal,0.08041287376213935,1900.0,5000
1,down_rand,creation,1,1,4.1236816385987,intermediate,0.5071563194689135,156.3353452028113,5000
1,down_rand,creation,2,2,3.4982744857967663,intermediate,0.9593688929617823,51.30976966048768,5000
1,down_rand,creation,3,3,2.0,intermediate,0.38628156140541925,91.53494947584109,5000
1,down_rand,creation,4,4,1.9999999999999998,intermediate,0.6139165998956468,8.19578291164501,5000
1,down_rand,creation,5,5,3.667552530654134,intermediate,0.4913438719797333,52.15803957466843,5000
1,down_rand,creation,6,6,2.0,intermediate,0.9331871373897197,96.07944390705637,5000
1,down_rand,creation,7,7,2.0,top,0.45313857700788307,39.6369829655967,5000
1,down_rand,creation,8,8,2.0,intermediate,0.7827899934573752,37.65418076901627,5000
1,down_rand,creation,9,9,1.9999999999999998,intermediate,0.567236882652334,2.5162906434000787,5000
1,down_rand,creation,10,10,2.0,intermediate,0.6111012969613638,6.41324577136165,5000
1,down_rand,creation,11,11,1.9999999999999998,top,0.13556610129601665,20.629646335076817,5000
1,down_rand,creation,12,12,1.9999999999999998,intermediate,0.7289030838298758,39.49863091540456,5000
1,down_rand,creation,13,13,2.9999999999999996,intermediate,0.4419671533075584,19.309542317421727,5000
1,down_rand,creation,14,14,2.848484848484848,intermediate,0.9531379608325217,59.812041204926636,5000
1,down_rand,creation,15,15,2.0000000000000004,intermediate,0.40515321857640985,32.04781336750159,5000
1,down_rand,creation,16,16,2.0,top,0.26210375000011765,73.63047119442977,5000
1,down_rand,creation,17,17,1.9999999999999996,intermediate,0.4570537213541934,64.45739531508984,5000
1,down_rand,creation,18,18,1.9999999999999998,intermediate,0.8888627282081447,35.5048167173746,5000
1,down_rand,creation,19,19,4.086642069017764,intermediate,0.7014302469885136,143.1327790486054,5000
1,down_rand,creation,20,20,3.8077185401249576,intermediate,0.6023094845579614,129.42086186180208,5000
1,down_rand,creation,21,21,4.084248280691616,intermediate,0.15893770441129773,178.49257335303355,5000
1,down_rand,creation,22,22,3.4346759334281627,intermediate,0.5024120348333054,91.27238645280258,5000
1,down_rand,creation,23,23,3.62819760288566,intermediate,0.3692071352005326,72.05977627803553,5000
1,down_rand,creation,24,24,3.614423498202465,intermediate,0.004742901960509971,53.080611574210245,5000
1,down_rand,creation,25,25,3.3333333333333317,intermediate,0.6838905334061577,32.366190691482075,5000
1,down_rand,creation,26,26,3.0000000000000004,top,0.3033667677383719,9.888985608990069,5000
1,down_rand,creation,27,27,1.9999999999999998,top,0.4413553269891052,69.3193499686731,5000
1,down_rand,creation,28,28,1.9999999999999998,top,0.12570821618927286,69.88743153207393,5000
1,down_rand,creation,29,29,2.0,intermediate,0.6824820888514228,94.88060133508668,5000
1,down_rand,creation,30,30,1.9999999999999996,intermediate,0.45049893052605583,86.63820293940341,5000
1,down_rand,creation,31,31,1.9999999999999998,intermediate,0.7718155912021541,42.54902220823812,5000
1,down_rand,creation,32,32,2.0,intermediate,0.09919430540618812,23.302430080309296,5000
1,down_rand,creation,33,33,2.0,top,0.3133419067703088,74.94222172135926,5000
1,down_rand,creation,34,34,1.9999999999999996,intermediate,0.17533985439116018,87.41737007930571,5000
1,down_rand,creation,35,35,3.0,intermediate,0.9841314179237524,51.3086860285861,5000
1,down_rand,creation,36,36,3.0,intermediate,0.9653367614022664,29.038017080686036,5000
1,down_rand,creation,37,37,1.0,basal,0.32431079485512126,0.6,5000
1,down_rand,creation,38,38,1.0,basal,0.6120499138404898,1.9,5000
1,down_rand,creation,39,39,1.0,basal,0.32873059371348856,6.0,5000
1,down_rand,creation,40,40,1.0,basal,0.6298727902001745,19.0,5000
1,down_rand,creation,41,41,1.0,basal,0.9582194958745175,60.0,5000
1,down_rand,creation,42,42,1.0,basal,0.35940582846271585,190.0,5000
1,down_rand,creation,43,43,1.0,basal,0.1607806319154883,600.0,5000
1,down_rand,creation,44,44,1.0,basal,0.8261276503327981,1900.0,5000
1,down_rand,creation,45,45,2.0000000000000004,intermediate,0.09449532592535159,0.6,5000
1,down_rand,creation,46,46,1.9999999999999998,intermediate,0.17412325512756788,1.9,5000
1,down_rand,creation,47,47,2.0000000000000004,top,0.8753187363126824,6.0,5000
1,down_rand,creation,48,48,2.0000000000000004,intermediate,0.4755582379450637,19.0,5000
1,down_rand,creation,49,49,2.0,intermediate,0.7929014326694058,60.0,5000
1,down_rand,creation,50,50,2.0,intermediate,0.9605301966046222,190.0,5000
1,down_rand,creation,51,51,1.9999999999999998,intermediate,0.22909450383272023,600.0,5000
1,down_rand,creation,52,52,1.9999999999999998,intermediate,0.08041287376213935,1900.0,5000
1,down_link,creation,1,1,4.286190699778899,intermediate,0.5071563194689135,156.3353452028113,5000
1,down_link,creation,2,2,3.545107267044749,intermediate,0.9593688929617823,51.30976966048768,5000
1,down_link,creation,3,3,2.0,intermediate,0.38628156140541925,91.53494947584109,5000
1,down_link,creation,4,4,2.0000000000000004,intermediate,0.6139165998956468,8.19578291164501,5000
1,down_link,creation,5,5,3.560278852920478,intermediate,0.4913438719797333,52.15803957466843,5000
1,down_link,creation,6,6,2.0,intermediate,0.9331871373897197,96.07944390705637,5000
1,down_link,creation,7,7,1.9999999999999998,top,0.45313857700788307,39.6369829655967,5000
1,down_link,creation,8,8,1.9999999999999998,intermediate,0.7827899934573752,37.65418076901627,5000
1,down_link,creation,9,9,1.9999999999999996,intermediate,0.567236882652334,2.5162906434000787,5000
1,down_link,creation,10,10,2.0,intermediate,0.6111012969613638,6.41324577136165,5000
1,down_link,creation,11,11,1.9999999999999998,top,0.13556610129601665,20.629646335076817,5000
1,down_link,creation,12,12,1.9999999999999998,intermediate,0.7289030838298758,39.49863091540456,5000
1,down_link,creation,13,13,3.0,intermediate,0.4419671533075584,19.309542317421727,5000
1,down_link,creation,14,14,3.125,intermediate,0.9531379608325217,59.812041204926636,5000
1,down_link,creation,15,15,1.9999999999999998,intermediate,0.40515321857640985,32.04781336750159,5000
1,down_link,creation,16,16,2.0,top,0.26210375000011765,73.63047119442977,5000
1,down_link,creation,17,17,1.9999999999999998,intermediate,0.4570537213541934,64.45739531508984,5000
1,down_link,creation,18,18,1.9999999999999998,intermediate,0.8888627282081447,35.5048167173746,5000
1,down_link,creation,19,19,3.950333386529769,intermediate,0.7014302469885136,143.1327790486054,5000
1,down_link,creation,20,20,4.119475068456162,intermediate,0.6023094845579614,129.42086186180208,5000
1,down_link,creation,21,21,4.104127800768532,intermediate,0.15893770441129773,178.49257335303355,5000
1,down_link,creation,22,22,3.856672775210878,intermediate,0.5024120348333054,91.27238645280258,5000
1,down_link,creation,23,23,3.6230375770998053,intermediate,0.3692071352005326,72.05977627803553,5000
1,down_link,creation,24,24,3.6211157539939056,intermediate,0.004742901960509971,53.080611574210245,5000
1,down_link,creation,25,25,3.4285714285714284,intermediate,0.6838905334061577,32.366190691482075,5000
1,down_link,creation,26,26,3.0,intermediate,0.3033667677383719,9.888985608990069,5000
1,down_link,creation,27,27,1.9999999999999998,top,0.4413553269891052,69.3193499686731,5000
1,down_link,creation,28,28,2.0,top,0.12570821618927286,69.88743153207393,5000
1,down_link,creation,29,29,2.0,intermediate,0.6824820888514228,94.88060133508668,5000
1,down_link,creation,30,30,2.0,intermediate,0.45049893052605583,86.63820293940341,5000
1,down_link,creation,31,31,2.0,intermediate,0.7718155912021541,42.54902220823812,5000
1,down_link,creation,32,32,2.0,intermediate,0.09919430540618812,23.302430080309296,5000
1,down_link,creation,33,33,2.0000000000000004,top,0.3133419067703088,74.94222172135926,5000
1,down_link,creation,34,34,1.9999999999999998,intermediate,0.17533985439116018,87.41737007930571,5000
1,down_link,creation,35,35,2.999999999999999,intermediate,0.9841314179237524,51.3086860285861,5000
1,down_link,creation,36,36,2.999999999999999,intermediate,0.9653367614022664,29.038017080686036,5000
1,down_link,creation,37,37,1.0,basal,0.32431079485512126,0.6,5000
1,down_link,creation,38,38,1.0,basal,0.6120499138404898,1.9,5000
1,down_link,creation,39,39,1.0,basal,0.32873059371348856,6.0,5000
1,down_link,creation,40,40,1.0,basal,0.6298727902001745,19.0,5000
1,down_link,creation,41,41,1.0,basal,0.9582194958745175,60.0,5000
1,down_link,creation,42,42,1.0,basal,0.35940582846271585,190.0,5000
1,down_link,creation,43,43,1.0,basal,0.1607806319154883,600.0,5000
1,down_link,creation,44,44,1.0,basal,0.8261276503327981,1900.0,5000
1,down_link,creation,45,45,1.9999999999999998,intermediate,0.09449532592535159,0.6,5000
1,down_link,creation,46,46,2.0,intermediate,0.17412325512756788,1.9,5000
1,down_link,creation,47,47,1.9999999999999998,intermediate,0.8753187363126824,6.0,5000
1,down_link,creation,48,48,2.0,intermediate,0.4755582379450637,19.0,5000
1,down_link,creation,49,49,2.0,intermediate,0.7929014326694058,60.0,5000
1,down_link,creation,50,50,1.9999999999999998,intermediate,0.9605301966046222,190.0,5000
1,down_link,creation,51,51,1.9999999999999998,intermediate,0.22909450383272023,600.0,5000
1,down_link,creation,52,52,2.0,intermediate,0.08041287376213935,1900.0,5000
1,down_niche,creation,1,1,4.538961038961038,intermediate,0.5071563194689135,156.3353452028113,5000
1,down_niche,creation,2,2,3.0,intermediate,0.9593688929617823,51.30976966048768,5000
1,down_niche,creation,3,3,2.0,intermediate,0.38628156140541925,91.53494947584109,5000
1,down_niche,creation,4,4,1.9999999999999996,intermediate,0.6139165998956468,8.19578291164501,5000
1,down_niche,creation,5,5,3.077922077922078,intermediate,0.4913438719797333,52.15803957466843,5000
1,down_niche,creation,6,6,2.0000000000000004,intermediate,0.9331871373897197,96.07944390705637,5000
1,down_niche,creation,7,7,1.9999999999999996,top,0.45313857700788307,39.6369829655967,5000
1,down_niche,creation,8,8,1.9999999999999996,intermediate,0.7827899934573752,37.65418076901627,5000
1,down_niche,creation,9,9,1.9999999999999996,intermediate,0.567236882652334,2.5162906434000787,5000
1,down_niche,creation,10,10,2.0000000000000004,intermediate,0.6111012969613638,6.41324577136165,5000
1,down_niche,creation,11,11,1.9999999999999998,top,0.13556610129601665,20.629646335076817,5000
1,down_niche,creation,12,12,2.0000000000000004,intermediate,0.7289030838298758,39.49863091540456,5000
1,down_niche,creation,13,13,3.0,top,0.4419671533075584,19.309542317421727,5000
1,down_niche,creation,14,14,2.8571428571428563,intermediate,0.9531379608325217,59.812041204926636,5000
1,down_niche,creation,15,15,2.0000000000000004,intermediate,0.40515321857640985,32.04781336750159,5000
1,down_niche,creation,16,16,1.9999999999999996,top,0.26210375000011765,73.63047119442977,5000
1,down_niche,creation,17,17,1.9999999999999996,intermediate,0.4570537213541934,64.45739531508984,5000
1,down_niche,creation,18,18,2.0000000000000004,intermediate,0.8888627282081447,35.5048167173746,5000
1,down_niche,creation,19,19,4.0496428571428575,intermediate,0.7014302469885136,143.1327790486054,5000
1,down_niche,creation,20,20,4.739767316017316,intermediate,0.6023094845579614,129.42086186180208,5000
1,down_niche,creation,21,21,3.7142857142857135,intermediate,0.15893770441129773,178.49257335303355,5000
1,down_niche,creation,22,22,3.1071428571428563,intermediate,0.5024120348333054,91.27238645280258,5000
1,down_niche,creation,23,23,3.234285714285714,intermediate,0.3692071352005326,72.05977627803553,5000
1,down_niche,creation,24,24,3.171428571428571,intermediate,0.004742901960509971,53.080611574210245,5000
1,down_niche,creation,25,25,3.0,top,0.6838905334061577,32.366190691482075,5000
1,down_niche,creation,26,26,3.5,intermediate,0.3033667677383719,9.888985608990069,5000
1,down_niche,creation,27,27,1.9999999999999996,top,0.4413553269891052,69.3193499686731,5000
1,down_niche,creation,28,28,1.9999999999999996,top,0.12570821618927286,69.88743153207393,5000
1,down_niche,creation,29,29,2.0000000000000004,intermediate,0.6824820888514228,94.88060133508668,5000
1,down_niche,creation,30,30,2.0000000000000004,intermediate,0.45049893052605583,86.63820293940341,5000
1,down_niche,creation,31,31,2.0000000000000004,intermediate,0.7718155912021541,42.54902220823812,5000
1,down_niche,creation,32,32,1.9999999999999996,intermediate,0.09919430540618812,23.302430080309296,5000
1,down_niche,creation,33,33,1.9999999999999996,top,0.3133419067703088,74.94222172135926,5000
1,down_niche,creation,34,34,2.0,intermediate,0.17533985439116018,87.41737007930571,5000
1,down_niche,creation,35,35,3.0,intermediate,0.9841314179237524,51.3086860285861,5000
1,down_niche,creation,36,36,2.9999999999999996,top,0.9653367614022664,29.038017080686036,5000
1,down_niche,creation,37,37,1.0,basal,0.32431079485512126,0.6,5000
1,down_niche,creation,38,38,1.0,basal,0.6120499138404898,1.9,5000
1,down_niche,creation,39,39,1.0,basal,0.32873059371348856,6.0,5000
1,down_niche,creation,40,40,1.0,basal,0.6298727902001745,19.0,5000
1,down_niche,creation,41,41,1.0,basal,0.9582194958745175,60.0,5000
1,down_niche,creation,42,42,1.0,basal,0.35940582846271585,190.0,5000
1,down_niche,creation,43,43,1.0,basal,0.1607806319154883,600.0,5000
1,down_niche,creation,44,44,1.0,basal,0.8261276503327981,1900.0,5000
1,down_niche,creation,45,45,1.9999999999999996,intermediate,0.09449532592535159,0.6,5000
1,down_niche,creation,46,46,1.9999999999999996,intermediate,0.17412325512756788,1.9,5000
1,down_niche,creation,47,47,1.9999999999999998,intermediate,0.8753187363126824,6.0,5000
1,down_niche,creation,48,48,2.0000000000000004,intermediate,0.4755582379450637,19.0,5000
1,down_niche,creation,49,49,2.0000000000000004,intermediate,0.7929014326694058,60.0,5000
1,down_niche,creation,50,50,2.0,intermediate,0.9605301966046222,190.0,5000
1,down_niche,creation,51,51,2.0000000000000004,intermediate,0.22909450383272023,600.0,5000
1,down_niche,creation,52,52,1.9999999999999996,intermediate,0.08041287376213935,1900.0,5000
1,atn,creation,1,1,2.400000000000001,intermediate,0.5071563194689135,156.3353452028113,5000
1,atn,creation,2,2,1.9999999999999998,intermediate,0.9593688929617823,51.30976966048768,5000
1,atn,creation,3,3,2.333333333333334,intermediate,0.38628156140541925,91.53494947584109,5000
1,atn,creation,4,4,2.0,intermediate,0.6139165998956468,8.19578291164501,5000
1,atn,creation,5,5,1.9999999999999998,intermediate,0.4913438719797333,52.15803957466843,5000
1,atn,creation,6,6,2.333333333333334,intermediate,0.9331871373897197,96.07944390705637,5000
1,atn,creation,7,7,1.9999999999999998,intermediate,0.45313857700788307,39.6369829655967,5000
1,atn,creation,8,8,1.9999999999999998,intermediate,0.7827899934573752,37.65418076901627,5000
1,atn,creation,9,9,1.0,basal,0.567236882652334,2.5162906434000787,5000
1,atn,creation,10,10,2.0,intermediate,0.6111012969613638,6.41324577136165,5000
1,atn,creation,11,11,2.0,intermediate,0.13556610129601665,20.629646335076817,5000
1,atn,creation,12,12,1.9999999999999998,intermediate,0.7289030838298758,39.49863091540456,5000
1,atn,creation,13,13,2.0,intermediate,0.4419671533075584,19.309542317421727,5000
1,atn,creation,14,14,2.1428571428571423,intermediate,0.9531379608325217,59.812041204926636,5000
1,atn,creation,15,15,1.9999999999999998,intermediate,0.40515321857640985,32.04781336750159,5000
1,atn,creation,16,16,2.25,intermediate,0.26210375000011765,73.63047119442977,5000
1,atn,creation,17,17,2.25,intermediate,0.4570537213541934,64.45739531508984,5000
1,atn,creation,18,18,1.9999999999999998,intermediate,0.8888627282081447,35.5048167173746,5000
1,atn,creation,19,19,2.400000000000001,intermediate,0.7014302469885136,143.1327790486054,5000
1,atn,creation,20,20,2.400000000000001,intermediate,0.6023094845579614,129.42086186180208,5000
1,atn,creation,21,21,2.400000000000001,intermediate,0.15893770441129773,178.49257335303355,5000
1,atn,creation,22,22,2.333333333333334,intermediate,0.5024120348333054,91.27238645280258,5000
1,atn,creation,23,23,2.25,intermediate,0.3692071352005326,72.05977627803553,5000
1,atn,creation,24,24,1.9999999999999998,intermediate,0.004742901960509971,53.080611574210245,5000
1,atn,creation,25,25,1.9999999999999998,intermediate,0.6838905334061577,32.366190691482075,5000
1,atn,creation,26,26,2.0,intermediate,0.3033667677383719,9.888985608990069,5000
1,atn,creation,27,27,2.25,intermediate,0.4413553269891052,69.3193499686731,5000
1,atn,creation,28,28,2.25,intermediate,0.12570821618927286,69.88743153207393,5000
1,atn,creation,29,29,2.333333333333334,intermediate,0.6824820888514228,94.88060133508668,5000
1,atn,creation,30,30,2.333333333333334,intermediate,0.45049893052605583,86.63820293940341,5000
1,atn,creation,31,31,1.9999999999999998,intermediate,0.7718155912021541,42.54902220823812,5000
1,atn,creation,32,32,2.0,intermediate,0.09919430540618812,23.302430080309296,5000
1,atn,creation,33,33,2.25,intermediate,0.3133419067703088,74.94222172135926,5000
1,atn,creation,34,34,2.333333333333334,intermediate,0.17533985439116018,87.41737007930571,5000
1,atn,creation,35,35,1.9999999999999998,intermediate,0.9841314179237524,51.3086860285861,5000
1,atn,creation,36,36,1.9999999999999998,intermediate,0.9653367614022664,29.038017080686036,5000
1,atn,creation,37,37,1.0,basal,0.32431079485512126,0.6,5000
1,atn,creation,38,38,1.0,basal,0.6120499138404898,1.9,5000
1,atn,creation,39,39,1.0,basal,0.32873059371348856,6.0,5000
1,atn,creation,40,40,1.0,basal,0.6298727902001745,19.0,5000
1,atn,creation,41,41,1.0,basal,0.9582194958745175,60.0,5000
1,atn,creation,42,42,1.0,basal,0.35940582846271585,190.0,5000
1,atn,creation,43,43,1.0,isolated,0.1607806319154883,600.0,5000
1,atn,creation,44,44,1.0,isolated,0.8261276503327981,1900.0,5000
1,atn,creation,45,45,1.0,basal,0.09449532592535159,0.6,5000
1,atn,creation,46,46,1.0,basal,0.17412325512756788,1.9,5000
1,atn,creation,47,47,2.0,intermediate,0.8753187363126824,6.0,5000
1,atn,creation,48,48,2.0,intermediate,0.4755582379450637,19.0,5000
1,atn,creation,49,49,2.1428571428571423,intermediate,0.7929014326694058,60.0,5000
1,atn,creation,50,50,2.4166666666666656,intermediate,0.9605301966046222,190.0,5000
1,atn,creation,51,51,2.79591836734694,top,0.22909450383272023,600.0,5000
1,atn,creation,52,52,3.0419158361018823,top,0.08041287376213935,1900.0,5000
1,down_power,post_burn_in,1,4,1.9999999999999998,top,0.16402146498122663,8.19578291164501,5000
1,down_power,post_burn_in,2,9,2.0000000000000004,top,0.541984492775474,2.5162906434000787,5000
1,down_power,post_burn_in,3,11,2.0,top,0.9520834199134386,20.629646335076817,5000
1,down_power,post_burn_in,4,31,2.0,top,4.885847370193895e-10,42.54902220823812,5000
1,down_power,post_burn_in,5,37,1.0,basal,0.5617455120465571,0.6,5000
1,down_power,post_burn_in,6,38,1.0,basal,0.26160361149732836,1.9,5000
1,down_power,post_burn_in,7,39,1.0,basal,0.13423137565903356,6.0,5000
1,down_power,post_burn_in,8,40,1.0,basal,0.12706421289171774,19.0,5000
1,down_power,post_burn_in,9,41,1.0,basal,0.13002100689143864,60.0,5000
1,down_power,post_burn_in,10,42,1.0,basal,0.24489392471527247,190.0,5000
1,down_power,post_burn_in,11,43,1.0,basal,0.05879261757130983,600.0,5000
1,down_power,post_burn_in,12,44,1.0,basal,0.0440044718656285,1900.0,5000
1,down_power,post_burn_in,13,46,2.0,top,1.4109250126204623e-11,1.9,5000
1,metaweb,post_burn_in,1,3,2.0,intermediate,0.06587929690584869,91.53494947584109,5000
1,metaweb,post_burn_in,2,4,2.0,intermediate,0.05740059518662877,8.19578291164501,5000
1,metaweb,post_burn_in,3,6,2.0,intermediate,0.07408645494867115,96.07944390705637,5000
1,metaweb,post_burn_in,4,7,2.0,top,0.40888647821669816,39.6369829655967,5000
1,metaweb,post_burn_in,5,8,2.0,intermediate,0.11088465455327019,37.65418076901627,5000
1,metaweb,post_burn_in,6,9,2.0,intermediate,0.05691521553254645,2.5162906434000787,5000
1,metaweb,post_burn_in,7,10,2.0,intermediate,0.05737320382368581,6.41324577136165,5000
1,metaweb,post_burn_in,8,11,2.0,top,0.12232713906309668,20.629646335076817,5000
1,metaweb,post_burn_in,9,12,2.0,intermediate,0.10961246720978934,39.49863091540456,5000
1,metaweb,post_burn_in,10,13,3.0,top,3.341370583272464e-12,19.309542317421727,5000
1,metaweb,post_burn_in,11,14,2.5876923076923086,intermediate,1.000411551784251e-12,59.812041204926636,5000
1,metaweb,post_burn_in,12,15,2.0,intermediate,0.09673032476839821,32.04781336750159,5000
1,metaweb,post_burn_in,13,16,2.0,top,0.2365075160287452,73.63047119442977,5000
1,metaweb,post_burn_in,14,17,2.0,intermediate,0.06786560075479396,64.45739531508984,5000
1,metaweb,post_burn_in,15,18,2.0,intermediate,0.11300171979727482,35.5048167173746,5000
1,metaweb,post_burn_in,16,25,2.692307692307692,intermediate,1.3986777555374594e-12,32.366190691482075,5000
1,metaweb,post_burn_in,17,27,2.0,top,0.39825394360900285,69.3193499686731,5000
1,metaweb,post_burn_in,18,28,2.0,top,0.11343194424083788,69.88743153207393,5000
1,metaweb,post_burn_in,19,29,2.0,intermediate,0.07176669269706094,94.88060133508668,5000
1,metaweb,post_burn_in,20,30,2.0,intermediate,0.06770348834186626,86.63820293940341,5000
1,metaweb,post_burn_in,21,31,2.0,intermediate,0.11063768199030123,42.54902220823812,5000
1,metaweb,post_burn_in,22,32,2.0,intermediate,0.05326209604443926,23.302430080309296,5000
1,metaweb,post_burn_in,23,33,2.0,top,0.28274191436761,74.94222172135926,5000
1,metaweb,post_burn_in,24,34,2.0,intermediate,0.05367426444556732,87.41737007930571,5000
1,metaweb,post_burn_in,25,36,3.0,intermediate,1.5103159444580834e-12,29.038017080686036,5000
1,metaweb,post_burn_in,26,37,1.0,basal,0.21361727108498313,0.6,5000
1,metaweb,post_burn_in,27,38,1.0,basal,0.21361727108498085,1.9,5000
1,metaweb,post_burn_in,28,39,1.0,basal,0.21361727108498307,6.0,5000
1,metaweb,post_burn_in,29,40,1.0,basal,0.2136172710849808,19.0,5000
1,metaweb,post_burn_in,30,41,1.0,basal,0.2136172710849803,60.0,5000
1,metaweb,post_burn_in,31,42,1.0,basal,0.21361727108498252,190.0,5000
1,metaweb,post_burn_in,32,43,1.0,basal,0.21361727108499354,600.0,5000
1,metaweb,post_burn_in,33,44,1.0,basal,0.21361727108498046,1900.0,5000
1,metaweb,post_burn_in,34,45,2.0,intermediate,0.05200719201496491,0.6,5000
1,metaweb,post_burn_in,35,46,2.0,intermediate,0.0721250824565795,1.9,5000
1,metaweb,post_burn_in,36,47,2.0,intermediate,0.11407610420212522,6.0,5000
1,metaweb,post_burn_in,37,48,2.0,intermediate,0.10172491821558675,19.0,5000
1,metaweb,post_burn_in,38,49,2.0,intermediate,0.11238872214036144,60.0,5000
1,metaweb,post_burn_in,39,50,2.0,intermediate,0.11555683690809428,190.0,5000
1,metaweb,post_burn_in,40,51,2.0,intermediate,0.08105318646934292,600.0,5000
1,metaweb,post_burn_in,41,52,2.0,intermediate,0.04698809464300956,1900.0,5000
1,niche,post_burn_in,1,1,3.3306345146754364,top,1.569118421820287,156.3353452028113,5000
1,niche,post_burn_in,2,2,2.9418219461697728,top,0.6574030065383294,51.30976966048768,5000
1,niche,post_burn_in,3,3,3.308132702356305,top,6.165697799540076e-11,91.53494947584109,5000
1,niche,post_burn_in,4,5,2.6346153846153846,intermediate,8.271052199892024e-11,52.15803957466843,5000
1,niche,post_burn_in,5,6,3.2718296381487515,intermediate,1.1472111480319769,96.07944390705637,5000
1,niche,post_burn_in,6,7,2.316666666666667,intermediate,0.6788054917067614,39.6369829655967,5000
1,niche,post_burn_in,7,8,1.0,basal,0.9414176929980205,37.65418076901627,5000
1,niche,post_burn_in,8,9,3.7934817747872085,intermediate,0.0515835011952539,2.5162906434000787,5000
1,niche,post_burn_in,9,10,3.1398634172992868,intermediate,0.04088264983954234,6.41324577136165,5000
1,niche,post_burn_in,10,11,1.0,basal,0.9348997983575612,20.629646335076817,5000
1,niche,post_burn_in,11,12,3.1712215320910984,intermediate,0.005019957611630236,39.49863091540456,5000
1,niche,post_burn_in,12,13,2.75,intermediate,0.21123845959709614,19.309542317421727,5000
1,niche,post_burn_in,13,14,2.6333333333333337,intermediate,0.05001072781429368,59.812041204926636,5000
1,niche,post_burn_in,14,15,3.2065244421440076,intermediate,0.2672237938892325,32.04781336750159,5000
1,niche,post_burn_in,15,16,3.3047619047619055,intermediate,0.0014244066940931168,73.63047119442977,5000
1,niche,post_burn_in,16,17,2.900000000000001,intermediate,0.007857210985058464,64.45739531508984,5000
1,niche,post_burn_in,17,19,1.0,basal,0.909684479802082,143.1327790486054,5000
1,niche,post_burn_in,18,20,1.8333333333333333,intermediate,0.7068449720180793,129.42086186180208,5000
1,niche,post_burn_in,19,22,3.261904761904761,intermediate,7.537327466073984e-6,91.27238645280258,5000
1,niche,post_burn_in,20,23,3.0,intermediate,0.15125270191374549,72.05977627803553,5000
1,niche,post_burn_in,21,24,1.0,basal,0.8315008845738351,53.080611574210245,5000
1,niche,post_burn_in,22,25,2.571780538302277,intermediate,0.26303041469251365,32.366190691482075,5000
1,niche,post_burn_in,23,26,2.3800000000000003,intermediate,0.19831725030637437,9.888985608990069,5000
1,niche,post_burn_in,24,27,2.750683229813665,intermediate,7.968288293791632e-10,69.3193499686731,5000
1,niche,post_burn_in,25,29,2.5,intermediate,0.04102556782607096,94.88060133508668,5000
1,niche,post_burn_in,26,30,2.7712215320910984,intermediate,0.03768358596472607,86.63820293940341,5000
1,niche,post_burn_in,27,31,1.0,basal,0.6273554519585544,42.54902220823812,5000
1,niche,post_burn_in,28,32,2.05424430641822,intermediate,0.12166290835755605,23.302430080309296,5000
1,niche,post_burn_in,29,33,2.5,intermediate,0.055920803305392945,74.94222172135926,5000
1,niche,post_burn_in,30,34,1.0,basal,0.8439088861970365,87.41737007930571,5000
1,niche,post_burn_in,31,35,2.0,intermediate,0.381974517504422,51.3086860285861,5000
1,niche,post_burn_in,32,37,2.5428571428571423,intermediate,0.1639641907221732,0.6,5000
1,niche,post_burn_in,33,38,1.0,basal,0.9218406074019867,1.9,5000
1,niche,post_burn_in,34,40,2.0,intermediate,0.17830880682328296,19.0,5000
1,niche,post_burn_in,35,43,1.0,basal,0.2623906227194113,600.0,5000
1,niche,post_burn_in,36,44,2.900000000000001,intermediate,0.01197067149725449,1900.0,5000
1,niche,post_burn_in,37,45,1.9,intermediate,0.15008739672937674,0.6,5000
1,niche,post_burn_in,38,46,2.0,intermediate,0.11363201180932594,1.9,5000
1,niche,post_burn_in,39,47,1.0,basal,0.37804486689586364,6.0,5000
1,niche,post_burn_in,40,48,1.0,basal,0.4164967373817364,19.0,5000
1,niche,post_burn_in,41,49,1.0,basal,0.567839213050775,60.0,5000
1,niche,post_burn_in,42,50,1.0,basal,0.25202529722160816,190.0,5000
1,niche,post_burn_in,43,52,1.0,basal,0.2940404627890857,1900.0,5000
1,down_rand,post_burn_in,1,8,2.0,intermediate,7.912746363256234e-12,37.65418076901627,5000
1,down_rand,post_burn_in,2,9,1.9999999999999998,intermediate,0.16973427101158758,2.5162906434000787,5000
1,down_rand,post_burn_in,3,25,2.499999999999999,intermediate,0.020677335470350153,32.366190691482075,5000
1,down_rand,post_burn_in,4,26,3.0000000000000004,top,0.05869562456296787,9.888985608990069,5000
1,down_rand,post_burn_in,5,36,3.0000000000000004,intermediate,0.3024088342680548,29.038017080686036,5000
1,down_rand,post_burn_in,6,37,1.0,basal,0.2500985308120043,0.6,5000
1,down_rand,post_burn_in,7,38,1.0,basal,0.3132544763967476,1.9,5000
1,down_rand,post_burn_in,8,39,1.0,basal,0.16562559950092653,6.0,5000
1,down_rand,post_burn_in,9,40,1.0,basal,0.10136031383600698,19.0,5000
1,down_rand,post_burn_in,10,41,1.0,basal,0.0954030094613722,60.0,5000
1,down_rand,post_burn_in,11,42,1.0,basal,0.07721742086154165,190.0,5000
1,down_rand,post_burn_in,12,43,1.0,basal,0.05064682261446871,600.0,5000
1,down_rand,post_burn_in,13,44,1.0,basal,0.24806869294882147,1900.0,5000
1,down_rand,post_burn_in,14,45,2.0,intermediate,0.2174073748833573,0.6,5000
1,down_rand,post_burn_in,15,46,2.0,intermediate,0.21255935079360944,1.9,5000
1,down_rand,post_burn_in,16,47,2.0,top,0.1821216788625691,6.0,5000
1,down_link,post_burn_in,1,9,1.9999999999999996,top,0.14432703384187187,2.5162906434000787,5000
1,down_link,post_burn_in,2,36,2.9999999999999996,top,0.007957972020775576,29.038017080686036,5000
1,down_link,post_burn_in,3,37,1.0,basal,0.16686861693776092,0.6,5000
1,down_link,post_burn_in,4,38,1.0,basal,0.17936470092477175,1.9,5000
1,down_link,post_burn_in,5,39,1.0,basal,0.1788435268811254,6.0,5000
1,down_link,post_burn_in,6,40,1.0,basal,0.14035166045443428,19.0,5000
1,down_link,post_burn_in,7,41,1.0,basal,0.08441793946397384,60.0,5000
1,down_link,post_burn_in,8,42,1.0,basal,0.041303923742584896,190.0,5000
1,down_link,post_burn_in,9,43,1.0,basal,0.04929288418082635,600.0,5000
1,down_link,post_burn_in,10,44,1.0,basal,0.20738255578338727,1900.0,5000
1,down_link,post_burn_in,11,45,2.0,intermediate,0.2968133234872276,0.6,5000
1,down_link,post_burn_in,12,46,2.0,intermediate,0.31911889977796604,1.9,5000
1,down_link,post_burn_in,13,47,2.0,top,2.426527024779919e-7,6.0,5000
1,down_niche,post_burn_in,1,1,2.2694805194805197,intermediate,0.0546815970637228,156.3353452028113,5000
1,down_niche,post_burn_in,2,2,3.0000000000000004,intermediate,0.16587146019661791,51.30976966048768,5000
1,down_niche,post_burn_in,3,3,2.0,intermediate,0.34741518007093003,91.53494947584109,5000
1,down_niche,post_burn_in,4,4,1.9999999999999996,top,0.0538504406908376,8.19578291164501,5000
1,down_niche,post_burn_in,5,6,2.0000000000000004,intermediate,0.002420377570518916,96.07944390705637,5000
1,down_niche,post_burn_in,6,7,1.9999999999999996,top,0.44790686731300855,39.6369829655967,5000
1,down_niche,post_burn_in,7,8,1.9999999999999996,intermediate,0.0015375398571928047,37.65418076901627,5000
1,down_niche,post_burn_in,8,9,1.9999999999999996,intermediate,0.010840758745714194,2.5162906434000787,5000
1,down_niche,post_burn_in,9,10,2.0000000000000004,top,0.004626482686854175,6.41324577136165,5000
1,down_niche,post_burn_in,10,11,1.9999999999999998,top,0.1649459696834065,20.629646335076817,5000
1,down_niche,post_burn_in,11,12,2.0000000000000004,intermediate,0.05828468808221091,39.49863091540456,5000
1,down_niche,post_burn_in,12,14,2.8571428571428563,intermediate,3.791749916935599e-7,59.812041204926636,5000
1,down_niche,post_burn_in,13,15,2.0000000000000004,intermediate,0.0055927025233142415,32.04781336750159,5000
1,down_niche,post_burn_in,14,16,1.9999999999999996,top,0.25907763216459334,73.63047119442977,5000
1,down_niche,post_burn_in,15,17,1.9999999999999996,intermediate,0.09073350753338973,64.45739531508984,5000
1,down_niche,post_burn_in,16,18,2.0000000000000004,intermediate,0.007250436382061261,35.5048167173746,5000
1,down_niche,post_burn_in,17,23,3.2342857142857135,top,0.008479332424866674,72.05977627803553,5000
1,down_niche,post_burn_in,18,24,3.1714285714285717,intermediate,9.308945194594724e-10,53.080611574210245,5000
1,down_niche,post_burn_in,19,25,2.9999999999999996,top,0.014937710968903973,32.366190691482075,5000
1,down_niche,post_burn_in,20,27,1.9999999999999996,top,0.4362596607624881,69.3193499686731,5000
1,down_niche,post_burn_in,21,28,1.9999999999999996,top,0.12425685246369352,69.88743153207393,5000
1,down_niche,post_burn_in,22,29,2.0000000000000004,intermediate,0.14733184091565632,94.88060133508668,5000
1,down_niche,post_burn_in,23,30,2.0000000000000004,intermediate,0.03906210524065551,86.63820293940341,5000
1,down_niche,post_burn_in,24,31,2.0000000000000004,intermediate,0.0003054985091352283,42.54902220823812,5000
1,down_niche,post_burn_in,25,32,1.9999999999999996,intermediate,0.33185522228487657,23.302430080309296,5000
1,down_niche,post_burn_in,26,33,1.9999999999999996,top,0.30972421899318003,74.94222172135926,5000
1,down_niche,post_burn_in,27,34,2.0,intermediate,0.047057264030960576,87.41737007930571,5000
1,down_niche,post_burn_in,28,35,2.999999999999999,top,0.18354620323020543,51.3086860285861,5000
1,down_niche,post_burn_in,29,36,2.9999999999999996,top,4.024169784217822e-9,29.038017080686036,5000
1,down_niche,post_burn_in,30,37,1.0,basal,0.21892582510524353,0.6,5000
1,down_niche,post_burn_in,31,38,1.0,basal,0.20790360983556871,1.9,5000
1,down_niche,post_burn_in,32,39,1.0,basal,0.21476886658224095,6.0,5000
1,down_niche,post_burn_in,33,40,1.0,basal,0.21620115347522867,19.0,5000
1,down_niche,post_burn_in,34,41,1.0,basal,0.21658172063166412,60.0,5000
1,down_niche,post_burn_in,35,42,1.0,basal,0.2124524862185528,190.0,5000
1,down_niche,post_burn_in,36,43,1.0,basal,0.48548741775926846,600.0,5000
1,down_niche,post_burn_in,37,44,1.0,basal,0.20826468145306348,1900.0,5000
1,down_niche,post_burn_in,38,45,1.9999999999999998,intermediate,0.0012990623491530896,0.6,5000
1,down_niche,post_burn_in,39,46,1.9999999999999998,intermediate,0.022955482146938495,1.9,5000
1,down_niche,post_burn_in,40,47,2.0,intermediate,0.026049467983777698,6.0,5000
1,down_niche,post_burn_in,41,48,2.0,intermediate,0.36921445108125606,19.0,5000
1,down_niche,post_burn_in,42,49,2.0,intermediate,0.000768092960540504,60.0,5000
1,down_niche,post_burn_in,43,50,2.0,intermediate,0.009027539236619985,190.0,5000
1,down_niche,post_burn_in,44,51,2.0,intermediate,6.818169572773369e-5,600.0,5000
1,down_niche,post_burn_in,45,52,1.9999999999999998,intermediate,0.001283273486034739,1900.0,5000
1,atn,post_burn_in,1,2,1.9999999999999998,intermediate,4.711948146251963e-9,51.30976966048768,5000
1,atn,post_burn_in,2,3,2.3333333333333335,intermediate,1.609239553825261e-12,91.53494947584109,5000
1,atn,post_burn_in,3,4,2.0,intermediate,0.12978678406596594,8.19578291164501,5000
1,atn,post_burn_in,4,5,1.9999999999999998,intermediate,8.644077447302738e-10,52.15803957466843,5000
1,atn,post_burn_in,5,7,1.9999999999999998,intermediate,0.06866478771759522,39.6369829655967,5000
1,atn,post_burn_in,6,8,1.9999999999999998,intermediate,0.09709876246627691,37.65418076901627,5000
1,atn,post_burn_in,7,9,1.0,basal,0.3661327014121727,2.5162906434000787,5000
1,atn,post_burn_in,8,10,2.0,intermediate,0.06528246938965833,6.41324577136165,5000
1,atn,post_burn_in,9,11,2.0,intermediate,0.1910519500220205,20.629646335076817,5000
1,atn,post_burn_in,10,12,1.9999999999999998,intermediate,0.0705542476623203,39.49863091540456,5000
1,atn,post_burn_in,11,13,2.0,intermediate,0.24367605275951118,19.309542317421727,5000
1,atn,post_burn_in,12,14,2.1428571428571423,intermediate,0.19282503673953777,59.812041204926636,5000
1,atn,post_burn_in,13,15,1.9999999999999998,intermediate,0.1968371676566844,32.04781336750159,5000
1,atn,post_burn_in,14,16,2.25,intermediate,0.03777457706831789,73.63047119442977,5000
1,atn,post_burn_in,15,17,2.25,intermediate,0.434475868826775,64.45739531508984,5000
1,atn,post_burn_in,16,18,1.9999999999999998,intermediate,0.13157516117774676,35.5048167173746,5000
1,atn,post_burn_in,17,22,2.3333333333333335,intermediate,2.303408258480962e-12,91.27238645280258,5000
1,atn,post_burn_in,18,23,2.25,intermediate,0.09620032291377065,72.05977627803553,5000
1,atn,post_burn_in,19,24,1.9999999999999998,intermediate,5.269043272390623e-12,53.080611574210245,5000
1,atn,post_burn_in,20,25,1.9999999999999998,intermediate,0.19024071325171607,32.366190691482075,5000
1,atn,post_burn_in,21,26,2.0,intermediate,0.06430539052983948,9.888985608990069,5000
1,atn,post_burn_in,22,27,2.25,intermediate,0.209606798129758,69.3193499686731,5000
1,atn,post_burn_in,23,28,2.25,intermediate,0.1852803833109753,69.88743153207393,5000
1,atn,post_burn_in,24,30,2.3333333333333335,intermediate,3.5361161735966016e-11,86.63820293940341,5000
1,atn,post_burn_in,25,31,1.9999999999999998,intermediate,0.031805663712695866,42.54902220823812,5000
1,atn,post_burn_in,26,32,2.0,intermediate,0.10292126208432474,23.302430080309296,5000
1,atn,post_burn_in,27,33,2.25,intermediate,0.009509130258667281,74.94222172135926,5000
1,atn,post_burn_in,28,34,2.3333333333333335,intermediate,8.511446436012871e-12,87.41737007930571,5000
1,atn,post_burn_in,29,35,1.9999999999999998,intermediate,4.742796344594161e-9,51.3086860285861,5000
1,atn,post_burn_in,30,36,1.9999999999999998,intermediate,0.2663364039514641,29.038017080686036,5000
1,atn,post_burn_in,31,37,1.0,basal,0.26570906937671585,0.6,5000
1,atn,post_burn_in,32,38,1.0,basal,0.28891340063819326,1.9,5000
1,atn,post_burn_in,33,39,1.0,basal,0.5058145891063791,6.0,5000
1,atn,post_burn_in,34,40,1.0,basal,0.7863537223425089,19.0,5000
1,atn,post_burn_in,35,41,1.0,basal,0.8960090395934125,60.0,5000
1,atn,post_burn_in,36,42,1.0,basal,0.9787379120994764,190.0,5000
1,atn,post_burn_in,37,45,1.0,basal,0.2657090693767095,0.6,5000
1,atn,post_burn_in,38,46,1.0,basal,0.28891340063819326,1.9,5000
1,atn,post_burn_in,39,47,2.0,intermediate,0.05609697694422417,6.0,5000
1,atn,post_burn_in,40,48,2.0,intermediate,0.08237468628233224,19.0,5000
1,atn,post_burn_in,41,49,2.142857142857143,intermediate,0.19109713940664533,60.0,5000
1,atn,post_burn_in,42,50,2.4166666666666665,intermediate,0.6071303409852978,190.0,5000
1,atn,post_burn_in,43,51,2.795918367346939,top,0.8202361804360426,600.0,5000
1,atn,post_burn_in,44,52,3.0419158361018837,top,0.3541125134025048,1900.0,5000
2,down_power,creation,1,1,4.111464466432104,intermediate,0.005167088148531285,218.29660888071595,5000
2,down_power,creation,2,2,3.602922251538103,intermediate,0.1363544513106888,76.9259536534848,5000
2,down_power,creation,3,3,1.9999999999999996,intermediate,0.0750424073417797,75.86107671719422,5000
2,down_power,creation,4,4,2.0000000000000004,intermediate,0.1025137860136145,6.895183354996446,5000
2,down_power,creation,5,5,3.561124593805272,intermediate,0.32782967871925106,58.565776922257534,5000
2,down_power,creation,6,6,1.9999999999999996,intermediate,0.9807388527824824,58.65793068866815,5000
2,down_power,creation,7,7,2.0000000000000004,top,0.3709188779207324,22.297938228900975,5000
2,down_power,creation,8,8,2.0,intermediate,0.06175634154397036,23.432326631955107,5000
2,down_power,creation,9,9,2.0,intermediate,0.4604389788701232,1.6571165233747929,5000
2,down_power,creation,10,10,1.9999999999999998,intermediate,0.3894775553962385,8.016860903453212,5000
2,down_power,creation,11,11,1.9999999999999998,top,0.8728164060010632,18.025448137008375,5000
2,down_power,creation,12,12,1.9999999999999996,intermediate,0.3576628130041929,43.72677670818757,5000
2,down_power,creation,13,13,2.9999999999999996,intermediate,0.5078888658301568,40.92202580452641,5000
2,down_power,creation,14,14,2.8467908902691517,intermediate,0.9321374265893174,52.31468484492773,5000
2,down_power,creation,15,15,2.0,intermediate,0.33368582162692495,28.589896375988523,5000
2,down_power,creation,16,16,2.0000000000000004,top,0.6298841140278303,84.24464112593886,5000
2,down_power,creation,17,17,1.9999999999999998,intermediate,0.3055397758651832,90.69012474085659,5000
2,down_power,creation,18,18,1.9999999999999998,intermediate,0.207993097632018,25.203687622724242,5000
2,down_power,creation,19,19,4.011281825710973,intermediate,0.9030156474080789,167.14532612488415,5000
2,down_power,creation,20,20,3.861304287411786,intermediate,0.9313809961224643,255.8591037137274,5000
2,down_power,creation,21,21,4.011281825710974,intermediate,0.04277152410400209,162.8544019349924,5000
2,down_power,creation,22,22,3.613214476691916,intermediate,0.8219209619101294,64.36415567945915,5000
2,down_power,creation,23,23,3.602922251538104,intermediate,0.9688507153920389,55.063688337655016,5000
2,down_power,creation,24,24,3.561124593805272,intermediate,0.028962334577037674,75.25394702644955,5000
2,down_power,creation,25,25,3.476190476190476,intermediate,0.9964318691648292,15.18323888393422,5000
2,down_power,creation,26,26,3.3333333333333335,intermediate,0.4306030057376695,7.172131785259068,5000
2,down_power,creation,27,27,1.9999999999999998,top,0.8642856679609271,84.00356697030466,5000
2,down_power,creation,28,28,1.9999999999999996,top,0.2539771531061591,62.82219222419578,5000
2,down_power,creation,29,29,1.9999999999999998,intermediate,0.24572365650250894,92.59224260328854,5000
2,down_power,creation,30,30,2.0000000000000004,intermediate,0.5862443038974264,87.23159411991027,5000
2,down_power,creation,31,31,1.9999999999999998,intermediate,0.7019320820115807,34.47192238949633,5000
2,down_power,creation,32,32,1.9999999999999996,intermediate,0.8444514397501166,18.588366937314415,5000
2,down_power,creation,33,33,1.9999999999999996,top,0.8357685879634071,79.41454901127385,5000
2,down_power,creation,34,34,2.0,intermediate,0.12291171658642752,52.762939616992476,5000
2,down_power,creation,35,35,3.0,intermediate,0.11305584370913879,54.71097654120852,5000
2,down_power,creation,36,36,3.0,intermediate,0.6491886372020877,32.55388686771774,5000
2,down_power,creation,37,37,1.0,basal,0.26871222602301625,0.6,5000
2,down_power,creation,38,38,1.0,basal,0.22889270419231555,1.9,5000
2,down_power,creation,39,39,1.0,basal,0.263739421968503,6.0,5000
2,down_power,creation,40,40,1.0,basal,0.8756639056770847,19.0,5000
2,down_power,creation,41,41,1.0,basal,0.724140531243894,60.0,5000
2,down_power,creation,42,42,1.0,basal,0.9718067076142651,190.0,5000
2,down_power,creation,43,43,1.0,basal,0.606993175857879,600.0,5000
2,down_power,creation,44,44,1.0,basal,0.6651221712089133,1900.0,5000
2,down_power,creation,45,45,2.0000000000000004,intermediate,0.6498285736041662,0.6,5000
2,down_power,creation,46,46,2.0000000000000004,intermediate,0.9427265823543187,1.9,5000
2,down_power,creation,47,47,1.9999999999999998,intermediate,0.19652762413785774,6.0,5000
2,down_power,creation,48,48,2.0000000000000004,intermediate,0.11598293543011329,19.0,5000
2,down_power,creation,49,49,1.9999999999999996,intermediate,0.4985320611861386,60.0,5000
2,down_power,creation,50,50,2.0000000000000004,intermediate,0.8832909296730772,190.0,5000
2,down_power,creation,51,51,2.0,intermediate,0.7349062026675086,600.0,5000
2,down_power,creation,52,52,1.9999999999999996,intermediate,0.9114793976829653,1900.0,5000
2,metaweb,creation,1,1,4.0613354240613635,intermediate,0.005167088148531285,218.29660888071595,5000
2,metaweb,creation,2,2,3.5954723098103645,intermediate,0.1363544513106888,76.9259536534848,5000
2,metaweb,creation,3,3,2.0,intermediate,0.0750424073417797,75.86107671719422,5000
2,metaweb,creation,4,4,2.0,intermediate,0.1025137860136145,6.895183354996446,5000
2,metaweb,creation,5,5,3.5954723098103667,intermediate,0.32782967871925106,58.565776922257534,5000
2,metaweb,creation,6,6,2.0,intermediate,0.9807388527824824,58.65793068866815,5000
2,metaweb,creation,7,7,2.0,top,0.3709188779207324,22.297938228900975,5000
2,metaweb,creation,8,8,2.0,intermediate,0.06175634154397036,23.432326631955107,5000
2,metaweb,creation,9,9,2.0,intermediate,0.4604389788701232,1.6571165233747929,5000
2,metaweb,creation,10,10,2.0,intermediate,0.3894775553962385,8.016860903453212,5000
2,metaweb,creation,11,11,2.0,top,0.8728164060010632,18.025448137008375,5000
2,metaweb,creation,12,12,2.0,intermediate,0.3576628130041929,43.72677670818757,5000
2,metaweb,creation,13,13,3.0,intermediate,0.5078888658301568,40.92202580452641,5000
2,metaweb,creation,14,14,2.8392621870882753,intermediate,0.9321374265893174,52.31468484492773,5000
2,metaweb,creation,15,15,2.0,intermediate,0.33368582162692495,28.589896375988523,5000
2,metaweb,creation,16,16,2.0,top,0.6298841140278303,84.24464112593886,5000
2,metaweb,creation,17,17,2.0,intermediate,0.3055397758651832,90.69012474085659,5000
2,metaweb,creation,18,18,2.0,intermediate,0.207993097632018,25.203687622724242,5000
2,metaweb,creation,19,19,4.0613354240613635,intermediate,0.9030156474080789,167.14532612488415,5000
2,metaweb,creation,20,20,4.061335424061364,intermediate,0.9313809961224643,255.8591037137274,5000
2,metaweb,creation,21,21,4.061335424061364,intermediate,0.04277152410400209,162.8544019349924,5000
2,metaweb,creation,22,22,3.5954723098103636,intermediate,0.8219209619101294,64.36415567945915,5000
2,metaweb,creation,23,23,3.5954723098103654,intermediate,0.9688507153920389,55.063688337655016,5000
2,metaweb,creation,24,24,3.5762090864680016,intermediate,0.028962334577037674,75.25394702644955,5000
2,metaweb,creation,25,25,3.303030303030302,intermediate,0.9964318691648292,15.18323888393422,5000
2,metaweb,creation,26,26,3.3333333333333335,intermediate,0.4306030057376695,7.172131785259068,5000
2,metaweb,creation,27,27,2.0,top,0.8642856679609271,84.00356697030466,5000
2,metaweb,creation,28,28,2.0,top,0.2539771531061591,62.82219222419578,5000
2,metaweb,creation,29,29,2.0,intermediate,0.24572365650250894,92.59224260328854,5000
2,metaweb,creation,30,30,2.0,intermediate,0.5862443038974264,87.23159411991027,5000
2,metaweb,creation,31,31,2.0,intermediate,0.7019320820115807,34.47192238949633,5000
2,metaweb,creation,32,32,2.0,intermediate,0.8444514397501166,18.588366937314415,5000
2,metaweb,creation,33,33,2.0,top,0.8357685879634071,79.41454901127385,5000
2,metaweb,creation,34,34,2.0,intermediate,0.12291171658642752,52.762939616992476,5000
2,metaweb,creation,35,35,3.0,intermediate,0.11305584370913879,54.71097654120852,5000
2,metaweb,creation,36,36,3.0,intermediate,0.6491886372020877,32.55388686771774,5000
2,metaweb,creation,37,37,1.0,basal,0.26871222602301625,0.6,5000
2,metaweb,creation,38,38,1.0,basal,0.22889270419231555,1.9,5000
2,metaweb,creation,39,39,1.0,basal,0.263739421968503,6.0,5000
2,metaweb,creation,40,40,1.0,basal,0.8756639056770847,19.0,5000
2,metaweb,creation,41,41,1.0,basal,0.724140531243894,60.0,5000
2,metaweb,creation,42,42,1.0,basal,0.9718067076142651,190.0,5000
2,metaweb,creation,43,43,1.0,basal,0.606993175857879,600.0,5000
2,metaweb,creation,44,44,1.0,basal,0.6651221712089133,1900.0,5000
2,metaweb,creation,45,45,2.0,intermediate,0.6498285736041662,0.6,5000
2,metaweb,creation,46,46,2.0,intermediate,0.9427265823543187,1.9,5000
2,metaweb,creation,47,47,2.0,intermediate,0.19652762413785774,6.0,5000
2,metaweb,creation,48,48,2.0,intermediate,0.11598293543011329,19.0,5000
2,metaweb,creation,49,49,2.0,intermediate,0.4985320611861386,60.0,5000
2,metaweb,creation,50,50,2.0,intermediate,0.8832909296730772,190.0,5000
2,metaweb,creation,51,51,2.0,intermediate,0.7349062026675086,600.0,5000
2,metaweb,creation,52,52,2.0,intermediate,0.9114793976829653,1900.0,5000
2,niche,creation,1,1,3.826644274084964,intermediate,0.005167088148531285,218.29660888071595,5000
2,niche,creation,2,2,2.838440368886989,intermediate,0.1363544513106888,76.9259536534848,5000
2,niche,creation,3,3,3.4849541011824043,intermediate,0.0750424073417797,75.86107671719422,5000
2,niche,creation,4,4,3.2666429373109147,intermediate,0.1025137860136145,6.895183354996446,5000
2,niche,creation,5,5,1.6230668697022728,intermediate,0.32782967871925106,58.565776922257534,5000
2,niche,creation,6,6,3.201017868633894,intermediate,0.9807388527824824,58.65793068866815,5000
2,niche,creation,7,7,2.1450301448560185,intermediate,0.3709188779207324,22.297938228900975,5000
2,niche,creation,8,8,2.5242761194111574,intermediate,0.06175634154397036,23.432326631955107,5000
2,niche,creation,9,9,2.3057768634359603,intermediate,0.4604389788701232,1.6571165233747929,5000
2,niche,creation,10,10,3.8296015798330942,intermediate,0.3894775553962385,8.016860903453212,5000
2,niche,creation,11,11,2.568503298245946,intermediate,0.8728164060010632,18.025448137008375,5000
2,niche,creation,12,12,2.305776863435957,intermediate,0.3576628130041929,43.72677670818757,5000
2,niche,creation,13,13,2.1450301448560163,intermediate,0.5078888658301568,40.92202580452641,5000
2,niche,creation,14,14,3.0756924800026324,intermediate,0.9321374265893174,52.31468484492773,5000
2,niche,creation,15,15,3.189881596675581,intermediate,0.33368582162692495,28.589896375988523,5000
2,niche,creation,16,16,0.9044493885657686,intermediate,0.6298841140278303,84.24464112593886,5000
2,niche,creation,17,17,2.441408370547836,intermediate,0.3055397758651832,90.69012474085659,5000
2,niche,creation,18,18,1.9183182904525546,intermediate,0.207993097632018,25.203687622724242,5000
2,niche,creation,19,19,1.3661056733175572,intermediate,0.9030156474080789,167.14532612488415,5000
2,niche,creation,20,20,2.4188411020459597,intermediate,0.9313809961224643,255.8591037137274,5000
2,niche,creation,21,21,2.599504854194454,intermediate,0.04277152410400209,162.8544019349924,5000
2,niche,creation,22,22,1.9987685526103087,intermediate,0.8219209619101294,64.36415567945915,5000
2,niche,creation,23,23,2.752121157775737,intermediate,0.9688507153920389,55.063688337655016,5000
2,niche,creation,24,24,2.64467527809349,intermediate,0.028962334577037674,75.25394702644955,5000
2,niche,creation,25,25,3.014527881572689,intermediate,0.9964318691648292,15.18323888393422,5000
2,niche,creation,26,26,1.7047046721946484,intermediate,0.4306030057376695,7.172131785259068,5000
2,niche,creation,27,27,1.0000000000000033,basal,0.8642856679609271,84.00356697030466,5000
2,niche,creation,28,28,1.8828167410956718,intermediate,0.2539771531061591,62.82219222419578,5000
2,niche,creation,29,29,1.0000000000000024,basal,0.24572365650250894,92.59224260328854,5000
2,niche,creation,30,30,2.622663382815544,intermediate,0.5862443038974264,87.23159411991027,5000
2,niche,creation,31,31,1.9183182904525573,intermediate,0.7019320820115807,34.47192238949633,5000
2,niche,creation,32,32,0.9496718579940526,intermediate,0.8444514397501166,18.588366937314415,5000
2,niche,creation,33,33,2.3889588433962303,intermediate,0.8357685879634071,79.41454901127385,5000
2,niche,creation,34,34,0.9999999999999974,basal,0.12291171658642752,52.762939616992476,5000
2,niche,creation,35,35,1.633114571996035,intermediate,0.11305584370913879,54.71097654120852,5000
2,niche,creation,36,36,0.9999999999999971,basal,0.6491886372020877,32.55388686771774,5000
2,niche,creation,37,37,1.9047046721946412,intermediate,0.26871222602301625,0.6,5000
2,niche,creation,38,38,1.0413932149950444,intermediate,0.22889270419231555,1.9,5000
2,niche,creation,39,39,0.9496718579940521,intermediate,0.263739421968503,6.0,5000
2,niche,creation,40,40,1.6331145719960332,intermediate,0.8756639056770847,19.0,5000
2,niche,creation,41,41,-1.1006562840118923,intermediate,0.724140531243894,60.0,5000
2,niche,creation,42,42,1.000000000000003,basal,0.9718067076142651,190.0,5000
2,niche,creation,43,43,2.0000000000000084,intermediate,0.606993175857879,600.0,5000
2,niche,creation,44,44,-2.467541712015865,intermediate,0.6651221712089133,1900.0,5000
2,niche,creation,45,45,1.0000000000000009,basal,0.6498285736041662,0.6,5000
2,niche,creation,46,46,2.000000000000008,intermediate,0.9427265823543187,1.9,5000
2,niche,creation,47,47,1.0000000000000033,basal,0.19652762413785774,6.0,5000
2,niche,creation,48,48,-5.201312568023804,intermediate,0.11598293543011329,19.0,5000
2,niche,creation,49,49,1.000000000000005,basal,0.4985320611861386,60.0,5000
2,niche,creation,50,50,-6.201312568023803,intermediate,0.8832909296730772,190.0,5000
2,niche,creation,51,51,1.9999999999999978,intermediate,0.7349062026675086,600.0,5000
2,niche,creation,52,52,0.9999999999999991,basal,0.9114793976829653,1900.0,5000
2,down_rand,creation,1,1,4.087360082505654,intermediate,0.005167088148531285,218.29660888071595,5000
2,down_rand,creation,2,2,3.601505131566942,intermediate,0.1363544513106888,76.9259536534848,5000
2,down_rand,creation,3,3,2.0000000000000004,intermediate,0.0750424073417797,75.86107671719422,5000
2,down_rand,creation,4,4,1.9999999999999996,intermediate,0.1025137860136145,6.895183354996446,5000
2,down_rand,creation,5,5,3.5194868272972797,intermediate,0.32782967871925106,58.565776922257534,5000
2,down_rand,creation,6,6,1.9999999999999998,intermediate,0.9807388527824824,58.65793068866815,5000
2,down_rand,creation,7,7,1.9999999999999996,top,0.3709188779207324,22.297938228900975,5000
2,down_rand,creation,8,8,1.9999999999999996,intermediate,0.06175634154397036,23.432326631955107,5000
2,down_rand,creation,9,9,2.0,intermediate,0.4604389788701232,1.6571165233747929,5000
2,down_rand,creation,10,10,1.9999999999999998,intermediate,0.3894775553962385,8.016860903453212,5000
2,down_rand,creation,11,11,1.9999999999999998,top,0.8728164060010632,18.025448137008375,5000
2,down_rand,creation,12,12,2.0000000000000004,intermediate,0.3576628130041929,43.72677670818757,5000
2,down_rand,creation,13,13,2.9999999999999996,intermediate,0.5078888658301568,40.92202580452641,5000
2,down_rand,creation,14,14,2.859649122807018,intermediate,0.9321374265893174,52.31468484492773,5000
2,down_rand,creation,15,15,2.0,intermediate,0.33368582162692495,28.589896375988523,5000
2,down_rand,creation,16,16,2.0000000000000004,top,0.6298841140278303,84.24464112593886,5000
2,down_rand,creation,17,17,2.0000000000000004,intermediate,0.3055397758651832,90.69012474085659,5000
2,down_rand,creation,18,18,2.0,intermediate,0.207993097632018,25.203687622724242,5000
2,down_rand,creation,19,19,4.136598148305264,intermediate,0.9030156474080789,167.14532612488415,5000
2,down_rand,creation,20,20,3.8871039410287005,intermediate,0.9313809961224643,255.8591037137274,5000
2,down_rand,creation,21,21,4.044405569705797,intermediate,0.04277152410400209,162.8544019349924,5000
2,down_rand,creation,22,22,3.742413109148453,intermediate,0.8219209619101294,64.36415567945915,5000
2,down_rand,creation,23,23,3.7183133945823594,intermediate,0.9688507153920389,55.063688337655016,5000
2,down_rand,creation,24,24,3.5887350459367706,intermediate,0.028962334577037674,75.25394702644955,5000
2,down_rand,creation,25,25,3.3333333333333335,intermediate,0.9964318691648292,15.18323888393422,5000
2,down_rand,creation,26,26,3.3333333333333335,intermediate,0.4306030057376695,7.172131785259068,5000
2,down_rand,creation,27,27,1.9999999999999996,top,0.8642856679609271,84.00356697030466,5000
2,down_rand,creation,28,28,1.9999999999999998,top,0.2539771531061591,62.82219222419578,5000
2,down_rand,creation,29,29,1.9999999999999998,intermediate,0.24572365650250894,92.59224260328854,5000
2,down_rand,creation,30,30,1.9999999999999996,intermediate,0.5862443038974264,87.23159411991027,5000
2,down_rand,creation,31,31,1.9999999999999996,intermediate,0.7019320820115807,34.47192238949633,5000
2,down_rand,creation,32,32,1.9999999999999996,intermediate,0.8444514397501166,18.588366937314415,5000
2,down_rand,creation,33,33,2.0000000000000004,top,0.8357685879634071,79.41454901127385,5000
2,down_rand,creation,34,34,2.0,intermediate,0.12291171658642752,52.762939616992476,5000
2,down_rand,creation,35,35,3.0,intermediate,0.11305584370913879,54.71097654120852,5000
2,down_rand,creation,36,36,3.0,intermediate,0.6491886372020877,32.55388686771774,5000
2,down_rand,creation,37,37,1.0,basal,0.26871222602301625,0.6,5000
2,down_rand,creation,38,38,1.0,basal,0.22889270419231555,1.9,5000
2,down_rand,creation,39,39,1.0,basal,0.263739421968503,6.0,5000
2,down_rand,creation,40,40,1.0,basal,0.8756639056770847,19.0,5000
2,down_rand,creation,41,41,1.0,basal,0.724140531243894,60.0,5000
2,down_rand,creation,42,42,1.0,basal,0.9718067076142651,190.0,5000
2,down_rand,creation,43,43,1.0,basal,0.606993175857879,600.0,5000
2,down_rand,creation,44,44,1.0,basal,0.6651221712089133,1900.0,5000
2,down_rand,creation,45,45,2.0000000000000004,intermediate,0.6498285736041662,0.6,5000
2,down_rand,creation,46,46,1.9999999999999996,intermediate,0.9427265823543187,1.9,5000
2,down_rand,creation,47,47,2.0000000000000004,intermediate,0.19652762413785774,6.0,5000
2,down_rand,creation,48,48,1.9999999999999996,intermediate,0.11598293543011329,19.0,5000
2,down_rand,creation,49,49,2.0,intermediate,0.4985320611861386,60.0,5000
2,down_rand,creation,50,50,2.0000000000000004,intermediate,0.8832909296730772,190.0,5000
2,down_rand,creation,51,51,2.0000000000000004,intermediate,0.7349062026675086,600.0,5000
2,down_rand,creation,52,52,2.0,intermediate,0.9114793976829653,1900.0,5000
2,down_link,creation,1,1,4.004037096011492,intermediate,0.005167088148531285,218.29660888071595,5000
2,down_link,creation,2,2,3.666573630429053,intermediate,0.1363544513106888,76.9259536534848,5000
2,down_link,creation,3,3,2.0000000000000004,intermediate,0.0750424073417797,75.86107671719422,5000
2,down_link,creation,4,4,1.9999999999999996,intermediate,0.1025137860136145,6.895183354996446,5000
2,down_link,creation,5,5,3.6665632930693177,intermediate,0.32782967871925106,58.565776922257534,5000
2,down_link,creation,6,6,1.9999999999999996,intermediate,0.9807388527824824,58.65793068866815,5000
2,down_link,creation,7,7,2.0,top,0.3709188779207324,22.297938228900975,5000
2,down_link,creation,8,8,2.0000000000000004,intermediate,0.06175634154397036,23.432326631955107,5000
2,down_link,creation,9,9,1.9999999999999996,intermediate,0.4604389788701232,1.6571165233747929,5000
2,down_link,creation,10,10,1.9999999999999996,intermediate,0.3894775553962385,8.016860903453212,5000
2,down_link,creation,11,11,1.9999999999999998,top,0.8728164060010632,18.025448137008375,5000
2,down_link,creation,12,12,1.9999999999999996,intermediate,0.3576628130041929,43.72677670818757,5000
2,down_link,creation,13,13,3.0,intermediate,0.5078888658301568,40.92202580452641,5000
2,down_link,creation,14,14,2.9999999999999996,intermediate,0.9321374265893174,52.31468484492773,5000
2,down_link,creation,15,15,2.0000000000000004,intermediate,0.33368582162692495,28.589896375988523,5000
2,down_link,creation,16,16,1.9999999999999996,top,0.6298841140278303,84.24464112593886,5000
2,down_link,creation,17,17,2.0,intermediate,0.3055397758651832,90.69012474085659,5000
2,down_link,creation,18,18,1.9999999999999998,intermediate,0.207993097632018,25.203687622724242,5000
2,down_link,creation,19,19,4.091937905599047,intermediate,0.9030156474080789,167.14532612488415,5000
2,down_link,creation,20,20,4.086191786499108,intermediate,0.9313809961224643,255.8591037137274,5000
2,down_link,creation,21,21,4.1987625206283745,intermediate,0.04277152410400209,162.8544019349924,5000
2,down_link,creation,22,22,3.4166602058168327,intermediate,0.8219209619101294,64.36415567945915,5000
2,down_link,creation,23,23,3.6519488507440303,intermediate,0.9688507153920389,55.063688337655016,5000
2,down_link,creation,24,24,3.5963932951884767,intermediate,0.028962334577037674,75.25394702644955,5000
2,down_link,creation,25,25,3.333333333333333,intermediate,0.9964318691648292,15.18323888393422,5000
2,down_link,creation,26,26,3.333333333333334,intermediate,0.4306030057376695,7.172131785259068,5000
2,down_link,creation,27,27,2.0000000000000004,top,0.8642856679609271,84.00356697030466,5000
2,down_link,creation,28,28,2.0,top,0.2539771531061591,62.82219222419578,5000
2,down_link,creation,29,29,1.9999999999999998,intermediate,0.24572365650250894,92.59224260328854,5000
2,down_link,creation,30,30,2.0000000000000004,intermediate,0.5862443038974264,87.23159411991027,5000
2,down_link,creation,31,31,2.0000000000000004,intermediate,0.7019320820115807,34.47192238949633,5000
2,down_link,creation,32,32,1.9999999999999996,intermediate,0.8444514397501166,18.588366937314415,5000
2,down_link,creation,33,33,1.9999999999999998,top,0.8357685879634071,79.41454901127385,5000
2,down_link,creation,34,34,2.0,intermediate,0.12291171658642752,52.762939616992476,5000
2,down_link,creation,35,35,3.0,intermediate,0.11305584370913879,54.71097654120852,5000
2,down_link,creation,36,36,3.0,intermediate,0.6491886372020877,32.55388686771774,5000
2,down_link,creation,37,37,1.0,basal,0.26871222602301625,0.6,5000
2,down_link,creation,38,38,1.0,basal,0.22889270419231555,1.9,5000
2,down_link,creation,39,39,1.0,basal,0.263739421968503,6.0,5000
2,down_link,creation,40,40,1.0,basal,0.8756639056770847,19.0,5000
2,down_link,creation,41,41,1.0,basal,0.724140531243894,60.0,5000
2,down_link,creation,42,42,1.0,basal,0.9718067076142651,190.0,5000
2,down_link,creation,43,43,1.0,basal,0.606993175857879,600.0,5000
2,down_link,creation,44,44,1.0,basal,0.6651221712089133,1900.0,5000
2,down_link,creation,45,45,2.0000000000000004,intermediate,0.6498285736041662,0.6,5000
2,down_link,creation,46,46,1.9999999999999996,intermediate,0.9427265823543187,1.9,5000
2,down_link,creation,47,47,2.0000000000000004,intermediate,0.19652762413785774,6.0,5000
2,down_link,creation,48,48,2.0000000000000004,intermediate,0.11598293543011329,19.0,5000
2,down_link,creation,49,49,1.9999999999999996,intermediate,0.4985320611861386,60.0,5000
2,down_link,creation,50,50,1.9999999999999996,intermediate,0.8832909296730772,190.0,5000
2,down_link,creation,51,51,1.9999999999999996,intermediate,0.7349062026675086,600.0,5000
2,down_link,creation,52,52,1.9999999999999996,intermediate,0.9114793976829653,1900.0,5000
2,down_niche,creation,1,1,3.940609758388754,intermediate,0.005167088148531285,218.29660888071595,5000
2,down_niche,creation,2,2,3.456904952388972,intermediate,0.1363544513106888,76.9259536534848,5000
2,down_niche,creation,3,3,2.0,intermediate,0.0750424073417797,75.86107671719422,5000
2,down_niche,creation,4,4,1.9999999999999996,intermediate,0.1025137860136145,6.895183354996446,5000
2,down_niche,creation,5,5,3.3114537153444044,intermediate,0.32782967871925106,58.565776922257534,5000
2,down_niche,creation,6,6,2.0,intermediate,0.9807388527824824,58.65793068866815,5000
2,down_niche,creation,7,7,1.9999999999999996,top,0.3709188779207324,22.297938228900975,5000
2,down_niche,creation,8,8,2.0,intermediate,0.06175634154397036,23.432326631955107,5000
2,down_niche,creation,9,9,1.9999999999999996,intermediate,0.4604389788701232,1.6571165233747929,5000
2,down_niche,creation,10,10,2.0000000000000004,intermediate,0.3894775553962385,8.016860903453212,5000
2,down_niche,creation,11,11,2.0,top,0.8728164060010632,18.025448137008375,5000
2,down_niche,creation,12,12,2.0,intermediate,0.3576628130041929,43.72677670818757,5000
2,down_niche,creation,13,13,3.0,intermediate,0.5078888658301568,40.92202580452641,5000
2,down_niche,creation,14,14,2.749999999999999,intermediate,0.9321374265893174,52.31468484492773,5000
2,down_niche,creation,15,15,2.0,intermediate,0.33368582162692495,28.589896375988523,5000
2,down_niche,creation,16,16,2.0,top,0.6298841140278303,84.24464112593886,5000
2,down_niche,creation,17,17,1.9999999999999996,intermediate,0.3055397758651832,90.69012474085659,5000
2,down_niche,creation,18,18,2.0,intermediate,0.207993097632018,25.203687622724242,5000
2,down_niche,creation,19,19,3.8554314261124656,intermediate,0.9030156474080789,167.14532612488415,5000
2,down_niche,creation,20,20,3.984810905745762,intermediate,0.9313809961224643,255.8591037137274,5000
2,down_niche,creation,21,21,4.172696844550661,intermediate,0.04277152410400209,162.8544019349924,5000
2,down_niche,creation,22,22,3.2759544762786983,intermediate,0.8219209619101294,64.36415567945915,5000
2,down_niche,creation,23,23,3.3343975385429743,intermediate,0.9688507153920389,55.063688337655016,5000
2,down_niche,creation,24,24,3.3354962063565585,intermediate,0.028962334577037674,75.25394702644955,5000
2,down_niche,creation,25,25,3.2857142857142856,intermediate,0.9964318691648292,15.18323888393422,5000
2,down_niche,creation,26,26,2.9999999999999996,top,0.4306030057376695,7.172131785259068,5000
2,down_niche,creation,27,27,2.0000000000000004,top,0.8642856679609271,84.00356697030466,5000
2,down_niche,creation,28,28,2.0,top,0.2539771531061591,62.82219222419578,5000
2,down_niche,creation,29,29,1.9999999999999996,intermediate,0.24572365650250894,92.59224260328854,5000
2,down_niche,creation,30,30,1.9999999999999996,intermediate,0.5862443038974264,87.23159411991027,5000
2,down_niche,creation,31,31,2.0,intermediate,0.7019320820115807,34.47192238949633,5000
2,down_niche,creation,32,32,2.0,intermediate,0.8444514397501166,18.588366937314415,5000
2,down_niche,creation,33,33,2.0,top,0.8357685879634071,79.41454901127385,5000
2,down_niche,creation,34,34,2.0,intermediate,0.12291171658642752,52.762939616992476,5000
2,down_niche,creation,35,35,3.0,intermediate,0.11305584370913879,54.71097654120852,5000
2,down_niche,creation,36,36,3.0,intermediate,0.6491886372020877,32.55388686771774,5000
2,down_niche,creation,37,37,1.0,basal,0.26871222602301625,0.6,5000
2,down_niche,creation,38,38,1.0,basal,0.22889270419231555,1.9,5000
2,down_niche,creation,39,39,1.0,basal,0.263739421968503,6.0,5000
2,down_niche,creation,40,40,1.0,basal,0.8756639056770847,19.0,5000
2,down_niche,creation,41,41,1.0,basal,0.724140531243894,60.0,5000
2,down_niche,creation,42,42,1.0,basal,0.9718067076142651,190.0,5000
2,down_niche,creation,43,43,1.0,basal,0.606993175857879,600.0,5000
2,down_niche,creation,44,44,1.0,basal,0.6651221712089133,1900.0,5000
2,down_niche,creation,45,45,2.0,intermediate,0.6498285736041662,0.6,5000
2,down_niche,creation,46,46,2.0,intermediate,0.9427265823543187,1.9,5000
2,down_niche,creation,47,47,2.0,intermediate,0.19652762413785774,6.0,5000
2,down_niche,creation,48,48,1.9999999999999996,intermediate,0.11598293543011329,19.0,5000
2,down_niche,creation,49,49,2.0,intermediate,0.4985320611861386,60.0,5000
2,down_niche,creation,50,50,2.0,intermediate,0.8832909296730772,190.0,5000
2,down_niche,creation,51,51,2.0,intermediate,0.7349062026675086,600.0,5000
2,down_niche,creation,52,52,2.0,intermediate,0.9114793976829653,1900.0,5000
2,atn,creation,1,1,2.533333333333333,top,0.005167088148531285,218.29660888071595,5000
2,atn,creation,2,2,2.333333333333334,intermediate,0.1363544513106888,76.9259536534848,5000
2,atn,creation,3,3,2.333333333333334,intermediate,0.0750424073417797,75.86107671719422,5000
2,atn,creation,4,4,2.0,intermediate,0.1025137860136145,6.895183354996446,5000
2,atn,creation,5,5,1.9999999999999998,intermediate,0.32782967871925106,58.565776922257534,5000
2,atn,creation,6,6,1.9999999999999998,intermediate,0.9807388527824824,58.65793068866815,5000
2,atn,creation,7,7,1.9999999999999998,intermediate,0.3709188779207324,22.297938228900975,5000
2,atn,creation,8,8,1.9999999999999998,intermediate,0.06175634154397036,23.432326631955107,5000
2,atn,creation,9,9,1.0,basal,0.4604389788701232,1.6571165233747929,5000
2,atn,creation,10,10,2.0,intermediate,0.3894775553962385,8.016860903453212,5000
2,atn,creation,11,11,1.9999999999999998,intermediate,0.8728164060010632,18.025448137008375,5000
2,atn,creation,12,12,1.9999999999999998,intermediate,0.3576628130041929,43.72677670818757,5000
2,atn,creation,13,13,1.9999999999999998,intermediate,0.5078888658301568,40.92202580452641,5000
2,atn,creation,14,14,1.9999999999999998,intermediate,0.9321374265893174,52.31468484492773,5000
2,atn,creation,15,15,1.9999999999999998,intermediate,0.33368582162692495,28.589896375988523,5000
2,atn,creation,16,16,2.400000000000001,intermediate,0.6298841140278303,84.24464112593886,5000
2,atn,creation,17,17,2.400000000000001,intermediate,0.3055397758651832,90.69012474085659,5000
2,atn,creation,18,18,1.9999999999999998,intermediate,0.207993097632018,25.203687622724242,5000
2,atn,creation,19,19,2.4545454545454537,intermediate,0.9030156474080789,167.14532612488415,5000
2,atn,creation,20,20,2.6875,top,0.9313809961224643,255.8591037137274,5000
2,atn,creation,21,21,2.4545454545454537,intermediate,0.04277152410400209,162.8544019349924,5000
2,atn,creation,22,22,2.1428571428571423,intermediate,0.8219209619101294,64.36415567945915,5000
2,atn,creation,23,23,1.9999999999999998,intermediate,0.9688507153920389,55.063688337655016,5000
2,atn,creation,24,24,2.333333333333334,intermediate,0.028962334577037674,75.25394702644955,5000
2,atn,creation,25,25,2.0,intermediate,0.9964318691648292,15.18323888393422,5000
2,atn,creation,26,26,2.0,intermediate,0.4306030057376695,7.172131785259068,5000
2,atn,creation,27,27,2.4000000000000004,intermediate,0.8642856679609271,84.00356697030466,5000
2,atn,creation,28,28,2.1428571428571423,intermediate,0.2539771531061591,62.82219222419578,5000
2,atn,creation,29,29,2.4000000000000004,intermediate,0.24572365650250894,92.59224260328854,5000
2,atn,creation,30,30,2.4000000000000004,intermediate,0.5862443038974264,87.23159411991027,5000
2,atn,creation,31,31,1.9999999999999998,intermediate,0.7019320820115807,34.47192238949633,5000
2,atn,creation,32,32,1.9999999999999998,intermediate,0.8444514397501166,18.588366937314415,5000
2,atn,creation,33,33,2.333333333333334,intermediate,0.8357685879634071,79.41454901127385,5000
2,atn,creation,34,34,1.9999999999999998,intermediate,0.12291171658642752,52.762939616992476,5000
2,atn,creation,35,35,1.9999999999999998,intermediate,0.11305584370913879,54.71097654120852,5000
2,atn,creation,36,36,1.9999999999999998,intermediate,0.6491886372020877,32.55388686771774,5000
2,atn,creation,37,37,1.0,basal,0.26871222602301625,0.6,5000
2,atn,creation,38,38,1.0,basal,0.22889270419231555,1.9,5000
2,atn,creation,39,39,1.0,basal,0.263739421968503,6.0,5000
2,atn,creation,40,40,1.0,basal,0.8756639056770847,19.0,5000
2,atn,creation,41,41,1.0,basal,0.724140531243894,60.0,5000
2,atn,creation,42,42,1.0,basal,0.9718067076142651,190.0,5000
2,atn,creation,43,43,1.0,isolated,0.606993175857879,600.0,5000
2,atn,creation,44,44,1.0,isolated,0.6651221712089133,1900.0,5000
2,atn,creation,45,45,1.0,basal,0.6498285736041662,0.6,5000
2,atn,creation,46,46,1.0,basal,0.9427265823543187,1.9,5000
2,atn,creation,47,47,2.0,intermediate,0.19652762413785774,6.0,5000
2,atn,creation,48,48,1.9999999999999998,intermediate,0.11598293543011329,19.0,5000
2,atn,creation,49,49,2.1428571428571423,intermediate,0.4985320611861386,60.0,5000
2,atn,creation,50,50,2.533333333333333,intermediate,0.8832909296730772,190.0,5000
2,atn,creation,51,51,2.7980295566502473,top,0.7349062026675086,600.0,5000
2,atn,creation,52,52,3.0293738781543667,top,0.9114793976829653,1900.0,5000
2,down_power,post_burn_in,1,4,2.0000000000000004,intermediate,0.07459768173820597,6.895183354996446,5000
2,down_power,post_burn_in,2,9,2.0,intermediate,0.22337908363063586,1.6571165233747929,5000
2,down_power,post_burn_in,3,13,2.9999999999999996,top,1.953508238482148e-9,40.92202580452641,5000
2,down_power,post_burn_in,4,26,2.0,intermediate,0.026931810245449734,7.172131785259068,5000
2,down_power,post_burn_in,5,35,2.9999999999999996,top,1.0509149044454513e-11,54.71097654120852,5000
2,down_power,post_burn_in,6,36,2.9999999999999996,top,6.414624560188266e-11,32.55388686771774,5000
2,down_power,post_burn_in,7,37,1.0,basal,0.1663523518118141,0.6,5000
2,down_power,post_burn_in,8,38,1.0,basal,0.24226880730035738,1.9,5000
2,down_power,post_burn_in,9,39,1.0,basal,0.26571523930855057,6.0,5000
2,down_power,post_burn_in,10,40,1.0,basal,0.11000286102824115,19.0,5000
2,down_power,post_burn_in,11,41,1.0,basal,0.18232282732289165,60.0,5000
2,down_power,post_burn_in,12,42,1.0,basal,0.05262615643796078,190.0,5000
2,down_power,post_burn_in,13,43,1.0,basal,0.04000372189227167,600.0,5000
2,down_power,post_burn_in,14,44,1.0,basal,0.047608375130062476,1900.0,5000
2,down_power,post_burn_in,15,45,2.0,intermediate,0.14445565294792076,0.6,5000
2,down_power,post_burn_in,16,46,2.0,intermediate,0.3134680110364629,1.9,5000
2,down_power,post_burn_in,17,47,2.0,intermediate,0.1866724897416139,6.0,5000
2,metaweb,post_burn_in,1,3,2.0,top,0.02521839485273001,75.86107671719422,5000
2,metaweb,post_burn_in,2,4,2.0,top,0.02690209024630182,6.895183354996446,5000
2,metaweb,post_burn_in,3,6,2.0,top,0.05870058630974835,58.65793068866815,5000
2,metaweb,post_burn_in,4,7,2.0,top,0.2018153449651459,22.297938228900975,5000
2,metaweb,post_burn_in,5,8,2.0,top,0.025107999008745278,23.432326631955107,5000
2,metaweb,post_burn_in,6,9,2.0,top,0.04303882562212124,1.6571165233747929,5000
2,metaweb,post_burn_in,7,10,2.0,top,0.04173251744384883,8.016860903453212,5000
2,metaweb,post_burn_in,8,11,2.0,top,0.4748956026606209,18.025448137008375,5000
2,metaweb,post_burn_in,9,12,2.0,top,0.06576426170205583,43.72677670818757,5000
2,metaweb,post_burn_in,10,15,2.0,top,0.06420516480557406,28.589896375988523,5000
2,metaweb,post_burn_in,11,16,2.0,top,0.3427172013277115,84.24464112593886,5000
2,metaweb,post_burn_in,12,17,2.0,top,0.04722087903259144,90.69012474085659,5000
2,metaweb,post_burn_in,13,18,2.0,top,0.05289998566050193,25.203687622724242,5000
2,metaweb,post_burn_in,14,27,2.0,top,0.47025406527101793,84.00356697030466,5000
2,metaweb,post_burn_in,15,28,2.0,top,0.13818786214041637,62.82219222419578,5000
2,metaweb,post_burn_in,16,29,2.0,top,0.044166887343103416,92.59224260328854,5000
2,metaweb,post_burn_in,17,30,2.0,top,0.05465452841715512,87.23159411991027,5000
2,metaweb,post_burn_in,18,31,2.0,top,0.07883036691708734,34.47192238949633,5000
2,metaweb,post_burn_in,19,32,2.0,top,0.08167568592779997,18.588366937314415,5000
2,metaweb,post_burn_in,20,33,2.0,top,0.4547380463253348,79.41454901127385,5000
2,metaweb,post_burn_in,21,34,2.0,top,0.033206041163015655,52.762939616992476,5000
2,metaweb,post_burn_in,22,37,1.0,basal,0.21361727108473072,0.6,5000
2,metaweb,post_burn_in,23,38,1.0,basal,0.2136172710847307,1.9,5000
2,metaweb,post_burn_in,24,39,1.0,basal,0.21361727108473072,6.0,5000
2,metaweb,post_burn_in,25,40,1.0,basal,0.21361727108473072,19.0,5000
2,metaweb,post_burn_in,26,41,1.0,basal,0.2136172710847307,60.0,5000
2,metaweb,post_burn_in,27,42,1.0,basal,0.21361727108473072,190.0,5000
2,metaweb,post_burn_in,28,43,1.0,basal,0.21361727108473072,600.0,5000
2,metaweb,post_burn_in,29,44,1.0,basal,0.2136172710847307,1900.0,5000
2,metaweb,post_burn_in,30,45,2.0,top,0.08191540243587002,0.6,5000
2,metaweb,post_burn_in,31,46,2.0,top,0.08826940917896936,1.9,5000
2,metaweb,post_burn_in,32,47,2.0,top,0.05338619560137786,6.0,5000
2,metaweb,post_burn_in,33,48,2.0,top,0.03964173029270586,19.0,5000
2,metaweb,post_burn_in,34,49,2.0,top,0.0765340351156099,60.0,5000
2,metaweb,post_burn_in,35,50,2.0,top,0.08725894476298042,190.0,5000
2,metaweb,post_burn_in,36,51,2.0,top,0.08417307730961382,600.0,5000
2,metaweb,post_burn_in,37,52,2.0,top,0.08775169773827886,1900.0,5000
2,niche,post_burn_in,1,1,3.9016231726625525,intermediate,0.2351094338532689,218.29660888071595,5000
2,niche,post_burn_in,2,2,3.4260251999292652,intermediate,3.152256929705257e-10,76.9259536534848,5000
2,niche,post_burn_in,3,3,3.980566273949362,intermediate,0.3401493466483616,75.86107671719422,5000
2,niche,post_burn_in,4,5,2.907043650793651,intermediate,0.43498032010978627,58.565776922257534,5000
2,niche,post_burn_in,5,6,4.0050725607924695,intermediate,0.12208648696510424,58.65793068866815,5000
2,niche,post_burn_in,6,7,3.0912499999999996,intermediate,0.13180311678757795,22.297938228900975,5000
2,niche,post_burn_in,7,8,3.2307539682539685,intermediate,0.05279192425851283,23.432326631955107,5000
2,niche,post_burn_in,8,9,3.250000000000001,intermediate,9.175141198372458e-8,1.6571165233747929,5000
2,niche,post_burn_in,9,11,3.3751858666127728,intermediate,4.949470133363461e-10,18.025448137008375,5000
2,niche,post_burn_in,10,12,3.250000000000001,intermediate,9.01578975139519e-8,43.72677670818757,5000
2,niche,post_burn_in,11,13,3.0912499999999996,intermediate,0.15864323391641985,40.92202580452641,5000
2,niche,post_burn_in,12,14,4.083435959135611,intermediate,0.010054954493841285,52.31468484492773,5000
2,niche,post_burn_in,13,15,3.684995485090394,intermediate,0.4707599808161238,28.589896375988523,5000
2,niche,post_burn_in,14,16,2.4999999999999996,intermediate,0.8614546486767096,84.24464112593886,5000
2,niche,post_burn_in,15,17,3.0104166666666665,intermediate,0.052768205651597205,90.69012474085659,5000
2,niche,post_burn_in,16,18,3.0714285714285707,intermediate,0.12781156261882748,25.203687622724242,5000
2,niche,post_burn_in,17,19,2.846153846153846,intermediate,0.31180456686747987,167.14532612488415,5000
2,niche,post_burn_in,18,20,3.2751561279547285,intermediate,3.652433703130141e-6,255.8591037137274,5000
2,niche,post_burn_in,19,21,3.141005291005291,intermediate,0.14895133208444158,162.8544019349924,5000
2,niche,post_burn_in,20,22,2.99375,intermediate,0.21064554705322916,64.36415567945915,5000
2,niche,post_burn_in,21,23,3.374702380952381,intermediate,0.02775369102033821,55.063688337655016,5000
2,niche,post_burn_in,22,24,3.178316326530613,intermediate,0.16936531094094906,75.25394702644955,5000
2,niche,post_burn_in,23,25,3.3505868723376295,intermediate,0.03207276788568202,15.18323888393422,5000
2,niche,post_burn_in,24,26,3.212500000000001,intermediate,7.851698728256447e-12,7.172131785259068,5000
2,niche,post_burn_in,25,27,1.0,basal,0.9681580114665815,84.00356697030466,5000
2,niche,post_burn_in,26,28,3.020833333333333,intermediate,0.031722086540386385,62.82219222419578,5000
2,niche,post_burn_in,27,29,1.0,basal,0.6782212205745124,92.59224260328854,5000
2,niche,post_burn_in,28,30,2.139285714285714,intermediate,0.32364694831344687,87.23159411991027,5000
2,niche,post_burn_in,29,31,3.0714285714285707,intermediate,0.009965557078723403,34.47192238949633,5000
2,niche,post_burn_in,30,32,2.625,intermediate,0.07097958455306218,18.588366937314415,5000
2,niche,post_burn_in,31,33,2.6625,intermediate,0.1766256681340518,79.41454901127385,5000
2,niche,post_burn_in,32,34,1.0,basal,0.8621194013765706,52.762939616992476,5000
2,niche,post_burn_in,33,35,2.7500000000000004,intermediate,0.06511171057608278,54.71097654120852,5000
2,niche,post_burn_in,34,36,1.0,basal,0.8362411396728475,32.55388686771774,5000
2,niche,post_burn_in,35,37,2.4374999999999996,intermediate,0.16248584119322793,0.6,5000
2,niche,post_burn_in,36,38,2.4375,intermediate,0.14034332122332582,1.9,5000
2,niche,post_burn_in,37,39,2.625,intermediate,0.12292706479571558,6.0,5000
2,niche,post_burn_in,38,40,2.7500000000000004,intermediate,0.03816546842846621,19.0,5000
2,niche,post_burn_in,39,41,2.25,intermediate,0.14784163255786517,60.0,5000
2,niche,post_burn_in,40,42,1.0,basal,0.7013048101048891,190.0,5000
2,niche,post_burn_in,41,43,2.0,intermediate,0.14297512420264893,600.0,5000
2,niche,post_burn_in,42,45,1.0,basal,0.6598674847359967,0.6,5000
2,niche,post_burn_in,43,46,2.0,intermediate,0.14297512420264896,1.9,5000
2,niche,post_burn_in,44,47,1.0,basal,0.605209376131266,6.0,5000
2,niche,post_burn_in,45,49,1.0,basal,0.34110819206867826,60.0,5000
2,niche,post_burn_in,46,51,2.0,intermediate,0.4132752132664004,600.0,5000
2,niche,post_burn_in,47,52,1.0,basal,0.23028053563004075,1900.0,5000
2,down_rand,post_burn_in,1,9,2.0,intermediate,0.23956764206770528,1.6571165233747929,5000
2,down_rand,post_burn_in,2,26,2.0000000000000004,intermediate,0.023673452263501555,7.172131785259068,5000
2,down_rand,post_burn_in,3,35,2.9999999999999987,top,0.0935658647826433,54.71097654120852,5000
2,down_rand,post_burn_in,4,37,1.0,basal,0.2201481246187844,0.6,5000
2,down_rand,post_burn_in,5,38,1.0,basal,0.24745056758930814,1.9,5000
2,down_rand,post_burn_in,6,39,1.0,basal,0.13699812099252473,6.0,5000
2,down_rand,post_burn_in,7,40,1.0,basal,0.15605193056939762,19.0,5000
2,down_rand,post_burn_in,8,41,1.0,basal,0.08195350740408104,60.0,5000
2,down_rand,post_burn_in,9,42,1.0,basal,0.06272210921381795,190.0,5000
2,down_rand,post_burn_in,10,43,1.0,basal,0.07868081470363535,600.0,5000
2,down_rand,post_burn_in,11,44,1.0,basal,0.03626678911583303,1900.0,5000
2,down_rand,post_burn_in,12,45,2.0,top,0.15450982139086863,0.6,5000
2,down_rand,post_burn_in,13,46,1.9999999999999998,intermediate,0.4124527375423461,1.9,5000
2,down_rand,post_burn_in,14,47,2.0,intermediate,5.916893096279455e-12,6.0,5000
2,down_link,post_burn_in,1,9,1.9999999999999996,top,0.19773537753717668,1.6571165233747929,5000
2,down_link,post_burn_in,2,13,3.0,top,2.44450956465223e-8,40.92202580452641,5000
2,down_link,post_burn_in,3,36,3.0,top,0.02371799260730451,32.55388686771774,5000
2,down_link,post_burn_in,4,37,1.0,basal,0.2261407473166713,0.6,5000
2,down_link,post_burn_in,5,38,1.0,basal,0.2541981083026954,1.9,5000
2,down_link,post_burn_in,6,39,1.0,basal,0.1618749239027731,6.0,5000
2,down_link,post_burn_in,7,40,1.0,basal,0.16083985813906046,19.0,5000
2,down_link,post_burn_in,8,41,1.0,basal,0.06900434177388089,60.0,5000
2,down_link,post_burn_in,9,42,1.0,basal,0.05263739776315372,190.0,5000
2,down_link,post_burn_in,10,43,1.0,basal,0.04001238085333516,600.0,5000
2,down_link,post_burn_in,11,44,1.0,basal,0.03029816944830381,1900.0,5000
2,down_link,post_burn_in,12,45,2.0,intermediate,0.25608844399983494,0.6,5000
2,down_link,post_burn_in,13,46,1.9999999999999998,intermediate,0.38291835924059325,1.9,5000
2,down_niche,post_burn_in,1,3,2.0,top,0.028592385587054084,75.86107671719422,5000
2,down_niche,post_burn_in,2,4,1.9999999999999996,top,0.006198504463291077,6.895183354996446,5000
2,down_niche,post_burn_in,3,6,2.0,top,0.13522973724342244,58.65793068866815,5000
2,down_niche,post_burn_in,4,7,1.9999999999999996,top,0.04875415877880796,22.297938228900975,5000
2,down_niche,post_burn_in,5,8,2.0,top,0.027184979147372706,23.432326631955107,5000
2,down_niche,post_burn_in,6,9,1.9999999999999996,top,0.009215107665507528,1.6571165233747929,5000
2,down_niche,post_burn_in,7,10,2.0000000000000004,top,0.001316104376731507,8.016860903453212,5000
2,down_niche,post_burn_in,8,11,2.0,top,0.6386021787565019,18.025448137008375,5000
2,down_niche,post_burn_in,9,12,2.0,top,0.060205810499934884,43.72677670818757,5000
2,down_niche,post_burn_in,10,15,2.0,top,0.09184832942492373,28.589896375988523,5000
2,down_niche,post_burn_in,11,16,2.0,top,0.4608590819393706,84.24464112593886,5000
2,down_niche,post_burn_in,12,17,1.9999999999999996,top,0.01043205922835303,90.69012474085659,5000
2,down_niche,post_burn_in,13,18,2.0,top,0.06639073360685936,25.203687622724242,5000
2,down_niche,post_burn_in,14,27,2.0000000000000004,top,0.03047365753706053,84.00356697030466,5000
2,down_niche,post_burn_in,15,28,2.0,top,0.18582414607254785,62.82219222419578,5000
2,down_niche,post_burn_in,16,29,1.9999999999999996,top,0.010284197768232967,92.59224260328854,5000
2,down_niche,post_burn_in,17,30,1.9999999999999996,top,0.047188219866913884,87.23159411991027,5000
2,down_niche,post_burn_in,18,31,2.0,top,0.0671103100392032,34.47192238949633,5000
2,down_niche,post_burn_in,19,32,2.0,top,0.1112517917289999,18.588366937314415,5000
2,down_niche,post_burn_in,20,33,2.0,top,0.6114958856686792,79.41454901127385,5000
2,down_niche,post_burn_in,21,34,2.0,top,0.0363947169858984,52.762939616992476,5000
2,down_niche,post_burn_in,22,37,1.0,basal,0.21483889160049266,0.6,5000
2,down_niche,post_burn_in,23,38,1.0,basal,0.21210764055073328,1.9,5000
2,down_niche,post_burn_in,24,39,1.0,basal,0.21210764055072504,6.0,5000
2,down_niche,post_burn_in,25,40,1.0,basal,0.2147968286281104,19.0,5000
2,down_niche,post_burn_in,26,41,1.0,basal,0.2140923745348078,60.0,5000
2,down_niche,post_burn_in,27,42,1.0,basal,0.21474991446054442,190.0,5000
2,down_niche,post_burn_in,28,43,1.0,basal,0.2141789763221545,600.0,5000
2,down_niche,post_burn_in,29,44,1.0,basal,0.21210764055073442,1900.0,5000
2,down_niche,post_burn_in,30,45,2.0,top,0.10685786904665286,0.6,5000
2,down_niche,post_burn_in,31,46,2.0,top,0.11487994633042817,1.9,5000
2,down_niche,post_burn_in,32,47,2.0,top,0.07037514977638601,6.0,5000
2,down_niche,post_burn_in,33,48,1.9999999999999998,top,0.010347880490636698,19.0,5000
2,down_niche,post_burn_in,34,49,2.0,top,0.10003457591293406,60.0,5000
2,down_niche,post_burn_in,35,50,2.0,top,0.11360669822357747,190.0,5000
2,down_niche,post_burn_in,36,51,2.0,top,0.10971249793001436,600.0,5000
2,down_niche,post_burn_in,37,52,2.0,top,0.1142277148508294,1900.0,5000
2,atn,post_burn_in,1,1,2.533333333333334,top,1.6595852732413792e-7,218.29660888071595,5000
2,atn,post_burn_in,2,2,2.3333333333333335,intermediate,0.001419698107279668,76.9259536534848,5000
2,atn,post_burn_in,3,3,2.3333333333333335,intermediate,0.006138532719722664,75.86107671719422,5000
2,atn,post_burn_in,4,4,2.0,intermediate,0.1454151125673617,6.895183354996446,5000
2,atn,post_burn_in,5,5,1.9999999999999998,intermediate,2.6089587638290467e-11,58.565776922257534,5000
2,atn,post_burn_in,6,6,1.9999999999999998,intermediate,3.398918815571202e-11,58.65793068866815,5000
2,atn,post_burn_in,7,7,1.9999999999999998,intermediate,0.14710022725500854,22.297938228900975,5000
2,atn,post_burn_in,8,8,1.9999999999999998,intermediate,0.13215016046702113,23.432326631955107,5000
2,atn,post_burn_in,9,9,1.0,basal,0.31572564718865137,1.6571165233747929,5000
2,atn,post_burn_in,10,10,2.0,intermediate,0.09330444188541208,8.016860903453212,5000
2,atn,post_burn_in,11,11,1.9999999999999998,intermediate,0.048167402572176686,18.025448137008375,5000
2,atn,post_burn_in,12,12,1.9999999999999998,intermediate,9.309036777702747e-5,43.72677670818757,5000
2,atn,post_burn_in,13,13,1.9999999999999998,intermediate,0.030046917896251746,40.92202580452641,5000
2,atn,post_burn_in,14,14,1.9999999999999998,intermediate,3.554732281267539e-10,52.31468484492773,5000
2,atn,post_burn_in,15,15,1.9999999999999998,intermediate,0.38334475546867974,28.589896375988523,5000
2,atn,post_burn_in,16,16,2.4000000000000004,intermediate,6.531991098011859e-9,84.24464112593886,5000
2,atn,post_burn_in,17,17,2.4000000000000004,intermediate,1.5530461154462998e-9,90.69012474085659,5000
2,atn,post_burn_in,18,18,1.9999999999999998,intermediate,0.11144908408542402,25.203687622724242,5000
2,atn,post_burn_in,19,20,2.6875,top,0.882169434878457,255.8591037137274,5000
2,atn,post_burn_in,20,22,2.1428571428571423,intermediate,0.5225325312120687,64.36415567945915,5000
2,atn,post_burn_in,21,23,1.9999999999999998,intermediate,1.2987941864543578e-10,55.063688337655016,5000
2,atn,post_burn_in,22,24,2.3333333333333335,intermediate,0.00926886577210358,75.25394702644955,5000
2,atn,post_burn_in,23,26,2.0,intermediate,0.1300926657484846,7.172131785259068,5000
2,atn,post_burn_in,24,27,2.4000000000000004,intermediate,7.765312793045943e-9,84.00356697030466,5000
2,atn,post_burn_in,25,28,2.1428571428571423,intermediate,0.581369685025363,62.82219222419578,5000
2,atn,post_burn_in,26,29,2.4000000000000004,intermediate,1.009358116061362e-9,92.59224260328854,5000
2,atn,post_burn_in,27,30,2.4000000000000004,intermediate,3.840187864552831e-9,87.23159411991027,5000
2,atn,post_burn_in,28,31,1.9999999999999998,intermediate,0.18277311171044877,34.47192238949633,5000
2,atn,post_burn_in,29,32,1.9999999999999998,intermediate,0.040790616084920975,18.588366937314415,5000
2,atn,post_burn_in,30,33,2.3333333333333335,intermediate,3.990370365849272e-5,79.41454901127385,5000
2,atn,post_burn_in,31,34,1.9999999999999998,intermediate,1.403452358090573e-10,52.762939616992476,5000
2,atn,post_burn_in,32,35,1.9999999999999998,intermediate,6.439387905740571e-11,54.71097654120852,5000
2,atn,post_burn_in,33,36,1.9999999999999998,intermediate,0.24015157592982755,32.55388686771774,5000
2,atn,post_burn_in,34,37,1.0,basal,0.2545279062276435,0.6,5000
2,atn,post_burn_in,35,38,1.0,basal,0.32471382224947576,1.9,5000
2,atn,post_burn_in,36,39,1.0,basal,0.4935637588072418,6.0,5000
2,atn,post_burn_in,37,40,1.0,basal,0.7826448279299422,19.0,5000
2,atn,post_burn_in,38,41,1.0,basal,0.9335576209944025,60.0,5000
2,atn,post_burn_in,39,42,1.0,basal,0.9700145549670505,190.0,5000
2,atn,post_burn_in,40,45,1.0,basal,0.2545279062276424,0.6,5000
2,atn,post_burn_in,41,46,1.0,basal,0.3247138222494734,1.9,5000
2,atn,post_burn_in,42,47,2.0,intermediate,0.0430775888665017,6.0,5000
2,atn,post_burn_in,43,48,2.0,intermediate,0.18710156307136305,19.0,5000
2,atn,post_burn_in,44,49,2.142857142857143,intermediate,0.22695114049440318,60.0,5000
2,atn,post_burn_in,45,50,2.533333333333333,intermediate,0.07099111073369119,190.0,5000
2,atn,post_burn_in,46,51,2.798029556650246,top,0.41161729311808615,600.0,5000
2,atn,post_burn_in,47,52,3.0293738781543667,top,0.4859283520100265,1900.0,5000
3,down_power,creation,1,1,4.383917647266755,intermediate,0.9985969768669942,110.07512534866416,5000
3,down_power,creation,2,2,3.6730221083892465,intermediate,0.9217398342990184,64.69719047599895,5000
3,down_power,creation,3,3,2.0000000000000004,intermediate,0.5727189270871633,57.388798727674484,5000
3,down_power,creation,4,4,2.0000000000000004,intermediate,0.013211087752004191,3.79206713381813,5000
3,down_power,creation,5,5,3.61183828035386,intermediate,0.5171495605139274,57.8930023935965,5000
3,down_power,creation,6,6,2.0000000000000004,intermediate,0.3428968481702903,95.69076848658597,5000
3,down_power,creation,7,7,1.9999999999999998,top,0.13600940807387296,38.93939408175102,5000
3,down_power,creation,8,8,2.0,intermediate,0.6777152019843227,10.94677459063779,5000
3,down_power,creation,9,9,1.9999999999999996,intermediate,0.046002441594849786,0.3763397849650121,5000
3,down_power,creation,10,10,2.0,intermediate,0.38506765287440003,1.5427062312851985,5000
3,down_power,creation,11,11,2.0000000000000004,top,0.13716868925685577,23.924714954141464,5000
3,down_power,creation,12,12,2.0,intermediate,0.7280542661468267,11.714834766018708,5000
3,down_power,creation,13,13,2.9999999999999996,intermediate,0.09713355423336245,23.477950390974364,5000
3,down_power,creation,14,14,2.8434782608695666,intermediate,0.43944139301766383,96.1302970803015,5000
3,down_power,creation,15,15,2.0,intermediate,0.9606670476149037,22.292624374122475,5000
3,down_power,creation,16,16,2.0000000000000004,top,0.9799807356240944,69.07242572250627,5000
3,down_power,creation,17,17,2.0,intermediate,0.6623427593004538,86.76513530275771,5000
3,down_power,creation,18,18,2.0000000000000004,intermediate,0.0219637417301336,10.151098104971283,5000
3,down_power,creation,19,19,4.082297904305798,intermediate,0.18317451138031138,165.62216927759889,5000
3,down_power,creation,20,20,4.198006985384965,intermediate,0.8444878776784321,103.64631799692111,5000
3,down_power,creation,21,21,4.2057990317052045,intermediate,0.798376604937921,243.4641821106093,5000
3,down_power,creation,22,22,3.673022108389245,intermediate,0.8066098253593605,74.30618739159993,5000
3,down_power,creation,23,23,3.5757305917291564,intermediate,0.11066858888919118,93.92951534877189,5000
3,down_power,creation,24,24,3.6833508180538446,intermediate,0.7187785737743724,60.094016766096125,5000
3,down_power,creation,25,25,3.399999999999999,intermediate,0.5043474268825605,34.70384773779223,5000
3,down_power,creation,26,26,3.9999999999999996,intermediate,0.8249424175979516,9.0460548141935,5000
3,down_power,creation,27,27,2.0,top,0.9109282235518149,57.14679734662178,5000
3,down_power,creation,28,28,1.9999999999999998,top,0.8698334899555188,98.82877064077884,5000
3,down_power,creation,29,29,1.9999999999999996,intermediate,0.05410710198208546,55.35634429513225,5000
3,down_power,creation,30,30,1.9999999999999998,intermediate,0.8328236659360623,83.55228079155195,5000
3,down_power,creation,31,31,1.9999999999999996,intermediate,0.6489825148096501,12.60818794150371,5000
3,down_power,creation,32,32,2.0000000000000004,intermediate,0.7768776041850769,31.475887839374312,5000
3,down_power,creation,33,33,1.9999999999999996,top,0.46244010924079404,70.39116766146901,5000
3,down_power,creation,34,34,1.9999999999999998,intermediate,0.48372277261280827,81.58160721341416,5000
3,down_power,creation,35,35,3.0,intermediate,0.3170751686281389,87.42798288455118,5000
3,down_power,creation,36,36,2.9999999999999996,intermediate,0.6094707517731184,15.403307951479334,5000
3,down_power,creation,37,37,1.0,basal,0.800925300692684,0.6,5000
3,down_power,creation,38,38,1.0,basal,0.7258289738253337,1.9,5000
3,down_power,creation,39,39,1.0,basal,0.3637517486011108,6.0,5000
3,down_power,creation,40,40,1.0,basal,0.36389913535491836,19.0,5000
3,down_power,creation,41,41,1.0,basal,0.765399898843148,60.0,5000
3,down_power,creation,42,42,1.0,basal,0.33124917498243023,190.0,5000
3,down_power,creation,43,43,1.0,basal,0.575123928717114,600.0,5000
3,down_power,creation,44,44,1.0,basal,0.2423579967236934,1900.0,5000
3,down_power,creation,45,45,2.0,intermediate,0.8848104501019742,0.6,5000
3,down_power,creation,46,46,2.0,intermediate,0.7222356719923587,1.9,5000
3,down_power,creation,47,47,1.9999999999999998,top,0.44484534980033363,6.0,5000
3,down_power,creation,48,48,1.9999999999999998,intermediate,0.6963793511836078,19.0,5000
3,down_power,creation,49,49,1.9999999999999998,intermediate,0.5056527237057475,60.0,5000
3,down_power,creation,50,50,1.9999999999999998,intermediate,0.6458399768791252,190.0,5000
3,down_power,creation,51,51,1.9999999999999998,intermediate,0.28981202046400445,600.0,5000
3,down_power,creation,52,52,1.9999999999999998,intermediate,0.003920229654690743,1900.0,5000
3,metaweb,creation,1,1,4.0613354240613635,intermediate,0.9985969768669942,110.07512534866416,5000
3,metaweb,creation,2,2,3.5954723098103645,intermediate,0.9217398342990184,64.69719047599895,5000
3,metaweb,creation,3,3,2.0,intermediate,0.5727189270871633,57.388798727674484,5000
3,metaweb,creation,4,4,2.0,intermediate,0.013211087752004191,3.79206713381813,5000
3,metaweb,creation,5,5,3.5954723098103667,intermediate,0.5171495605139274,57.8930023935965,5000
3,metaweb,creation,6,6,2.0,intermediate,0.3428968481702903,95.69076848658597,5000
3,metaweb,creation,7,7,2.0,top,0.13600940807387296,38.93939408175102,5000
3,metaweb,creation,8,8,2.0,intermediate,0.6777152019843227,10.94677459063779,5000
3,metaweb,creation,9,9,2.0,intermediate,0.046002441594849786,0.3763397849650121,5000
3,metaweb,creation,10,10,2.0,intermediate,0.38506765287440003,1.5427062312851985,5000
3,metaweb,creation,11,11,2.0,top,0.13716868925685577,23.924714954141464,5000
3,metaweb,creation,12,12,2.0,intermediate,0.7280542661468267,11.714834766018708,5000
3,metaweb,creation,13,13,3.0,intermediate,0.09713355423336245,23.477950390974364,5000
3,metaweb,creation,14,14,2.8392621870882753,intermediate,0.43944139301766383,96.1302970803015,5000
3,metaweb,creation,15,15,2.0,intermediate,0.9606670476149037,22.292624374122475,5000
3,metaweb,creation,16,16,2.0,top,0.9799807356240944,69.07242572250627,5000
3,metaweb,creation,17,17,2.0,intermediate,0.6623427593004538,86.76513530275771,5000
3,metaweb,creation,18,18,2.0,intermediate,0.0219637417301336,10.151098104971283,5000
3,metaweb,creation,19,19,4.0613354240613635,intermediate,0.18317451138031138,165.62216927759889,5000
3,metaweb,creation,20,20,4.061335424061364,intermediate,0.8444878776784321,103.64631799692111,5000
3,metaweb,creation,21,21,4.061335424061364,intermediate,0.798376604937921,243.4641821106093,5000
3,metaweb,creation,22,22,3.5954723098103636,intermediate,0.8066098253593605,74.30618739159993,5000
3,metaweb,creation,23,23,3.5954723098103654,intermediate,0.11066858888919118,93.92951534877189,5000
3,metaweb,creation,24,24,3.5762090864680016,intermediate,0.7187785737743724,60.094016766096125,5000
3,metaweb,creation,25,25,3.303030303030302,intermediate,0.5043474268825605,34.70384773779223,5000
3,metaweb,creation,26,26,3.3333333333333335,intermediate,0.8249424175979516,9.0460548141935,5000
3,metaweb,creation,27,27,2.0,top,0.9109282235518149,57.14679734662178,5000
3,metaweb,creation,28,28,2.0,top,0.8698334899555188,98.82877064077884,5000
3,metaweb,creation,29,29,2.0,intermediate,0.05410710198208546,55.35634429513225,5000
3,metaweb,creation,30,30,2.0,intermediate,0.8328236659360623,83.55228079155195,5000
3,metaweb,creation,31,31,2.0,intermediate,0.6489825148096501,12.60818794150371,5000
3,metaweb,creation,32,32,2.0,intermediate,0.7768776041850769,31.475887839374312,5000
3,metaweb,creation,33,33,2.0,top,0.46244010924079404,70.39116766146901,5000
3,metaweb,creation,34,34,2.0,intermediate,0.48372277261280827,81.58160721341416,5000
3,metaweb,creation,35,35,3.0,intermediate,0.3170751686281389,87.42798288455118,5000
3,metaweb,creation,36,36,3.0,intermediate,0.6094707517731184,15.403307951479334,5000
3,metaweb,creation,37,37,1.0,basal,0.800925300692684,0.6,5000
3,metaweb,creation,38,38,1.0,basal,0.7258289738253337,1.9,5000
3,metaweb,creation,39,39,1.0,basal,0.3637517486011108,6.0,5000
3,metaweb,creation,40,40,1.0,basal,0.36389913535491836,19.0,5000
3,metaweb,creation,41,41,1.0,basal,0.765399898843148,60.0,5000
3,metaweb,creation,42,42,1.0,basal,0.33124917498243023,190.0,5000
3,metaweb,creation,43,43,1.0,basal,0.575123928717114,600.0,5000
3,metaweb,creation,44,44,1.0,basal,0.2423579967236934,1900.0,5000
3,metaweb,creation,45,45,2.0,intermediate,0.8848104501019742,0.6,5000
3,metaweb,creation,46,46,2.0,intermediate,0.7222356719923587,1.9,5000
3,metaweb,creation,47,47,2.0,intermediate,0.44484534980033363,6.0,5000
3,metaweb,creation,48,48,2.0,intermediate,0.6963793511836078,19.0,5000
3,metaweb,creation,49,49,2.0,intermediate,0.5056527237057475,60.0,5000
3,metaweb,creation,50,50,2.0,intermediate,0.6458399768791252,190.0,5000
3,metaweb,creation,51,51,2.0,intermediate,0.28981202046400445,600.0,5000
3,metaweb,creation,52,52,2.0,intermediate,0.003920229654690743,1900.0,5000
3,niche,creation,1,1,5.757750218278029,intermediate,0.9985969768669942,110.07512534866416,5000
3,niche,creation,2,2,5.525683647565024,intermediate,0.9217398342990184,64.69719047599895,5000
3,niche,creation,3,3,5.041454081632653,intermediate,0.5727189270871633,57.388798727674484,5000
3,niche,creation,4,4,4.197521865889212,intermediate,0.013211087752004191,3.79206713381813,5000
3,niche,creation,5,5,4.731444363459669,intermediate,0.5171495605139274,57.8930023935965,5000
3,niche,creation,6,6,5.512461183438951,intermediate,0.3428968481702903,95.69076848658597,5000
3,niche,creation,7,7,5.496830841584882,intermediate,0.13600940807387296,38.93939408175102,5000
3,niche,creation,8,8,4.961423408649175,intermediate,0.6777152019843227,10.94677459063779,5000
3,niche,creation,9,9,6.3287455952542855,intermediate,0.046002441594849786,0.3763397849650121,5000
3,niche,creation,10,10,4.991110723177821,intermediate,0.38506765287440003,1.5427062312851985,5000
3,niche,creation,11,11,3.333333333333333,intermediate,0.13716868925685577,23.924714954141464,5000
3,niche,creation,12,12,4.111108729205968,intermediate,0.7280542661468267,11.714834766018708,5000
3,niche,creation,13,13,5.321627719434812,intermediate,0.09713355423336245,23.477950390974364,5000
3,niche,creation,14,14,1.0,basal,0.43944139301766383,96.1302970803015,5000
3,niche,creation,15,15,5.100442650136546,intermediate,0.9606670476149037,22.292624374122475,5000
3,niche,creation,16,16,1.0,basal,0.9799807356240944,69.07242572250627,5000
3,niche,creation,17,17,5.666906191230204,intermediate,0.6623427593004538,86.76513530275771,5000
3,niche,creation,18,18,4.2921899529042395,intermediate,0.0219637417301336,10.151098104971283,5000
3,niche,creation,19,19,4.6700249067117685,intermediate,0.18317451138031138,165.62216927759889,5000
3,niche,creation,20,20,6.68586133017093,intermediate,0.8444878776784321,103.64631799692111,5000
3,niche,creation,21,21,6.186833841781136,intermediate,0.798376604937921,243.4641821106093,5000
3,niche,creation,22,22,5.200725242019885,intermediate,0.8066098253593605,74.30618739159993,5000
3,niche,creation,23,23,5.017611463083402,intermediate,0.11066858888919118,93.92951534877189,5000
3,niche,creation,24,24,4.579846938775511,intermediate,0.7187785737743724,60.094016766096125,5000
3,niche,creation,25,25,5.457229821928334,intermediate,0.5043474268825605,34.70384773779223,5000
3,niche,creation,26,26,4.111108729205968,intermediate,0.8249424175979516,9.0460548141935,5000
3,niche,creation,27,27,2.0,intermediate,0.9109282235518149,57.14679734662178,5000
3,niche,creation,28,28,4.482834759688804,intermediate,0.8698334899555188,98.82877064077884,5000
3,niche,creation,29,29,5.551977040816327,intermediate,0.05410710198208546,55.35634429513225,5000
3,niche,creation,30,30,3.7193877551020416,intermediate,0.8328236659360623,83.55228079155195,5000
3,niche,creation,31,31,1.0,basal,0.6489825148096501,12.60818794150371,5000
3,niche,creation,32,32,4.551977040816327,intermediate,0.7768776041850769,31.475887839374312,5000
3,niche,creation,33,33,3.8494734432234434,intermediate,0.46244010924079404,70.39116766146901,5000
3,niche,creation,34,34,4.090379008746355,intermediate,0.48372277261280827,81.58160721341416,5000
3,niche,creation,35,35,2.0,intermediate,0.3170751686281389,87.42798288455118,5000
3,niche,creation,36,36,5.103954081632653,intermediate,0.6094707517731184,15.403307951479334,5000
3,niche,creation,37,37,4.651360544217687,intermediate,0.800925300692684,0.6,5000
3,niche,creation,38,38,4.410501700680273,intermediate,0.7258289738253337,1.9,5000
3,niche,creation,39,39,3.25,intermediate,0.3637517486011108,6.0,5000
3,niche,creation,40,40,1.0,basal,0.36389913535491836,19.0,5000
3,niche,creation,41,41,3.178571428571428,intermediate,0.765399898843148,60.0,5000
3,niche,creation,42,42,3.9999999999999996,intermediate,0.33124917498243023,190.0,5000
3,niche,creation,43,43,3.9540816326530615,intermediate,0.575123928717114,600.0,5000
3,niche,creation,44,44,3.0,intermediate,0.2423579967236934,1900.0,5000
3,niche,creation,45,45,3.25,intermediate,0.8848104501019742,0.6,5000
3,niche,creation,46,46,2.0,intermediate,0.7222356719923587,1.9,5000
3,niche,creation,47,47,2.9999999999999996,intermediate,0.44484534980033363,6.0,5000
3,niche,creation,48,48,2.0,intermediate,0.6963793511836078,19.0,5000
3,niche,creation,49,49,2.0,intermediate,0.5056527237057475,60.0,5000
3,niche,creation,50,50,2.0,intermediate,0.6458399768791252,190.0,5000
3,niche,creation,51,51,1.0,basal,0.28981202046400445,600.0,5000
3,niche,creation,52,52,1.0,basal,0.003920229654690743,1900.0,5000
3,down_rand,creation,1,1,4.133151273362415,intermediate,0.9985969768669942,110.07512534866416,5000
3,down_rand,creation,2,2,3.4866328841983734,intermediate,0.9217398342990184,64.69719047599895,5000
3,down_rand,creation,3,3,1.9999999999999996,intermediate,0.5727189270871633,57.388798727674484,5000
3,down_rand,creation,4,4,1.9999999999999998,intermediate,0.013211087752004191,3.79206713381813,5000
3,down_rand,creation,5,5,3.539871805621445,intermediate,0.5171495605139274,57.8930023935965,5000
3,down_rand,creation,6,6,2.0000000000000004,intermediate,0.3428968481702903,95.69076848658597,5000
3,down_rand,creation,7,7,2.0,top,0.13600940807387296,38.93939408175102,5000
3,down_rand,creation,8,8,1.9999999999999998,intermediate,0.6777152019843227,10.94677459063779,5000
3,down_rand,creation,9,9,1.9999999999999996,intermediate,0.046002441594849786,0.3763397849650121,5000
3,down_rand,creation,10,10,1.9999999999999996,intermediate,0.38506765287440003,1.5427062312851985,5000
3,down_rand,creation,11,11,1.9999999999999998,top,0.13716868925685577,23.924714954141464,5000
3,down_rand,creation,12,12,2.0000000000000004,intermediate,0.7280542661468267,11.714834766018708,5000
3,down_rand,creation,13,13,3.0,intermediate,0.09713355423336245,23.477950390974364,5000
3,down_rand,creation,14,14,2.8411764705882354,intermediate,0.43944139301766383,96.1302970803015,5000
3,down_rand,creation,15,15,2.0000000000000004,intermediate,0.9606670476149037,22.292624374122475,5000
3,down_rand,creation,16,16,1.9999999999999998,top,0.9799807356240944,69.07242572250627,5000
3,down_rand,creation,17,17,2.0000000000000004,intermediate,0.6623427593004538,86.76513530275771,5000
3,down_rand,creation,18,18,1.9999999999999996,intermediate,0.0219637417301336,10.151098104971283,5000
3,down_rand,creation,19,19,4.324767297936753,intermediate,0.18317451138031138,165.62216927759889,5000
3,down_rand,creation,20,20,4.162223972309822,intermediate,0.8444878776784321,103.64631799692111,5000
3,down_rand,creation,21,21,4.127707369359799,intermediate,0.798376604937921,243.4641821106093,5000
3,down_rand,creation,22,22,3.490548654314861,intermediate,0.8066098253593605,74.30618739159993,5000
3,down_rand,creation,23,23,3.5500113407779357,intermediate,0.11066858888919118,93.92951534877189,5000
3,down_rand,creation,24,24,3.6184449867659225,intermediate,0.7187785737743724,60.094016766096125,5000
3,down_rand,creation,25,25,3.299999999999999,intermediate,0.5043474268825605,34.70384773779223,5000
3,down_rand,creation,26,26,2.9999999999999996,intermediate,0.8249424175979516,9.0460548141935,5000
3,down_rand,creation,27,27,2.0000000000000004,top,0.9109282235518149,57.14679734662178,5000
3,down_rand,creation,28,28,1.9999999999999998,top,0.8698334899555188,98.82877064077884,5000
3,down_rand,creation,29,29,2.0000000000000004,intermediate,0.05410710198208546,55.35634429513225,5000
3,down_rand,creation,30,30,1.9999999999999996,intermediate,0.8328236659360623,83.55228079155195,5000
3,down_rand,creation,31,31,2.0000000000000004,intermediate,0.6489825148096501,12.60818794150371,5000
3,down_rand,creation,32,32,1.9999999999999996,intermediate,0.7768776041850769,31.475887839374312,5000
3,down_rand,creation,33,33,1.9999999999999996,top,0.46244010924079404,70.39116766146901,5000
3,down_rand,creation,34,34,1.9999999999999998,intermediate,0.48372277261280827,81.58160721341416,5000
3,down_rand,creation,35,35,3.0,intermediate,0.3170751686281389,87.42798288455118,5000
3,down_rand,creation,36,36,2.9999999999999996,intermediate,0.6094707517731184,15.403307951479334,5000
3,down_rand,creation,37,37,1.0,basal,0.800925300692684,0.6,5000
3,down_rand,creation,38,38,1.0,basal,0.7258289738253337,1.9,5000
3,down_rand,creation,39,39,1.0,basal,0.3637517486011108,6.0,5000
3,down_rand,creation,40,40,1.0,basal,0.36389913535491836,19.0,5000
3,down_rand,creation,41,41,1.0,basal,0.765399898843148,60.0,5000
3,down_rand,creation,42,42,1.0,basal,0.33124917498243023,190.0,5000
3,down_rand,creation,43,43,1.0,basal,0.575123928717114,600.0,5000
3,down_rand,creation,44,44,1.0,basal,0.2423579967236934,1900.0,5000
3,down_rand,creation,45,45,1.9999999999999998,top,0.8848104501019742,0.6,5000
3,down_rand,creation,46,46,1.9999999999999998,intermediate,0.7222356719923587,1.9,5000
3,down_rand,creation,47,47,2.0000000000000004,intermediate,0.44484534980033363,6.0,5000
3,down_rand,creation,48,48,1.9999999999999996,intermediate,0.6963793511836078,19.0,5000
3,down_rand,creation,49,49,1.9999999999999996,intermediate,0.5056527237057475,60.0,5000
3,down_rand,creation,50,50,2.0000000000000004,intermediate,0.6458399768791252,190.0,5000
3,down_rand,creation,51,51,1.9999999999999996,intermediate,0.28981202046400445,600.0,5000
3,down_rand,creation,52,52,2.0000000000000004,intermediate,0.003920229654690743,1900.0,5000
3,down_link,creation,1,1,4.069741442639498,intermediate,0.9985969768669942,110.07512534866416,5000
3,down_link,creation,2,2,3.793545046728277,intermediate,0.9217398342990184,64.69719047599895,5000
3,down_link,creation,3,3,1.9999999999999998,intermediate,0.5727189270871633,57.388798727674484,5000
3,down_link,creation,4,4,1.9999999999999998,intermediate,0.013211087752004191,3.79206713381813,5000
3,down_link,creation,5,5,3.6635619830562365,intermediate,0.5171495605139274,57.8930023935965,5000
3,down_link,creation,6,6,2.0000000000000004,intermediate,0.3428968481702903,95.69076848658597,5000
3,down_link,creation,7,7,1.9999999999999998,top,0.13600940807387296,38.93939408175102,5000
3,down_link,creation,8,8,1.9999999999999996,intermediate,0.6777152019843227,10.94677459063779,5000
3,down_link,creation,9,9,1.9999999999999998,intermediate,0.046002441594849786,0.3763397849650121,5000
3,down_link,creation,10,10,2.0,intermediate,0.38506765287440003,1.5427062312851985,5000
3,down_link,creation,11,11,2.0,top,0.13716868925685577,23.924714954141464,5000
3,down_link,creation,12,12,2.0,intermediate,0.7280542661468267,11.714834766018708,5000
3,down_link,creation,13,13,2.9999999999999996,intermediate,0.09713355423336245,23.477950390974364,5000
3,down_link,creation,14,14,2.960784313725491,intermediate,0.43944139301766383,96.1302970803015,5000
3,down_link,creation,15,15,2.0,intermediate,0.9606670476149037,22.292624374122475,5000
3,down_link,creation,16,16,2.0000000000000004,top,0.9799807356240944,69.07242572250627,5000
3,down_link,creation,17,17,2.0000000000000004,intermediate,0.6623427593004538,86.76513530275771,5000
3,down_link,creation,18,18,1.9999999999999998,intermediate,0.0219637417301336,10.151098104971283,5000
3,down_link,creation,19,19,4.234609718984136,intermediate,0.18317451138031138,165.62216927759889,5000
3,down_link,creation,20,20,4.176160480830322,intermediate,0.8444878776784321,103.64631799692111,5000
3,down_link,creation,21,21,3.8817016812607035,intermediate,0.798376604937921,243.4641821106093,5000
3,down_link,creation,22,22,3.436346549618238,intermediate,0.8066098253593605,74.30618739159993,5000
3,down_link,creation,23,23,3.7640514819751725,intermediate,0.11066858888919118,93.92951534877189,5000
3,down_link,creation,24,24,3.538643085943962,intermediate,0.7187785737743724,60.094016766096125,5000
3,down_link,creation,25,25,3.3333333333333335,intermediate,0.5043474268825605,34.70384773779223,5000
3,down_link,creation,26,26,3.3333333333333335,intermediate,0.8249424175979516,9.0460548141935,5000
3,down_link,creation,27,27,1.9999999999999998,top,0.9109282235518149,57.14679734662178,5000
3,down_link,creation,28,28,1.9999999999999996,top,0.8698334899555188,98.82877064077884,5000
3,down_link,creation,29,29,2.0000000000000004,intermediate,0.05410710198208546,55.35634429513225,5000
3,down_link,creation,30,30,2.0000000000000004,intermediate,0.8328236659360623,83.55228079155195,5000
3,down_link,creation,31,31,2.0000000000000004,intermediate,0.6489825148096501,12.60818794150371,5000
3,down_link,creation,32,32,2.0000000000000004,intermediate,0.7768776041850769,31.475887839374312,5000
3,down_link,creation,33,33,2.0000000000000004,top,0.46244010924079404,70.39116766146901,5000
3,down_link,creation,34,34,2.0,intermediate,0.48372277261280827,81.58160721341416,5000
3,down_link,creation,35,35,3.0,intermediate,0.3170751686281389,87.42798288455118,5000
3,down_link,creation,36,36,3.0,intermediate,0.6094707517731184,15.403307951479334,5000
3,down_link,creation,37,37,1.0,basal,0.800925300692684,0.6,5000
3,down_link,creation,38,38,1.0,basal,0.7258289738253337,1.9,5000
3,down_link,creation,39,39,1.0,basal,0.3637517486011108,6.0,5000
3,down_link,creation,40,40,1.0,basal,0.36389913535491836,19.0,5000
3,down_link,creation,41,41,1.0,basal,0.765399898843148,60.0,5000
3,down_link,creation,42,42,1.0,basal,0.33124917498243023,190.0,5000
3,down_link,creation,43,43,1.0,basal,0.575123928717114,600.0,5000
3,down_link,creation,44,44,1.0,basal,0.2423579967236934,1900.0,5000
3,down_link,creation,45,45,2.0000000000000004,intermediate,0.8848104501019742,0.6,5000
3,down_link,creation,46,46,2.0,intermediate,0.7222356719923587,1.9,5000
3,down_link,creation,47,47,1.9999999999999996,intermediate,0.44484534980033363,6.0,5000
3,down_link,creation,48,48,1.9999999999999996,intermediate,0.6963793511836078,19.0,5000
3,down_link,creation,49,49,2.0000000000000004,intermediate,0.5056527237057475,60.0,5000
3,down_link,creation,50,50,1.9999999999999996,intermediate,0.6458399768791252,190.0,5000
3,down_link,creation,51,51,2.0000000000000004,intermediate,0.28981202046400445,600.0,5000
3,down_link,creation,52,52,2.0000000000000004,intermediate,0.003920229654690743,1900.0,5000
3,down_niche,creation,1,1,3.7201171516919658,intermediate,0.9985969768669942,110.07512534866416,5000
3,down_niche,creation,2,2,3.4452682944913784,intermediate,0.9217398342990184,64.69719047599895,5000
3,down_niche,creation,3,3,2.0,intermediate,0.5727189270871633,57.388798727674484,5000
3,down_niche,creation,4,4,1.9999999999999996,top,0.013211087752004191,3.79206713381813,5000
3,down_niche,creation,5,5,3.8490979614345506,intermediate,0.5171495605139274,57.8930023935965,5000
3,down_niche,creation,6,6,2.0000000000000004,intermediate,0.3428968481702903,95.69076848658597,5000
3,down_niche,creation,7,7,1.9999999999999996,top,0.13600940807387296,38.93939408175102,5000
3,down_niche,creation,8,8,1.9999999999999996,intermediate,0.6777152019843227,10.94677459063779,5000
3,down_niche,creation,9,9,2.0,intermediate,0.046002441594849786,0.3763397849650121,5000
3,down_niche,creation,10,10,2.0,intermediate,0.38506765287440003,1.5427062312851985,5000
3,down_niche,creation,11,11,1.9999999999999996,top,0.13716868925685577,23.924714954141464,5000
3,down_niche,creation,12,12,1.9999999999999996,intermediate,0.7280542661468267,11.714834766018708,5000
3,down_niche,creation,13,13,2.9999999999999996,intermediate,0.09713355423336245,23.477950390974364,5000
3,down_niche,creation,14,14,3.0,intermediate,0.43944139301766383,96.1302970803015,5000
3,down_niche,creation,15,15,2.0,intermediate,0.9606670476149037,22.292624374122475,5000
3,down_niche,creation,16,16,1.9999999999999996,top,0.9799807356240944,69.07242572250627,5000
3,down_niche,creation,17,17,2.0,intermediate,0.6623427593004538,86.76513530275771,5000
3,down_niche,creation,18,18,1.9999999999999996,intermediate,0.0219637417301336,10.151098104971283,5000
3,down_niche,creation,19,19,4.651292269349439,intermediate,0.18317451138031138,165.62216927759889,5000
3,down_niche,creation,20,20,4.30636223563099,intermediate,0.8444878776784321,103.64631799692111,5000
3,down_niche,creation,21,21,4.101001149681663,intermediate,0.798376604937921,243.4641821106093,5000
3,down_niche,creation,22,22,3.296845529660917,intermediate,0.8066098253593605,74.30618739159993,5000
3,down_niche,creation,23,23,3.332662925357641,intermediate,0.11066858888919118,93.92951534877189,5000
3,down_niche,creation,24,24,3.562146355931024,intermediate,0.7187785737743724,60.094016766096125,5000
3,down_niche,creation,25,25,3.1428571428571423,intermediate,0.5043474268825605,34.70384773779223,5000
3,down_niche,creation,26,26,3.0,top,0.8249424175979516,9.0460548141935,5000
3,down_niche,creation,27,27,1.9999999999999996,top,0.9109282235518149,57.14679734662178,5000
3,down_niche,creation,28,28,2.0,top,0.8698334899555188,98.82877064077884,5000
3,down_niche,creation,29,29,1.9999999999999996,intermediate,0.05410710198208546,55.35634429513225,5000
3,down_niche,creation,30,30,1.9999999999999996,intermediate,0.8328236659360623,83.55228079155195,5000
3,down_niche,creation,31,31,1.9999999999999996,intermediate,0.6489825148096501,12.60818794150371,5000
3,down_niche,creation,32,32,2.0,intermediate,0.7768776041850769,31.475887839374312,5000
3,down_niche,creation,33,33,1.9999999999999996,top,0.46244010924079404,70.39116766146901,5000
3,down_niche,creation,34,34,2.0,intermediate,0.48372277261280827,81.58160721341416,5000
3,down_niche,creation,35,35,3.0,intermediate,0.3170751686281389,87.42798288455118,5000
3,down_niche,creation,36,36,2.999999999999999,intermediate,0.6094707517731184,15.403307951479334,5000
3,down_niche,creation,37,37,1.0,basal,0.800925300692684,0.6,5000
3,down_niche,creation,38,38,1.0,basal,0.7258289738253337,1.9,5000
3,down_niche,creation,39,39,1.0,basal,0.3637517486011108,6.0,5000
3,down_niche,creation,40,40,1.0,basal,0.36389913535491836,19.0,5000
3,down_niche,creation,41,41,1.0,basal,0.765399898843148,60.0,5000
3,down_niche,creation,42,42,1.0,basal,0.33124917498243023,190.0,5000
3,down_niche,creation,43,43,1.0,basal,0.575123928717114,600.0,5000
3,down_niche,creation,44,44,1.0,basal,0.2423579967236934,1900.0,5000
3,down_niche,creation,45,45,1.9999999999999996,intermediate,0.8848104501019742,0.6,5000
3,down_niche,creation,46,46,2.0,intermediate,0.7222356719923587,1.9,5000
3,down_niche,creation,47,47,2.0,intermediate,0.44484534980033363,6.0,5000
3,down_niche,creation,48,48,1.9999999999999996,intermediate,0.6963793511836078,19.0,5000
3,down_niche,creation,49,49,2.0,intermediate,0.5056527237057475,60.0,5000
3,down_niche,creation,50,50,2.0,intermediate,0.6458399768791252,190.0,5000
3,down_niche,creation,51,51,1.9999999999999996,intermediate,0.28981202046400445,600.0,5000
3,down_niche,creation,52,52,2.0,intermediate,0.003920229654690743,1900.0,5000
3,atn,creation,1,1,2.416666666666666,intermediate,0.9985969768669942,110.07512534866416,5000
3,atn,creation,2,2,2.2222222222222223,intermediate,0.9217398342990184,64.69719047599895,5000
3,atn,creation,3,3,2.1428571428571423,intermediate,0.5727189270871633,57.388798727674484,5000
3,atn,creation,4,4,2.0,intermediate,0.013211087752004191,3.79206713381813,5000
3,atn,creation,5,5,2.1428571428571423,intermediate,0.5171495605139274,57.8930023935965,5000
3,atn,creation,6,6,2.3000000000000007,intermediate,0.3428968481702903,95.69076848658597,5000
3,atn,creation,7,7,2.1428571428571423,intermediate,0.13600940807387296,38.93939408175102,5000
3,atn,creation,8,8,1.9999999999999998,intermediate,0.6777152019843227,10.94677459063779,5000
3,atn,creation,9,9,1.0,basal,0.046002441594849786,0.3763397849650121,5000
3,atn,creation,10,10,1.0,basal,0.38506765287440003,1.5427062312851985,5000
3,atn,creation,11,11,2.0000000000000004,intermediate,0.13716868925685577,23.924714954141464,5000
3,atn,creation,12,12,1.9999999999999998,intermediate,0.7280542661468267,11.714834766018708,5000
3,atn,creation,13,13,2.0000000000000004,intermediate,0.09713355423336245,23.477950390974364,5000
3,atn,creation,14,14,2.3000000000000007,intermediate,0.43944139301766383,96.1302970803015,5000
3,atn,creation,15,15,2.0000000000000004,intermediate,0.9606670476149037,22.292624374122475,5000
3,atn,creation,16,16,2.2222222222222223,intermediate,0.9799807356240944,69.07242572250627,5000
3,atn,creation,17,17,2.2222222222222223,intermediate,0.6623427593004538,86.76513530275771,5000
3,atn,creation,18,18,1.9999999999999998,intermediate,0.0219637417301336,10.151098104971283,5000
3,atn,creation,19,19,2.5714285714285707,intermediate,0.18317451138031138,165.62216927759889,5000
3,atn,creation,20,20,2.363636363636363,intermediate,0.8444878776784321,103.64631799692111,5000
3,atn,creation,21,21,2.705882352941176,top,0.798376604937921,243.4641821106093,5000
3,atn,creation,22,22,2.2222222222222223,intermediate,0.8066098253593605,74.30618739159993,5000
3,atn,creation,23,23,2.3000000000000007,intermediate,0.11066858888919118,93.92951534877189,5000
3,atn,creation,24,24,2.2222222222222223,intermediate,0.7187785737743724,60.094016766096125,5000
3,atn,creation,25,25,2.0000000000000004,intermediate,0.5043474268825605,34.70384773779223,5000
3,atn,creation,26,26,1.9999999999999998,intermediate,0.8249424175979516,9.0460548141935,5000
3,atn,creation,27,27,2.1428571428571423,intermediate,0.9109282235518149,57.14679734662178,5000
3,atn,creation,28,28,2.3000000000000003,intermediate,0.8698334899555188,98.82877064077884,5000
3,atn,creation,29,29,2.1428571428571423,intermediate,0.05410710198208546,55.35634429513225,5000
3,atn,creation,30,30,2.2222222222222223,intermediate,0.8328236659360623,83.55228079155195,5000
3,atn,creation,31,31,1.9999999999999998,intermediate,0.6489825148096501,12.60818794150371,5000
3,atn,creation,32,32,2.0000000000000004,intermediate,0.7768776041850769,31.475887839374312,5000
3,atn,creation,33,33,2.2222222222222223,intermediate,0.46244010924079404,70.39116766146901,5000
3,atn,creation,34,34,2.2222222222222223,intermediate,0.48372277261280827,81.58160721341416,5000
3,atn,creation,35,35,2.2222222222222223,intermediate,0.3170751686281389,87.42798288455118,5000
3,atn,creation,36,36,2.0,intermediate,0.6094707517731184,15.403307951479334,5000
3,atn,creation,37,37,1.0,basal,0.800925300692684,0.6,5000
3,atn,creation,38,38,1.0,basal,0.7258289738253337,1.9,5000
3,atn,creation,39,39,1.0,basal,0.3637517486011108,6.0,5000
3,atn,creation,40,40,1.0,basal,0.36389913535491836,19.0,5000
3,atn,creation,41,41,1.0,basal,0.765399898843148,60.0,5000
3,atn,creation,42,42,1.0,basal,0.33124917498243023,190.0,5000
3,atn,creation,43,43,1.0,isolated,0.575123928717114,600.0,5000
3,atn,creation,44,44,1.0,isolated,0.2423579967236934,1900.0,5000
3,atn,creation,45,45,1.0,basal,0.8848104501019742,0.6,5000
3,atn,creation,46,46,1.0,basal,0.7222356719923587,1.9,5000
3,atn,creation,47,47,1.9999999999999998,intermediate,0.44484534980033363,6.0,5000
3,atn,creation,48,48,2.0000000000000004,intermediate,0.6963793511836078,19.0,5000
3,atn,creation,49,49,2.2222222222222228,intermediate,0.5056527237057475,60.0,5000
3,atn,creation,50,50,2.5624999999999996,intermediate,0.6458399768791252,190.0,5000
3,atn,creation,51,51,2.852258852258853,top,0.28981202046400445,600.0,5000
3,atn,creation,52,52,3.0512684884559884,top,0.003920229654690743,1900.0,5000
3,down_power,post_burn_in,1,9,1.9999999999999996,intermediate,0.2432504788968396,0.3763397849650121,5000
3,down_power,post_burn_in,2,26,1.3333333333333337,intermediate,0.09708719213988272,9.0460548141935,5000
3,down_power,post_burn_in,3,37,1.0,basal,0.20553133764010464,0.6,5000
3,down_power,post_burn_in,4,38,1.0,basal,0.16243174140439567,1.9,5000
3,down_power,post_burn_in,5,39,1.0,basal,0.1270030125137012,6.0,5000
3,down_power,post_burn_in,6,40,1.0,basal,0.09833250513950241,19.0,5000
3,down_power,post_burn_in,7,41,1.0,basal,0.07562243767902177,60.0,5000
3,down_power,post_burn_in,8,42,1.0,basal,0.05778319301357954,190.0,5000
3,down_power,post_burn_in,9,43,1.0,basal,0.04398126153281542,600.0,5000
3,down_power,post_burn_in,10,44,1.0,basal,0.07457185892236426,1900.0,5000
3,down_power,post_burn_in,11,45,2.0,top,0.2631126009166828,0.6,5000
3,metaweb,post_burn_in,1,3,2.0,top,0.054324165368996404,57.388798727674484,5000
3,metaweb,post_burn_in,2,4,2.0,top,0.006534145221331462,3.79206713381813,5000
3,metaweb,post_burn_in,3,6,2.0,top,0.048823049212909156,95.69076848658597,5000
3,metaweb,post_burn_in,4,7,2.0,top,0.07674127332422846,38.93939408175102,5000
3,metaweb,post_burn_in,5,8,2.0,top,0.08482081292031149,10.94677459063779,5000
3,metaweb,post_burn_in,6,9,2.0,top,0.017416944242358057,0.3763397849650121,5000
3,metaweb,post_burn_in,7,10,2.0,top,0.04256886521464786,1.5427062312851985,5000
3,metaweb,post_burn_in,8,11,2.0,top,0.07739538038474539,23.924714954141464,5000
3,metaweb,post_burn_in,9,12,2.0,top,0.08614198650665089,11.714834766018708,5000
3,metaweb,post_burn_in,10,15,2.0,top,0.09074997398162393,22.292624374122475,5000
3,metaweb,post_burn_in,11,16,2.0,top,0.5529394661004118,69.07242572250627,5000
3,metaweb,post_burn_in,12,17,2.0,top,0.05558870922124286,86.76513530275771,5000
3,metaweb,post_burn_in,13,18,2.0,top,0.011127550979374031,10.151098104971283,5000
3,metaweb,post_burn_in,14,27,2.0,top,0.513977619433067,57.14679734662178,5000
3,metaweb,post_burn_in,15,28,2.0,top,0.490790530924071,98.82877064077884,5000
3,metaweb,post_burn_in,16,29,2.0,top,0.02080338680746397,55.35634429513225,5000
3,metaweb,post_burn_in,17,30,2.0,top,0.05733455749999046,83.55228079155195,5000
3,metaweb,post_burn_in,18,31,2.0,top,0.08399590813980512,12.60818794150371,5000
3,metaweb,post_burn_in,19,32,2.0,top,0.08729239588712483,31.475887839374312,5000
3,metaweb,post_burn_in,20,33,2.0,top,0.2609249119005657,70.39116766146901,5000
3,metaweb,post_burn_in,21,34,2.0,top,0.05269434326333641,81.58160721341416,5000
3,metaweb,post_burn_in,22,37,1.0,basal,0.21361727108472514,0.6,5000
3,metaweb,post_burn_in,23,38,1.0,basal,0.2136172710847252,1.9,5000
3,metaweb,post_burn_in,24,39,1.0,basal,0.2136172710847252,6.0,5000
3,metaweb,post_burn_in,25,40,1.0,basal,0.21361727108472514,19.0,5000
3,metaweb,post_burn_in,26,41,1.0,basal,0.21361727108472514,60.0,5000
3,metaweb,post_burn_in,27,42,1.0,basal,0.21361727108472517,190.0,5000
3,metaweb,post_burn_in,28,43,1.0,basal,0.2136172710847252,600.0,5000
3,metaweb,post_burn_in,29,44,1.0,basal,0.21361727108472486,1900.0,5000
3,metaweb,post_burn_in,30,45,2.0,top,0.1044154524544479,0.6,5000
3,metaweb,post_burn_in,31,46,2.0,top,0.09972061922841963,1.9,5000
3,metaweb,post_burn_in,32,47,2.0,top,0.08651857086809069,6.0,5000
3,metaweb,post_burn_in,33,48,2.0,top,0.09882271733210167,19.0,5000
3,metaweb,post_burn_in,34,49,2.0,top,0.09026004401338349,60.0,5000
3,metaweb,post_burn_in,35,50,2.0,top,0.09691526886885483,190.0,5000
3,metaweb,post_burn_in,36,51,2.0,top,0.07304869642841273,600.0,5000
3,metaweb,post_burn_in,37,52,2.0,top,0.002175483850101261,1900.0,5000
3,niche,post_burn_in,1,27,2.0,top,0.4281078536972572,57.14679734662178,5000
3,niche,post_burn_in,2,31,1.0,basal,0.2136172710847274,12.60818794150371,5000
3,niche,post_burn_in,3,35,2.0,top,0.3301723090896696,87.42798288455118,5000
3,niche,post_burn_in,4,44,3.000000000000001,top,4.275823320352074e-11,1900.0,5000
3,niche,post_burn_in,5,45,3.25,top,0.03799643459336448,0.6,5000
3,niche,post_burn_in,6,46,2.0,intermediate,0.09718385492445442,1.9,5000
3,niche,post_burn_in,7,47,2.9999999999999996,intermediate,0.15265529893836569,6.0,5000
3,niche,post_burn_in,8,48,2.0,intermediate,0.19242397727340949,19.0,5000
3,niche,post_burn_in,9,49,2.0,intermediate,0.0007513096832185189,60.0,5000
3,niche,post_burn_in,10,50,2.0,intermediate,0.19242397727340418,190.0,5000
3,niche,post_burn_in,11,51,1.0,basal,0.21361765689570913,600.0,5000
3,niche,post_burn_in,12,52,1.0,basal,0.27559866047010134,1900.0,5000
3,down_rand,post_burn_in,1,9,1.9999999999999996,intermediate,0.28374287123945374,0.3763397849650121,5000
3,down_rand,post_burn_in,2,26,2.9999999999999996,top,0.08296233147064327,9.0460548141935,5000
3,down_rand,post_burn_in,3,37,1.0,basal,0.17626837129036194,0.6,5000
3,down_rand,post_burn_in,4,38,1.0,basal,0.13823744040727518,1.9,5000
3,down_rand,post_burn_in,5,39,1.0,basal,0.10740910599096251,6.0,5000
3,down_rand,post_burn_in,6,40,1.0,basal,0.13590120769637398,19.0,5000
3,down_rand,post_burn_in,7,41,1.0,basal,0.10553007534641826,60.0,5000
3,down_rand,post_burn_in,8,42,1.0,basal,0.04827788366196342,190.0,5000
3,down_rand,post_burn_in,9,43,1.0,basal,0.08192352259702225,600.0,5000
3,down_rand,post_burn_in,10,44,1.0,basal,0.04737839505126571,1900.0,5000
3,down_rand,post_burn_in,11,45,2.0,top,0.20208551104338227,0.6,5000
3,down_rand,post_burn_in,12,46,2.0,top,9.750742395264812e-12,1.9,5000
3,down_link,post_burn_in,1,9,1.9999999999999998,top,0.07706762685456767,0.3763397849650121,5000
3,down_link,post_burn_in,2,13,2.999999999999999,top,4.530751992636384e-12,23.477950390974364,5000
3,down_link,post_burn_in,3,36,3.0,top,0.09566564847952091,15.403307951479334,5000
3,down_link,post_burn_in,4,37,1.0,basal,0.21152097344211396,0.6,5000
3,down_link,post_burn_in,5,38,1.0,basal,0.1338283166386416,1.9,5000
3,down_link,post_burn_in,6,39,1.0,basal,0.13098740574895415,6.0,5000
3,down_link,post_burn_in,7,40,1.0,basal,0.10153597751288476,19.0,5000
3,down_link,post_burn_in,8,41,1.0,basal,0.06123666928009509,60.0,5000
3,down_link,post_burn_in,9,42,1.0,basal,0.04662033871443713,190.0,5000
3,down_link,post_burn_in,10,43,1.0,basal,0.13724073273017962,600.0,5000
3,down_link,post_burn_in,11,44,1.0,basal,0.10653981295929599,1900.0,5000
3,down_link,post_burn_in,12,45,2.0,intermediate,0.4633496460476247,0.6,5000
3,down_niche,post_burn_in,1,3,2.0,top,0.1041092410883018,57.388798727674484,5000
3,down_niche,post_burn_in,2,4,1.9999999999999996,top,0.17049794030743531,3.79206713381813,5000
3,down_niche,post_burn_in,3,6,2.0000000000000004,top,0.11680626620164089,95.69076848658597,5000
3,down_niche,post_burn_in,4,7,1.9999999999999996,top,0.17171261783647715,38.93939408175102,5000
3,down_niche,post_burn_in,5,8,1.9999999999999996,top,0.007797413474829634,10.94677459063779,5000
3,down_niche,post_burn_in,6,9,2.0,top,0.025687298292759522,0.3763397849650121,5000
3,down_niche,post_burn_in,7,10,2.0,top,0.04574942760930175,1.5427062312851985,5000
3,down_niche,post_burn_in,8,11,1.9999999999999996,top,0.004401211353515977,23.924714954141464,5000
3,down_niche,post_burn_in,9,12,1.9999999999999996,top,0.0035878844036330987,11.714834766018708,5000
3,down_niche,post_burn_in,10,15,2.0,top,0.13774311977841364,22.292624374122475,5000
3,down_niche,post_burn_in,11,16,1.9999999999999996,top,0.03144378183696211,69.07242572250627,5000
3,down_niche,post_burn_in,12,17,2.0,top,0.0824966294104452,86.76513530275771,5000
3,down_niche,post_burn_in,13,18,1.9999999999999996,top,0.0006466457958909461,10.151098104971283,5000
3,down_niche,post_burn_in,14,27,1.9999999999999996,top,0.16444839811966397,57.14679734662178,5000
3,down_niche,post_burn_in,15,28,2.0,top,0.9752963671430693,98.82877064077884,5000
3,down_niche,post_burn_in,16,29,1.9999999999999996,top,0.007346153398355424,55.35634429513225,5000
3,down_niche,post_burn_in,17,30,1.9999999999999996,top,0.1715350403001555,83.55228079155195,5000
3,down_niche,post_burn_in,18,31,1.9999999999999996,top,0.003357156328007737,12.60818794150371,5000
3,down_niche,post_burn_in,19,32,2.0,top,0.13369817438514048,31.475887839374312,5000
3,down_niche,post_burn_in,20,33,1.9999999999999996,top,0.1717828409230448,70.39116766146901,5000
3,down_niche,post_burn_in,21,34,2.0,top,0.09117340724268873,81.58160721341416,5000
3,down_niche,post_burn_in,22,37,1.0,basal,0.2136332741469094,0.6,5000
3,down_niche,post_burn_in,23,38,1.0,basal,0.21160044332987182,1.9,5000
3,down_niche,post_burn_in,24,39,1.0,basal,0.21370644338725875,6.0,5000
3,down_niche,post_burn_in,25,40,1.0,basal,0.2137018180656287,19.0,5000
3,down_niche,post_burn_in,26,41,1.0,basal,0.21370535307209435,60.0,5000
3,down_niche,post_burn_in,27,42,1.0,basal,0.21369179424804194,190.0,5000
3,down_niche,post_burn_in,28,43,1.0,basal,0.21519055384540667,600.0,5000
3,down_niche,post_burn_in,29,44,1.0,basal,0.21370578228640022,1900.0,5000
3,down_niche,post_burn_in,30,45,1.9999999999999998,top,0.005271097232905337,0.6,5000
3,down_niche,post_burn_in,31,46,2.0,top,0.16300077382852834,1.9,5000
3,down_niche,post_burn_in,32,47,2.0,top,0.14482289326536446,6.0,5000
3,down_niche,post_burn_in,33,48,1.9999999999999998,top,0.17177523787064347,19.0,5000
3,down_niche,post_burn_in,34,49,2.0,top,0.15006270923085582,60.0,5000
3,down_niche,post_burn_in,35,50,2.0,top,0.1592098914763773,190.0,5000
3,down_niche,post_burn_in,36,51,1.9999999999999998,top,0.005108545915394214,600.0,5000
3,down_niche,post_burn_in,37,52,2.0,top,0.004302857811871098,1900.0,5000
3,atn,post_burn_in,1,2,2.2222222222222223,intermediate,0.536874874332929,64.69719047599895,5000
3,atn,post_burn_in,2,3,2.1428571428571423,intermediate,0.005189008059187748,57.388798727674484,5000
3,atn,post_burn_in,3,4,2.0,intermediate,0.09322504928910234,3.79206713381813,5000
3,atn,post_burn_in,4,5,2.1428571428571423,intermediate,0.002941902286768699,57.8930023935965,5000
3,atn,post_burn_in,5,6,2.3000000000000007,intermediate,1.6256713319554267e-7,95.69076848658597,5000
3,atn,post_burn_in,6,7,2.1428571428571423,intermediate,0.15837334919357976,38.93939408175102,5000
3,atn,post_burn_in,7,8,1.9999999999999998,intermediate,0.1086935451855147,10.94677459063779,5000
3,atn,post_burn_in,8,9,1.0,basal,0.35074854786588733,0.3763397849650121,5000
3,atn,post_burn_in,9,10,1.0,basal,0.4232236470163385,1.5427062312851985,5000
3,atn,post_burn_in,10,11,2.0,intermediate,0.12432352788169714,23.924714954141464,5000
3,atn,post_burn_in,11,12,1.9999999999999998,intermediate,0.09431434726544076,11.714834766018708,5000
3,atn,post_burn_in,12,13,2.0,intermediate,0.12796135761627525,23.477950390974364,5000
3,atn,post_burn_in,13,14,2.3000000000000007,intermediate,1.2637886889077227e-7,96.1302970803015,5000
3,atn,post_burn_in,14,15,2.0,intermediate,0.13828246374720563,22.292624374122475,5000
3,atn,post_burn_in,15,16,2.2222222222222223,intermediate,0.4013670833341728,69.07242572250627,5000
3,atn,post_burn_in,16,17,2.2222222222222223,intermediate,0.006338552035656971,86.76513530275771,5000
3,atn,post_burn_in,17,18,1.9999999999999998,intermediate,0.12581321285136454,10.151098104971283,5000
3,atn,post_burn_in,18,20,2.3636363636363633,intermediate,4.8537416961910284e-12,103.64631799692111,5000
3,atn,post_burn_in,19,21,2.7058823529411757,top,1.7341338245363742,243.4641821106093,5000
3,atn,post_burn_in,20,22,2.2222222222222223,intermediate,0.2604669256651411,74.30618739159993,5000
3,atn,post_burn_in,21,23,2.3000000000000007,intermediate,4.1812757571078774e-7,93.92951534877189,5000
3,atn,post_burn_in,22,24,2.2222222222222223,intermediate,0.11987954957776571,60.094016766096125,5000
3,atn,post_burn_in,23,25,2.0,intermediate,0.26823685715104256,34.70384773779223,5000
3,atn,post_burn_in,24,26,1.9999999999999998,intermediate,0.15439247370723627,9.0460548141935,5000
3,atn,post_burn_in,25,27,2.142857142857143,intermediate,0.006466269617479597,57.14679734662178,5000
3,atn,post_burn_in,26,28,2.3000000000000003,intermediate,1.4441828123646726e-8,98.82877064077884,5000
3,atn,post_burn_in,27,29,2.142857142857143,intermediate,0.016819533410129026,55.35634429513225,5000
3,atn,post_burn_in,28,30,2.2222222222222223,intermediate,0.05508878175226797,83.55228079155195,5000
3,atn,post_burn_in,29,31,1.9999999999999998,intermediate,0.07974489496583033,12.60818794150371,5000
3,atn,post_burn_in,30,32,2.0,intermediate,0.32636743525325984,31.475887839374312,5000
3,atn,post_burn_in,31,33,2.2222222222222223,intermediate,0.36386101610576826,70.39116766146901,5000
3,atn,post_burn_in,32,34,2.2222222222222223,intermediate,0.09494144779055325,81.58160721341416,5000
3,atn,post_burn_in,33,35,2.2222222222222223,intermediate,0.00208156369143147,87.42798288455118,5000
3,atn,post_burn_in,34,36,2.0,intermediate,0.12292288010233869,15.403307951479334,5000
3,atn,post_burn_in,35,37,1.0,basal,0.3802218881206111,0.6,5000
3,atn,post_burn_in,36,38,1.0,basal,0.42016263540284465,1.9,5000
3,atn,post_burn_in,37,39,1.0,basal,0.49945326817737434,6.0,5000
3,atn,post_burn_in,38,40,1.0,basal,0.6752676884505026,19.0,5000
3,atn,post_burn_in,39,41,1.0,basal,0.8673640127573514,60.0,5000
3,atn,post_burn_in,40,42,1.0,basal,0.9662816494924878,190.0,5000
3,atn,post_burn_in,41,45,1.0,basal,0.3802218881205942,0.6,5000
3,atn,post_burn_in,42,46,1.0,basal,0.42016263540284804,1.9,5000
3,atn,post_burn_in,43,47,2.0,intermediate,0.1022419695502004,6.0,5000
3,atn,post_burn_in,44,48,2.0,intermediate,0.1732108523540318,19.0,5000
3,atn,post_burn_in,45,49,2.2222222222222223,intermediate,0.12049741380879732,60.0,5000
3,atn,post_burn_in,46,50,2.5625,intermediate,0.0011150563962470201,190.0,5000
3,atn,post_burn_in,47,51,2.852258852258853,top,0.9930223180659963,600.0,5000
3,atn,post_burn_in,48,52,3.0512684884559875,top,0.5325536604316955,1900.0,5000
4,down_power,creation,1,1,4.063211874117755,intermediate,0.7953099278046564,138.7561123764831,5000
4,down_power,creation,2,2,3.585992886448122,intermediate,0.4224653531447434,57.20393831752524,5000
4,down_power,creation,3,3,2.0000000000000004,intermediate,0.5562516225593057,95.97235180972041,5000
4,down_power,creation,4,4,2.0000000000000004,intermediate,0.564816791845238,0.5347981938475266,5000
4,down_power,creation,5,5,3.626250535401424,intermediate,0.23735738925074124,55.74766617090946,5000
4,down_power,creation,6,6,2.0000000000000004,intermediate,0.2808449278755064,73.42797291323403,5000
4,down_power,creation,7,7,1.9999999999999996,top,0.9183488297428927,11.668989639256178,5000
4,down_power,creation,8,8,1.9999999999999996,intermediate,0.6417362877817452,20.480449799017613,5000
4,down_power,creation,9,9,1.9999999999999996,intermediate,0.03762633506477664,9.175209727372271,5000
4,down_power,creation,10,10,1.9999999999999998,intermediate,0.6267605867078456,5.207596391539672,5000
4,down_power,creation,11,11,1.9999999999999996,top,0.9301172575050818,15.301932613658161,5000
4,down_power,creation,12,12,2.0000000000000004,intermediate,0.11443105325815206,29.287661817716973,5000
4,down_power,creation,13,13,3.0,intermediate,0.7154903187978284,15.684479930520851,5000
4,down_power,creation,14,14,2.845410628019325,intermediate,0.8223678256847651,50.44886819951755,5000
4,down_power,creation,15,15,2.0000000000000004,intermediate,0.7416298009699205,14.71402378812587,5000
4,down_power,creation,16,16,2.0000000000000004,top,0.14189491029888424,59.04629248388179,5000
4,down_power,creation,17,17,2.0,intermediate,0.8895889393699195,58.63016387733876,5000
4,down_power,creation,18,18,2.0,intermediate,0.659117646844106,45.53862821140166,5000
4,down_power,creation,19,19,3.9121449052216555,intermediate,0.9197623084188244,226.83671065006354,5000
4,down_power,creation,20,20,4.14781048246248,intermediate,0.17098818784213887,281.95113578228853,5000
4,down_power,creation,21,21,4.244617799214492,intermediate,0.6322963241526547,288.19764391469465,5000
4,down_power,creation,22,22,3.503458559792738,intermediate,0.013185014926705318,57.696425088591496,5000
4,down_power,creation,23,23,3.567072701541452,intermediate,0.1698078949995946,59.07420661034098,5000
4,down_power,creation,24,24,3.5786314877823746,intermediate,0.20669216140345092,77.71381785308509,5000
4,down_power,creation,25,25,3.4444444444444455,intermediate,0.29881956346819993,17.50989836526989,5000
4,down_power,creation,26,26,4.000000000000001,intermediate,0.2955973583586988,5.8410766344240175,5000
4,down_power,creation,27,27,1.9999999999999996,top,0.5683199693332985,70.71660506252933,5000
4,down_power,creation,28,28,1.9999999999999998,top,0.09982839659829557,99.44382267471764,5000
4,down_power,creation,29,29,2.0000000000000004,intermediate,0.49515662727709187,51.395640068284465,5000
4,down_power,creation,30,30,1.9999999999999998,intermediate,0.16421694121375374,64.1626716139747,5000
4,down_power,creation,31,31,1.9999999999999996,intermediate,0.44788200755536844,14.26805957648681,5000
4,down_power,creation,32,32,2.0000000000000004,intermediate,0.2908612898395869,45.401377604518935,5000
4,down_power,creation,33,33,2.0000000000000004,top,0.22767125416144496,58.086361029476,5000
4,down_power,creation,34,34,2.0000000000000004,intermediate,0.36912885346476343,85.44836449448862,5000
4,down_power,creation,35,35,3.0000000000000004,intermediate,0.8794885684451502,72.590774713833,5000
4,down_power,creation,36,36,3.0000000000000004,intermediate,0.9117566312963004,13.334648845678299,5000
4,down_power,creation,37,37,1.0,basal,0.7442598355987688,0.6,5000
4,down_power,creation,38,38,1.0,basal,0.6279684920690869,1.9,5000
4,down_power,creation,39,39,1.0,basal,0.7410557594218125,6.0,5000
4,down_power,creation,40,40,1.0,basal,0.4444932376764913,19.0,5000
4,down_power,creation,41,41,1.0,basal,0.6617041608016113,60.0,5000
4,down_power,creation,42,42,1.0,basal,0.3730312938591712,190.0,5000
4,down_power,creation,43,43,1.0,basal,0.9344131696701556,600.0,5000
4,down_power,creation,44,44,1.0,basal,0.4223736390406727,1900.0,5000
4,down_power,creation,45,45,1.9999999999999998,intermediate,0.04928134362125092,0.6,5000
4,down_power,creation,46,46,1.9999999999999998,intermediate,0.5939663324467617,1.9,5000
4,down_power,creation,47,47,2.0000000000000004,intermediate,0.5404985164467114,6.0,5000
4,down_power,creation,48,48,1.9999999999999998,intermediate,0.6811844923330294,19.0,5000
4,down_power,creation,49,49,2.0,intermediate,0.8676574319742038,60.0,5000
4,down_power,creation,50,50,1.9999999999999998,intermediate,0.3754689728509685,190.0,5000
4,down_power,creation,51,51,1.9999999999999998,intermediate,0.02940066117596396,600.0,5000
4,down_power,creation,52,52,2.0000000000000004,intermediate,0.004009892611740229,1900.0,5000
4,metaweb,creation,1,1,4.0613354240613635,intermediate,0.7953099278046564,138.7561123764831,5000
4,metaweb,creation,2,2,3.5954723098103645,intermediate,0.4224653531447434,57.20393831752524,5000
4,metaweb,creation,3,3,2.0,intermediate,0.5562516225593057,95.97235180972041,5000
4,metaweb,creation,4,4,2.0,intermediate,0.564816791845238,0.5347981938475266,5000
4,metaweb,creation,5,5,3.5954723098103667,intermediate,0.23735738925074124,55.74766617090946,5000
4,metaweb,creation,6,6,2.0,intermediate,0.2808449278755064,73.42797291323403,5000
4,metaweb,creation,7,7,2.0,top,0.9183488297428927,11.668989639256178,5000
4,metaweb,creation,8,8,2.0,intermediate,0.6417362877817452,20.480449799017613,5000
4,metaweb,creation,9,9,2.0,intermediate,0.03762633506477664,9.175209727372271,5000
4,metaweb,creation,10,10,2.0,intermediate,0.6267605867078456,5.207596391539672,5000
4,metaweb,creation,11,11,2.0,top,0.9301172575050818,15.301932613658161,5000
4,metaweb,creation,12,12,2.0,intermediate,0.11443105325815206,29.287661817716973,5000
4,metaweb,creation,13,13,3.0,intermediate,0.7154903187978284,15.684479930520851,5000
4,metaweb,creation,14,14,2.8392621870882753,intermediate,0.8223678256847651,50.44886819951755,5000
4,metaweb,creation,15,15,2.0,intermediate,0.7416298009699205,14.71402378812587,5000
4,metaweb,creation,16,16,2.0,top,0.14189491029888424,59.04629248388179,5000
4,metaweb,creation,17,17,2.0,intermediate,0.8895889393699195,58.63016387733876,5000
4,metaweb,creation,18,18,2.0,intermediate,0.659117646844106,45.53862821140166,5000
4,metaweb,creation,19,19,4.0613354240613635,intermediate,0.9197623084188244,226.83671065006354,5000
4,metaweb,creation,20,20,4.061335424061364,intermediate,0.17098818784213887,281.95113578228853,5000
4,metaweb,creation,21,21,4.061335424061364,intermediate,0.6322963241526547,288.19764391469465,5000
4,metaweb,creation,22,22,3.5954723098103636,intermediate,0.013185014926705318,57.696425088591496,5000
4,metaweb,creation,23,23,3.5954723098103654,intermediate,0.1698078949995946,59.07420661034098,5000
4,metaweb,creation,24,24,3.5762090864680016,intermediate,0.20669216140345092,77.71381785308509,5000
4,metaweb,creation,25,25,3.303030303030302,intermediate,0.29881956346819993,17.50989836526989,5000
4,metaweb,creation,26,26,3.3333333333333335,intermediate,0.2955973583586988,5.8410766344240175,5000
4,metaweb,creation,27,27,2.0,top,0.5683199693332985,70.71660506252933,5000
4,metaweb,creation,28,28,2.0,top,0.09982839659829557,99.44382267471764,5000
4,metaweb,creation,29,29,2.0,intermediate,0.49515662727709187,51.395640068284465,5000
4,metaweb,creation,30,30,2.0,intermediate,0.16421694121375374,64.1626716139747,5000
4,metaweb,creation,31,31,2.0,intermediate,0.44788200755536844,14.26805957648681,5000
4,metaweb,creation,32,32,2.0,intermediate,0.2908612898395869,45.401377604518935,5000
4,metaweb,creation,33,33,2.0,top,0.22767125416144496,58.086361029476,5000
4,metaweb,creation,34,34,2.0,intermediate,0.36912885346476343,85.44836449448862,5000
4,metaweb,creation,35,35,3.0,intermediate,0.8794885684451502,72.590774713833,5000
4,metaweb,creation,36,36,3.0,intermediate,0.9117566312963004,13.334648845678299,5000
4,metaweb,creation,37,37,1.0,basal,0.7442598355987688,0.6,5000
4,metaweb,creation,38,38,1.0,basal,0.6279684920690869,1.9,5000
4,metaweb,creation,39,39,1.0,basal,0.7410557594218125,6.0,5000
4,metaweb,creation,40,40,1.0,basal,0.4444932376764913,19.0,5000
4,metaweb,creation,41,41,1.0,basal,0.6617041608016113,60.0,5000
4,metaweb,creation,42,42,1.0,basal,0.3730312938591712,190.0,5000
4,metaweb,creation,43,43,1.0,basal,0.9344131696701556,600.0,5000
4,metaweb,creation,44,44,1.0,basal,0.4223736390406727,1900.0,5000
4,metaweb,creation,45,45,2.0,intermediate,0.04928134362125092,0.6,5000
4,metaweb,creation,46,46,2.0,intermediate,0.5939663324467617,1.9,5000
4,metaweb,creation,47,47,2.0,intermediate,0.5404985164467114,6.0,5000
4,metaweb,creation,48,48,2.0,intermediate,0.6811844923330294,19.0,5000
4,metaweb,creation,49,49,2.0,intermediate,0.8676574319742038,60.0,5000
4,metaweb,creation,50,50,2.0,intermediate,0.3754689728509685,190.0,5000
4,metaweb,creation,51,51,2.0,intermediate,0.02940066117596396,600.0,5000
4,metaweb,creation,52,52,2.0,intermediate,0.004009892611740229,1900.0,5000
4,niche,creation,1,1,3.091695696378316,top,0.7953099278046564,138.7561123764831,5000
4,niche,creation,2,2,4.306487812960838,top,0.4224653531447434,57.20393831752524,5000
4,niche,creation,3,3,3.212326388888889,top,0.5562516225593057,95.97235180972041,5000
4,niche,creation,4,4,4.39375893450425,top,0.564816791845238,0.5347981938475266,5000
4,niche,creation,5,5,4.472411989076443,top,0.23735738925074124,55.74766617090946,5000
4,niche,creation,6,6,4.384931405416041,top,0.2808449278755064,73.42797291323403,5000
4,niche,creation,7,7,3.47765376984127,top,0.9183488297428927,11.668989639256178,5000
4,niche,creation,8,8,2.444444444444444,top,0.6417362877817452,20.480449799017613,5000
4,niche,creation,9,9,4.248789706174082,top,0.03762633506477664,9.175209727372271,5000
4,niche,creation,10,10,3.6967179232804224,intermediate,0.6267605867078456,5.207596391539672,5000
4,niche,creation,11,11,4.661238764524185,intermediate,0.9301172575050818,15.301932613658161,5000
4,niche,creation,12,12,4.311377383863827,intermediate,0.11443105325815206,29.287661817716973,5000
4,niche,creation,13,13,3.621022727272728,intermediate,0.7154903187978284,15.684479930520851,5000
4,niche,creation,14,14,3.4956250000000004,intermediate,0.8223678256847651,50.44886819951755,5000
4,niche,creation,15,15,1.0,basal,0.7416298009699205,14.71402378812587,5000
4,niche,creation,16,16,4.275087089134948,intermediate,0.14189491029888424,59.04629248388179,5000
4,niche,creation,17,17,1.0,basal,0.8895889393699195,58.63016387733876,5000
4,niche,creation,18,18,3.6973214285714286,intermediate,0.659117646844106,45.53862821140166,5000
4,niche,creation,19,19,5.521155753968253,intermediate,0.9197623084188244,226.83671065006354,5000
4,niche,creation,20,20,3.036642156862744,intermediate,0.17098818784213887,281.95113578228853,5000
4,niche,creation,21,21,4.347817976656095,intermediate,0.6322963241526547,288.19764391469465,5000
4,niche,creation,22,22,4.209970238095238,intermediate,0.013185014926705318,57.696425088591496,5000
4,niche,creation,23,23,4.418845419864957,intermediate,0.1698078949995946,59.07420661034098,5000
4,niche,creation,24,24,3.075,intermediate,0.20669216140345092,77.71381785308509,5000
4,niche,creation,25,25,2.444444444444444,intermediate,0.29881956346819993,17.50989836526989,5000
4,niche,creation,26,26,3.075,intermediate,0.2955973583586988,5.8410766344240175,5000
4,niche,creation,27,27,2.770833333333333,intermediate,0.5683199693332985,70.71660506252933,5000
4,niche,creation,28,28,3.306762566137566,intermediate,0.09982839659829557,99.44382267471764,5000
4,niche,creation,29,29,2.3809523809523805,intermediate,0.49515662727709187,51.395640068284465,5000
4,niche,creation,30,30,3.966269841269841,intermediate,0.16421694121375374,64.1626716139747,5000
4,niche,creation,31,31,5.076041666666667,intermediate,0.44788200755536844,14.26805957648681,5000
4,niche,creation,32,32,4.076041666666667,intermediate,0.2908612898395869,45.401377604518935,5000
4,niche,creation,33,33,2.5238095238095233,intermediate,0.22767125416144496,58.086361029476,5000
4,niche,creation,34,34,2.5,intermediate,0.36912885346476343,85.44836449448862,5000
4,niche,creation,35,35,3.875,intermediate,0.8794885684451502,72.590774713833,5000
4,niche,creation,36,36,3.075,intermediate,0.9117566312963004,13.334648845678299,5000
4,niche,creation,37,37,2.444444444444444,intermediate,0.7442598355987688,0.6,5000
4,niche,creation,38,38,3.075,intermediate,0.6279684920690869,1.9,5000
4,niche,creation,39,39,3.4312500000000004,intermediate,0.7410557594218125,6.0,5000
4,niche,creation,40,40,2.5555555555555554,intermediate,0.4444932376764913,19.0,5000
4,niche,creation,41,41,2.875,intermediate,0.6617041608016113,60.0,5000
4,niche,creation,42,42,2.5,intermediate,0.3730312938591712,190.0,5000
4,niche,creation,43,43,1.9999999999999998,intermediate,0.9344131696701556,600.0,5000
4,niche,creation,44,44,2.0,intermediate,0.4223736390406727,1900.0,5000
4,niche,creation,45,45,1.0,basal,0.04928134362125092,0.6,5000
4,niche,creation,46,46,2.6666666666666665,intermediate,0.5939663324467617,1.9,5000
4,niche,creation,47,47,1.0,basal,0.5404985164467114,6.0,5000
4,niche,creation,48,48,1.0,basal,0.6811844923330294,19.0,5000
4,niche,creation,49,49,2.0,intermediate,0.8676574319742038,60.0,5000
4,niche,creation,50,50,1.0,basal,0.3754689728509685,190.0,5000
4,niche,creation,51,51,1.0,basal,0.02940066117596396,600.0,5000
4,niche,creation,52,52,1.0,basal,0.004009892611740229,1900.0,5000
4,down_rand,creation,1,1,3.9363613914801037,intermediate,0.7953099278046564,138.7561123764831,5000
4,down_rand,creation,2,2,3.579831480795173,intermediate,0.4224653531447434,57.20393831752524,5000
4,down_rand,creation,3,3,1.9999999999999998,intermediate,0.5562516225593057,95.97235180972041,5000
4,down_rand,creation,4,4,1.9999999999999998,intermediate,0.564816791845238,0.5347981938475266,5000
4,down_rand,creation,5,5,3.557717348205443,intermediate,0.23735738925074124,55.74766617090946,5000
4,down_rand,creation,6,6,2.0,intermediate,0.2808449278755064,73.42797291323403,5000
4,down_rand,creation,7,7,1.9999999999999996,top,0.9183488297428927,11.668989639256178,5000
4,down_rand,creation,8,8,2.0,intermediate,0.6417362877817452,20.480449799017613,5000
4,down_rand,creation,9,9,1.9999999999999996,intermediate,0.03762633506477664,9.175209727372271,5000
4,down_rand,creation,10,10,1.9999999999999996,top,0.6267605867078456,5.207596391539672,5000
4,down_rand,creation,11,11,1.9999999999999996,top,0.9301172575050818,15.301932613658161,5000
4,down_rand,creation,12,12,2.0,intermediate,0.11443105325815206,29.287661817716973,5000
4,down_rand,creation,13,13,2.9999999999999996,intermediate,0.7154903187978284,15.684479930520851,5000
4,down_rand,creation,14,14,2.8687500000000004,intermediate,0.8223678256847651,50.44886819951755,5000
4,down_rand,creation,15,15,2.0000000000000004,intermediate,0.7416298009699205,14.71402378812587,5000
4,down_rand,creation,16,16,2.0,top,0.14189491029888424,59.04629248388179,5000
4,down_rand,creation,17,17,2.0,intermediate,0.8895889393699195,58.63016387733876,5000
4,down_rand,creation,18,18,1.9999999999999996,intermediate,0.659117646844106,45.53862821140166,5000
4,down_rand,creation,19,19,4.027502636315253,intermediate,0.9197623084188244,226.83671065006354,5000
4,down_rand,creation,20,20,4.119055487780492,intermediate,0.17098818784213887,281.95113578228853,5000
4,down_rand,creation,21,21,4.146465531666613,intermediate,0.6322963241526547,288.19764391469465,5000
4,down_rand,creation,22,22,3.583855869641886,intermediate,0.013185014926705318,57.696425088591496,5000
4,down_rand,creation,23,23,3.6314749172609337,intermediate,0.1698078949995946,59.07420661034098,5000
4,down_rand,creation,24,24,3.6643436465761665,intermediate,0.20669216140345092,77.71381785308509,5000
4,down_rand,creation,25,25,3.375,intermediate,0.29881956346819993,17.50989836526989,5000
4,down_rand,creation,26,26,3.9999999999999996,intermediate,0.2955973583586988,5.8410766344240175,5000
4,down_rand,creation,27,27,1.9999999999999998,top,0.5683199693332985,70.71660506252933,5000
4,down_rand,creation,28,28,1.9999999999999996,top,0.09982839659829557,99.44382267471764,5000
4,down_rand,creation,29,29,2.0000000000000004,intermediate,0.49515662727709187,51.395640068284465,5000
4,down_rand,creation,30,30,1.9999999999999998,intermediate,0.16421694121375374,64.1626716139747,5000
4,down_rand,creation,31,31,2.0000000000000004,intermediate,0.44788200755536844,14.26805957648681,5000
4,down_rand,creation,32,32,1.9999999999999998,intermediate,0.2908612898395869,45.401377604518935,5000
4,down_rand,creation,33,33,2.0,top,0.22767125416144496,58.086361029476,5000
4,down_rand,creation,34,34,1.9999999999999998,intermediate,0.36912885346476343,85.44836449448862,5000
4,down_rand,creation,35,35,2.9999999999999996,intermediate,0.8794885684451502,72.590774713833,5000
4,down_rand,creation,36,36,3.0000000000000004,intermediate,0.9117566312963004,13.334648845678299,5000
4,down_rand,creation,37,37,1.0,basal,0.7442598355987688,0.6,5000
4,down_rand,creation,38,38,1.0,basal,0.6279684920690869,1.9,5000
4,down_rand,creation,39,39,1.0,basal,0.7410557594218125,6.0,5000
4,down_rand,creation,40,40,1.0,basal,0.4444932376764913,19.0,5000
4,down_rand,creation,41,41,1.0,basal,0.6617041608016113,60.0,5000
4,down_rand,creation,42,42,1.0,basal,0.3730312938591712,190.0,5000
4,down_rand,creation,43,43,1.0,basal,0.9344131696701556,600.0,5000
4,down_rand,creation,44,44,1.0,basal,0.4223736390406727,1900.0,5000
4,down_rand,creation,45,45,2.0000000000000004,intermediate,0.04928134362125092,0.6,5000
4,down_rand,creation,46,46,2.0000000000000004,intermediate,0.5939663324467617,1.9,5000
4,down_rand,creation,47,47,2.0,intermediate,0.5404985164467114,6.0,5000
4,down_rand,creation,48,48,2.0,intermediate,0.6811844923330294,19.0,5000
4,down_rand,creation,49,49,2.0000000000000004,intermediate,0.8676574319742038,60.0,5000
4,down_rand,creation,50,50,1.9999999999999996,intermediate,0.3754689728509685,190.0,5000
4,down_rand,creation,51,51,1.9999999999999996,intermediate,0.02940066117596396,600.0,5000
4,down_rand,creation,52,52,2.0000000000000004,intermediate,0.004009892611740229,1900.0,5000
4,down_link,creation,1,1,4.129592242683591,intermediate,0.7953099278046564,138.7561123764831,5000
4,down_link,creation,2,2,3.5321240305774033,intermediate,0.4224653531447434,57.20393831752524,5000
4,down_link,creation,3,3,2.0,intermediate,0.5562516225593057,95.97235180972041,5000
4,down_link,creation,4,4,1.9999999999999998,intermediate,0.564816791845238,0.5347981938475266,5000
4,down_link,creation,5,5,3.624780682946573,intermediate,0.23735738925074124,55.74766617090946,5000
4,down_link,creation,6,6,1.9999999999999998,intermediate,0.2808449278755064,73.42797291323403,5000
4,down_link,creation,7,7,1.9999999999999996,top,0.9183488297428927,11.668989639256178,5000
4,down_link,creation,8,8,1.9999999999999996,intermediate,0.6417362877817452,20.480449799017613,5000
4,down_link,creation,9,9,2.0000000000000004,intermediate,0.03762633506477664,9.175209727372271,5000
4,down_link,creation,10,10,2.0000000000000004,intermediate,0.6267605867078456,5.207596391539672,5000
4,down_link,creation,11,11,2.0000000000000004,top,0.9301172575050818,15.301932613658161,5000
4,down_link,creation,12,12,2.0000000000000004,intermediate,0.11443105325815206,29.287661817716973,5000
4,down_link,creation,13,13,3.0,intermediate,0.7154903187978284,15.684479930520851,5000
4,down_link,creation,14,14,3.0868686868686868,intermediate,0.8223678256847651,50.44886819951755,5000
4,down_link,creation,15,15,1.9999999999999998,intermediate,0.7416298009699205,14.71402378812587,5000
4,down_link,creation,16,16,1.9999999999999998,top,0.14189491029888424,59.04629248388179,5000
4,down_link,creation,17,17,1.9999999999999996,intermediate,0.8895889393699195,58.63016387733876,5000
4,down_link,creation,18,18,1.9999999999999998,intermediate,0.659117646844106,45.53862821140166,5000
4,down_link,creation,19,19,4.151050849026086,intermediate,0.9197623084188244,226.83671065006354,5000
4,down_link,creation,20,20,4.1510508490260865,intermediate,0.17098818784213887,281.95113578228853,5000
4,down_link,creation,21,21,4.085814756115585,intermediate,0.6322963241526547,288.19764391469465,5000
4,down_link,creation,22,22,3.5372339533343853,intermediate,0.013185014926705318,57.696425088591496,5000
4,down_link,creation,23,23,3.5810635805045883,intermediate,0.1698078949995946,59.07420661034098,5000
4,down_link,creation,24,24,3.537233953334384,intermediate,0.20669216140345092,77.71381785308509,5000
4,down_link,creation,25,25,3.303030303030302,intermediate,0.29881956346819993,17.50989836526989,5000
4,down_link,creation,26,26,3.333333333333334,intermediate,0.2955973583586988,5.8410766344240175,5000
4,down_link,creation,27,27,1.9999999999999996,top,0.5683199693332985,70.71660506252933,5000
4,down_link,creation,28,28,1.9999999999999996,top,0.09982839659829557,99.44382267471764,5000
4,down_link,creation,29,29,2.0000000000000004,intermediate,0.49515662727709187,51.395640068284465,5000
4,down_link,creation,30,30,1.9999999999999996,intermediate,0.16421694121375374,64.1626716139747,5000
4,down_link,creation,31,31,2.0000000000000004,intermediate,0.44788200755536844,14.26805957648681,5000
4,down_link,creation,32,32,2.0000000000000004,intermediate,0.2908612898395869,45.401377604518935,5000
4,down_link,creation,33,33,2.0,top,0.22767125416144496,58.086361029476,5000
4,down_link,creation,34,34,2.0,intermediate,0.36912885346476343,85.44836449448862,5000
4,down_link,creation,35,35,3.0,intermediate,0.8794885684451502,72.590774713833,5000
4,down_link,creation,36,36,3.0,intermediate,0.9117566312963004,13.334648845678299,5000
4,down_link,creation,37,37,1.0,basal,0.7442598355987688,0.6,5000
4,down_link,creation,38,38,1.0,basal,0.6279684920690869,1.9,5000
4,down_link,creation,39,39,1.0,basal,0.7410557594218125,6.0,5000
4,down_link,creation,40,40,1.0,basal,0.4444932376764913,19.0,5000
4,down_link,creation,41,41,1.0,basal,0.6617041608016113,60.0,5000
4,down_link,creation,42,42,1.0,basal,0.3730312938591712,190.0,5000
4,down_link,creation,43,43,1.0,basal,0.9344131696701556,600.0,5000
4,down_link,creation,44,44,1.0,basal,0.4223736390406727,1900.0,5000
4,down_link,creation,45,45,2.0000000000000004,intermediate,0.04928134362125092,0.6,5000
4,down_link,creation,46,46,2.0,intermediate,0.5939663324467617,1.9,5000
4,down_link,creation,47,47,1.9999999999999998,intermediate,0.5404985164467114,6.0,5000
4,down_link,creation,48,48,1.9999999999999996,intermediate,0.6811844923330294,19.0,5000
4,down_link,creation,49,49,1.9999999999999996,intermediate,0.8676574319742038,60.0,5000
4,down_link,creation,50,50,1.9999999999999998,intermediate,0.3754689728509685,190.0,5000
4,down_link,creation,51,51,1.9999999999999998,intermediate,0.02940066117596396,600.0,5000
4,down_link,creation,52,52,1.9999999999999996,intermediate,0.004009892611740229,1900.0,5000
4,down_niche,creation,1,1,4.498628222315876,intermediate,0.7953099278046564,138.7561123764831,5000
4,down_niche,creation,2,2,3.5334301621883326,intermediate,0.4224653531447434,57.20393831752524,5000
4,down_niche,creation,3,3,2.0,intermediate,0.5562516225593057,95.97235180972041,5000
4,down_niche,creation,4,4,2.0,top,0.564816791845238,0.5347981938475266,5000
4,down_niche,creation,5,5,3.4762527233115463,intermediate,0.23735738925074124,55.74766617090946,5000
4,down_niche,creation,6,6,2.0,intermediate,0.2808449278755064,73.42797291323403,5000
4,down_niche,creation,7,7,2.0,top,0.9183488297428927,11.668989639256178,5000
4,down_niche,creation,8,8,2.0,intermediate,0.6417362877817452,20.480449799017613,5000
4,down_niche,creation,9,9,2.0,intermediate,0.03762633506477664,9.175209727372271,5000
4,down_niche,creation,10,10,2.0,intermediate,0.6267605867078456,5.207596391539672,5000
4,down_niche,creation,11,11,2.0,top,0.9301172575050818,15.301932613658161,5000
4,down_niche,creation,12,12,2.0,intermediate,0.11443105325815206,29.287661817716973,5000
4,down_niche,creation,13,13,3.0,intermediate,0.7154903187978284,15.684479930520851,5000
4,down_niche,creation,14,14,2.9444444444444438,intermediate,0.8223678256847651,50.44886819951755,5000
4,down_niche,creation,15,15,2.0,intermediate,0.7416298009699205,14.71402378812587,5000
4,down_niche,creation,16,16,2.0,top,0.14189491029888424,59.04629248388179,5000
4,down_niche,creation,17,17,1.9999999999999996,intermediate,0.8895889393699195,58.63016387733876,5000
4,down_niche,creation,18,18,2.0,intermediate,0.659117646844106,45.53862821140166,5000
4,down_niche,creation,19,19,4.119180699572683,intermediate,0.9197623084188244,226.83671065006354,5000
4,down_niche,creation,20,20,4.234762738855927,intermediate,0.17098818784213887,281.95113578228853,5000
4,down_niche,creation,21,21,4.152052589030022,intermediate,0.6322963241526547,288.19764391469465,5000
4,down_niche,creation,22,22,3.4009339949971755,intermediate,0.013185014926705318,57.696425088591496,5000
4,down_niche,creation,23,23,3.200000000000001,intermediate,0.1698078949995946,59.07420661034098,5000
4,down_niche,creation,24,24,3.52309368191721,intermediate,0.20669216140345092,77.71381785308509,5000
4,down_niche,creation,25,25,3.3333333333333344,intermediate,0.29881956346819993,17.50989836526989,5000
4,down_niche,creation,26,26,4.0,intermediate,0.2955973583586988,5.8410766344240175,5000
4,down_niche,creation,27,27,2.0,top,0.5683199693332985,70.71660506252933,5000
4,down_niche,creation,28,28,2.0,top,0.09982839659829557,99.44382267471764,5000
4,down_niche,creation,29,29,2.0,intermediate,0.49515662727709187,51.395640068284465,5000
4,down_niche,creation,30,30,2.0,intermediate,0.16421694121375374,64.1626716139747,5000
4,down_niche,creation,31,31,2.0,intermediate,0.44788200755536844,14.26805957648681,5000
4,down_niche,creation,32,32,2.0,intermediate,0.2908612898395869,45.401377604518935,5000
4,down_niche,creation,33,33,2.0,top,0.22767125416144496,58.086361029476,5000
4,down_niche,creation,34,34,2.0,intermediate,0.36912885346476343,85.44836449448862,5000
4,down_niche,creation,35,35,3.0,intermediate,0.8794885684451502,72.590774713833,5000
4,down_niche,creation,36,36,3.0,intermediate,0.9117566312963004,13.334648845678299,5000
4,down_niche,creation,37,37,1.0,basal,0.7442598355987688,0.6,5000
4,down_niche,creation,38,38,1.0,basal,0.6279684920690869,1.9,5000
4,down_niche,creation,39,39,1.0,basal,0.7410557594218125,6.0,5000
4,down_niche,creation,40,40,1.0,basal,0.4444932376764913,19.0,5000
4,down_niche,creation,41,41,1.0,basal,0.6617041608016113,60.0,5000
4,down_niche,creation,42,42,1.0,basal,0.3730312938591712,190.0,5000
4,down_niche,creation,43,43,1.0,basal,0.9344131696701556,600.0,5000
4,down_niche,creation,44,44,1.0,basal,0.4223736390406727,1900.0,5000
4,down_niche,creation,45,45,2.0,intermediate,0.04928134362125092,0.6,5000
4,down_niche,creation,46,46,2.0,intermediate,0.5939663324467617,1.9,5000
4,down_niche,creation,47,47,2.0,intermediate,0.5404985164467114,6.0,5000
4,down_niche,creation,48,48,2.0,intermediate,0.6811844923330294,19.0,5000
4,down_niche,creation,49,49,2.0,intermediate,0.8676574319742038,60.0,5000
4,down_niche,creation,50,50,2.0,intermediate,0.3754689728509685,190.0,5000
4,down_niche,creation,51,51,2.0,intermediate,0.02940066117596396,600.0,5000
4,down_niche,creation,52,52,2.0,intermediate,0.004009892611740229,1900.0,5000
4,atn,creation,1,1,2.4166666666666665,intermediate,0.7953099278046564,138.7561123764831,5000
4,atn,creation,2,2,2.0000000000000004,intermediate,0.4224653531447434,57.20393831752524,5000
4,atn,creation,3,3,2.3000000000000007,intermediate,0.5562516225593057,95.97235180972041,5000
4,atn,creation,4,4,1.0,basal,0.564816791845238,0.5347981938475266,5000
4,atn,creation,5,5,2.0000000000000004,intermediate,0.23735738925074124,55.74766617090946,5000
4,atn,creation,6,6,2.2222222222222223,intermediate,0.2808449278755064,73.42797291323403,5000
4,atn,creation,7,7,1.9999999999999998,intermediate,0.9183488297428927,11.668989639256178,5000
4,atn,creation,8,8,1.9999999999999998,intermediate,0.6417362877817452,20.480449799017613,5000
4,atn,creation,9,9,1.9999999999999998,intermediate,0.03762633506477664,9.175209727372271,5000
4,atn,creation,10,10,1.0,basal,0.6267605867078456,5.207596391539672,5000
4,atn,creation,11,11,1.9999999999999998,intermediate,0.9301172575050818,15.301932613658161,5000
4,atn,creation,12,12,1.9999999999999998,intermediate,0.11443105325815206,29.287661817716973,5000
4,atn,creation,13,13,1.9999999999999998,intermediate,0.7154903187978284,15.684479930520851,5000
4,atn,creation,14,14,1.9999999999999998,intermediate,0.8223678256847651,50.44886819951755,5000
4,atn,creation,15,15,1.9999999999999998,intermediate,0.7416298009699205,14.71402378812587,5000
4,atn,creation,16,16,2.1428571428571423,intermediate,0.14189491029888424,59.04629248388179,5000
4,atn,creation,17,17,2.1428571428571423,intermediate,0.8895889393699195,58.63016387733876,5000
4,atn,creation,18,18,1.9999999999999998,intermediate,0.659117646844106,45.53862821140166,5000
4,atn,creation,19,19,2.7058823529411766,top,0.9197623084188244,226.83671065006354,5000
4,atn,creation,20,20,2.7058823529411766,top,0.17098818784213887,281.95113578228853,5000
4,atn,creation,21,21,2.7058823529411766,top,0.6322963241526547,288.19764391469465,5000
4,atn,creation,22,22,2.0000000000000004,intermediate,0.013185014926705318,57.696425088591496,5000
4,atn,creation,23,23,2.1428571428571423,intermediate,0.1698078949995946,59.07420661034098,5000
4,atn,creation,24,24,2.2222222222222223,intermediate,0.20669216140345092,77.71381785308509,5000
4,atn,creation,25,25,1.9999999999999998,intermediate,0.29881956346819993,17.50989836526989,5000
4,atn,creation,26,26,2.0,intermediate,0.2955973583586988,5.8410766344240175,5000
4,atn,creation,27,27,2.2222222222222223,intermediate,0.5683199693332985,70.71660506252933,5000
4,atn,creation,28,28,2.3000000000000003,intermediate,0.09982839659829557,99.44382267471764,5000
4,atn,creation,29,29,1.9999999999999998,intermediate,0.49515662727709187,51.395640068284465,5000
4,atn,creation,30,30,2.2222222222222223,intermediate,0.16421694121375374,64.1626716139747,5000
4,atn,creation,31,31,1.9999999999999998,intermediate,0.44788200755536844,14.26805957648681,5000
4,atn,creation,32,32,1.9999999999999998,intermediate,0.2908612898395869,45.401377604518935,5000
4,atn,creation,33,33,2.0000000000000004,intermediate,0.22767125416144496,58.086361029476,5000
4,atn,creation,34,34,2.2222222222222223,intermediate,0.36912885346476343,85.44836449448862,5000
4,atn,creation,35,35,2.2222222222222223,intermediate,0.8794885684451502,72.590774713833,5000
4,atn,creation,36,36,1.9999999999999998,intermediate,0.9117566312963004,13.334648845678299,5000
4,atn,creation,37,37,1.0,basal,0.7442598355987688,0.6,5000
4,atn,creation,38,38,1.0,basal,0.6279684920690869,1.9,5000
4,atn,creation,39,39,1.0,basal,0.7410557594218125,6.0,5000
4,atn,creation,40,40,1.0,basal,0.4444932376764913,19.0,5000
4,atn,creation,41,41,1.0,basal,0.6617041608016113,60.0,5000
4,atn,creation,42,42,1.0,basal,0.3730312938591712,190.0,5000
4,atn,creation,43,43,1.0,isolated,0.9344131696701556,600.0,5000
4,atn,creation,44,44,1.0,isolated,0.4223736390406727,1900.0,5000
4,atn,creation,45,45,1.0,basal,0.04928134362125092,0.6,5000
4,atn,creation,46,46,1.0,basal,0.5939663324467617,1.9,5000
4,atn,creation,47,47,1.9999999999999998,intermediate,0.5404985164467114,6.0,5000
4,atn,creation,48,48,1.9999999999999998,intermediate,0.6811844923330294,19.0,5000
4,atn,creation,49,49,2.2222222222222228,intermediate,0.8676574319742038,60.0,5000
4,atn,creation,50,50,2.5789473684210527,intermediate,0.3754689728509685,190.0,5000
4,atn,creation,51,51,2.827444956477214,top,0.02940066117596396,600.0,5000
4,atn,creation,52,52,2.9644935254803677,top,0.004009892611740229,1900.0,5000
4,down_power,post_burn_in,1,4,2.0000000000000004,top,0.13238305573785245,0.5347981938475266,5000
4,down_power,post_burn_in,2,13,3.0,top,5.598586944005363e-12,15.684479930520851,5000
4,down_power,post_burn_in,3,36,2.999999999999999,top,0.14405236655087825,13.334648845678299,5000
4,down_power,post_burn_in,4,37,1.0,basal,0.2087658533442324,0.6,5000
4,down_power,post_burn_in,5,38,1.0,basal,0.17327792852340798,1.9,5000
4,down_power,post_burn_in,6,39,1.0,basal,0.0986466588028518,6.0,5000
4,down_power,post_burn_in,7,40,1.0,basal,0.07582153364212155,19.0,5000
4,down_power,post_burn_in,8,41,1.0,basal,0.16839559271999355,60.0,5000
4,down_power,post_burn_in,9,42,1.0,basal,0.1317914956072628,190.0,5000
4,down_power,post_burn_in,10,43,1.0,basal,0.034850770804772835,600.0,5000
4,down_power,post_burn_in,11,44,1.0,basal,0.08998215806975221,1900.0,5000
4,down_power,post_burn_in,12,45,2.0,intermediate,0.3858597547165189,0.6,5000
4,down_power,post_burn_in,13,46,2.0,intermediate,0.04136629265412375,1.9,5000
4,metaweb,post_burn_in,1,3,2.0,intermediate,0.06111462462971357,95.97235180972041,5000
4,metaweb,post_burn_in,2,4,2.0,top,0.04949515669395848,0.5347981938475266,5000
4,metaweb,post_burn_in,3,6,2.0,intermediate,0.05291473739058909,73.42797291323403,5000
4,metaweb,post_burn_in,4,7,2.0,top,0.6385239173220063,11.668989639256178,5000
4,metaweb,post_burn_in,5,8,2.0,intermediate,0.09596957116920633,20.480449799017613,5000
4,metaweb,post_burn_in,6,9,2.0,top,0.017894768284647884,9.175209727372271,5000
4,metaweb,post_burn_in,7,10,2.0,top,0.05011952583483347,5.207596391539672,5000
4,metaweb,post_burn_in,8,11,2.0,top,0.6467064535784441,15.301932613658161,5000
4,metaweb,post_burn_in,9,12,2.0,intermediate,0.04819857376751972,29.287661817716973,5000
4,metaweb,post_burn_in,10,14,2.5876923076923086,intermediate,1.0230528453926403e-11,50.44886819951755,5000
4,metaweb,post_burn_in,11,15,2.0,intermediate,0.0988329195873706,14.71402378812587,5000
4,metaweb,post_burn_in,12,16,2.0,top,0.09865890937919965,59.04629248388179,5000
4,metaweb,post_burn_in,13,17,2.0,intermediate,0.06496136774958353,58.63016387733876,5000
4,metaweb,post_burn_in,14,18,2.0,intermediate,0.09651702310403214,45.53862821140166,5000
4,metaweb,post_burn_in,15,27,2.0,top,0.39515038442703443,70.71660506252933,5000
4,metaweb,post_burn_in,16,28,2.0,top,0.069410246729191,99.44382267471764,5000
4,metaweb,post_burn_in,17,29,2.0,intermediate,0.059945790329850736,51.395640068284465,5000
4,metaweb,post_burn_in,18,30,2.0,intermediate,0.04437452074002484,64.1626716139747,5000
4,metaweb,post_burn_in,19,31,2.0,intermediate,0.08779612233260359,14.26805957648681,5000
4,metaweb,post_burn_in,20,32,2.0,intermediate,0.07619855534266623,45.401377604518935,5000
4,metaweb,post_burn_in,21,33,2.0,top,0.15829882541417273,58.086361029476,5000
4,metaweb,post_burn_in,22,34,2.0,intermediate,0.056581961896855576,85.44836449448862,5000
4,metaweb,post_burn_in,23,37,1.0,basal,0.21361727108472883,0.6,5000
4,metaweb,post_burn_in,24,38,1.0,basal,0.21361727108472883,1.9,5000
4,metaweb,post_burn_in,25,39,1.0,basal,0.21361727108472883,6.0,5000
4,metaweb,post_burn_in,26,40,1.0,basal,0.21361727108472883,19.0,5000
4,metaweb,post_burn_in,27,41,1.0,basal,0.21361727108472883,60.0,5000
4,metaweb,post_burn_in,28,42,1.0,basal,0.21361727108472883,190.0,5000
4,metaweb,post_burn_in,29,43,1.0,basal,0.21361727108472878,600.0,5000
4,metaweb,post_burn_in,30,44,1.0,basal,0.21361727108472883,1900.0,5000
4,metaweb,post_burn_in,31,45,2.0,top,0.0257494280629158,0.6,5000
4,metaweb,post_burn_in,32,46,2.0,top,0.08283039713981283,1.9,5000
4,metaweb,post_burn_in,33,47,2.0,top,0.08121890584879522,6.0,5000
4,metaweb,post_burn_in,34,48,2.0,top,0.08501366006821089,19.0,5000
4,metaweb,post_burn_in,35,49,2.0,top,0.08842494593666993,60.0,5000
4,metaweb,post_burn_in,36,50,2.0,top,0.0741729908463674,190.0,5000
4,metaweb,post_burn_in,37,51,2.0,top,0.017073544139837124,600.0,5000
4,metaweb,post_burn_in,38,52,2.0,top,0.002715001829605967,1900.0,5000
4,niche,post_burn_in,1,1,2.888899258166988,top,2.1245751401394948,138.7561123764831,5000
4,niche,post_burn_in,2,5,4.325801432326241,top,0.3446630690223659,55.74766617090946,5000
4,niche,post_burn_in,3,6,4.262888785571991,top,5.934019440090485e-9,73.42797291323403,5000
4,niche,post_burn_in,4,8,2.266666666666666,top,1.4032709812492454,20.480449799017613,5000
4,niche,post_burn_in,5,10,3.5486321548821547,top,0.3085452955612687,5.207596391539672,5000
4,niche,post_burn_in,6,12,4.193235202955677,top,3.333961134938111e-11,29.287661817716973,5000
4,niche,post_burn_in,7,15,1.0,basal,0.489122564505368,14.71402378812587,5000
4,niche,post_burn_in,8,16,3.666697774500966,intermediate,1.5310336448357847e-10,59.04629248388179,5000
4,niche,post_burn_in,9,17,1.0,basal,0.4891225645033059,58.63016387733876,5000
4,niche,post_burn_in,10,23,3.890527550775617,intermediate,1.4990654676282587e-10,59.07420661034098,5000
4,niche,post_burn_in,11,24,3.0750000000000006,intermediate,0.06815197210645013,77.71381785308509,5000
4,niche,post_burn_in,12,25,2.266666666666666,intermediate,0.005586412983227823,17.50989836526989,5000
4,niche,post_burn_in,13,26,3.0750000000000006,intermediate,0.06815197496808684,5.8410766344240175,5000
4,niche,post_burn_in,14,27,2.6374999999999993,intermediate,0.3228941523477176,70.71660506252933,5000
4,niche,post_burn_in,15,29,2.2285714285714286,intermediate,0.6305865408327378,51.395640068284465,5000
4,niche,post_burn_in,16,30,3.91547619047619,intermediate,0.08793627654833697,64.1626716139747,5000
4,niche,post_burn_in,17,33,2.3714285714285714,intermediate,0.08755898856515411,58.086361029476,5000
4,niche,post_burn_in,18,34,2.5,intermediate,0.34592220862728845,85.44836449448862,5000
4,niche,post_burn_in,19,36,3.0750000000000006,intermediate,0.07451414097227066,13.334648845678299,5000
4,niche,post_burn_in,20,37,2.266666666666666,intermediate,0.002988608580641265,0.6,5000
4,niche,post_burn_in,21,38,3.0750000000000006,intermediate,0.03669245889073707,1.9,5000
4,niche,post_burn_in,22,39,2.6916666666666664,intermediate,0.04727382651497,6.0,5000
4,niche,post_burn_in,23,40,2.2,intermediate,0.1375866854088698,19.0,5000
4,niche,post_burn_in,24,41,2.8750000000000004,intermediate,0.0965193137963937,60.0,5000
4,niche,post_burn_in,25,42,2.5,intermediate,0.05513688217271086,190.0,5000
4,niche,post_burn_in,26,43,1.9999999999999998,intermediate,0.2852918665067793,600.0,5000
4,niche,post_burn_in,27,44,2.0,intermediate,0.044750701360979,1900.0,5000
4,niche,post_burn_in,28,45,1.0,basal,0.5199568094851644,0.6,5000
4,niche,post_burn_in,29,46,1.5999999999999999,intermediate,0.027051529239975093,1.9,5000
4,niche,post_burn_in,30,47,1.0,basal,0.3055036674633082,6.0,5000
4,niche,post_burn_in,31,48,1.0,basal,0.3055036674633078,19.0,5000
4,niche,post_burn_in,32,49,2.0,intermediate,0.020619892289386068,60.0,5000
4,niche,post_burn_in,33,50,1.0,basal,0.27742282173895894,190.0,5000
4,niche,post_burn_in,34,51,1.0,basal,0.32182651809225965,600.0,5000
4,niche,post_burn_in,35,52,1.0,basal,0.5484958177427576,1900.0,5000
4,down_rand,post_burn_in,1,4,1.9999999999999998,top,0.10823240951564898,0.5347981938475266,5000
4,down_rand,post_burn_in,2,10,1.9999999999999996,top,0.23808658184321174,5.207596391539672,5000
4,down_rand,post_burn_in,3,36,2.999999999999999,top,0.01688983728946936,13.334648845678299,5000
4,down_rand,post_burn_in,4,37,1.0,basal,0.2156525218213189,0.6,5000
4,down_rand,post_burn_in,5,38,1.0,basal,0.13234407836488654,1.9,5000
4,down_rand,post_burn_in,6,39,1.0,basal,0.13390894505622236,6.0,5000
4,down_rand,post_burn_in,7,40,1.0,basal,0.19068888054943497,19.0,5000
4,down_rand,post_burn_in,8,41,1.0,basal,0.060454074726045,60.0,5000
4,down_rand,post_burn_in,9,42,1.0,basal,0.05108791135959141,190.0,5000
4,down_rand,post_burn_in,10,43,1.0,basal,0.2579499292504903,600.0,5000
4,down_rand,post_burn_in,11,44,1.0,basal,0.026407908822842514,1900.0,5000
4,down_rand,post_burn_in,12,45,2.0,intermediate,0.3891200181918402,0.6,5000
4,down_link,post_burn_in,1,4,1.9999999999999998,top,0.16795644079344707,0.5347981938475266,5000
4,down_link,post_burn_in,2,37,1.0,basal,0.16869210404121524,0.6,5000
4,down_link,post_burn_in,3,38,1.0,basal,0.19464367124281162,1.9,5000
4,down_link,post_burn_in,4,39,1.0,basal,0.10242449717224589,6.0,5000
4,down_link,post_burn_in,5,40,1.0,basal,0.1461305581717419,19.0,5000
4,down_link,post_burn_in,6,41,1.0,basal,0.06030062160961153,60.0,5000
4,down_link,post_burn_in,7,42,1.0,basal,0.04589631676610381,190.0,5000
4,down_link,post_burn_in,8,43,1.0,basal,0.2182605696033475,600.0,5000
4,down_link,post_burn_in,9,44,1.0,basal,0.04120755207302973,1900.0,5000
4,down_link,post_burn_in,10,45,2.0,top,0.2976831882467683,0.6,5000
4,down_link,post_burn_in,11,46,2.0,top,0.18662394438773525,1.9,5000
4,down_niche,post_burn_in,1,2,3.3322175051643663,intermediate,9.307382636167696e-12,57.20393831752524,5000
4,down_niche,post_burn_in,2,3,2.0,intermediate,0.05619974446151143,95.97235180972041,5000
4,down_niche,post_burn_in,3,4,2.0,top,0.3549733206769204,0.5347981938475266,5000
4,down_niche,post_burn_in,4,6,2.0,intermediate,0.08927159465285624,73.42797291323403,5000
4,down_niche,post_burn_in,5,7,2.0,top,0.5771594229140031,11.668989639256178,5000
4,down_niche,post_burn_in,6,8,2.0,intermediate,0.07290740095029132,20.480449799017613,5000
4,down_niche,post_burn_in,7,9,2.0,top,0.01405579538348484,9.175209727372271,5000
4,down_niche,post_burn_in,8,10,2.0,top,0.12213255254822082,5.207596391539672,5000
4,down_niche,post_burn_in,9,11,2.0,top,0.5845555873733048,15.301932613658161,5000
4,down_niche,post_burn_in,10,12,2.0,top,0.040324579278731655,29.287661817716973,5000
4,down_niche,post_burn_in,11,15,2.0,intermediate,0.07472700092505857,14.71402378812587,5000
4,down_niche,post_burn_in,12,16,2.0,top,0.08917742571247385,59.04629248388179,5000
4,down_niche,post_burn_in,13,17,1.9999999999999996,intermediate,0.019072615286100433,58.63016387733876,5000
4,down_niche,post_burn_in,14,18,2.0,top,0.06679025535832063,45.53862821140166,5000
4,down_niche,post_burn_in,15,19,3.704487970048629,top,1.5592879802612737e-10,226.83671065006354,5000
4,down_niche,post_burn_in,16,22,3.2889221658344034,intermediate,8.016809886910757e-12,57.696425088591496,5000
4,down_niche,post_burn_in,17,27,2.0,top,0.35717498069080234,70.71660506252933,5000
4,down_niche,post_burn_in,18,28,2.0,top,0.06273966700346419,99.44382267471764,5000
4,down_niche,post_burn_in,19,29,2.0,intermediate,0.06361955622178951,51.395640068284465,5000
4,down_niche,post_burn_in,20,30,2.0,intermediate,0.03916042042707006,64.1626716139747,5000
4,down_niche,post_burn_in,21,31,2.0,intermediate,0.0598080647902133,14.26805957648681,5000
4,down_niche,post_burn_in,22,32,2.0,intermediate,0.06397875707465633,45.401377604518935,5000
4,down_niche,post_burn_in,23,33,2.0,top,0.1430857266979041,58.086361029476,5000
4,down_niche,post_burn_in,24,34,2.0,intermediate,0.07803938516051559,85.44836449448862,5000
4,down_niche,post_burn_in,25,37,1.0,basal,0.21348349637016362,0.6,5000
4,down_niche,post_burn_in,26,38,1.0,basal,0.2134834963900384,1.9,5000
4,down_niche,post_burn_in,27,39,1.0,basal,0.21348349639004166,6.0,5000
4,down_niche,post_burn_in,28,40,1.0,basal,0.21348349637016337,19.0,5000
4,down_niche,post_burn_in,29,41,1.0,basal,0.21455732480460393,60.0,5000
4,down_niche,post_burn_in,30,42,1.0,basal,0.21348349637016348,190.0,5000
4,down_niche,post_burn_in,31,43,1.0,basal,0.21348349639004527,600.0,5000
4,down_niche,post_burn_in,32,44,1.0,basal,0.21348349637016345,1900.0,5000
4,down_niche,post_burn_in,33,45,2.0,top,0.022935532885212804,0.6,5000
4,down_niche,post_burn_in,34,46,2.0,top,0.07146926229919127,1.9,5000
4,down_niche,post_burn_in,35,47,2.0,top,0.07014078868827724,6.0,5000
4,down_niche,post_burn_in,36,48,2.0,top,0.07326534988853643,19.0,5000
4,down_niche,post_burn_in,37,49,2.0,top,0.07606310384152676,60.0,5000
4,down_niche,post_burn_in,38,50,2.0,top,0.06430460477287304,190.0,5000
4,down_niche,post_burn_in,39,51,2.0,top,0.015282810622979903,600.0,5000
4,down_niche,post_burn_in,40,52,2.0,top,0.0024502583724261132,1900.0,5000
4,atn,post_burn_in,1,1,2.416666666666666,intermediate,1.1140680995828747e-11,138.7561123764831,5000
4,atn,post_burn_in,2,2,2.0000000000000004,intermediate,0.16292981858205868,57.20393831752524,5000
4,atn,post_burn_in,3,3,2.3000000000000007,intermediate,0.04591390354989799,95.97235180972041,5000
4,atn,post_burn_in,4,4,1.0,basal,0.3036871690702753,0.5347981938475266,5000
4,atn,post_burn_in,5,5,2.0000000000000004,intermediate,0.1807887718003032,55.74766617090946,5000
4,atn,post_burn_in,6,6,2.2222222222222223,intermediate,0.2764159701611003,73.42797291323403,5000
4,atn,post_burn_in,7,7,1.9999999999999998,intermediate,0.11450489964775687,11.668989639256178,5000
4,atn,post_burn_in,8,8,1.9999999999999998,intermediate,0.14920968289542713,20.480449799017613,5000
4,atn,post_burn_in,9,9,1.9999999999999998,intermediate,0.1763449342576835,9.175209727372271,5000
4,atn,post_burn_in,10,10,1.0,basal,0.41491989493574233,5.207596391539672,5000
4,atn,post_burn_in,11,11,1.9999999999999998,intermediate,0.04970427386526119,15.301932613658161,5000
4,atn,post_burn_in,12,12,1.9999999999999998,intermediate,0.3917170718549872,29.287661817716973,5000
4,atn,post_burn_in,13,13,1.9999999999999998,intermediate,0.044626056587926725,15.684479930520851,5000
4,atn,post_burn_in,14,14,1.9999999999999998,intermediate,8.031579826831756e-6,50.44886819951755,5000
4,atn,post_burn_in,15,15,1.9999999999999998,intermediate,0.05802685575484752,14.71402378812587,5000
4,atn,post_burn_in,16,16,2.142857142857143,intermediate,0.0356015238432316,59.04629248388179,5000
4,atn,post_burn_in,17,17,2.142857142857143,intermediate,0.03980973814391791,58.63016387733876,5000
4,atn,post_burn_in,18,18,1.9999999999999998,intermediate,0.030409424541620565,45.53862821140166,5000
4,atn,post_burn_in,19,19,2.705882352941176,top,1.2316401241867414,226.83671065006354,5000
4,atn,post_burn_in,20,20,2.705882352941176,top,2.9784058273520134e-9,281.95113578228853,5000
4,atn,post_burn_in,21,21,2.705882352941176,top,4.6638785949309675e-9,288.19764391469465,5000
4,atn,post_burn_in,22,22,2.0,intermediate,0.15709574021526318,57.696425088591496,5000
4,atn,post_burn_in,23,23,2.142857142857143,intermediate,0.035324029835408964,59.07420661034098,5000
4,atn,post_burn_in,24,24,2.2222222222222223,intermediate,0.2078399591637589,77.71381785308509,5000
4,atn,post_burn_in,25,25,1.9999999999999998,intermediate,0.023485416925593604,17.50989836526989,5000
4,atn,post_burn_in,26,26,2.0,intermediate,0.0671935316458011,5.8410766344240175,5000
4,atn,post_burn_in,27,27,2.2222222222222223,intermediate,0.32414611754417283,70.71660506252933,5000
4,atn,post_burn_in,28,28,2.3000000000000003,intermediate,0.010441133658392372,99.44382267471764,5000
4,atn,post_burn_in,29,29,1.9999999999999998,intermediate,7.464940325647215e-7,51.395640068284465,5000
4,atn,post_burn_in,30,30,2.2222222222222223,intermediate,0.45627700821317674,64.1626716139747,5000
4,atn,post_burn_in,31,31,1.9999999999999998,intermediate,0.06479910218930732,14.26805957648681,5000
4,atn,post_burn_in,32,32,1.9999999999999998,intermediate,0.03235049359982923,45.401377604518935,5000
4,atn,post_burn_in,33,33,2.0,intermediate,0.15254724894472518,58.086361029476,5000
4,atn,post_burn_in,34,34,2.2222222222222223,intermediate,0.10179883127126857,85.44836449448862,5000
4,atn,post_burn_in,35,35,2.2222222222222223,intermediate,0.2907696210699013,72.590774713833,5000
4,atn,post_burn_in,36,36,1.9999999999999998,intermediate,0.08043812044964935,13.334648845678299,5000
4,atn,post_burn_in,37,37,1.0,basal,0.3350898955015696,0.6,5000
4,atn,post_burn_in,38,38,1.0,basal,0.3793578014527596,1.9,5000
4,atn,post_burn_in,39,39,1.0,basal,0.48937711394156214,6.0,5000
4,atn,post_burn_in,40,40,1.0,basal,0.7391261628277773,19.0,5000
4,atn,post_burn_in,41,41,1.0,basal,0.9214567692460395,60.0,5000
4,atn,post_burn_in,42,42,1.0,basal,0.9467357288620765,190.0,5000
4,atn,post_burn_in,43,45,1.0,basal,0.33508989550156976,0.6,5000
4,atn,post_burn_in,44,46,1.0,basal,0.37935780145275927,1.9,5000
4,atn,post_burn_in,45,47,2.0,intermediate,0.09264205633898288,6.0,5000
4,atn,post_burn_in,46,48,2.0,intermediate,0.1692124524608256,19.0,5000
4,atn,post_burn_in,47,49,2.2222222222222223,intermediate,0.27469497069387205,60.0,5000
4,atn,post_burn_in,48,50,2.578947368421052,intermediate,1.635946304139548e-10,190.0,5000
4,atn,post_burn_in,49,51,2.8274449564772133,top,0.3934883857700024,600.0,5000
4,atn,post_burn_in,50,52,2.9644935254803673,top,0.8725901251876825,1900.0,5000
5,down_power,creation,1,1,3.850314737903887,intermediate,0.3574050895722125,223.75024530971805,5000
5,down_power,creation,2,2,3.5453156259306944,intermediate,0.5867678339260537,95.24722051059615,5000
5,down_power,creation,3,3,2.0,intermediate,0.25656875904980614,58.04834260130878,5000
5,down_power,creation,4,4,1.9999999999999996,intermediate,0.13041216457222937,7.71641072178282,5000
5,down_power,creation,5,5,3.6172966434471077,intermediate,0.6816940427012281,57.16928409009239,5000
5,down_power,creation,6,6,2.0000000000000004,intermediate,0.1286485423968735,50.226041917184304,5000
5,down_power,creation,7,7,1.9999999999999996,top,0.7030797388564537,19.874264870484883,5000
5,down_power,creation,8,8,2.0000000000000004,intermediate,0.6209795563229187,40.74379039668457,5000
5,down_power,creation,9,9,2.0000000000000004,top,0.5320548527622224,7.5033648956736005,5000
5,down_power,creation,10,10,2.0,intermediate,0.25380714786642034,6.980644668287128,5000
5,down_power,creation,11,11,1.9999999999999998,top,0.7998854546463213,43.14461207410104,5000
5,down_power,creation,12,12,1.9999999999999996,intermediate,0.23879410055018602,21.76438474490546,5000
5,down_power,creation,13,13,3.0000000000000004,intermediate,0.3003368808343315,23.161420457197156,5000
5,down_power,creation,14,14,2.8451086956521743,intermediate,0.4109386000177526,76.86818198822381,5000
5,down_power,creation,15,15,1.9999999999999996,intermediate,0.19508234249050393,11.094797913190277,5000
5,down_power,creation,16,16,1.9999999999999998,top,0.6788629656399355,90.88772708795791,5000
5,down_power,creation,17,17,2.0000000000000004,intermediate,0.2532088811736046,57.86905582633287,5000
5,down_power,creation,18,18,1.9999999999999998,intermediate,0.5366844181056504,16.844152678652982,5000
5,down_power,creation,19,19,4.034334860425003,intermediate,0.4764977523585736,257.6445478696656,5000
5,down_power,creation,20,20,4.071851585063843,intermediate,0.9160865480826537,100.68432478093234,5000
5,down_power,creation,21,21,4.101461931443098,intermediate,0.8645326303120462,216.2697941792358,5000
5,down_power,creation,22,22,3.5116013678446754,intermediate,0.7374746951111654,70.5284348133141,5000
5,down_power,creation,23,23,3.6087123518263686,intermediate,0.9748511332235541,94.56622611102246,5000
5,down_power,creation,24,24,3.397694827688215,intermediate,0.6692804266738058,77.01389763829783,5000
5,down_power,creation,25,25,3.4375000000000004,intermediate,0.2514484992639917,44.39647780061384,5000
5,down_power,creation,26,26,3.499999999999999,intermediate,0.3028266404255241,6.610016363873126,5000
5,down_power,creation,27,27,2.0,top,0.606943424184194,73.7744341307404,5000
5,down_power,creation,28,28,2.0,top,0.7599830847295098,83.27285734092747,5000
5,down_power,creation,29,29,2.0,intermediate,0.9994097885873957,99.7589024198273,5000
5,down_power,creation,30,30,2.0,intermediate,0.8828651405367982,60.35546842969995,5000
5,down_power,creation,31,31,1.9999999999999996,intermediate,0.10175311780187335,13.390155635068503,5000
5,down_power,creation,32,32,2.0000000000000004,intermediate,0.13058472962075685,24.236739368440283,5000
5,down_power,creation,33,33,1.9999999999999996,top,0.8482782314122604,91.8272590787125,5000
5,down_power,creation,34,34,2.0000000000000004,intermediate,0.34169526046672183,59.13320124678455,5000
5,down_power,creation,35,35,2.9999999999999996,intermediate,0.9729119493188298,86.66761697673306,5000
5,down_power,creation,36,36,3.0000000000000004,intermediate,0.5814041821368026,24.13676933539126,5000
5,down_power,creation,37,37,1.0,basal,0.023212015697096522,0.6,5000
5,down_power,creation,38,38,1.0,basal,0.7770044648690057,1.9,5000
5,down_power,creation,39,39,1.0,basal,0.8649806795304137,6.0,5000
5,down_power,creation,40,40,1.0,basal,0.5872293340555882,19.0,5000
5,down_power,creation,41,41,1.0,basal,0.5649631353176916,60.0,5000
5,down_power,creation,42,42,1.0,basal,0.5470649471162772,190.0,5000
5,down_power,creation,43,43,1.0,basal,0.1398920659751458,600.0,5000
5,down_power,creation,44,44,1.0,basal,0.07667019974474065,1900.0,5000
5,down_power,creation,45,45,1.9999999999999998,intermediate,0.11887152463081985,0.6,5000
5,down_power,creation,46,46,2.0,intermediate,0.6107027656090499,1.9,5000
5,down_power,creation,47,47,1.9999999999999998,intermediate,0.17615225982361804,6.0,5000
5,down_power,creation,48,48,2.0000000000000004,intermediate,0.4530653471735644,19.0,5000
5,down_power,creation,49,49,1.9999999999999998,intermediate,0.48032319056312167,60.0,5000
5,down_power,creation,50,50,1.9999999999999996,intermediate,0.9300270458568946,190.0,5000
5,down_power,creation,51,51,1.9999999999999998,intermediate,0.8259759959785646,600.0,5000
5,down_power,creation,52,52,2.0000000000000004,intermediate,0.982739058840193,1900.0,5000
5,metaweb,creation,1,1,4.0613354240613635,intermediate,0.3574050895722125,223.75024530971805,5000
5,metaweb,creation,2,2,3.5954723098103645,intermediate,0.5867678339260537,95.24722051059615,5000
5,metaweb,creation,3,3,2.0,intermediate,0.25656875904980614,58.04834260130878,5000
5,metaweb,creation,4,4,2.0,intermediate,0.13041216457222937,7.71641072178282,5000
5,metaweb,creation,5,5,3.5954723098103667,intermediate,0.6816940427012281,57.16928409009239,5000
5,metaweb,creation,6,6,2.0,intermediate,0.1286485423968735,50.226041917184304,5000
5,metaweb,creation,7,7,2.0,top,0.7030797388564537,19.874264870484883,5000
5,metaweb,creation,8,8,2.0,intermediate,0.6209795563229187,40.74379039668457,5000
5,metaweb,creation,9,9,2.0,intermediate,0.5320548527622224,7.5033648956736005,5000
5,metaweb,creation,10,10,2.0,intermediate,0.25380714786642034,6.980644668287128,5000
5,metaweb,creation,11,11,2.0,top,0.7998854546463213,43.14461207410104,5000
5,metaweb,creation,12,12,2.0,intermediate,0.23879410055018602,21.76438474490546,5000
5,metaweb,creation,13,13,3.0,intermediate,0.3003368808343315,23.161420457197156,5000
5,metaweb,creation,14,14,2.8392621870882753,intermediate,0.4109386000177526,76.86818198822381,5000
5,metaweb,creation,15,15,2.0,intermediate,0.19508234249050393,11.094797913190277,5000
5,metaweb,creation,16,16,2.0,top,0.6788629656399355,90.88772708795791,5000
5,metaweb,creation,17,17,2.0,intermediate,0.2532088811736046,57.86905582633287,5000
5,metaweb,creation,18,18,2.0,intermediate,0.5366844181056504,16.844152678652982,5000
5,metaweb,creation,19,19,4.0613354240613635,intermediate,0.4764977523585736,257.6445478696656,5000
5,metaweb,creation,20,20,4.061335424061364,intermediate,0.9160865480826537,100.68432478093234,5000
5,metaweb,creation,21,21,4.061335424061364,intermediate,0.8645326303120462,216.2697941792358,5000
5,metaweb,creation,22,22,3.5954723098103636,intermediate,0.7374746951111654,70.5284348133141,5000
5,metaweb,creation,23,23,3.5954723098103654,intermediate,0.9748511332235541,94.56622611102246,5000
5,metaweb,creation,24,24,3.5762090864680016,intermediate,0.6692804266738058,77.01389763829783,5000
5,metaweb,creation,25,25,3.303030303030302,intermediate,0.2514484992639917,44.39647780061384,5000
5,metaweb,creation,26,26,3.3333333333333335,intermediate,0.3028266404255241,6.610016363873126,5000
5,metaweb,creation,27,27,2.0,top,0.606943424184194,73.7744341307404,5000
5,metaweb,creation,28,28,2.0,top,0.7599830847295098,83.27285734092747,5000
5,metaweb,creation,29,29,2.0,intermediate,0.9994097885873957,99.7589024198273,5000
5,metaweb,creation,30,30,2.0,intermediate,0.8828651405367982,60.35546842969995,5000
5,metaweb,creation,31,31,2.0,intermediate,0.10175311780187335,13.390155635068503,5000
5,metaweb,creation,32,32,2.0,intermediate,0.13058472962075685,24.236739368440283,5000
5,metaweb,creation,33,33,2.0,top,0.8482782314122604,91.8272590787125,5000
5,metaweb,creation,34,34,2.0,intermediate,0.34169526046672183,59.13320124678455,5000
5,metaweb,creation,35,35,3.0,intermediate,0.9729119493188298,86.66761697673306,5000
5,metaweb,creation,36,36,3.0,intermediate,0.5814041821368026,24.13676933539126,5000
5,metaweb,creation,37,37,1.0,basal,0.023212015697096522,0.6,5000
5,metaweb,creation,38,38,1.0,basal,0.7770044648690057,1.9,5000
5,metaweb,creation,39,39,1.0,basal,0.8649806795304137,6.0,5000
5,metaweb,creation,40,40,1.0,basal,0.5872293340555882,19.0,5000
5,metaweb,creation,41,41,1.0,basal,0.5649631353176916,60.0,5000
5,metaweb,creation,42,42,1.0,basal,0.5470649471162772,190.0,5000
5,metaweb,creation,43,43,1.0,basal,0.1398920659751458,600.0,5000
5,metaweb,creation,44,44,1.0,basal,0.07667019974474065,1900.0,5000
5,metaweb,creation,45,45,2.0,intermediate,0.11887152463081985,0.6,5000
5,metaweb,creation,46,46,2.0,intermediate,0.6107027656090499,1.9,5000
5,metaweb,creation,47,47,2.0,intermediate,0.17615225982361804,6.0,5000
5,metaweb,creation,48,48,2.0,intermediate,0.4530653471735644,19.0,5000
5,metaweb,creation,49,49,2.0,intermediate,0.48032319056312167,60.0,5000
5,metaweb,creation,50,50,2.0,intermediate,0.9300270458568946,190.0,5000
5,metaweb,creation,51,51,2.0,intermediate,0.8259759959785646,600.0,5000
5,metaweb,creation,52,52,2.0,intermediate,0.982739058840193,1900.0,5000
5,niche,creation,1,1,2.9622554643386114,top,0.3574050895722125,223.75024530971805,5000
5,niche,creation,2,2,2.8042053196987418,top,0.5867678339260537,95.24722051059615,5000
5,niche,creation,3,3,-2.8174651129552353,top,0.25656875904980614,58.04834260130878,5000
5,niche,creation,4,4,2.1839867566211577,top,0.13041216457222937,7.71641072178282,5000
5,niche,creation,5,5,2.5409225157366317,intermediate,0.6816940427012281,57.16928409009239,5000
5,niche,creation,6,6,1.0000000000000058,basal,0.1286485423968735,50.226041917184304,5000
5,niche,creation,7,7,1.252429792930293,intermediate,0.7030797388564537,19.874264870484883,5000
5,niche,creation,8,8,2.182635580215534,intermediate,0.6209795563229187,40.74379039668457,5000
5,niche,creation,9,9,2.9622554643386,intermediate,0.5320548527622224,7.5033648956736005,5000
5,niche,creation,10,10,1.7557862971359504,intermediate,0.25380714786642034,6.980644668287128,5000
5,niche,creation,11,11,1.0162840309390953,intermediate,0.7998854546463213,43.14461207410104,5000
5,niche,creation,12,12,1.5625743398103609,intermediate,0.23879410055018602,21.76438474490546,5000
5,niche,creation,13,13,2.2213430162809478,intermediate,0.3003368808343315,23.161420457197156,5000
5,niche,creation,14,14,0.9275905408342858,intermediate,0.4109386000177526,76.86818198822381,5000
5,niche,creation,15,15,2.510364750761437,intermediate,0.19508234249050393,11.094797913190277,5000
5,niche,creation,16,16,2.521465158731354,intermediate,0.6788629656399355,90.88772708795791,5000
5,niche,creation,17,17,1.9426481934242164,intermediate,0.2532088811736046,57.86905582633287,5000
5,niche,creation,18,18,0.8625747946435984,intermediate,0.5366844181056504,16.844152678652982,5000
5,niche,creation,19,19,-0.32222557906865007,intermediate,0.4764977523585736,257.6445478696656,5000
5,niche,creation,20,20,-0.690239250527362,intermediate,0.9160865480826537,100.68432478093234,5000
5,niche,creation,21,21,2.231265215746593,intermediate,0.8645326303120462,216.2697941792358,5000
5,niche,creation,22,22,1.8544664638142758,intermediate,0.7374746951111654,70.5284348133141,5000
5,niche,creation,23,23,1.582977908841794,intermediate,0.9748511332235541,94.56622611102246,5000
5,niche,creation,24,24,1.784397181580811,intermediate,0.6692804266738058,77.01389763829783,5000
5,niche,creation,25,25,1.9426481934242075,intermediate,0.2514484992639917,44.39647780061384,5000
5,niche,creation,26,26,0.09721802616418479,intermediate,0.3028266404255241,6.610016363873126,5000
5,niche,creation,27,27,1.7232602343271728,intermediate,0.606943424184194,73.7744341307404,5000
5,niche,creation,28,28,1.942648193424212,intermediate,0.7599830847295098,83.27285734092747,5000
5,niche,creation,29,29,1.2883565913631805,intermediate,0.9994097885873957,99.7589024198273,5000
5,niche,creation,30,30,1.5829779088417908,intermediate,0.8828651405367982,60.35546842969995,5000
5,niche,creation,31,31,-0.04338991993234357,intermediate,0.10175311780187335,13.390155635068503,5000
5,niche,creation,32,32,-0.21164340863681108,intermediate,0.13058472962075685,24.236739368440283,5000
5,niche,creation,33,33,1.000000000000003,basal,0.8482782314122604,91.8272590787125,5000
5,niche,creation,34,34,0.2883565913631826,intermediate,0.34169526046672183,59.13320124678455,5000
5,niche,creation,35,35,0.17618759889353897,intermediate,0.9729119493188298,86.66761697673306,5000
5,niche,creation,36,36,0.41974935659038376,intermediate,0.5814041821368026,24.13676933539126,5000
5,niche,creation,37,37,1.0000000000000033,basal,0.023212015697096522,0.6,5000
5,niche,creation,38,38,-1.6539720903641824,intermediate,0.7770044648690057,1.9,5000
5,niche,creation,39,39,1.0000000000000122,basal,0.8649806795304137,6.0,5000
5,niche,creation,40,40,-1.8174651129552417,intermediate,0.5872293340555882,19.0,5000
5,niche,creation,41,41,-2.8174651129552233,intermediate,0.5649631353176916,60.0,5000
5,niche,creation,42,42,0.7354457392039846,intermediate,0.5470649471162772,190.0,5000
5,niche,creation,43,43,-2.3174651129552344,intermediate,0.1398920659751458,600.0,5000
5,niche,creation,44,44,0.7883565913631938,intermediate,0.07667019974474065,1900.0,5000
5,niche,creation,45,45,-0.2116434086368178,intermediate,0.11887152463081985,0.6,5000
5,niche,creation,46,46,1.0000000000000056,basal,0.6107027656090499,1.9,5000
5,niche,creation,47,47,-2.8174651129552326,intermediate,0.17615225982361804,6.0,5000
5,niche,creation,48,48,-2.8174651129552344,intermediate,0.4530653471735644,19.0,5000
5,niche,creation,49,49,-4.317465112955228,intermediate,0.48032319056312167,60.0,5000
5,niche,creation,50,50,-4.317465112955225,intermediate,0.9300270458568946,190.0,5000
5,niche,creation,51,51,-5.317465112955228,intermediate,0.8259759959785646,600.0,5000
5,niche,creation,52,52,1.0000000000000002,basal,0.982739058840193,1900.0,5000
5,down_rand,creation,1,1,4.378097318465416,intermediate,0.3574050895722125,223.75024530971805,5000
5,down_rand,creation,2,2,3.728904636093563,intermediate,0.5867678339260537,95.24722051059615,5000
5,down_rand,creation,3,3,1.9999999999999996,intermediate,0.25656875904980614,58.04834260130878,5000
5,down_rand,creation,4,4,1.9999999999999996,intermediate,0.13041216457222937,7.71641072178282,5000
5,down_rand,creation,5,5,3.699099576406977,intermediate,0.6816940427012281,57.16928409009239,5000
5,down_rand,creation,6,6,2.0000000000000004,intermediate,0.1286485423968735,50.226041917184304,5000
5,down_rand,creation,7,7,1.9999999999999996,top,0.7030797388564537,19.874264870484883,5000
5,down_rand,creation,8,8,2.0000000000000004,intermediate,0.6209795563229187,40.74379039668457,5000
5,down_rand,creation,9,9,2.0,intermediate,0.5320548527622224,7.5033648956736005,5000
5,down_rand,creation,10,10,1.9999999999999996,intermediate,0.25380714786642034,6.980644668287128,5000
5,down_rand,creation,11,11,2.0000000000000004,top,0.7998854546463213,43.14461207410104,5000
5,down_rand,creation,12,12,1.9999999999999996,intermediate,0.23879410055018602,21.76438474490546,5000
5,down_rand,creation,13,13,3.0,intermediate,0.3003368808343315,23.161420457197156,5000
5,down_rand,creation,14,14,2.8576388888888875,intermediate,0.4109386000177526,76.86818198822381,5000
5,down_rand,creation,15,15,2.0,intermediate,0.19508234249050393,11.094797913190277,5000
5,down_rand,creation,16,16,2.0000000000000004,top,0.6788629656399355,90.88772708795791,5000
5,down_rand,creation,17,17,2.0000000000000004,intermediate,0.2532088811736046,57.86905582633287,5000
5,down_rand,creation,18,18,2.0000000000000004,intermediate,0.5366844181056504,16.844152678652982,5000
5,down_rand,creation,19,19,4.24422664082794,intermediate,0.4764977523585736,257.6445478696656,5000
5,down_rand,creation,20,20,4.096402779644644,intermediate,0.9160865480826537,100.68432478093234,5000
5,down_rand,creation,21,21,4.376524936457705,intermediate,0.8645326303120462,216.2697941792358,5000
5,down_rand,creation,22,22,3.797247409132705,intermediate,0.7374746951111654,70.5284348133141,5000
5,down_rand,creation,23,23,3.4131790308813206,intermediate,0.9748511332235541,94.56622611102246,5000
5,down_rand,creation,24,24,3.680027893608723,intermediate,0.6692804266738058,77.01389763829783,5000
5,down_rand,creation,25,25,3.4375000000000004,intermediate,0.2514484992639917,44.39647780061384,5000
5,down_rand,creation,26,26,3.5,intermediate,0.3028266404255241,6.610016363873126,5000
5,down_rand,creation,27,27,1.9999999999999996,top,0.606943424184194,73.7744341307404,5000
5,down_rand,creation,28,28,1.9999999999999996,top,0.7599830847295098,83.27285734092747,5000
5,down_rand,creation,29,29,2.0000000000000004,intermediate,0.9994097885873957,99.7589024198273,5000
5,down_rand,creation,30,30,1.9999999999999996,intermediate,0.8828651405367982,60.35546842969995,5000
5,down_rand,creation,31,31,2.0000000000000004,intermediate,0.10175311780187335,13.390155635068503,5000
5,down_rand,creation,32,32,2.0000000000000004,intermediate,0.13058472962075685,24.236739368440283,5000
5,down_rand,creation,33,33,1.9999999999999998,top,0.8482782314122604,91.8272590787125,5000
5,down_rand,creation,34,34,1.9999999999999996,intermediate,0.34169526046672183,59.13320124678455,5000
5,down_rand,creation,35,35,2.9999999999999996,intermediate,0.9729119493188298,86.66761697673306,5000
5,down_rand,creation,36,36,2.9999999999999996,intermediate,0.5814041821368026,24.13676933539126,5000
5,down_rand,creation,37,37,1.0,basal,0.023212015697096522,0.6,5000
5,down_rand,creation,38,38,1.0,basal,0.7770044648690057,1.9,5000
5,down_rand,creation,39,39,1.0,basal,0.8649806795304137,6.0,5000
5,down_rand,creation,40,40,1.0,basal,0.5872293340555882,19.0,5000
5,down_rand,creation,41,41,1.0,basal,0.5649631353176916,60.0,5000
5,down_rand,creation,42,42,1.0,basal,0.5470649471162772,190.0,5000
5,down_rand,creation,43,43,1.0,basal,0.1398920659751458,600.0,5000
5,down_rand,creation,44,44,1.0,basal,0.07667019974474065,1900.0,5000
5,down_rand,creation,45,45,2.0000000000000004,intermediate,0.11887152463081985,0.6,5000
5,down_rand,creation,46,46,1.9999999999999996,intermediate,0.6107027656090499,1.9,5000
5,down_rand,creation,47,47,1.9999999999999998,intermediate,0.17615225982361804,6.0,5000
5,down_rand,creation,48,48,1.9999999999999996,intermediate,0.4530653471735644,19.0,5000
5,down_rand,creation,49,49,2.0000000000000004,intermediate,0.48032319056312167,60.0,5000
5,down_rand,creation,50,50,2.0000000000000004,intermediate,0.9300270458568946,190.0,5000
5,down_rand,creation,51,51,2.0000000000000004,intermediate,0.8259759959785646,600.0,5000
5,down_rand,creation,52,52,1.9999999999999998,intermediate,0.982739058840193,1900.0,5000
5,down_link,creation,1,1,4.108308734067667,intermediate,0.3574050895722125,223.75024530971805,5000
5,down_link,creation,2,2,3.691862968302398,intermediate,0.5867678339260537,95.24722051059615,5000
5,down_link,creation,3,3,2.0000000000000004,intermediate,0.25656875904980614,58.04834260130878,5000
5,down_link,creation,4,4,1.9999999999999998,intermediate,0.13041216457222937,7.71641072178282,5000
5,down_link,creation,5,5,3.473959369851005,intermediate,0.6816940427012281,57.16928409009239,5000
5,down_link,creation,6,6,1.9999999999999998,intermediate,0.1286485423968735,50.226041917184304,5000
5,down_link,creation,7,7,1.9999999999999998,top,0.7030797388564537,19.874264870484883,5000
5,down_link,creation,8,8,2.0,intermediate,0.6209795563229187,40.74379039668457,5000
5,down_link,creation,9,9,1.9999999999999998,intermediate,0.5320548527622224,7.5033648956736005,5000
5,down_link,creation,10,10,2.0000000000000004,intermediate,0.25380714786642034,6.980644668287128,5000
5,down_link,creation,11,11,2.0000000000000004,top,0.7998854546463213,43.14461207410104,5000
5,down_link,creation,12,12,2.0000000000000004,intermediate,0.23879410055018602,21.76438474490546,5000
5,down_link,creation,13,13,3.0,intermediate,0.3003368808343315,23.161420457197156,5000
5,down_link,creation,14,14,2.9555555555555557,intermediate,0.4109386000177526,76.86818198822381,5000
5,down_link,creation,15,15,2.0000000000000004,intermediate,0.19508234249050393,11.094797913190277,5000
5,down_link,creation,16,16,1.9999999999999998,top,0.6788629656399355,90.88772708795791,5000
5,down_link,creation,17,17,2.0000000000000004,intermediate,0.2532088811736046,57.86905582633287,5000
5,down_link,creation,18,18,1.9999999999999996,intermediate,0.5366844181056504,16.844152678652982,5000
5,down_link,creation,19,19,4.187473643643929,intermediate,0.4764977523585736,257.6445478696656,5000
5,down_link,creation,20,20,4.022558651485116,intermediate,0.9160865480826537,100.68432478093234,5000
5,down_link,creation,21,21,4.18608988570845,intermediate,0.8645326303120462,216.2697941792358,5000
5,down_link,creation,22,22,3.5252617348356825,intermediate,0.7374746951111654,70.5284348133141,5000
5,down_link,creation,23,23,3.5581536159803266,intermediate,0.9748511332235541,94.56622611102246,5000
5,down_link,creation,24,24,3.607269819887279,intermediate,0.6692804266738058,77.01389763829783,5000
5,down_link,creation,25,25,3.333333333333333,intermediate,0.2514484992639917,44.39647780061384,5000
5,down_link,creation,26,26,3.3333333333333335,intermediate,0.3028266404255241,6.610016363873126,5000
5,down_link,creation,27,27,2.0000000000000004,top,0.606943424184194,73.7744341307404,5000
5,down_link,creation,28,28,2.0,top,0.7599830847295098,83.27285734092747,5000
5,down_link,creation,29,29,2.0000000000000004,intermediate,0.9994097885873957,99.7589024198273,5000
5,down_link,creation,30,30,1.9999999999999996,intermediate,0.8828651405367982,60.35546842969995,5000
5,down_link,creation,31,31,2.0,intermediate,0.10175311780187335,13.390155635068503,5000
5,down_link,creation,32,32,1.9999999999999996,intermediate,0.13058472962075685,24.236739368440283,5000
5,down_link,creation,33,33,2.0,top,0.8482782314122604,91.8272590787125,5000
5,down_link,creation,34,34,2.0000000000000004,intermediate,0.34169526046672183,59.13320124678455,5000
5,down_link,creation,35,35,3.0,intermediate,0.9729119493188298,86.66761697673306,5000
5,down_link,creation,36,36,3.0,intermediate,0.5814041821368026,24.13676933539126,5000
5,down_link,creation,37,37,1.0,basal,0.023212015697096522,0.6,5000
5,down_link,creation,38,38,1.0,basal,0.7770044648690057,1.9,5000
5,down_link,creation,39,39,1.0,basal,0.8649806795304137,6.0,5000
5,down_link,creation,40,40,1.0,basal,0.5872293340555882,19.0,5000
5,down_link,creation,41,41,1.0,basal,0.5649631353176916,60.0,5000
5,down_link,creation,42,42,1.0,basal,0.5470649471162772,190.0,5000
5,down_link,creation,43,43,1.0,basal,0.1398920659751458,600.0,5000
5,down_link,creation,44,44,1.0,basal,0.07667019974474065,1900.0,5000
5,down_link,creation,45,45,2.0000000000000004,intermediate,0.11887152463081985,0.6,5000
5,down_link,creation,46,46,1.9999999999999996,intermediate,0.6107027656090499,1.9,5000
5,down_link,creation,47,47,1.9999999999999996,intermediate,0.17615225982361804,6.0,5000
5,down_link,creation,48,48,2.0,intermediate,0.4530653471735644,19.0,5000
5,down_link,creation,49,49,2.0,intermediate,0.48032319056312167,60.0,5000
5,down_link,creation,50,50,1.9999999999999998,intermediate,0.9300270458568946,190.0,5000
5,down_link,creation,51,51,1.9999999999999996,intermediate,0.8259759959785646,600.0,5000
5,down_link,creation,52,52,1.9999999999999998,intermediate,0.982739058840193,1900.0,5000
5,down_niche,creation,1,1,4.036896528901944,intermediate,0.3574050895722125,223.75024530971805,5000
5,down_niche,creation,2,2,3.4282214156079847,intermediate,0.5867678339260537,95.24722051059615,5000
5,down_niche,creation,3,3,2.0,intermediate,0.25656875904980614,58.04834260130878,5000
5,down_niche,creation,4,4,2.0,intermediate,0.13041216457222937,7.71641072178282,5000
5,down_niche,creation,5,5,3.5679284417941406,intermediate,0.6816940427012281,57.16928409009239,5000
5,down_niche,creation,6,6,2.0,intermediate,0.1286485423968735,50.226041917184304,5000
5,down_niche,creation,7,7,2.0000000000000004,top,0.7030797388564537,19.874264870484883,5000
5,down_niche,creation,8,8,2.0000000000000004,intermediate,0.6209795563229187,40.74379039668457,5000
5,down_niche,creation,9,9,1.9999999999999996,intermediate,0.5320548527622224,7.5033648956736005,5000
5,down_niche,creation,10,10,2.0000000000000004,intermediate,0.25380714786642034,6.980644668287128,5000
5,down_niche,creation,11,11,1.9999999999999996,top,0.7998854546463213,43.14461207410104,5000
5,down_niche,creation,12,12,2.0,intermediate,0.23879410055018602,21.76438474490546,5000
5,down_niche,creation,13,13,3.0,intermediate,0.3003368808343315,23.161420457197156,5000
5,down_niche,creation,14,14,2.714285714285713,intermediate,0.4109386000177526,76.86818198822381,5000
5,down_niche,creation,15,15,1.9999999999999996,intermediate,0.19508234249050393,11.094797913190277,5000
5,down_niche,creation,16,16,2.0,top,0.6788629656399355,90.88772708795791,5000
5,down_niche,creation,17,17,2.0,intermediate,0.2532088811736046,57.86905582633287,5000
5,down_niche,creation,18,18,1.9999999999999996,intermediate,0.5366844181056504,16.844152678652982,5000
5,down_niche,creation,19,19,4.260701133332421,intermediate,0.4764977523585736,257.6445478696656,5000
5,down_niche,creation,20,20,4.353851992219336,intermediate,0.9160865480826537,100.68432478093234,5000
5,down_niche,creation,21,21,4.219988796062911,intermediate,0.8645326303120462,216.2697941792358,5000
5,down_niche,creation,22,22,3.708491055224268,intermediate,0.7374746951111654,70.5284348133141,5000
5,down_niche,creation,23,23,3.3495004753262463,intermediate,0.9748511332235541,94.56622611102246,5000
5,down_niche,creation,24,24,3.730049866044424,intermediate,0.6692804266738058,77.01389763829783,5000
5,down_niche,creation,25,25,3.100000000000001,intermediate,0.2514484992639917,44.39647780061384,5000
5,down_niche,creation,26,26,3.499999999999999,intermediate,0.3028266404255241,6.610016363873126,5000
5,down_niche,creation,27,27,1.9999999999999996,top,0.606943424184194,73.7744341307404,5000
5,down_niche,creation,28,28,2.0,top,0.7599830847295098,83.27285734092747,5000
5,down_niche,creation,29,29,2.0,intermediate,0.9994097885873957,99.7589024198273,5000
5,down_niche,creation,30,30,2.0,intermediate,0.8828651405367982,60.35546842969995,5000
5,down_niche,creation,31,31,2.0,intermediate,0.10175311780187335,13.390155635068503,5000
5,down_niche,creation,32,32,2.0,intermediate,0.13058472962075685,24.236739368440283,5000
5,down_niche,creation,33,33,2.0,top,0.8482782314122604,91.8272590787125,5000
5,down_niche,creation,34,34,2.0,intermediate,0.34169526046672183,59.13320124678455,5000
5,down_niche,creation,35,35,3.0,intermediate,0.9729119493188298,86.66761697673306,5000
5,down_niche,creation,36,36,2.9999999999999996,intermediate,0.5814041821368026,24.13676933539126,5000
5,down_niche,creation,37,37,1.0,basal,0.023212015697096522,0.6,5000
5,down_niche,creation,38,38,1.0,basal,0.7770044648690057,1.9,5000
5,down_niche,creation,39,39,1.0,basal,0.8649806795304137,6.0,5000
5,down_niche,creation,40,40,1.0,basal,0.5872293340555882,19.0,5000
5,down_niche,creation,41,41,1.0,basal,0.5649631353176916,60.0,5000
5,down_niche,creation,42,42,1.0,basal,0.5470649471162772,190.0,5000
5,down_niche,creation,43,43,1.0,basal,0.1398920659751458,600.0,5000
5,down_niche,creation,44,44,1.0,basal,0.07667019974474065,1900.0,5000
5,down_niche,creation,45,45,1.9999999999999996,intermediate,0.11887152463081985,0.6,5000
5,down_niche,creation,46,46,2.0,intermediate,0.6107027656090499,1.9,5000
5,down_niche,creation,47,47,2.0,intermediate,0.17615225982361804,6.0,5000
5,down_niche,creation,48,48,2.0,intermediate,0.4530653471735644,19.0,5000
5,down_niche,creation,49,49,2.0,intermediate,0.48032319056312167,60.0,5000
5,down_niche,creation,50,50,2.0,intermediate,0.9300270458568946,190.0,5000
5,down_niche,creation,51,51,2.0000000000000004,intermediate,0.8259759959785646,600.0,5000
5,down_niche,creation,52,52,1.9999999999999996,intermediate,0.982739058840193,1900.0,5000
5,atn,creation,1,1,2.733333333333333,top,0.3574050895722125,223.75024530971805,5000
5,atn,creation,2,2,2.500000000000001,intermediate,0.5867678339260537,95.24722051059615,5000
5,atn,creation,3,3,2.0,intermediate,0.25656875904980614,58.04834260130878,5000
5,atn,creation,4,4,2.0,intermediate,0.13041216457222937,7.71641072178282,5000
5,atn,creation,5,5,2.0,intermediate,0.6816940427012281,57.16928409009239,5000
5,atn,creation,6,6,2.0,intermediate,0.1286485423968735,50.226041917184304,5000
5,atn,creation,7,7,2.0,intermediate,0.7030797388564537,19.874264870484883,5000
5,atn,creation,8,8,2.0,intermediate,0.6209795563229187,40.74379039668457,5000
5,atn,creation,9,9,2.0,intermediate,0.5320548527622224,7.5033648956736005,5000
5,atn,creation,10,10,2.0,intermediate,0.25380714786642034,6.980644668287128,5000
5,atn,creation,11,11,2.0,intermediate,0.7998854546463213,43.14461207410104,5000
5,atn,creation,12,12,2.0,intermediate,0.23879410055018602,21.76438474490546,5000
5,atn,creation,13,13,2.0,intermediate,0.3003368808343315,23.161420457197156,5000
5,atn,creation,14,14,2.5000000000000004,intermediate,0.4109386000177526,76.86818198822381,5000
5,atn,creation,15,15,2.0,intermediate,0.19508234249050393,11.094797913190277,5000
5,atn,creation,16,16,2.5000000000000004,intermediate,0.6788629656399355,90.88772708795791,5000
5,atn,creation,17,17,2.0,intermediate,0.2532088811736046,57.86905582633287,5000
5,atn,creation,18,18,2.0,intermediate,0.5366844181056504,16.844152678652982,5000
5,atn,creation,19,19,2.7777777777777786,top,0.4764977523585736,257.6445478696656,5000
5,atn,creation,20,20,2.5000000000000004,intermediate,0.9160865480826537,100.68432478093234,5000
5,atn,creation,21,21,2.625,top,0.8645326303120462,216.2697941792358,5000
5,atn,creation,22,22,2.375,intermediate,0.7374746951111654,70.5284348133141,5000
5,atn,creation,23,23,2.5000000000000004,intermediate,0.9748511332235541,94.56622611102246,5000
5,atn,creation,24,24,2.5000000000000004,intermediate,0.6692804266738058,77.01389763829783,5000
5,atn,creation,25,25,2.0,intermediate,0.2514484992639917,44.39647780061384,5000
5,atn,creation,26,26,2.0,intermediate,0.3028266404255241,6.610016363873126,5000
5,atn,creation,27,27,2.375,intermediate,0.606943424184194,73.7744341307404,5000
5,atn,creation,28,28,2.5000000000000004,intermediate,0.7599830847295098,83.27285734092747,5000
5,atn,creation,29,29,2.500000000000001,intermediate,0.9994097885873957,99.7589024198273,5000
5,atn,creation,30,30,2.1666666666666665,intermediate,0.8828651405367982,60.35546842969995,5000
5,atn,creation,31,31,2.0,intermediate,0.10175311780187335,13.390155635068503,5000
5,atn,creation,32,32,2.0,intermediate,0.13058472962075685,24.236739368440283,5000
5,atn,creation,33,33,2.500000000000001,intermediate,0.8482782314122604,91.8272590787125,5000
5,atn,creation,34,34,2.0,intermediate,0.34169526046672183,59.13320124678455,5000
5,atn,creation,35,35,2.500000000000001,intermediate,0.9729119493188298,86.66761697673306,5000
5,atn,creation,36,36,2.0,intermediate,0.5814041821368026,24.13676933539126,5000
5,atn,creation,37,37,1.0,basal,0.023212015697096522,0.6,5000
5,atn,creation,38,38,1.0,basal,0.7770044648690057,1.9,5000
5,atn,creation,39,39,1.0,basal,0.8649806795304137,6.0,5000
5,atn,creation,40,40,1.0,basal,0.5872293340555882,19.0,5000
5,atn,creation,41,41,1.0,basal,0.5649631353176916,60.0,5000
5,atn,creation,42,42,1.0,basal,0.5470649471162772,190.0,5000
5,atn,creation,43,43,1.0,isolated,0.1398920659751458,600.0,5000
5,atn,creation,44,44,1.0,isolated,0.07667019974474065,1900.0,5000
5,atn,creation,45,45,1.0,basal,0.11887152463081985,0.6,5000
5,atn,creation,46,46,1.0,basal,0.6107027656090499,1.9,5000
5,atn,creation,47,47,2.0,intermediate,0.17615225982361804,6.0,5000
5,atn,creation,48,48,2.0,intermediate,0.4530653471735644,19.0,5000
5,atn,creation,49,49,2.166666666666667,intermediate,0.48032319056312167,60.0,5000
5,atn,creation,50,50,2.6,intermediate,0.9300270458568946,190.0,5000
5,atn,creation,51,51,2.8273809523809543,top,0.8259759959785646,600.0,5000
5,atn,creation,52,52,3.0654471544715456,top,0.982739058840193,1900.0,5000
5,down_power,post_burn_in,1,10,2.0,intermediate,0.1774800392509418,6.980644668287128,5000
5,down_power,post_burn_in,2,13,2.9999999999999987,top,0.15790198145302167,23.161420457197156,5000
5,down_power,post_burn_in,3,15,1.9999999999999996,top,2.702608591237562e-6,11.094797913190277,5000
5,down_power,post_burn_in,4,18,1.9999999999999998,top,0.038179511708486866,16.844152678652982,5000
5,down_power,post_burn_in,5,26,1.7500000000000002,intermediate,0.055585761245499764,6.610016363873126,5000
5,down_power,post_burn_in,6,35,3.000000000000001,top,2.703921520579819e-11,86.66761697673306,5000
5,down_power,post_burn_in,7,37,1.0,basal,0.2948919062560665,0.6,5000
5,down_power,post_burn_in,8,38,1.0,basal,0.14581249275873426,1.9,5000
5,down_power,post_burn_in,9,39,1.0,basal,0.18240184504082896,6.0,5000
5,down_power,post_burn_in,10,40,1.0,basal,0.31716590754356966,19.0,5000
5,down_power,post_burn_in,11,41,1.0,basal,0.073194532041487,60.0,5000
5,down_power,post_burn_in,12,42,1.0,basal,0.11079387830717492,190.0,5000
5,down_power,post_burn_in,13,43,1.0,basal,0.05001602281084419,600.0,5000
5,down_power,post_burn_in,14,44,1.0,basal,0.04410640244920304,1900.0,5000
5,down_power,post_burn_in,15,45,2.0,intermediate,0.22773999112788917,0.6,5000
5,down_power,post_burn_in,16,46,2.0,intermediate,0.2883028638979433,1.9,5000
5,down_power,post_burn_in,17,47,2.0,intermediate,0.17711795105653144,6.0,5000
5,metaweb,post_burn_in,1,3,2.0,top,0.040685195484287416,58.04834260130878,5000
5,metaweb,post_burn_in,2,4,2.0,top,0.028723777716411058,7.71641072178282,5000
5,metaweb,post_burn_in,3,6,2.0,top,0.03076010512039462,50.226041917184304,5000
5,metaweb,post_burn_in,4,7,2.0,top,0.34357828673995106,19.874264870484883,5000
5,metaweb,post_burn_in,5,8,2.0,top,0.08332541718297357,40.74379039668457,5000
5,metaweb,post_burn_in,6,9,2.0,top,0.0435369439906645,7.5033648956736005,5000
5,metaweb,post_burn_in,7,10,2.0,top,0.036784211649886156,6.980644668287128,5000
5,metaweb,post_burn_in,8,11,2.0,top,0.3908849294143215,43.14461207410104,5000
5,metaweb,post_burn_in,9,12,2.0,top,0.05788609752408423,21.76438474490546,5000
5,metaweb,post_burn_in,10,15,2.0,top,0.052095656198045855,11.094797913190277,5000
5,metaweb,post_burn_in,11,16,2.0,top,0.3317441276933899,90.88772708795791,5000
5,metaweb,post_burn_in,12,17,2.0,top,0.04051076259713152,57.86905582633287,5000
5,metaweb,post_burn_in,13,18,2.0,top,0.07988028016669008,16.844152678652982,5000
5,metaweb,post_burn_in,14,27,2.0,top,0.2965987644140069,73.7744341307404,5000
5,metaweb,post_burn_in,15,28,2.0,top,0.37138559365603585,83.27285734092747,5000
5,metaweb,post_burn_in,16,29,2.0,top,0.05361771147219624,99.7589024198273,5000
5,metaweb,post_burn_in,17,30,2.0,top,0.05285168859257559,60.35546842969995,5000
5,metaweb,post_burn_in,18,31,2.0,top,0.03470210518501623,13.390155635068503,5000
5,metaweb,post_burn_in,19,32,2.0,top,0.04102321311929863,24.236739368440283,5000
5,metaweb,post_burn_in,20,33,2.0,top,0.41453332434466145,91.8272590787125,5000
5,metaweb,post_burn_in,21,34,2.0,top,0.04426357703029289,59.13320124678455,5000
5,metaweb,post_burn_in,22,37,1.0,basal,0.21361727108472722,0.6,5000
5,metaweb,post_burn_in,23,38,1.0,basal,0.21361727108472725,1.9,5000
5,metaweb,post_burn_in,24,39,1.0,basal,0.21361727108472722,6.0,5000
5,metaweb,post_burn_in,25,40,1.0,basal,0.21361727108472725,19.0,5000
5,metaweb,post_burn_in,26,41,1.0,basal,0.2136172710847272,60.0,5000
5,metaweb,post_burn_in,27,42,1.0,basal,0.21361727108472725,190.0,5000
5,metaweb,post_burn_in,28,43,1.0,basal,0.21361727108472722,600.0,5000
5,metaweb,post_burn_in,29,44,1.0,basal,0.21361727108472725,1900.0,5000
5,metaweb,post_burn_in,30,45,2.0,top,0.037215706069831704,0.6,5000
5,metaweb,post_burn_in,31,46,2.0,top,0.07688533545461684,1.9,5000
5,metaweb,post_burn_in,32,47,2.0,top,0.04700900874189656,6.0,5000
5,metaweb,post_burn_in,33,48,2.0,top,0.07056040124279944,19.0,5000
5,metaweb,post_burn_in,34,49,2.0,top,0.07186005484529408,60.0,5000
5,metaweb,post_burn_in,35,50,2.0,top,0.08434646902646112,190.0,5000
5,metaweb,post_burn_in,36,51,2.0,top,0.08241951230892074,600.0,5000
5,metaweb,post_burn_in,37,52,2.0,top,0.08519457259591941,1900.0,5000
5,niche,post_burn_in,1,8,4.898923852560697,top,0.10734837176967062,40.74379039668457,5000
5,niche,post_burn_in,2,13,4.9644578105617585,top,7.468727985716634e-5,23.161420457197156,5000
5,niche,post_burn_in,3,20,2.7356060606060604,intermediate,0.8511440627795481,100.68432478093234,5000
5,niche,post_burn_in,4,30,3.0756249999999996,intermediate,0.12050601229870249,60.35546842969995,5000
5,niche,post_burn_in,5,32,3.0,intermediate,0.1857877054527501,24.236739368440283,5000
5,niche,post_burn_in,6,33,1.0,basal,0.9782014232044375,91.8272590787125,5000
5,niche,post_burn_in,7,35,3.033333333333334,intermediate,0.1309250281046018,86.66761697673306,5000
5,niche,post_burn_in,8,38,2.6,intermediate,2.464876200453765e-7,1.9,5000
5,niche,post_burn_in,9,39,1.0,basal,0.9189754663546054,6.0,5000
5,niche,post_burn_in,10,44,2.8000000000000003,intermediate,0.10604705068911544,1900.0,5000
5,niche,post_burn_in,11,45,1.7999999999999998,intermediate,0.1712228936688373,0.6,5000
5,niche,post_burn_in,12,46,1.0,basal,0.6836661861116915,1.9,5000
5,niche,post_burn_in,13,52,1.0,basal,0.8512069216754954,1900.0,5000
5,down_rand,post_burn_in,1,36,2.9999999999999996,top,1.0049093174402521e-11,24.13676933539126,5000
5,down_rand,post_burn_in,2,37,1.0,basal,0.18170948933590222,0.6,5000
5,down_rand,post_burn_in,3,38,1.0,basal,0.14270798779303873,1.9,5000
5,down_rand,post_burn_in,4,39,1.0,basal,0.14138274471310427,6.0,5000
5,down_rand,post_burn_in,5,40,1.0,basal,0.08559674836530784,19.0,5000
5,down_rand,post_burn_in,6,41,1.0,basal,0.2251661868023807,60.0,5000
5,down_rand,post_burn_in,7,42,1.0,basal,0.05000799644473393,190.0,5000
5,down_rand,post_burn_in,8,43,1.0,basal,0.14046223405114128,600.0,5000
5,down_rand,post_burn_in,9,44,1.0,basal,0.028750815807753034,1900.0,5000
5,down_rand,post_burn_in,10,45,2.0,intermediate,0.41125005371270823,0.6,5000
5,down_rand,post_burn_in,11,46,1.9999999999999998,top,0.27974118286787497,1.9,5000
5,down_link,post_burn_in,1,4,1.9999999999999998,top,0.0797283031689329,7.71641072178282,5000
5,down_link,post_burn_in,2,13,3.0,top,0.18291230785879872,23.161420457197156,5000
5,down_link,post_burn_in,3,36,3.0,top,5.9288986640328986e-5,24.13676933539126,5000
5,down_link,post_burn_in,4,37,1.0,basal,0.20333912850770713,0.6,5000
5,down_link,post_burn_in,5,38,1.0,basal,0.19825009622505196,1.9,5000
5,down_link,post_burn_in,6,39,1.0,basal,0.30519500160470414,6.0,5000
5,down_link,post_burn_in,7,40,1.0,basal,0.0929257975620755,19.0,5000
5,down_link,post_burn_in,8,41,1.0,basal,0.07136558700636733,60.0,5000
5,down_link,post_burn_in,9,42,1.0,basal,0.05447135408543726,190.0,5000
5,down_link,post_burn_in,10,43,1.0,basal,0.04341798603183276,600.0,5000
5,down_link,post_burn_in,11,44,1.0,basal,0.10957673521815496,1900.0,5000
5,down_link,post_burn_in,12,45,2.0,intermediate,0.3550600491432977,0.6,5000
5,down_link,post_burn_in,13,46,1.9999999999999998,intermediate,0.2907614547962325,1.9,5000
5,down_niche,post_burn_in,1,3,2.0,top,0.08102004953869471,58.04834260130878,5000
5,down_niche,post_burn_in,2,4,2.0,top,0.039436206529524,7.71641072178282,5000
5,down_niche,post_burn_in,3,6,2.0,top,0.04833334699543394,50.226041917184304,5000
5,down_niche,post_burn_in,4,7,2.0000000000000004,top,0.0020158274373958144,19.874264870484883,5000
5,down_niche,post_burn_in,5,8,2.0000000000000004,top,0.0007258957913662377,40.74379039668457,5000
5,down_niche,post_burn_in,6,9,1.9999999999999996,top,0.009673231316875985,7.5033648956736005,5000
5,down_niche,post_burn_in,7,10,2.0000000000000004,top,0.0006146746341770223,6.980644668287128,5000
5,down_niche,post_burn_in,8,11,1.9999999999999996,top,0.029316257978661102,43.14461207410104,5000
5,down_niche,post_burn_in,9,12,2.0,top,0.09406797894246886,21.76438474490546,5000
5,down_niche,post_burn_in,10,15,1.9999999999999996,top,0.01465692093145053,11.094797913190277,5000
5,down_niche,post_burn_in,11,16,2.0,top,0.5674915967847179,90.88772708795791,5000
5,down_niche,post_burn_in,12,17,2.0,top,0.07754457601044641,57.86905582633287,5000
5,down_niche,post_burn_in,13,18,1.9999999999999996,top,0.044407456462062435,16.844152678652982,5000
5,down_niche,post_burn_in,14,27,1.9999999999999996,top,0.04535995390976042,73.7744341307404,5000
5,down_niche,post_burn_in,15,28,2.0,top,0.635303494409295,83.27285734092747,5000
5,down_niche,post_burn_in,16,29,2.0,top,0.07846981565293873,99.7589024198273,5000
5,down_niche,post_burn_in,17,30,2.0,top,0.07136292307133613,60.35546842969995,5000
5,down_niche,post_burn_in,18,31,2.0,top,0.06374809937208416,13.390155635068503,5000
5,down_niche,post_burn_in,19,32,2.0,top,0.08407664909544355,24.236739368440283,5000
5,down_niche,post_burn_in,20,33,2.0,top,0.7091133150998368,91.8272590787125,5000
5,down_niche,post_burn_in,21,34,2.0,top,0.15813281611939656,59.13320124678455,5000
5,down_niche,post_burn_in,22,37,1.0,basal,0.21241971588071612,0.6,5000
5,down_niche,post_burn_in,23,38,1.0,basal,0.2124197158808016,1.9,5000
5,down_niche,post_burn_in,24,39,1.0,basal,0.21463833449668548,6.0,5000
5,down_niche,post_burn_in,25,40,1.0,basal,0.21241971588079228,19.0,5000
5,down_niche,post_burn_in,26,41,1.0,basal,0.21496628392221914,60.0,5000
5,down_niche,post_burn_in,27,42,1.0,basal,0.2149120903353592,190.0,5000
5,down_niche,post_burn_in,28,43,1.0,basal,0.21241971588077516,600.0,5000
5,down_niche,post_burn_in,29,44,1.0,basal,0.21478457061260653,1900.0,5000
5,down_niche,post_burn_in,30,45,1.9999999999999998,top,0.010785000583452073,0.6,5000
5,down_niche,post_burn_in,31,46,2.0,top,0.12003891286988479,1.9,5000
5,down_niche,post_burn_in,32,47,2.0,top,0.07597125950736773,6.0,5000
5,down_niche,post_burn_in,33,48,2.0,top,0.11096090802681836,19.0,5000
5,down_niche,post_burn_in,34,49,2.0,top,0.1128369702785913,60.0,5000
5,down_niche,post_burn_in,35,50,2.0,top,0.13058143965910063,190.0,5000
5,down_niche,post_burn_in,36,51,2.0,top,0.00047315910404411665,600.0,5000
5,down_niche,post_burn_in,37,52,1.9999999999999998,top,0.008375822786224478,1900.0,5000
5,atn,post_burn_in,1,1,2.733333333333334,top,0.4905084614146408,223.75024530971805,5000
5,atn,post_burn_in,2,4,2.0,intermediate,0.08268136179568317,7.71641072178282,5000
5,atn,post_burn_in,3,7,2.0,intermediate,0.14069807785963218,19.874264870484883,5000
5,atn,post_burn_in,4,8,2.0,intermediate,1.0021996086722541e-8,40.74379039668457,5000
5,atn,post_burn_in,5,9,2.0,intermediate,0.09287215862495221,7.5033648956736005,5000
5,atn,post_burn_in,6,10,2.0,intermediate,0.12048556583971345,6.980644668287128,5000
5,atn,post_burn_in,7,11,2.0,intermediate,2.1615667310370753e-11,43.14461207410104,5000
5,atn,post_burn_in,8,12,2.0,intermediate,0.11424895233402627,21.76438474490546,5000
5,atn,post_burn_in,9,13,2.0,intermediate,0.1950497817556808,23.161420457197156,5000
5,atn,post_burn_in,10,15,2.0,intermediate,1.2301863563396402e-10,11.094797913190277,5000
5,atn,post_burn_in,11,19,2.7777777777777777,top,0.5093085916853375,257.6445478696656,5000
5,atn,post_burn_in,12,21,2.625,top,1.7109237005566394e-11,216.2697941792358,5000
5,atn,post_burn_in,13,22,2.375,intermediate,0.0001163125192701119,70.5284348133141,5000
5,atn,post_burn_in,14,26,2.0,intermediate,0.1427378643647442,6.610016363873126,5000
5,atn,post_burn_in,15,27,2.375,intermediate,4.7257528002046807e-7,73.7744341307404,5000
5,atn,post_burn_in,16,30,2.1666666666666665,intermediate,0.8004617765550054,60.35546842969995,5000
5,atn,post_burn_in,17,32,2.0,intermediate,0.1717616828500863,24.236739368440283,5000
5,atn,post_burn_in,18,36,2.0,intermediate,0.17383979579134465,24.13676933539126,5000
5,atn,post_burn_in,19,37,1.0,basal,0.2479979748728368,0.6,5000
5,atn,post_burn_in,20,38,1.0,basal,0.32839417969190116,1.9,5000
5,atn,post_burn_in,21,39,1.0,basal,0.4766541597647627,6.0,5000
5,atn,post_burn_in,22,40,1.0,basal,0.786455700260185,19.0,5000
5,atn,post_burn_in,23,41,1.0,basal,0.9691811290607187,60.0,5000
5,atn,post_burn_in,24,42,1.0,basal,0.9794386450421275,190.0,5000
5,atn,post_burn_in,25,45,1.0,basal,0.2479979748728377,0.6,5000
5,atn,post_burn_in,26,46,1.0,basal,0.3283941796919018,1.9,5000
5,atn,post_burn_in,27,47,2.0,intermediate,0.0343648345635302,6.0,5000
5,atn,post_burn_in,28,48,2.0,intermediate,0.15467364746296272,19.0,5000
5,atn,post_burn_in,29,49,2.1666666666666665,intermediate,0.40679415333168945,60.0,5000
5,atn,post_burn_in,30,50,2.5999999999999996,intermediate,1.9314624202087913e-7,190.0,5000
5,atn,post_burn_in,31,51,2.8273809523809526,top,0.1299093681607418,600.0,5000
5,atn,post_burn_in,32,52,3.0654471544715456,top,0.32934709174093046,1900.0,5000
6,down_power,creation,1,1,4.143243442148188,intermediate,0.15670922778000052,102.09099856813125,5000
6,down_power,creation,2,2,3.572417899720624,intermediate,0.32397996367867077,62.13982674483746,5000
6,down_power,creation,3,3,2.0,intermediate,0.4322649979122164,62.93425448320178,5000
6,down_power,creation,4,4,1.9999999999999996,intermediate,0.4695502608401523,9.116984248924409,5000
6,down_power,creation,5,5,3.594126177006049,intermediate,0.0054515382627179365,97.54491346979135,5000
6,down_power,creation,6,6,1.9999999999999996,intermediate,0.6736539008861198,61.574884627138154,5000
6,down_power,creation,7,7,1.9999999999999998,top,0.6070057044615984,10.976128002881948,5000
6,down_power,creation,8,8,2.0000000000000004,intermediate,0.49972317818055123,26.228424115392563,5000
6,down_power,creation,9,9,1.9999999999999996,intermediate,0.6321397882394352,4.3274787081504416,5000
6,down_power,creation,10,10,1.9999999999999996,intermediate,0.5126072241088753,1.6407573500992982,5000
6,down_power,creation,11,11,1.9999999999999996,top,0.15367504460836534,41.64148842448809,5000
6,down_power,creation,12,12,1.9999999999999996,intermediate,0.06612920364930219,41.39899778252625,5000
6,down_power,creation,13,13,2.9999999999999996,intermediate,0.2539576150810572,20.551777307468345,5000
6,down_power,creation,14,14,2.8385093167701867,intermediate,0.5627671342407308,59.74347681057095,5000
6,down_power,creation,15,15,2.0,intermediate,0.3282113219693388,13.005973663525245,5000
6,down_power,creation,16,16,2.0,top,0.567215595631753,74.84599924812655,5000
6,down_power,creation,17,17,2.0,intermediate,0.9148455985910102,91.73595502048299,5000
6,down_power,creation,18,18,2.0,intermediate,0.998926206649557,13.885599174348387,5000
6,down_power,creation,19,19,4.036930946458546,intermediate,0.6455324186177134,114.92727099734316,5000
6,down_power,creation,20,20,3.8636820290670215,intermediate,0.8829345903094735,235.87661510200772,5000
6,down_power,creation,21,21,3.798908063702724,intermediate,0.8611722013721141,105.46084744576258,5000
6,down_power,creation,22,22,3.622417899720624,intermediate,0.05545220341842061,68.08599162071204,5000
6,down_power,creation,23,23,3.574917899720622,intermediate,0.002409309181577002,63.645167077714014,5000
6,down_power,creation,24,24,3.5826724154806886,intermediate,0.2639292296657568,76.14431455807107,5000
6,down_power,creation,25,25,3.285714285714285,intermediate,0.4593880928142684,34.663308875855655,5000
6,down_power,creation,26,26,3.3333333333333344,intermediate,0.7147027052465287,1.5083180515952768,5000
6,down_power,creation,27,27,1.9999999999999996,top,0.1346433147556163,95.41478459831657,5000
6,down_power,creation,28,28,2.0000000000000004,top,0.35966592659345775,81.5863911570544,5000
6,down_power,creation,29,29,2.0000000000000004,intermediate,0.4875551664373984,52.473382728183566,5000
6,down_power,creation,30,30,1.9999999999999998,intermediate,0.35408999591438106,74.13504158427136,5000
6,down_power,creation,31,31,1.9999999999999996,intermediate,0.7570969783591089,14.96568875190419,5000
6,down_power,creation,32,32,2.0000000000000004,intermediate,0.7662117637464892,30.812307555285923,5000
6,down_power,creation,33,33,2.0000000000000004,top,0.3766519562906404,58.04145297805478,5000
6,down_power,creation,34,34,2.0,intermediate,0.8487035909309746,80.02900622486385,5000
6,down_power,creation,35,35,3.0,intermediate,0.7364612919839535,78.24279083920918,5000
6,down_power,creation,36,36,3.0,intermediate,0.706275963595366,22.94332048515667,5000
6,down_power,creation,37,37,1.0,basal,0.005500478945317799,0.6,5000
6,down_power,creation,38,38,1.0,basal,0.6144986238994063,1.9,5000
6,down_power,creation,39,39,1.0,basal,0.3627416393157422,6.0,5000
6,down_power,creation,40,40,1.0,basal,0.7852818620383253,19.0,5000
6,down_power,creation,41,41,1.0,basal,0.4494428576274614,60.0,5000
6,down_power,creation,42,42,1.0,basal,0.8969709103664842,190.0,5000
6,down_power,creation,43,43,1.0,basal,0.9637116451733995,600.0,5000
6,down_power,creation,44,44,1.0,basal,0.5513271798557462,1900.0,5000
6,down_power,creation,45,45,2.0000000000000004,intermediate,0.8400998572172279,0.6,5000
6,down_power,creation,46,46,1.9999999999999996,intermediate,0.6453707169193085,1.9,5000
6,down_power,creation,47,47,1.9999999999999998,intermediate,0.6313965339145013,6.0,5000
6,down_power,creation,48,48,2.0000000000000004,intermediate,0.3500811963550704,19.0,5000
6,down_power,creation,49,49,2.0000000000000004,intermediate,0.963314377399516,60.0,5000
6,down_power,creation,50,50,2.0000000000000004,intermediate,0.2335942566642918,190.0,5000
6,down_power,creation,51,51,1.9999999999999998,intermediate,0.555090259765699,600.0,5000
6,down_power,creation,52,52,1.9999999999999996,intermediate,0.7787198061640117,1900.0,5000
6,metaweb,creation,1,1,4.0613354240613635,intermediate,0.15670922778000052,102.09099856813125,5000
6,metaweb,creation,2,2,3.5954723098103645,intermediate,0.32397996367867077,62.13982674483746,5000
6,metaweb,creation,3,3,2.0,intermediate,0.4322649979122164,62.93425448320178,5000
6,metaweb,creation,4,4,2.0,intermediate,0.4695502608401523,9.116984248924409,5000
6,metaweb,creation,5,5,3.5954723098103667,intermediate,0.0054515382627179365,97.54491346979135,5000
6,metaweb,creation,6,6,2.0,intermediate,0.6736539008861198,61.574884627138154,5000
6,metaweb,creation,7,7,2.0,top,0.6070057044615984,10.976128002881948,5000
6,metaweb,creation,8,8,2.0,intermediate,0.49972317818055123,26.228424115392563,5000
6,metaweb,creation,9,9,2.0,intermediate,0.6321397882394352,4.3274787081504416,5000
6,metaweb,creation,10,10,2.0,intermediate,0.5126072241088753,1.6407573500992982,5000
6,metaweb,creation,11,11,2.0,top,0.15367504460836534,41.64148842448809,5000
6,metaweb,creation,12,12,2.0,intermediate,0.06612920364930219,41.39899778252625,5000
6,metaweb,creation,13,13,3.0,intermediate,0.2539576150810572,20.551777307468345,5000
6,metaweb,creation,14,14,2.8392621870882753,intermediate,0.5627671342407308,59.74347681057095,5000
6,metaweb,creation,15,15,2.0,intermediate,0.3282113219693388,13.005973663525245,5000
6,metaweb,creation,16,16,2.0,top,0.567215595631753,74.84599924812655,5000
6,metaweb,creation,17,17,2.0,intermediate,0.9148455985910102,91.73595502048299,5000
6,metaweb,creation,18,18,2.0,intermediate,0.998926206649557,13.885599174348387,5000
6,metaweb,creation,19,19,4.0613354240613635,intermediate,0.6455324186177134,114.92727099734316,5000
6,metaweb,creation,20,20,4.061335424061364,intermediate,0.8829345903094735,235.87661510200772,5000
6,metaweb,creation,21,21,4.061335424061364,intermediate,0.8611722013721141,105.46084744576258,5000
6,metaweb,creation,22,22,3.5954723098103636,intermediate,0.05545220341842061,68.08599162071204,5000
6,metaweb,creation,23,23,3.5954723098103654,intermediate,0.002409309181577002,63.645167077714014,5000
6,metaweb,creation,24,24,3.5762090864680016,intermediate,0.2639292296657568,76.14431455807107,5000
6,metaweb,creation,25,25,3.303030303030302,intermediate,0.4593880928142684,34.663308875855655,5000
6,metaweb,creation,26,26,3.3333333333333335,intermediate,0.7147027052465287,1.5083180515952768,5000
6,metaweb,creation,27,27,2.0,top,0.1346433147556163,95.41478459831657,5000
6,metaweb,creation,28,28,2.0,top,0.35966592659345775,81.5863911570544,5000
6,metaweb,creation,29,29,2.0,intermediate,0.4875551664373984,52.473382728183566,5000
6,metaweb,creation,30,30,2.0,intermediate,0.35408999591438106,74.13504158427136,5000
6,metaweb,creation,31,31,2.0,intermediate,0.7570969783591089,14.96568875190419,5000
6,metaweb,creation,32,32,2.0,intermediate,0.7662117637464892,30.812307555285923,5000
6,metaweb,creation,33,33,2.0,top,0.3766519562906404,58.04145297805478,5000
6,metaweb,creation,34,34,2.0,intermediate,0.8487035909309746,80.02900622486385,5000
6,metaweb,creation,35,35,3.0,intermediate,0.7364612919839535,78.24279083920918,5000
6,metaweb,creation,36,36,3.0,intermediate,0.706275963595366,22.94332048515667,5000
6,metaweb,creation,37,37,1.0,basal,0.005500478945317799,0.6,5000
6,metaweb,creation,38,38,1.0,basal,0.6144986238994063,1.9,5000
6,metaweb,creation,39,39,1.0,basal,0.3627416393157422,6.0,5000
6,metaweb,creation,40,40,1.0,basal,0.7852818620383253,19.0,5000
6,metaweb,creation,41,41,1.0,basal,0.4494428576274614,60.0,5000
6,metaweb,creation,42,42,1.0,basal,0.8969709103664842,190.0,5000
6,metaweb,creation,43,43,1.0,basal,0.9637116451733995,600.0,5000
6,metaweb,creation,44,44,1.0,basal,0.5513271798557462,1900.0,5000
6,metaweb,creation,45,45,2.0,intermediate,0.8400998572172279,0.6,5000
6,metaweb,creation,46,46,2.0,intermediate,0.6453707169193085,1.9,5000
6,metaweb,creation,47,47,2.0,intermediate,0.6313965339145013,6.0,5000
6,metaweb,creation,48,48,2.0,intermediate,0.3500811963550704,19.0,5000
6,metaweb,creation,49,49,2.0,intermediate,0.963314377399516,60.0,5000
6,metaweb,creation,50,50,2.0,intermediate,0.2335942566642918,190.0,5000
6,metaweb,creation,51,51,2.0,intermediate,0.555090259765699,600.0,5000
6,metaweb,creation,52,52,2.0,intermediate,0.7787198061640117,1900.0,5000
6,niche,creation,1,1,2.5388643814536374,intermediate,0.15670922778000052,102.09099856813125,5000
6,niche,creation,2,2,2.5743970839455104,intermediate,0.32397996367867077,62.13982674483746,5000
6,niche,creation,3,3,-3.268410230975958,intermediate,0.4322649979122164,62.93425448320178,5000
6,niche,creation,4,4,2.2139305869602883,intermediate,0.4695502608401523,9.116984248924409,5000
6,niche,creation,5,5,2.281060431419318,intermediate,0.0054515382627179365,97.54491346979135,5000
6,niche,creation,6,6,3.252015778976073,intermediate,0.6736539008861198,61.574884627138154,5000
6,niche,creation,7,7,0.9232944247674489,intermediate,0.6070057044615984,10.976128002881948,5000
6,niche,creation,8,8,-1.5630743625121775,intermediate,0.49972317818055123,26.228424115392563,5000
6,niche,creation,9,9,2.560821581226186,intermediate,0.6321397882394352,4.3274787081504416,5000
6,niche,creation,10,10,1.8150102584024328,intermediate,0.5126072241088753,1.6407573500992982,5000
6,niche,creation,11,11,2.620896808793241,intermediate,0.15367504460836534,41.64148842448809,5000
6,niche,creation,12,12,1.6152091342520172,intermediate,0.06612920364930219,41.39899778252625,5000
6,niche,creation,13,13,1.0417366681487543,intermediate,0.2539576150810572,20.551777307468345,5000
6,niche,creation,14,14,2.441934252763552,intermediate,0.5627671342407308,59.74347681057095,5000
6,niche,creation,15,15,2.278875238393253,intermediate,0.3282113219693388,13.005973663525245,5000
6,niche,creation,16,16,1.0000000000000049,basal,0.567215595631753,74.84599924812655,5000
6,niche,creation,17,17,2.438188391060006,intermediate,0.9148455985910102,91.73595502048299,5000
6,niche,creation,18,18,2.2326497262707923,intermediate,0.998926206649557,13.885599174348387,5000
6,niche,creation,19,19,2.5801017524947394,intermediate,0.6455324186177134,114.92727099734316,5000
6,niche,creation,20,20,-4.939668469333717,intermediate,0.8829345903094735,235.87661510200772,5000
6,niche,creation,21,21,3.2520157789760766,intermediate,0.8611722013721141,105.46084744576258,5000
6,niche,creation,22,22,3.2520157789760775,intermediate,0.05545220341842061,68.08599162071204,5000
6,niche,creation,23,23,2.2520157789760744,intermediate,0.002409309181577002,63.645167077714014,5000
6,niche,creation,24,24,0.8241518534986123,intermediate,0.2639292296657568,76.14431455807107,5000
6,niche,creation,25,25,3.472213493617758,intermediate,0.4593880928142684,34.663308875855655,5000
6,niche,creation,26,26,1.8506395591655669,intermediate,0.7147027052465287,1.5083180515952768,5000
6,niche,creation,27,27,1.1411628473264166,intermediate,0.1346433147556163,95.41478459831657,5000
6,niche,creation,28,28,0.16359538958180578,intermediate,0.35966592659345775,81.5863911570544,5000
6,niche,creation,29,29,2.937500000000001,intermediate,0.4875551664373984,52.473382728183566,5000
6,niche,creation,30,30,2.017764961504006,intermediate,0.35408999591438106,74.13504158427136,5000
6,niche,creation,31,31,3.472213493617759,intermediate,0.7570969783591089,14.96568875190419,5000
6,niche,creation,32,32,1.615209134252019,intermediate,0.7662117637464892,30.812307555285923,5000
6,niche,creation,33,33,2.017764961504009,intermediate,0.3766519562906404,58.04145297805478,5000
6,niche,creation,34,34,-2.749554618202821,intermediate,0.8487035909309746,80.02900622486385,5000
6,niche,creation,35,35,2.4722134936177618,intermediate,0.7364612919839535,78.24279083920918,5000
6,niche,creation,36,36,0.7362700899740425,intermediate,0.706275963595366,22.94332048515667,5000
6,niche,creation,37,37,0.6491203908792443,intermediate,0.005500478945317799,0.6,5000
6,niche,creation,38,38,3.0312500000000027,intermediate,0.6144986238994063,1.9,5000
6,niche,creation,39,39,-0.4480445507561265,intermediate,0.3627416393157422,6.0,5000
6,niche,creation,40,40,-0.1342051154879771,intermediate,0.7852818620383253,19.0,5000
6,niche,creation,41,41,-5.939668469333717,intermediate,0.4494428576274614,60.0,5000
6,niche,creation,42,42,-3.7495546182028177,intermediate,0.8969709103664842,190.0,5000
6,niche,creation,43,43,2.000000000000005,intermediate,0.9637116451733995,600.0,5000
6,niche,creation,44,44,-4.268410230975958,intermediate,0.5513271798557462,1900.0,5000
6,niche,creation,45,45,2.749999999999999,intermediate,0.8400998572172279,0.6,5000
6,niche,creation,46,46,0.9999999999999997,basal,0.6453707169193085,1.9,5000
6,niche,creation,47,47,0.9999999999999991,basal,0.6313965339145013,6.0,5000
6,niche,creation,48,48,2.4999999999999964,intermediate,0.3500811963550704,19.0,5000
6,niche,creation,49,49,3.125,intermediate,0.963314377399516,60.0,5000
6,niche,creation,50,50,1.9999999999999987,intermediate,0.2335942566642918,190.0,5000
6,niche,creation,51,51,2.0000000000000004,intermediate,0.555090259765699,600.0,5000
6,niche,creation,52,52,1.0000000000000022,basal,0.7787198061640117,1900.0,5000
6,down_rand,creation,1,1,4.056381602993258,intermediate,0.15670922778000052,102.09099856813125,5000
6,down_rand,creation,2,2,3.6257310576886717,intermediate,0.32397996367867077,62.13982674483746,5000
6,down_rand,creation,3,3,1.9999999999999996,intermediate,0.4322649979122164,62.93425448320178,5000
6,down_rand,creation,4,4,2.0000000000000004,intermediate,0.4695502608401523,9.116984248924409,5000
6,down_rand,creation,5,5,3.686849774133656,intermediate,0.0054515382627179365,97.54491346979135,5000
6,down_rand,creation,6,6,2.0000000000000004,intermediate,0.6736539008861198,61.574884627138154,5000
6,down_rand,creation,7,7,1.9999999999999996,top,0.6070057044615984,10.976128002881948,5000
6,down_rand,creation,8,8,1.9999999999999998,intermediate,0.49972317818055123,26.228424115392563,5000
6,down_rand,creation,9,9,2.0,intermediate,0.6321397882394352,4.3274787081504416,5000
6,down_rand,creation,10,10,1.9999999999999996,intermediate,0.5126072241088753,1.6407573500992982,5000
6,down_rand,creation,11,11,2.0000000000000004,top,0.15367504460836534,41.64148842448809,5000
6,down_rand,creation,12,12,2.0,intermediate,0.06612920364930219,41.39899778252625,5000
6,down_rand,creation,13,13,3.0,intermediate,0.2539576150810572,20.551777307468345,5000
6,down_rand,creation,14,14,2.7770562770562752,intermediate,0.5627671342407308,59.74347681057095,5000
6,down_rand,creation,15,15,1.9999999999999996,intermediate,0.3282113219693388,13.005973663525245,5000
6,down_rand,creation,16,16,1.9999999999999998,top,0.567215595631753,74.84599924812655,5000
6,down_rand,creation,17,17,1.9999999999999998,intermediate,0.9148455985910102,91.73595502048299,5000
6,down_rand,creation,18,18,2.0,intermediate,0.998926206649557,13.885599174348387,5000
6,down_rand,creation,19,19,3.919896571162393,intermediate,0.6455324186177134,114.92727099734316,5000
6,down_rand,creation,20,20,4.004923177620477,intermediate,0.8829345903094735,235.87661510200772,5000
6,down_rand,creation,21,21,3.9622488710048804,intermediate,0.8611722013721141,105.46084744576258,5000
6,down_rand,creation,22,22,3.553401113356496,intermediate,0.05545220341842061,68.08599162071204,5000
6,down_rand,creation,23,23,3.625731057688671,intermediate,0.002409309181577002,63.645167077714014,5000
6,down_rand,creation,24,24,3.553401113356495,intermediate,0.2639292296657568,76.14431455807107,5000
6,down_rand,creation,25,25,3.318181818181817,intermediate,0.4593880928142684,34.663308875855655,5000
6,down_rand,creation,26,26,3.499999999999999,intermediate,0.7147027052465287,1.5083180515952768,5000
6,down_rand,creation,27,27,2.0000000000000004,top,0.1346433147556163,95.41478459831657,5000
6,down_rand,creation,28,28,2.0,top,0.35966592659345775,81.5863911570544,5000
6,down_rand,creation,29,29,2.0000000000000004,intermediate,0.4875551664373984,52.473382728183566,5000
6,down_rand,creation,30,30,2.0000000000000004,intermediate,0.35408999591438106,74.13504158427136,5000
6,down_rand,creation,31,31,2.0000000000000004,intermediate,0.7570969783591089,14.96568875190419,5000
6,down_rand,creation,32,32,2.0000000000000004,intermediate,0.7662117637464892,30.812307555285923,5000
6,down_rand,creation,33,33,2.0,top,0.3766519562906404,58.04145297805478,5000
6,down_rand,creation,34,34,2.0000000000000004,intermediate,0.8487035909309746,80.02900622486385,5000
6,down_rand,creation,35,35,2.9999999999999996,intermediate,0.7364612919839535,78.24279083920918,5000
6,down_rand,creation,36,36,2.9999999999999996,intermediate,0.706275963595366,22.94332048515667,5000
6,down_rand,creation,37,37,1.0,basal,0.005500478945317799,0.6,5000
6,down_rand,creation,38,38,1.0,basal,0.6144986238994063,1.9,5000
6,down_rand,creation,39,39,1.0,basal,0.3627416393157422,6.0,5000
6,down_rand,creation,40,40,1.0,basal,0.7852818620383253,19.0,5000
6,down_rand,creation,41,41,1.0,basal,0.4494428576274614,60.0,5000
6,down_rand,creation,42,42,1.0,basal,0.8969709103664842,190.0,5000
6,down_rand,creation,43,43,1.0,basal,0.9637116451733995,600.0,5000
6,down_rand,creation,44,44,1.0,basal,0.5513271798557462,1900.0,5000
6,down_rand,creation,45,45,2.0000000000000004,intermediate,0.8400998572172279,0.6,5000
6,down_rand,creation,46,46,1.9999999999999996,intermediate,0.6453707169193085,1.9,5000
6,down_rand,creation,47,47,2.0000000000000004,intermediate,0.6313965339145013,6.0,5000
6,down_rand,creation,48,48,2.0000000000000004,intermediate,0.3500811963550704,19.0,5000
6,down_rand,creation,49,49,1.9999999999999998,intermediate,0.963314377399516,60.0,5000
6,down_rand,creation,50,50,2.0000000000000004,intermediate,0.2335942566642918,190.0,5000
6,down_rand,creation,51,51,1.9999999999999996,intermediate,0.555090259765699,600.0,5000
6,down_rand,creation,52,52,1.9999999999999996,intermediate,0.7787198061640117,1900.0,5000
6,down_link,creation,1,1,3.9927771295714654,intermediate,0.15670922778000052,102.09099856813125,5000
6,down_link,creation,2,2,3.666712437196745,intermediate,0.32397996367867077,62.13982674483746,5000
6,down_link,creation,3,3,1.9999999999999998,intermediate,0.4322649979122164,62.93425448320178,5000
6,down_link,creation,4,4,1.9999999999999996,intermediate,0.4695502608401523,9.116984248924409,5000
6,down_link,creation,5,5,3.5380598754117782,intermediate,0.0054515382627179365,97.54491346979135,5000
6,down_link,creation,6,6,2.0,intermediate,0.6736539008861198,61.574884627138154,5000
6,down_link,creation,7,7,1.9999999999999996,top,0.6070057044615984,10.976128002881948,5000
6,down_link,creation,8,8,2.0000000000000004,intermediate,0.49972317818055123,26.228424115392563,5000
6,down_link,creation,9,9,1.9999999999999996,intermediate,0.6321397882394352,4.3274787081504416,5000
6,down_link,creation,10,10,2.0000000000000004,intermediate,0.5126072241088753,1.6407573500992982,5000
6,down_link,creation,11,11,1.9999999999999996,top,0.15367504460836534,41.64148842448809,5000
6,down_link,creation,12,12,2.0,intermediate,0.06612920364930219,41.39899778252625,5000
6,down_link,creation,13,13,2.9999999999999996,intermediate,0.2539576150810572,20.551777307468345,5000
6,down_link,creation,14,14,2.9590017825311947,intermediate,0.5627671342407308,59.74347681057095,5000
6,down_link,creation,15,15,2.0,intermediate,0.3282113219693388,13.005973663525245,5000
6,down_link,creation,16,16,2.0,top,0.567215595631753,74.84599924812655,5000
6,down_link,creation,17,17,2.0000000000000004,intermediate,0.9148455985910102,91.73595502048299,5000
6,down_link,creation,18,18,2.0,intermediate,0.998926206649557,13.885599174348387,5000
6,down_link,creation,19,19,4.035488181308709,intermediate,0.6455324186177134,114.92727099734316,5000
6,down_link,creation,20,20,3.962425309804874,intermediate,0.8829345903094735,235.87661510200772,5000
6,down_link,creation,21,21,4.104245894184067,intermediate,0.8611722013721141,105.46084744576258,5000
6,down_link,creation,22,22,3.649170986522888,intermediate,0.05545220341842061,68.08599162071204,5000
6,down_link,creation,23,23,3.6015609220452287,intermediate,0.002409309181577002,63.645167077714014,5000
6,down_link,creation,24,24,3.6167124371967443,intermediate,0.2639292296657568,76.14431455807107,5000
6,down_link,creation,25,25,3.303030303030302,intermediate,0.4593880928142684,34.663308875855655,5000
6,down_link,creation,26,26,3.333333333333334,intermediate,0.7147027052465287,1.5083180515952768,5000
6,down_link,creation,27,27,1.9999999999999996,top,0.1346433147556163,95.41478459831657,5000
6,down_link,creation,28,28,2.0000000000000004,top,0.35966592659345775,81.5863911570544,5000
6,down_link,creation,29,29,2.0,intermediate,0.4875551664373984,52.473382728183566,5000
6,down_link,creation,30,30,2.0000000000000004,intermediate,0.35408999591438106,74.13504158427136,5000
6,down_link,creation,31,31,1.9999999999999998,intermediate,0.7570969783591089,14.96568875190419,5000
6,down_link,creation,32,32,2.0,intermediate,0.7662117637464892,30.812307555285923,5000
6,down_link,creation,33,33,2.0,top,0.3766519562906404,58.04145297805478,5000
6,down_link,creation,34,34,2.0000000000000004,intermediate,0.8487035909309746,80.02900622486385,5000
6,down_link,creation,35,35,2.9999999999999996,intermediate,0.7364612919839535,78.24279083920918,5000
6,down_link,creation,36,36,3.0,intermediate,0.706275963595366,22.94332048515667,5000
6,down_link,creation,37,37,1.0,basal,0.005500478945317799,0.6,5000
6,down_link,creation,38,38,1.0,basal,0.6144986238994063,1.9,5000
6,down_link,creation,39,39,1.0,basal,0.3627416393157422,6.0,5000
6,down_link,creation,40,40,1.0,basal,0.7852818620383253,19.0,5000
6,down_link,creation,41,41,1.0,basal,0.4494428576274614,60.0,5000
6,down_link,creation,42,42,1.0,basal,0.8969709103664842,190.0,5000
6,down_link,creation,43,43,1.0,basal,0.9637116451733995,600.0,5000
6,down_link,creation,44,44,1.0,basal,0.5513271798557462,1900.0,5000
6,down_link,creation,45,45,1.9999999999999996,intermediate,0.8400998572172279,0.6,5000
6,down_link,creation,46,46,2.0,intermediate,0.6453707169193085,1.9,5000
6,down_link,creation,47,47,2.0000000000000004,intermediate,0.6313965339145013,6.0,5000
6,down_link,creation,48,48,1.9999999999999996,intermediate,0.3500811963550704,19.0,5000
6,down_link,creation,49,49,2.0,intermediate,0.963314377399516,60.0,5000
6,down_link,creation,50,50,2.0000000000000004,intermediate,0.2335942566642918,190.0,5000
6,down_link,creation,51,51,1.9999999999999996,intermediate,0.555090259765699,600.0,5000
6,down_link,creation,52,52,1.9999999999999996,intermediate,0.7787198061640117,1900.0,5000
6,down_niche,creation,1,1,4.0725533614221865,intermediate,0.15670922778000052,102.09099856813125,5000
6,down_niche,creation,2,2,3.349347203929751,intermediate,0.32397996367867077,62.13982674483746,5000
6,down_niche,creation,3,3,2.0,intermediate,0.4322649979122164,62.93425448320178,5000
6,down_niche,creation,4,4,2.0,intermediate,0.4695502608401523,9.116984248924409,5000
6,down_niche,creation,5,5,3.6117774850982367,intermediate,0.0054515382627179365,97.54491346979135,5000
6,down_niche,creation,6,6,2.0,intermediate,0.6736539008861198,61.574884627138154,5000
6,down_niche,creation,7,7,2.0,top,0.6070057044615984,10.976128002881948,5000
6,down_niche,creation,8,8,2.0,intermediate,0.49972317818055123,26.228424115392563,5000
6,down_niche,creation,9,9,2.0,intermediate,0.6321397882394352,4.3274787081504416,5000
6,down_niche,creation,10,10,2.0,intermediate,0.5126072241088753,1.6407573500992982,5000
6,down_niche,creation,11,11,2.0,top,0.15367504460836534,41.64148842448809,5000
6,down_niche,creation,12,12,2.0,intermediate,0.06612920364930219,41.39899778252625,5000
6,down_niche,creation,13,13,3.0,intermediate,0.2539576150810572,20.551777307468345,5000
6,down_niche,creation,14,14,2.866666666666666,intermediate,0.5627671342407308,59.74347681057095,5000
6,down_niche,creation,15,15,2.0,intermediate,0.3282113219693388,13.005973663525245,5000
6,down_niche,creation,16,16,2.0,top,0.567215595631753,74.84599924812655,5000
6,down_niche,creation,17,17,2.0,intermediate,0.9148455985910102,91.73595502048299,5000
6,down_niche,creation,18,18,2.0,intermediate,0.998926206649557,13.885599174348387,5000
6,down_niche,creation,19,19,4.070433493779025,intermediate,0.6455324186177134,114.92727099734316,5000
6,down_niche,creation,20,20,4.106796913766892,intermediate,0.8829345903094735,235.87661510200772,5000
6,down_niche,creation,21,21,3.9638575934397244,intermediate,0.8611722013721141,105.46084744576258,5000
6,down_niche,creation,22,22,3.826471808472922,intermediate,0.05545220341842061,68.08599162071204,5000
6,down_niche,creation,23,23,3.6870666570112576,intermediate,0.002409309181577002,63.645167077714014,5000
6,down_niche,creation,24,24,3.7299418714291948,intermediate,0.2639292296657568,76.14431455807107,5000
6,down_niche,creation,25,25,3.111111111111112,intermediate,0.4593880928142684,34.663308875855655,5000
6,down_niche,creation,26,26,3.5,intermediate,0.7147027052465287,1.5083180515952768,5000
6,down_niche,creation,27,27,2.0,top,0.1346433147556163,95.41478459831657,5000
6,down_niche,creation,28,28,2.0,top,0.35966592659345775,81.5863911570544,5000
6,down_niche,creation,29,29,2.0,intermediate,0.4875551664373984,52.473382728183566,5000
6,down_niche,creation,30,30,2.0,intermediate,0.35408999591438106,74.13504158427136,5000
6,down_niche,creation,31,31,2.0,intermediate,0.7570969783591089,14.96568875190419,5000
6,down_niche,creation,32,32,2.0,intermediate,0.7662117637464892,30.812307555285923,5000
6,down_niche,creation,33,33,2.0,top,0.3766519562906404,58.04145297805478,5000
6,down_niche,creation,34,34,2.0,intermediate,0.8487035909309746,80.02900622486385,5000
6,down_niche,creation,35,35,3.0,intermediate,0.7364612919839535,78.24279083920918,5000
6,down_niche,creation,36,36,3.0,intermediate,0.706275963595366,22.94332048515667,5000
6,down_niche,creation,37,37,1.0,basal,0.005500478945317799,0.6,5000
6,down_niche,creation,38,38,1.0,basal,0.6144986238994063,1.9,5000
6,down_niche,creation,39,39,1.0,basal,0.3627416393157422,6.0,5000
6,down_niche,creation,40,40,1.0,basal,0.7852818620383253,19.0,5000
6,down_niche,creation,41,41,1.0,basal,0.4494428576274614,60.0,5000
6,down_niche,creation,42,42,1.0,basal,0.8969709103664842,190.0,5000
6,down_niche,creation,43,43,1.0,basal,0.9637116451733995,600.0,5000
6,down_niche,creation,44,44,1.0,basal,0.5513271798557462,1900.0,5000
6,down_niche,creation,45,45,2.0,intermediate,0.8400998572172279,0.6,5000
6,down_niche,creation,46,46,2.0,intermediate,0.6453707169193085,1.9,5000
6,down_niche,creation,47,47,2.0,intermediate,0.6313965339145013,6.0,5000
6,down_niche,creation,48,48,2.0,intermediate,0.3500811963550704,19.0,5000
6,down_niche,creation,49,49,2.0,intermediate,0.963314377399516,60.0,5000
6,down_niche,creation,50,50,2.0,intermediate,0.2335942566642918,190.0,5000
6,down_niche,creation,51,51,2.0,intermediate,0.555090259765699,600.0,5000
6,down_niche,creation,52,52,2.0,intermediate,0.7787198061640117,1900.0,5000
6,atn,creation,1,1,2.2000000000000006,intermediate,0.15670922778000052,102.09099856813125,5000
6,atn,creation,2,2,2.1111111111111116,intermediate,0.32397996367867077,62.13982674483746,5000
6,atn,creation,3,3,2.1111111111111116,intermediate,0.4322649979122164,62.93425448320178,5000
6,atn,creation,4,4,2.0,intermediate,0.4695502608401523,9.116984248924409,5000
6,atn,creation,5,5,2.2000000000000006,intermediate,0.0054515382627179365,97.54491346979135,5000
6,atn,creation,6,6,2.1111111111111116,intermediate,0.6736539008861198,61.574884627138154,5000
6,atn,creation,7,7,2.0,intermediate,0.6070057044615984,10.976128002881948,5000
6,atn,creation,8,8,2.0000000000000004,intermediate,0.49972317818055123,26.228424115392563,5000
6,atn,creation,9,9,1.0,basal,0.6321397882394352,4.3274787081504416,5000
6,atn,creation,10,10,1.0,basal,0.5126072241088753,1.6407573500992982,5000
6,atn,creation,11,11,2.0000000000000004,intermediate,0.15367504460836534,41.64148842448809,5000
6,atn,creation,12,12,2.0000000000000004,intermediate,0.06612920364930219,41.39899778252625,5000
6,atn,creation,13,13,2.0000000000000004,intermediate,0.2539576150810572,20.551777307468345,5000
6,atn,creation,14,14,2.1111111111111116,intermediate,0.5627671342407308,59.74347681057095,5000
6,atn,creation,15,15,2.0,intermediate,0.3282113219693388,13.005973663525245,5000
6,atn,creation,16,16,2.1111111111111116,intermediate,0.567215595631753,74.84599924812655,5000
6,atn,creation,17,17,2.2000000000000006,intermediate,0.9148455985910102,91.73595502048299,5000
6,atn,creation,18,18,2.0,intermediate,0.998926206649557,13.885599174348387,5000
6,atn,creation,19,19,2.272727272727272,intermediate,0.6455324186177134,114.92727099734316,5000
6,atn,creation,20,20,2.5624999999999996,top,0.8829345903094735,235.87661510200772,5000
6,atn,creation,21,21,2.2000000000000006,intermediate,0.8611722013721141,105.46084744576258,5000
6,atn,creation,22,22,2.1111111111111116,intermediate,0.05545220341842061,68.08599162071204,5000
6,atn,creation,23,23,2.1111111111111116,intermediate,0.002409309181577002,63.645167077714014,5000
6,atn,creation,24,24,2.1111111111111116,intermediate,0.2639292296657568,76.14431455807107,5000
6,atn,creation,25,25,2.0000000000000004,intermediate,0.4593880928142684,34.663308875855655,5000
6,atn,creation,26,26,1.0,basal,0.7147027052465287,1.5083180515952768,5000
6,atn,creation,27,27,2.2000000000000006,intermediate,0.1346433147556163,95.41478459831657,5000
6,atn,creation,28,28,2.1111111111111116,intermediate,0.35966592659345775,81.5863911570544,5000
6,atn,creation,29,29,1.9999999999999996,intermediate,0.4875551664373984,52.473382728183566,5000
6,atn,creation,30,30,2.1111111111111116,intermediate,0.35408999591438106,74.13504158427136,5000
6,atn,creation,31,31,2.0,intermediate,0.7570969783591089,14.96568875190419,5000
6,atn,creation,32,32,2.0000000000000004,intermediate,0.7662117637464892,30.812307555285923,5000
6,atn,creation,33,33,1.9999999999999996,intermediate,0.3766519562906404,58.04145297805478,5000
6,atn,creation,34,34,2.1111111111111116,intermediate,0.8487035909309746,80.02900622486385,5000
6,atn,creation,35,35,2.1111111111111116,intermediate,0.7364612919839535,78.24279083920918,5000
6,atn,creation,36,36,2.0000000000000004,intermediate,0.706275963595366,22.94332048515667,5000
6,atn,creation,37,37,1.0,basal,0.005500478945317799,0.6,5000
6,atn,creation,38,38,1.0,basal,0.6144986238994063,1.9,5000
6,atn,creation,39,39,1.0,basal,0.3627416393157422,6.0,5000
6,atn,creation,40,40,1.0,basal,0.7852818620383253,19.0,5000
6,atn,creation,41,41,1.0,basal,0.4494428576274614,60.0,5000
6,atn,creation,42,42,1.0,basal,0.8969709103664842,190.0,5000
6,atn,creation,43,43,1.0,isolated,0.9637116451733995,600.0,5000
6,atn,creation,44,44,1.0,isolated,0.5513271798557462,1900.0,5000
6,atn,creation,45,45,1.0,basal,0.8400998572172279,0.6,5000
6,atn,creation,46,46,1.0,basal,0.6453707169193085,1.9,5000
6,atn,creation,47,47,2.0,intermediate,0.6313965339145013,6.0,5000
6,atn,creation,48,48,2.0000000000000004,intermediate,0.3500811963550704,19.0,5000
6,atn,creation,49,49,2.1111111111111116,intermediate,0.963314377399516,60.0,5000
6,atn,creation,50,50,2.4375,intermediate,0.2335942566642918,190.0,5000
6,atn,creation,51,51,2.7288888888888887,top,0.555090259765699,600.0,5000
6,atn,creation,52,52,2.9788667929292925,top,0.7787198061640117,1900.0,5000
6,down_power,post_burn_in,1,10,1.9999999999999996,intermediate,0.18462819386589627,1.6407573500992982,5000
6,down_power,post_burn_in,2,26,1.9999999999999998,intermediate,0.004479631197839263,1.5083180515952768,5000
6,down_power,post_burn_in,3,37,1.0,basal,0.18828818960090174,0.6,5000
6,down_power,post_burn_in,4,38,1.0,basal,0.1481302697382448,1.9,5000
6,down_power,post_burn_in,5,39,1.0,basal,0.11539114836135575,6.0,5000
6,down_power,post_burn_in,6,40,1.0,basal,0.08907451747242652,19.0,5000
6,down_power,post_burn_in,7,41,1.0,basal,0.20928567867733275,60.0,5000
6,down_power,post_burn_in,8,42,1.0,basal,0.06269408720160013,190.0,5000
6,down_power,post_burn_in,9,43,1.0,basal,0.04378920840685264,600.0,5000
6,down_power,post_burn_in,10,44,1.0,basal,0.10037609696395763,1900.0,5000
6,down_power,post_burn_in,11,45,2.0,top,0.37734008287146453,0.6,5000
6,down_power,post_burn_in,12,46,1.9999999999999998,top,0.11160591094704142,1.9,5000
6,metaweb,post_burn_in,1,3,2.0,top,0.06564834017718302,62.93425448320178,5000
6,metaweb,post_burn_in,2,4,2.0,top,0.049424831320882906,9.116984248924409,5000
6,metaweb,post_burn_in,3,6,2.0,top,0.07080103396825985,61.574884627138154,5000
6,metaweb,post_burn_in,4,7,2.0,top,0.4538959748253467,10.976128002881948,5000
6,metaweb,post_burn_in,5,8,2.0,top,0.09645193296342117,26.228424115392563,5000
6,metaweb,post_burn_in,6,9,2.0,top,0.051281671068526366,4.3274787081504416,5000
6,metaweb,post_burn_in,7,10,2.0,top,0.05001625299415429,1.6407573500992982,5000
6,metaweb,post_burn_in,8,11,2.0,top,0.11491240307325282,41.64148842448809,5000
6,metaweb,post_burn_in,9,12,2.0,top,0.035823530156211134,41.39899778252625,5000
6,metaweb,post_burn_in,10,15,2.0,top,0.08498841122437499,13.005973663525245,5000
6,metaweb,post_burn_in,11,16,2.0,top,0.42414243197889123,74.84599924812655,5000
6,metaweb,post_burn_in,12,17,2.0,top,0.07352565553614897,91.73595502048299,5000
6,metaweb,post_burn_in,13,18,2.0,top,0.11073603675938126,13.885599174348387,5000
6,metaweb,post_burn_in,14,27,2.0,top,0.10068119320050148,95.41478459831657,5000
6,metaweb,post_burn_in,15,28,2.0,top,0.2689446164387977,81.5863911570544,5000
6,metaweb,post_burn_in,16,29,2.0,top,0.06719601553289781,52.473382728183566,5000
6,metaweb,post_burn_in,17,30,2.0,top,0.06283100057407781,74.13504158427136,5000
6,metaweb,post_burn_in,18,31,2.0,top,0.1057293559319506,14.96568875190419,5000
6,metaweb,post_burn_in,19,32,2.0,top,0.10596477549832403,30.812307555285923,5000
6,metaweb,post_burn_in,20,33,2.0,top,0.28164612888116947,58.04145297805478,5000
6,metaweb,post_burn_in,21,34,2.0,top,0.07291487744997192,80.02900622486385,5000
6,metaweb,post_burn_in,22,37,1.0,basal,0.21361727108472728,0.6,5000
6,metaweb,post_burn_in,23,38,1.0,basal,0.21361727108472728,1.9,5000
6,metaweb,post_burn_in,24,39,1.0,basal,0.21361727108472728,6.0,5000
6,metaweb,post_burn_in,25,40,1.0,basal,0.21361727108472728,19.0,5000
6,metaweb,post_burn_in,26,41,1.0,basal,0.21361727108472728,60.0,5000
6,metaweb,post_burn_in,27,42,1.0,basal,0.21361727108472728,190.0,5000
6,metaweb,post_burn_in,28,43,1.0,basal,0.21361727108472728,600.0,5000
6,metaweb,post_burn_in,29,44,1.0,basal,0.21361727108472728,1900.0,5000
6,metaweb,post_burn_in,30,45,2.0,top,0.09144713032851527,0.6,5000
6,metaweb,post_burn_in,31,46,2.0,top,0.08759939046290266,1.9,5000
6,metaweb,post_burn_in,32,47,2.0,top,0.0872488665540494,6.0,5000
6,metaweb,post_burn_in,33,48,2.0,top,0.07596778090085918,19.0,5000
6,metaweb,post_burn_in,34,49,2.0,top,0.09318218684377981,60.0,5000
6,metaweb,post_burn_in,35,50,2.0,top,0.06636393152775129,190.0,5000
6,metaweb,post_burn_in,36,51,2.0,top,0.08508734197388149,600.0,5000
6,metaweb,post_burn_in,37,52,2.0,top,0.09040973143259216,1900.0,5000
6,niche,post_burn_in,1,13,2.4833333333333334,top,0.48491651567232796,20.551777307468345,5000
6,niche,post_burn_in,2,23,3.427604206487764,intermediate,0.03931480062095585,63.645167077714014,5000
6,niche,post_burn_in,3,24,2.425925925925926,intermediate,0.34741299656074004,76.14431455807107,5000
6,niche,post_burn_in,4,26,2.5757575757575757,intermediate,0.32170217864906114,1.5083180515952768,5000
6,niche,post_burn_in,5,29,2.763888888888889,top,0.4511317637913051,52.473382728183566,5000
6,niche,post_burn_in,6,30,2.638888888888889,top,0.0005524547181234022,74.13504158427136,5000
6,niche,post_burn_in,7,33,2.638888888888889,top,0.0005589222715925453,58.04145297805478,5000
6,niche,post_burn_in,8,40,2.25,top,0.05883740640740997,19.0,5000
6,niche,post_burn_in,9,43,2.0,intermediate,0.16182609977999055,600.0,5000
6,niche,post_burn_in,10,45,2.75,intermediate,0.01120825280928176,0.6,5000
6,niche,post_burn_in,11,46,1.0,basal,0.5026431914877987,1.9,5000
6,niche,post_burn_in,12,47,1.0,basal,0.5522335332425289,6.0,5000
6,niche,post_burn_in,13,48,2.5,intermediate,0.029544615626686158,19.0,5000
6,niche,post_burn_in,14,49,2.0833333333333335,intermediate,0.08242274071431618,60.0,5000
6,niche,post_burn_in,15,50,2.0,intermediate,0.12376796943263917,190.0,5000
6,niche,post_burn_in,16,51,2.0,intermediate,0.1625453514198414,600.0,5000
6,niche,post_burn_in,17,52,1.0,basal,0.35080908816652545,1900.0,5000
6,down_rand,post_burn_in,1,3,1.9999999999999996,top,1.7101457242740366e-11,62.93425448320178,5000
6,down_rand,post_burn_in,2,4,2.0000000000000004,top,2.9001307931283028e-9,9.116984248924409,5000
6,down_rand,post_burn_in,3,7,1.9999999999999996,top,1.2712358080875311e-9,10.976128002881948,5000
6,down_rand,post_burn_in,4,8,1.9999999999999998,top,1.1186513753370345e-10,26.228424115392563,5000
6,down_rand,post_burn_in,5,9,2.0,intermediate,2.2006612813277374e-9,4.3274787081504416,5000
6,down_rand,post_burn_in,6,10,1.9999999999999996,intermediate,0.1607669909696647,1.6407573500992982,5000
6,down_rand,post_burn_in,7,11,2.0000000000000004,top,5.4597678563435924e-11,41.64148842448809,5000
6,down_rand,post_burn_in,8,12,2.0,top,9.000122883221476e-12,41.39899778252625,5000
6,down_rand,post_burn_in,9,13,2.999999999999999,top,0.09459115852954032,20.551777307468345,5000
6,down_rand,post_burn_in,10,15,1.9999999999999996,top,2.3964207441888396e-10,13.005973663525245,5000
6,down_rand,post_burn_in,11,16,1.9999999999999998,top,3.491250198431603e-10,74.84599924812655,5000
6,down_rand,post_burn_in,12,18,2.0,top,1.1196861488107081e-10,13.885599174348387,5000
6,down_rand,post_burn_in,13,26,1.7499999999999991,intermediate,1.1877019399524286e-7,1.5083180515952768,5000
6,down_rand,post_burn_in,14,27,2.0000000000000004,top,5.128499351887375e-11,95.41478459831657,5000
6,down_rand,post_burn_in,15,28,2.0,top,6.367837787025124e-11,81.5863911570544,5000
6,down_rand,post_burn_in,16,29,2.0000000000000004,top,2.893701494958119e-11,52.473382728183566,5000
6,down_rand,post_burn_in,17,30,2.0000000000000004,top,1.9355497837756417e-11,74.13504158427136,5000
6,down_rand,post_burn_in,18,31,2.0000000000000004,top,4.556100231572159e-10,14.96568875190419,5000
6,down_rand,post_burn_in,19,32,2.0000000000000004,top,1.5881135684106812e-10,30.812307555285923,5000
6,down_rand,post_burn_in,20,33,2.0,top,6.640534514841279e-11,58.04145297805478,5000
6,down_rand,post_burn_in,21,34,2.0000000000000004,top,1.9113509220320385e-11,80.02900622486385,5000
6,down_rand,post_burn_in,22,35,2.9999999999999996,top,9.208410032236561e-10,78.24279083920918,5000
6,down_rand,post_burn_in,23,36,2.9999999999999996,top,1.644615768725885e-8,22.94332048515667,5000
6,down_rand,post_burn_in,24,37,1.0,basal,0.23089370699300363,0.6,5000
6,down_rand,post_burn_in,25,38,1.0,basal,0.2860351379829224,1.9,5000
6,down_rand,post_burn_in,26,39,1.0,basal,0.12288500434880731,6.0,5000
6,down_rand,post_burn_in,27,40,1.0,basal,0.09504291547607856,19.0,5000
6,down_rand,post_burn_in,28,41,1.0,basal,0.07303104931891753,60.0,5000
6,down_rand,post_burn_in,29,42,1.0,basal,0.1124444670110188,190.0,5000
6,down_rand,post_burn_in,30,43,1.0,basal,0.04242437344730997,600.0,5000
6,down_rand,post_burn_in,31,44,1.0,basal,0.045054021401073306,1900.0,5000
6,down_rand,post_burn_in,32,45,2.0,intermediate,0.26595139981164895,0.6,5000
6,down_rand,post_burn_in,33,46,1.9999999999999998,intermediate,0.3453753004148805,1.9,5000
6,down_rand,post_burn_in,34,48,2.0,intermediate,1.702600772103509e-10,19.0,5000
6,down_rand,post_burn_in,35,50,2.0,intermediate,1.72091971653772e-11,190.0,5000
6,down_rand,post_burn_in,36,51,1.9999999999999998,intermediate,3.8613228000661304e-11,600.0,5000
6,down_rand,post_burn_in,37,52,1.9999999999999998,intermediate,1.813699899652191e-11,1900.0,5000
6,down_link,post_burn_in,1,9,1.9999999999999996,intermediate,2.3525869372124645e-8,4.3274787081504416,5000
6,down_link,post_burn_in,2,10,2.0000000000000004,intermediate,0.18862516363303605,1.6407573500992982,5000
6,down_link,post_burn_in,3,13,2.9999999999999996,top,0.1967268409601556,20.551777307468345,5000
6,down_link,post_burn_in,4,26,1.9999999999999998,intermediate,0.07141033263832483,1.5083180515952768,5000
6,down_link,post_burn_in,5,31,1.9999999999999998,top,3.0058663200369094e-10,14.96568875190419,5000
6,down_link,post_burn_in,6,37,1.0,basal,0.3935325930441244,0.6,5000
6,down_link,post_burn_in,7,38,1.0,basal,0.19243952659023697,1.9,5000
6,down_link,post_burn_in,8,39,1.0,basal,0.15165072778809238,6.0,5000
6,down_link,post_burn_in,9,40,1.0,basal,0.14505676037832524,19.0,5000
6,down_link,post_burn_in,10,41,1.0,basal,0.09134195130993751,60.0,5000
6,down_link,post_burn_in,11,42,1.0,basal,0.07024474567755722,190.0,5000
6,down_link,post_burn_in,12,43,1.0,basal,0.06658903207838843,600.0,5000
6,down_link,post_burn_in,13,44,1.0,basal,0.0406532102352325,1900.0,5000
6,down_link,post_burn_in,14,45,1.9999999999999998,intermediate,0.20745831904812162,0.6,5000
6,down_link,post_burn_in,15,46,2.0,intermediate,0.3332156060199019,1.9,5000
6,down_link,post_burn_in,16,47,2.0,intermediate,0.004729837704014712,6.0,5000
6,down_niche,post_burn_in,1,3,2.0,top,0.06556227795248337,62.93425448320178,5000
6,down_niche,post_burn_in,2,4,2.0,top,0.033391752441710804,9.116984248924409,5000
6,down_niche,post_burn_in,3,6,2.0,top,0.0642511139666708,61.574884627138154,5000
6,down_niche,post_burn_in,4,7,2.0,top,0.4299127500354445,10.976128002881948,5000
6,down_niche,post_burn_in,5,8,2.0,top,0.1087934387495196,26.228424115392563,5000
6,down_niche,post_burn_in,6,9,2.0,top,0.03427713763036729,4.3274787081504416,5000
6,down_niche,post_burn_in,7,10,2.0,top,0.1494928563922222,1.6407573500992982,5000
6,down_niche,post_burn_in,8,11,2.0,top,0.10884059334826363,41.64148842448809,5000
6,down_niche,post_burn_in,9,12,2.0,top,0.032885051267704704,41.39899778252625,5000
6,down_niche,post_burn_in,10,15,2.0,top,0.11739721626327376,13.005973663525245,5000
6,down_niche,post_burn_in,11,16,2.0,top,0.4017313425370905,74.84599924812655,5000
6,down_niche,post_burn_in,12,17,2.0,top,0.068314786636827,91.73595502048299,5000
6,down_niche,post_burn_in,13,18,2.0,top,0.10793294644777258,13.885599174348387,5000
6,down_niche,post_burn_in,14,27,2.0,top,0.09536134058536848,95.41478459831657,5000
6,down_niche,post_burn_in,15,28,2.0,top,0.2547339612447599,81.5863911570544,5000
6,down_niche,post_burn_in,16,29,2.0,top,0.055067711798577265,52.473382728183566,5000
6,down_niche,post_burn_in,17,30,2.0,top,0.0759375726049495,74.13504158427136,5000
6,down_niche,post_burn_in,18,31,2.0,top,0.12454259148127676,14.96568875190419,5000
6,down_niche,post_burn_in,19,32,2.0,top,0.09742294184327077,30.812307555285923,5000
6,down_niche,post_burn_in,20,33,2.0,top,0.2667643436377088,58.04145297805478,5000
6,down_niche,post_burn_in,21,34,2.0,top,0.07741127460752595,80.02900622486385,5000
6,down_niche,post_burn_in,22,37,1.0,basal,0.21361727108472725,0.6,5000
6,down_niche,post_burn_in,23,38,1.0,basal,0.21361727108472725,1.9,5000
6,down_niche,post_burn_in,24,39,1.0,basal,0.21361727108472722,6.0,5000
6,down_niche,post_burn_in,25,40,1.0,basal,0.21361727108472728,19.0,5000
6,down_niche,post_burn_in,26,41,1.0,basal,0.21361727108472728,60.0,5000
6,down_niche,post_burn_in,27,42,1.0,basal,0.21361727108472728,190.0,5000
6,down_niche,post_burn_in,28,43,1.0,basal,0.21361727108472728,600.0,5000
6,down_niche,post_burn_in,29,44,1.0,basal,0.21361727108472722,1900.0,5000
6,down_niche,post_burn_in,30,45,2.0,top,0.08854081907348088,0.6,5000
6,down_niche,post_burn_in,31,46,2.0,top,0.08473598679197959,1.9,5000
6,down_niche,post_burn_in,32,47,2.0,top,0.08438972658049103,6.0,5000
6,down_niche,post_burn_in,33,48,2.0,top,0.07327735417527953,19.0,5000
6,down_niche,post_burn_in,34,49,2.0,top,0.09025886827894976,60.0,5000
6,down_niche,post_burn_in,35,50,2.0,top,0.06386498742822021,190.0,5000
6,down_niche,post_burn_in,36,51,2.0,top,0.08225580100946484,600.0,5000
6,down_niche,post_burn_in,37,52,2.0,top,0.08751428476740322,1900.0,5000
6,atn,post_burn_in,1,1,2.2000000000000006,intermediate,1.1127852064877425e-9,102.09099856813125,5000
6,atn,post_burn_in,2,2,2.1111111111111116,intermediate,0.3811846248895029,62.13982674483746,5000
6,atn,post_burn_in,3,3,2.1111111111111116,intermediate,0.3645394720524586,62.93425448320178,5000
6,atn,post_burn_in,4,4,2.0,intermediate,0.14347022232616816,9.116984248924409,5000
6,atn,post_burn_in,5,5,2.2000000000000006,intermediate,1.7213614373216257e-9,97.54491346979135,5000
6,atn,post_burn_in,6,6,2.1111111111111116,intermediate,0.3932835507002156,61.574884627138154,5000
6,atn,post_burn_in,7,7,2.0,intermediate,0.09106476302978674,10.976128002881948,5000
6,atn,post_burn_in,8,8,2.0000000000000004,intermediate,0.308082150886621,26.228424115392563,5000
6,atn,post_burn_in,9,9,1.0,basal,0.4093211190123544,4.3274787081504416,5000
6,atn,post_burn_in,10,10,1.0,basal,0.32886199360981605,1.6407573500992982,5000
6,atn,post_burn_in,11,11,2.0000000000000004,intermediate,0.07525499219887652,41.64148842448809,5000
6,atn,post_burn_in,12,12,2.0000000000000004,intermediate,0.07757631858824672,41.39899778252625,5000
6,atn,post_burn_in,13,13,2.0000000000000004,intermediate,0.16097168216201202,20.551777307468345,5000
6,atn,post_burn_in,14,14,2.1111111111111116,intermediate,0.12132540856060878,59.74347681057095,5000
6,atn,post_burn_in,15,15,2.0,intermediate,0.05083324702778529,13.005973663525245,5000
6,atn,post_burn_in,16,16,2.1111111111111116,intermediate,0.157676567576447,74.84599924812655,5000
6,atn,post_burn_in,17,17,2.2000000000000006,intermediate,1.5276935915353996e-5,91.73595502048299,5000
6,atn,post_burn_in,18,18,2.0,intermediate,0.03706786035523685,13.885599174348387,5000
6,atn,post_burn_in,19,19,2.2727272727272725,intermediate,7.809170723413098e-12,114.92727099734316,5000
6,atn,post_burn_in,20,20,2.5625,top,1.0489463149176999,235.87661510200772,5000
6,atn,post_burn_in,21,21,2.2000000000000006,intermediate,5.59200165799486e-10,105.46084744576258,5000
6,atn,post_burn_in,22,22,2.1111111111111116,intermediate,0.2660790085793088,68.08599162071204,5000
6,atn,post_burn_in,23,23,2.1111111111111116,intermediate,0.3499977969016377,63.645167077714014,5000
6,atn,post_burn_in,24,24,2.1111111111111116,intermediate,0.1391011738416602,76.14431455807107,5000
6,atn,post_burn_in,25,25,2.0000000000000004,intermediate,0.15516371866946208,34.663308875855655,5000
6,atn,post_burn_in,26,26,1.0,basal,0.33876241309854216,1.5083180515952768,5000
6,atn,post_burn_in,27,27,2.2,intermediate,1.8567131130465135e-7,95.41478459831657,5000
6,atn,post_burn_in,28,28,2.111111111111111,intermediate,0.06783256441322197,81.5863911570544,5000
6,atn,post_burn_in,29,29,1.9999999999999998,intermediate,0.12724205615811307,52.473382728183566,5000
6,atn,post_burn_in,30,30,2.111111111111111,intermediate,0.16813044974024405,74.13504158427136,5000
6,atn,post_burn_in,31,31,2.0,intermediate,0.022411014149344523,14.96568875190419,5000
6,atn,post_burn_in,32,32,2.0,intermediate,0.21474255200750725,30.812307555285923,5000
6,atn,post_burn_in,33,33,1.9999999999999998,intermediate,0.08870084956168377,58.04145297805478,5000
6,atn,post_burn_in,34,34,2.111111111111111,intermediate,0.08720935113735667,80.02900622486385,5000
6,atn,post_burn_in,35,35,2.111111111111111,intermediate,0.11041237653436028,78.24279083920918,5000
6,atn,post_burn_in,36,36,2.0,intermediate,0.1333875335834305,22.94332048515667,5000
6,atn,post_burn_in,37,37,1.0,basal,0.29712459840175204,0.6,5000
6,atn,post_burn_in,38,38,1.0,basal,0.3208189941567561,1.9,5000
6,atn,post_burn_in,39,39,1.0,basal,0.4052426106133368,6.0,5000
6,atn,post_burn_in,40,40,1.0,basal,0.7346746016345638,19.0,5000
6,atn,post_burn_in,41,41,1.0,basal,0.8608428566264227,60.0,5000
6,atn,post_burn_in,42,42,1.0,basal,0.9431543851559421,190.0,5000
6,atn,post_burn_in,43,45,1.0,basal,0.2971245984017521,0.6,5000
6,atn,post_burn_in,44,46,1.0,basal,0.32081899415675624,1.9,5000
6,atn,post_burn_in,45,47,2.0,intermediate,0.05558289433123602,6.0,5000
6,atn,post_burn_in,46,48,2.0,intermediate,0.1824169426848187,19.0,5000
6,atn,post_burn_in,47,49,2.111111111111111,intermediate,0.11968632451323716,60.0,5000
6,atn,post_burn_in,48,50,2.4375,intermediate,2.933229483576594e-7,190.0,5000
6,atn,post_burn_in,49,51,2.728888888888889,top,0.8875576881272598,600.0,5000
6,atn,post_burn_in,50,52,2.978866792929293,top,0.9140926498271296,1900.0,5000
7,down_power,creation,1,1,3.8972285427438758,intermediate,0.04952847994546539,157.64843855444252,5000
7,down_power,creation,2,2,3.5315489571936305,intermediate,0.991234131960996,71.0608860748081,5000
7,down_power,creation,3,3,1.9999999999999998,intermediate,0.19115834508062746,74.66754201729621,5000
7,down_power,creation,4,4,1.9999999999999998,intermediate,0.5700086393180606,4.245619198407141,5000
7,down_power,creation,5,5,3.58765690267518,intermediate,0.8604368042001025,75.25283724893502,5000
7,down_power,creation,6,6,1.9999999999999998,intermediate,0.8646773161035597,62.30640460651625,5000
7,down_power,creation,7,7,1.9999999999999998,top,0.8326572258735224,26.712565435822242,5000
7,down_power,creation,8,8,1.9999999999999998,intermediate,0.12493566180587723,22.3573734233997,5000
7,down_power,creation,9,9,2.0000000000000004,intermediate,0.5105249147673518,5.70310286141971,5000
7,down_power,creation,10,10,1.9999999999999998,intermediate,0.7181286865325481,4.664056188460212,5000
7,down_power,creation,11,11,2.0,top,0.9644917663203351,39.97661002296284,5000
7,down_power,creation,12,12,2.0,intermediate,0.8833943267828905,23.249142796113425,5000
7,down_power,creation,13,13,3.0000000000000004,intermediate,0.4994288581276114,15.38210451033126,5000
7,down_power,creation,14,14,2.8357487922705324,intermediate,0.6811625025343558,58.85689195142042,5000
7,down_power,creation,15,15,1.9999999999999998,intermediate,0.8277519070953737,18.753941720146866,5000
7,down_power,creation,16,16,2.0,top,0.07587201437266355,92.98712616395389,5000
7,down_power,creation,17,17,2.0000000000000004,intermediate,0.5049737365770903,66.69636380190491,5000
7,down_power,creation,18,18,1.9999999999999998,intermediate,0.5363430231823487,11.725361326326334,5000
7,down_power,creation,19,19,3.6456430491322105,intermediate,0.43565407619224017,133.8741500608608,5000
7,down_power,creation,20,20,3.841062246751471,intermediate,0.6205211775111319,286.5437847880969,5000
7,down_power,creation,21,21,3.458937198067632,intermediate,0.8957259285957893,162.20036562168454,5000
7,down_power,creation,22,22,3.590609952437366,intermediate,0.23832641394814957,65.63561819020049,5000
7,down_power,creation,23,23,3.597969479460495,intermediate,0.46060075749357254,56.909037515026455,5000
7,down_power,creation,24,24,3.3873817472441763,intermediate,0.12774207257683012,76.1279787951522,5000
7,down_power,creation,25,25,3.222222222222223,intermediate,0.14728794420534508,20.388940926092324,5000
7,down_power,creation,26,26,3.0,top,0.1415362100520845,7.833816810722474,5000
7,down_power,creation,27,27,2.0,top,0.5743430376826807,64.27175880320223,5000
7,down_power,creation,28,28,1.9999999999999998,top,0.3083073586595615,99.5166995534454,5000
7,down_power,creation,29,29,1.9999999999999998,intermediate,0.6198652909492304,75.49682676499047,5000
7,down_power,creation,30,30,1.9999999999999998,intermediate,0.30173681168654287,50.41305145042467,5000
7,down_power,creation,31,31,2.0,intermediate,0.5517827077789238,43.722237246829415,5000
7,down_power,creation,32,32,2.0000000000000004,intermediate,0.12339855203734662,44.730440685134546,5000
7,down_power,creation,33,33,1.9999999999999998,top,0.14284396882222905,82.47679474322467,5000
7,down_power,creation,34,34,1.9999999999999998,intermediate,0.6253300455234111,81.94964796577511,5000
7,down_power,creation,35,35,3.0,intermediate,0.19104587472461054,50.03655551392964,5000
7,down_power,creation,36,36,3.0000000000000004,intermediate,0.13318164869302573,12.648584595801431,5000
7,down_power,creation,37,37,1.0,basal,0.6489423725070018,0.6,5000
7,down_power,creation,38,38,1.0,basal,0.4909792848831771,1.9,5000
7,down_power,creation,39,39,1.0,basal,0.38196579829263344,6.0,5000
7,down_power,creation,40,40,1.0,basal,0.04985577776839478,19.0,5000
7,down_power,creation,41,41,1.0,basal,0.6648183325466754,60.0,5000
7,down_power,creation,42,42,1.0,basal,0.8166544123029472,190.0,5000
7,down_power,creation,43,43,1.0,basal,0.5422471465013126,600.0,5000
7,down_power,creation,44,44,1.0,basal,0.5533478344938112,1900.0,5000
7,down_power,creation,45,45,1.9999999999999998,intermediate,0.6749899920667343,0.6,5000
7,down_power,creation,46,46,1.9999999999999998,intermediate,0.7568179405388878,1.9,5000
7,down_power,creation,47,47,2.0,intermediate,0.369635641492448,6.0,5000
7,down_power,creation,48,48,2.0,intermediate,0.023121780978316853,19.0,5000
7,down_power,creation,49,49,1.9999999999999998,intermediate,0.7218703663799717,60.0,5000
7,down_power,creation,50,50,2.0000000000000004,intermediate,0.29403229472273373,190.0,5000
7,down_power,creation,51,51,2.0000000000000004,intermediate,0.20524251589472176,600.0,5000
7,down_power,creation,52,52,1.9999999999999998,intermediate,0.6593963876325198,1900.0,5000
7,metaweb,creation,1,1,4.0613354240613635,intermediate,0.04952847994546539,157.64843855444252,5000
7,metaweb,creation,2,2,3.5954723098103645,intermediate,0.991234131960996,71.0608860748081,5000
7,metaweb,creation,3,3,2.0,intermediate,0.19115834508062746,74.66754201729621,5000
7,metaweb,creation,4,4,2.0,intermediate,0.5700086393180606,4.245619198407141,5000
7,metaweb,creation,5,5,3.5954723098103667,intermediate,0.8604368042001025,75.25283724893502,5000
7,metaweb,creation,6,6,2.0,intermediate,0.8646773161035597,62.30640460651625,5000
7,metaweb,creation,7,7,2.0,top,0.8326572258735224,26.712565435822242,5000
7,metaweb,creation,8,8,2.0,intermediate,0.12493566180587723,22.3573734233997,5000
7,metaweb,creation,9,9,2.0,intermediate,0.5105249147673518,5.70310286141971,5000
7,metaweb,creation,10,10,2.0,intermediate,0.7181286865325481,4.664056188460212,5000
7,metaweb,creation,11,11,2.0,top,0.9644917663203351,39.97661002296284,5000
7,metaweb,creation,12,12,2.0,intermediate,0.8833943267828905,23.249142796113425,5000
7,metaweb,creation,13,13,3.0,intermediate,0.4994288581276114,15.38210451033126,5000
7,metaweb,creation,14,14,2.8392621870882753,intermediate,0.6811625025343558,58.85689195142042,5000
7,metaweb,creation,15,15,2.0,intermediate,0.8277519070953737,18.753941720146866,5000
7,metaweb,creation,16,16,2.0,top,0.07587201437266355,92.98712616395389,5000
7,metaweb,creation,17,17,2.0,intermediate,0.5049737365770903,66.69636380190491,5000
7,metaweb,creation,18,18,2.0,intermediate,0.5363430231823487,11.725361326326334,5000
7,metaweb,creation,19,19,4.0613354240613635,intermediate,0.43565407619224017,133.8741500608608,5000
7,metaweb,creation,20,20,4.061335424061364,intermediate,0.6205211775111319,286.5437847880969,5000
7,metaweb,creation,21,21,4.061335424061364,intermediate,0.8957259285957893,162.20036562168454,5000
7,metaweb,creation,22,22,3.5954723098103636,intermediate,0.23832641394814957,65.63561819020049,5000
7,metaweb,creation,23,23,3.5954723098103654,intermediate,0.46060075749357254,56.909037515026455,5000
7,metaweb,creation,24,24,3.5762090864680016,intermediate,0.12774207257683012,76.1279787951522,5000
7,metaweb,creation,25,25,3.303030303030302,intermediate,0.14728794420534508,20.388940926092324,5000
7,metaweb,creation,26,26,3.3333333333333335,intermediate,0.1415362100520845,7.833816810722474,5000
7,metaweb,creation,27,27,2.0,top,0.5743430376826807,64.27175880320223,5000
7,metaweb,creation,28,28,2.0,top,0.3083073586595615,99.5166995534454,5000
7,metaweb,creation,29,29,2.0,intermediate,0.6198652909492304,75.49682676499047,5000
7,metaweb,creation,30,30,2.0,intermediate,0.30173681168654287,50.41305145042467,5000
7,metaweb,creation,31,31,2.0,intermediate,0.5517827077789238,43.722237246829415,5000
7,metaweb,creation,32,32,2.0,intermediate,0.12339855203734662,44.730440685134546,5000
7,metaweb,creation,33,33,2.0,top,0.14284396882222905,82.47679474322467,5000
7,metaweb,creation,34,34,2.0,intermediate,0.6253300455234111,81.94964796577511,5000
7,metaweb,creation,35,35,3.0,intermediate,0.19104587472461054,50.03655551392964,5000
7,metaweb,creation,36,36,3.0,intermediate,0.13318164869302573,12.648584595801431,5000
7,metaweb,creation,37,37,1.0,basal,0.6489423725070018,0.6,5000
7,metaweb,creation,38,38,1.0,basal,0.4909792848831771,1.9,5000
7,metaweb,creation,39,39,1.0,basal,0.38196579829263344,6.0,5000
7,metaweb,creation,40,40,1.0,basal,0.04985577776839478,19.0,5000
7,metaweb,creation,41,41,1.0,basal,0.6648183325466754,60.0,5000
7,metaweb,creation,42,42,1.0,basal,0.8166544123029472,190.0,5000
7,metaweb,creation,43,43,1.0,basal,0.5422471465013126,600.0,5000
7,metaweb,creation,44,44,1.0,basal,0.5533478344938112,1900.0,5000
7,metaweb,creation,45,45,2.0,intermediate,0.6749899920667343,0.6,5000
7,metaweb,creation,46,46,2.0,intermediate,0.7568179405388878,1.9,5000
7,metaweb,creation,47,47,2.0,intermediate,0.369635641492448,6.0,5000
7,metaweb,creation,48,48,2.0,intermediate,0.023121780978316853,19.0,5000
7,metaweb,creation,49,49,2.0,intermediate,0.7218703663799717,60.0,5000
7,metaweb,creation,50,50,2.0,intermediate,0.29403229472273373,190.0,5000
7,metaweb,creation,51,51,2.0,intermediate,0.20524251589472176,600.0,5000
7,metaweb,creation,52,52,2.0,intermediate,0.6593963876325198,1900.0,5000
7,niche,creation,1,1,2.5,top,0.04952847994546539,157.64843855444252,5000
7,niche,creation,2,2,5.432873278938575,top,0.991234131960996,71.0608860748081,5000
7,niche,creation,3,3,3.964722222222222,top,0.19115834508062746,74.66754201729621,5000
7,niche,creation,4,4,3.0401136363636363,top,0.5700086393180606,4.245619198407141,5000
7,niche,creation,5,5,3.849791666666667,top,0.8604368042001025,75.25283724893502,5000
7,niche,creation,6,6,3.7990277777777774,top,0.8646773161035597,62.30640460651625,5000
7,niche,creation,7,7,3.2609722222222226,top,0.8326572258735224,26.712565435822242,5000
7,niche,creation,8,8,4.592758319341847,top,0.12493566180587723,22.3573734233997,5000
7,niche,creation,9,9,6.319500575222199,intermediate,0.5105249147673518,5.70310286141971,5000
7,niche,creation,10,10,4.319500575222199,intermediate,0.7181286865325481,4.664056188460212,5000
7,niche,creation,11,11,4.186333333333334,intermediate,0.9644917663203351,39.97661002296284,5000
7,niche,creation,12,12,3.7553703703703705,intermediate,0.8833943267828905,23.249142796113425,5000
7,niche,creation,13,13,4.550309329287271,intermediate,0.4994288581276114,15.38210451033126,5000
7,niche,creation,14,14,3.466225490196078,intermediate,0.6811625025343558,58.85689195142042,5000
7,niche,creation,15,15,4.916944444444444,intermediate,0.8277519070953737,18.753941720146866,5000
7,niche,creation,16,16,4.127291666666666,intermediate,0.07587201437266355,92.98712616395389,5000
7,niche,creation,17,17,1.0,basal,0.5049737365770903,66.69636380190491,5000
7,niche,creation,18,18,2.4,intermediate,0.5363430231823487,11.725361326326334,5000
7,niche,creation,19,19,3.916944444444444,intermediate,0.43565407619224017,133.8741500608608,5000
7,niche,creation,20,20,3.9956547619047615,intermediate,0.6205211775111319,286.5437847880969,5000
7,niche,creation,21,21,4.70496417732094,intermediate,0.8957259285957893,162.20036562168454,5000
7,niche,creation,22,22,2.525,intermediate,0.23832641394814957,65.63561819020049,5000
7,niche,creation,23,23,4.273171999090553,intermediate,0.46060075749357254,56.909037515026455,5000
7,niche,creation,24,24,3.916944444444444,intermediate,0.12774207257683012,76.1279787951522,5000
7,niche,creation,25,25,4.25352554646109,intermediate,0.14728794420534508,20.388940926092324,5000
7,niche,creation,26,26,2.5,intermediate,0.1415362100520845,7.833816810722474,5000
7,niche,creation,27,27,4.175416666666666,intermediate,0.5743430376826807,64.27175880320223,5000
7,niche,creation,28,28,3.0,intermediate,0.3083073586595615,99.5166995534454,5000
7,niche,creation,29,29,1.0,basal,0.6198652909492304,75.49682676499047,5000
7,niche,creation,30,30,4.043333333333333,intermediate,0.30173681168654287,50.41305145042467,5000
7,niche,creation,31,31,3.8841666666666668,intermediate,0.5517827077789238,43.722237246829415,5000
7,niche,creation,32,32,2.433333333333333,intermediate,0.12339855203734662,44.730440685134546,5000
7,niche,creation,33,33,2.433333333333333,intermediate,0.14284396882222905,82.47679474322467,5000
7,niche,creation,34,34,3.7583333333333333,intermediate,0.6253300455234111,81.94964796577511,5000
7,niche,creation,35,35,2.5,intermediate,0.19104587472461054,50.03655551392964,5000
7,niche,creation,36,36,2.64,intermediate,0.13318164869302573,12.648584595801431,5000
7,niche,creation,37,37,3.0333333333333337,intermediate,0.6489423725070018,0.6,5000
7,niche,creation,38,38,4.0,intermediate,0.4909792848831771,1.9,5000
7,niche,creation,39,39,2.0,intermediate,0.38196579829263344,6.0,5000
7,niche,creation,40,40,2.0,intermediate,0.04985577776839478,19.0,5000
7,niche,creation,41,41,1.0,basal,0.6648183325466754,60.0,5000
7,niche,creation,42,42,2.1999999999999997,intermediate,0.8166544123029472,190.0,5000
7,niche,creation,43,43,1.0,basal,0.5422471465013126,600.0,5000
7,niche,creation,44,44,1.9999999999999998,intermediate,0.5533478344938112,1900.0,5000
7,niche,creation,45,45,1.0,basal,0.6749899920667343,0.6,5000
7,niche,creation,46,46,2.0,intermediate,0.7568179405388878,1.9,5000
7,niche,creation,47,47,2.0,intermediate,0.369635641492448,6.0,5000
7,niche,creation,48,48,1.0,basal,0.023121780978316853,19.0,5000
7,niche,creation,49,49,1.0,basal,0.7218703663799717,60.0,5000
7,niche,creation,50,50,1.0,basal,0.29403229472273373,190.0,5000
7,niche,creation,51,51,1.0,basal,0.20524251589472176,600.0,5000
7,niche,creation,52,52,1.0,basal,0.6593963876325198,1900.0,5000
7,down_rand,creation,1,1,4.232073436608181,intermediate,0.04952847994546539,157.64843855444252,5000
7,down_rand,creation,2,2,3.529267742028218,intermediate,0.991234131960996,71.0608860748081,5000
7,down_rand,creation,3,3,2.0,intermediate,0.19115834508062746,74.66754201729621,5000
7,down_rand,creation,4,4,1.9999999999999996,intermediate,0.5700086393180606,4.245619198407141,5000
7,down_rand,creation,5,5,3.6176218827352336,intermediate,0.8604368042001025,75.25283724893502,5000
7,down_rand,creation,6,6,2.0,intermediate,0.8646773161035597,62.30640460651625,5000
7,down_rand,creation,7,7,2.0000000000000004,top,0.8326572258735224,26.712565435822242,5000
7,down_rand,creation,8,8,2.0,intermediate,0.12493566180587723,22.3573734233997,5000
7,down_rand,creation,9,9,1.9999999999999996,intermediate,0.5105249147673518,5.70310286141971,5000
7,down_rand,creation,10,10,1.9999999999999998,intermediate,0.7181286865325481,4.664056188460212,5000
7,down_rand,creation,11,11,1.9999999999999998,top,0.9644917663203351,39.97661002296284,5000
7,down_rand,creation,12,12,2.0000000000000004,intermediate,0.8833943267828905,23.249142796113425,5000
7,down_rand,creation,13,13,3.0,intermediate,0.4994288581276114,15.38210451033126,5000
7,down_rand,creation,14,14,2.8571428571428563,intermediate,0.6811625025343558,58.85689195142042,5000
7,down_rand,creation,15,15,1.9999999999999998,intermediate,0.8277519070953737,18.753941720146866,5000
7,down_rand,creation,16,16,2.0,top,0.07587201437266355,92.98712616395389,5000
7,down_rand,creation,17,17,1.9999999999999998,intermediate,0.5049737365770903,66.69636380190491,5000
7,down_rand,creation,18,18,2.0,intermediate,0.5363430231823487,11.725361326326334,5000
7,down_rand,creation,19,19,4.15773334372972,intermediate,0.43565407619224017,133.8741500608608,5000
7,down_rand,creation,20,20,4.005824700994531,intermediate,0.6205211775111319,286.5437847880969,5000
7,down_rand,creation,21,21,4.1240448013857645,intermediate,0.8957259285957893,162.20036562168454,5000
7,down_rand,creation,22,22,3.8983591021603394,intermediate,0.23832641394814957,65.63561819020049,5000
7,down_rand,creation,23,23,3.568984646755429,intermediate,0.46060075749357254,56.909037515026455,5000
7,down_rand,creation,24,24,3.347180422432312,intermediate,0.12774207257683012,76.1279787951522,5000
7,down_rand,creation,25,25,3.2500000000000004,intermediate,0.14728794420534508,20.388940926092324,5000
7,down_rand,creation,26,26,2.999999999999999,intermediate,0.1415362100520845,7.833816810722474,5000
7,down_rand,creation,27,27,1.9999999999999998,top,0.5743430376826807,64.27175880320223,5000
7,down_rand,creation,28,28,2.0,top,0.3083073586595615,99.5166995534454,5000
7,down_rand,creation,29,29,2.0,intermediate,0.6198652909492304,75.49682676499047,5000
7,down_rand,creation,30,30,2.0,intermediate,0.30173681168654287,50.41305145042467,5000
7,down_rand,creation,31,31,2.0000000000000004,intermediate,0.5517827077789238,43.722237246829415,5000
7,down_rand,creation,32,32,2.0000000000000004,intermediate,0.12339855203734662,44.730440685134546,5000
7,down_rand,creation,33,33,1.9999999999999998,top,0.14284396882222905,82.47679474322467,5000
7,down_rand,creation,34,34,1.9999999999999996,intermediate,0.6253300455234111,81.94964796577511,5000
7,down_rand,creation,35,35,2.9999999999999996,intermediate,0.19104587472461054,50.03655551392964,5000
7,down_rand,creation,36,36,2.9999999999999996,intermediate,0.13318164869302573,12.648584595801431,5000
7,down_rand,creation,37,37,1.0,basal,0.6489423725070018,0.6,5000
7,down_rand,creation,38,38,1.0,basal,0.4909792848831771,1.9,5000
7,down_rand,creation,39,39,1.0,basal,0.38196579829263344,6.0,5000
7,down_rand,creation,40,40,1.0,basal,0.04985577776839478,19.0,5000
7,down_rand,creation,41,41,1.0,basal,0.6648183325466754,60.0,5000
7,down_rand,creation,42,42,1.0,basal,0.8166544123029472,190.0,5000
7,down_rand,creation,43,43,1.0,basal,0.5422471465013126,600.0,5000
7,down_rand,creation,44,44,1.0,basal,0.5533478344938112,1900.0,5000
7,down_rand,creation,45,45,1.9999999999999998,intermediate,0.6749899920667343,0.6,5000
7,down_rand,creation,46,46,1.9999999999999996,intermediate,0.7568179405388878,1.9,5000
7,down_rand,creation,47,47,2.0,intermediate,0.369635641492448,6.0,5000
7,down_rand,creation,48,48,2.0000000000000004,intermediate,0.023121780978316853,19.0,5000
7,down_rand,creation,49,49,1.9999999999999996,intermediate,0.7218703663799717,60.0,5000
7,down_rand,creation,50,50,1.9999999999999998,intermediate,0.29403229472273373,190.0,5000
7,down_rand,creation,51,51,2.0000000000000004,intermediate,0.20524251589472176,600.0,5000
7,down_rand,creation,52,52,1.9999999999999998,intermediate,0.6593963876325198,1900.0,5000
7,down_link,creation,1,1,4.323639727780769,intermediate,0.04952847994546539,157.64843855444252,5000
7,down_link,creation,2,2,3.611942623286376,intermediate,0.991234131960996,71.0608860748081,5000
7,down_link,creation,3,3,1.9999999999999998,intermediate,0.19115834508062746,74.66754201729621,5000
7,down_link,creation,4,4,2.0,intermediate,0.5700086393180606,4.245619198407141,5000
7,down_link,creation,5,5,3.5408639344505026,intermediate,0.8604368042001025,75.25283724893502,5000
7,down_link,creation,6,6,2.0000000000000004,intermediate,0.8646773161035597,62.30640460651625,5000
7,down_link,creation,7,7,2.0000000000000004,top,0.8326572258735224,26.712565435822242,5000
7,down_link,creation,8,8,2.0000000000000004,intermediate,0.12493566180587723,22.3573734233997,5000
7,down_link,creation,9,9,1.9999999999999998,intermediate,0.5105249147673518,5.70310286141971,5000
7,down_link,creation,10,10,2.0,intermediate,0.7181286865325481,4.664056188460212,5000
7,down_link,creation,11,11,1.9999999999999998,top,0.9644917663203351,39.97661002296284,5000
7,down_link,creation,12,12,1.9999999999999998,intermediate,0.8833943267828905,23.249142796113425,5000
7,down_link,creation,13,13,3.0,intermediate,0.4994288581276114,15.38210451033126,5000
7,down_link,creation,14,14,3.0194444444444435,intermediate,0.6811625025343558,58.85689195142042,5000
7,down_link,creation,15,15,2.0,intermediate,0.8277519070953737,18.753941720146866,5000
7,down_link,creation,16,16,1.9999999999999998,top,0.07587201437266355,92.98712616395389,5000
7,down_link,creation,17,17,1.9999999999999998,intermediate,0.5049737365770903,66.69636380190491,5000
7,down_link,creation,18,18,1.9999999999999998,intermediate,0.5363430231823487,11.725361326326334,5000
7,down_link,creation,19,19,4.106829954046828,intermediate,0.43565407619224017,133.8741500608608,5000
7,down_link,creation,20,20,4.479854104544168,intermediate,0.6205211775111319,286.5437847880969,5000
7,down_link,creation,21,21,4.300109852835381,intermediate,0.8957259285957893,162.20036562168454,5000
7,down_link,creation,22,22,3.5304663630870925,intermediate,0.23832641394814957,65.63561819020049,5000
7,down_link,creation,23,23,3.4296860959335835,intermediate,0.46060075749357254,56.909037515026455,5000
7,down_link,creation,24,24,3.47642198402723,intermediate,0.12774207257683012,76.1279787951522,5000
7,down_link,creation,25,25,3.2333333333333325,intermediate,0.14728794420534508,20.388940926092324,5000
7,down_link,creation,26,26,3.3333333333333326,intermediate,0.1415362100520845,7.833816810722474,5000
7,down_link,creation,27,27,1.9999999999999998,top,0.5743430376826807,64.27175880320223,5000
7,down_link,creation,28,28,1.9999999999999998,top,0.3083073586595615,99.5166995534454,5000
7,down_link,creation,29,29,2.0,intermediate,0.6198652909492304,75.49682676499047,5000
7,down_link,creation,30,30,1.9999999999999998,intermediate,0.30173681168654287,50.41305145042467,5000
7,down_link,creation,31,31,1.9999999999999996,intermediate,0.5517827077789238,43.722237246829415,5000
7,down_link,creation,32,32,2.0,intermediate,0.12339855203734662,44.730440685134546,5000
7,down_link,creation,33,33,2.0000000000000004,top,0.14284396882222905,82.47679474322467,5000
7,down_link,creation,34,34,1.9999999999999998,intermediate,0.6253300455234111,81.94964796577511,5000
7,down_link,creation,35,35,2.999999999999999,intermediate,0.19104587472461054,50.03655551392964,5000
7,down_link,creation,36,36,3.0,intermediate,0.13318164869302573,12.648584595801431,5000
7,down_link,creation,37,37,1.0,basal,0.6489423725070018,0.6,5000
7,down_link,creation,38,38,1.0,basal,0.4909792848831771,1.9,5000
7,down_link,creation,39,39,1.0,basal,0.38196579829263344,6.0,5000
7,down_link,creation,40,40,1.0,basal,0.04985577776839478,19.0,5000
7,down_link,creation,41,41,1.0,basal,0.6648183325466754,60.0,5000
7,down_link,creation,42,42,1.0,basal,0.8166544123029472,190.0,5000
7,down_link,creation,43,43,1.0,basal,0.5422471465013126,600.0,5000
7,down_link,creation,44,44,1.0,basal,0.5533478344938112,1900.0,5000
7,down_link,creation,45,45,1.9999999999999998,intermediate,0.6749899920667343,0.6,5000
7,down_link,creation,46,46,2.0000000000000004,intermediate,0.7568179405388878,1.9,5000
7,down_link,creation,47,47,2.0,intermediate,0.369635641492448,6.0,5000
7,down_link,creation,48,48,2.0000000000000004,intermediate,0.023121780978316853,19.0,5000
7,down_link,creation,49,49,1.9999999999999998,intermediate,0.7218703663799717,60.0,5000
7,down_link,creation,50,50,1.9999999999999996,intermediate,0.29403229472273373,190.0,5000
7,down_link,creation,51,51,2.0,intermediate,0.20524251589472176,600.0,5000
7,down_link,creation,52,52,1.9999999999999998,intermediate,0.6593963876325198,1900.0,5000
7,down_niche,creation,1,1,4.668888888888889,intermediate,0.04952847994546539,157.64843855444252,5000
7,down_niche,creation,2,2,2.999999999999999,intermediate,0.991234131960996,71.0608860748081,5000
7,down_niche,creation,3,3,2.0,intermediate,0.19115834508062746,74.66754201729621,5000
7,down_niche,creation,4,4,2.0,intermediate,0.5700086393180606,4.245619198407141,5000
7,down_niche,creation,5,5,3.111111111111111,intermediate,0.8604368042001025,75.25283724893502,5000
7,down_niche,creation,6,6,2.0000000000000004,intermediate,0.8646773161035597,62.30640460651625,5000
7,down_niche,creation,7,7,1.9999999999999996,top,0.8326572258735224,26.712565435822242,5000
7,down_niche,creation,8,8,2.0,intermediate,0.12493566180587723,22.3573734233997,5000
7,down_niche,creation,9,9,1.9999999999999996,intermediate,0.5105249147673518,5.70310286141971,5000
7,down_niche,creation,10,10,1.9999999999999996,intermediate,0.7181286865325481,4.664056188460212,5000
7,down_niche,creation,11,11,2.0000000000000004,top,0.9644917663203351,39.97661002296284,5000
7,down_niche,creation,12,12,1.9999999999999996,intermediate,0.8833943267828905,23.249142796113425,5000
7,down_niche,creation,13,13,3.0,top,0.4994288581276114,15.38210451033126,5000
7,down_niche,creation,14,14,2.9000000000000012,intermediate,0.6811625025343558,58.85689195142042,5000
7,down_niche,creation,15,15,1.9999999999999996,intermediate,0.8277519070953737,18.753941720146866,5000
7,down_niche,creation,16,16,2.0000000000000004,top,0.07587201437266355,92.98712616395389,5000
7,down_niche,creation,17,17,2.0,intermediate,0.5049737365770903,66.69636380190491,5000
7,down_niche,creation,18,18,2.0,intermediate,0.5363430231823487,11.725361326326334,5000
7,down_niche,creation,19,19,4.873333333333332,intermediate,0.43565407619224017,133.8741500608608,5000
7,down_niche,creation,20,20,3.957777777777777,intermediate,0.6205211775111319,286.5437847880969,5000
7,down_niche,creation,21,21,4.873333333333331,intermediate,0.8957259285957893,162.20036562168454,5000
7,down_niche,creation,22,22,3.602222222222222,intermediate,0.23832641394814957,65.63561819020049,5000
7,down_niche,creation,23,23,3.1111111111111107,intermediate,0.46060075749357254,56.909037515026455,5000
7,down_niche,creation,24,24,3.111111111111111,intermediate,0.12774207257683012,76.1279787951522,5000
7,down_niche,creation,25,25,3.3333333333333335,top,0.14728794420534508,20.388940926092324,5000
7,down_niche,creation,26,26,3.0,intermediate,0.1415362100520845,7.833816810722474,5000
7,down_niche,creation,27,27,1.9999999999999996,top,0.5743430376826807,64.27175880320223,5000
7,down_niche,creation,28,28,2.0000000000000004,top,0.3083073586595615,99.5166995534454,5000
7,down_niche,creation,29,29,2.0,intermediate,0.6198652909492304,75.49682676499047,5000
7,down_niche,creation,30,30,2.0,intermediate,0.30173681168654287,50.41305145042467,5000
7,down_niche,creation,31,31,1.9999999999999996,intermediate,0.5517827077789238,43.722237246829415,5000
7,down_niche,creation,32,32,2.0,intermediate,0.12339855203734662,44.730440685134546,5000
7,down_niche,creation,33,33,1.9999999999999996,top,0.14284396882222905,82.47679474322467,5000
7,down_niche,creation,34,34,1.9999999999999996,intermediate,0.6253300455234111,81.94964796577511,5000
7,down_niche,creation,35,35,2.999999999999999,intermediate,0.19104587472461054,50.03655551392964,5000
7,down_niche,creation,36,36,2.999999999999999,top,0.13318164869302573,12.648584595801431,5000
7,down_niche,creation,37,37,1.0,basal,0.6489423725070018,0.6,5000
7,down_niche,creation,38,38,1.0,basal,0.4909792848831771,1.9,5000
7,down_niche,creation,39,39,1.0,basal,0.38196579829263344,6.0,5000
7,down_niche,creation,40,40,1.0,basal,0.04985577776839478,19.0,5000
7,down_niche,creation,41,41,1.0,basal,0.6648183325466754,60.0,5000
7,down_niche,creation,42,42,1.0,basal,0.8166544123029472,190.0,5000
7,down_niche,creation,43,43,1.0,basal,0.5422471465013126,600.0,5000
7,down_niche,creation,44,44,1.0,basal,0.5533478344938112,1900.0,5000
7,down_niche,creation,45,45,1.9999999999999996,intermediate,0.6749899920667343,0.6,5000
7,down_niche,creation,46,46,1.9999999999999996,intermediate,0.7568179405388878,1.9,5000
7,down_niche,creation,47,47,2.0000000000000004,intermediate,0.369635641492448,6.0,5000
7,down_niche,creation,48,48,2.0,intermediate,0.023121780978316853,19.0,5000
7,down_niche,creation,49,49,1.9999999999999996,intermediate,0.7218703663799717,60.0,5000
7,down_niche,creation,50,50,2.0,intermediate,0.29403229472273373,190.0,5000
7,down_niche,creation,51,51,1.9999999999999996,intermediate,0.20524251589472176,600.0,5000
7,down_niche,creation,52,52,2.0,intermediate,0.6593963876325198,1900.0,5000
7,atn,creation,1,1,2.3846153846153846,intermediate,0.04952847994546539,157.64843855444252,5000
7,atn,creation,2,2,2.1111111111111116,intermediate,0.991234131960996,71.0608860748081,5000
7,atn,creation,3,3,2.1111111111111116,intermediate,0.19115834508062746,74.66754201729621,5000
7,atn,creation,4,4,1.0,basal,0.5700086393180606,4.245619198407141,5000
7,atn,creation,5,5,2.1111111111111116,intermediate,0.8604368042001025,75.25283724893502,5000
7,atn,creation,6,6,2.1111111111111116,intermediate,0.8646773161035597,62.30640460651625,5000
7,atn,creation,7,7,2.0,intermediate,0.8326572258735224,26.712565435822242,5000
7,atn,creation,8,8,2.0,intermediate,0.12493566180587723,22.3573734233997,5000
7,atn,creation,9,9,1.0,basal,0.5105249147673518,5.70310286141971,5000
7,atn,creation,10,10,1.0,basal,0.7181286865325481,4.664056188460212,5000
7,atn,creation,11,11,2.0,intermediate,0.9644917663203351,39.97661002296284,5000
7,atn,creation,12,12,2.0,intermediate,0.8833943267828905,23.249142796113425,5000
7,atn,creation,13,13,2.0,intermediate,0.4994288581276114,15.38210451033126,5000
7,atn,creation,14,14,1.9999999999999996,intermediate,0.6811625025343558,58.85689195142042,5000
7,atn,creation,15,15,2.0,intermediate,0.8277519070953737,18.753941720146866,5000
7,atn,creation,16,16,2.2000000000000006,intermediate,0.07587201437266355,92.98712616395389,5000
7,atn,creation,17,17,2.1111111111111116,intermediate,0.5049737365770903,66.69636380190491,5000
7,atn,creation,18,18,2.0,intermediate,0.5363430231823487,11.725361326326334,5000
7,atn,creation,19,19,2.3333333333333326,intermediate,0.43565407619224017,133.8741500608608,5000
7,atn,creation,20,20,2.611111111111111,top,0.6205211775111319,286.5437847880969,5000
7,atn,creation,21,21,2.384615384615384,intermediate,0.8957259285957893,162.20036562168454,5000
7,atn,creation,22,22,2.1111111111111116,intermediate,0.23832641394814957,65.63561819020049,5000
7,atn,creation,23,23,1.9999999999999996,intermediate,0.46060075749357254,56.909037515026455,5000
7,atn,creation,24,24,2.1111111111111116,intermediate,0.12774207257683012,76.1279787951522,5000
7,atn,creation,25,25,2.0,intermediate,0.14728794420534508,20.388940926092324,5000
7,atn,creation,26,26,2.0,intermediate,0.1415362100520845,7.833816810722474,5000
7,atn,creation,27,27,2.1111111111111116,intermediate,0.5743430376826807,64.27175880320223,5000
7,atn,creation,28,28,2.2000000000000006,intermediate,0.3083073586595615,99.5166995534454,5000
7,atn,creation,29,29,2.1111111111111116,intermediate,0.6198652909492304,75.49682676499047,5000
7,atn,creation,30,30,2.0000000000000004,intermediate,0.30173681168654287,50.41305145042467,5000
7,atn,creation,31,31,1.9999999999999998,intermediate,0.5517827077789238,43.722237246829415,5000
7,atn,creation,32,32,1.9999999999999998,intermediate,0.12339855203734662,44.730440685134546,5000
7,atn,creation,33,33,2.2000000000000006,intermediate,0.14284396882222905,82.47679474322467,5000
7,atn,creation,34,34,2.2000000000000006,intermediate,0.6253300455234111,81.94964796577511,5000
7,atn,creation,35,35,2.0000000000000004,intermediate,0.19104587472461054,50.03655551392964,5000
7,atn,creation,36,36,2.0,intermediate,0.13318164869302573,12.648584595801431,5000
7,atn,creation,37,37,1.0,basal,0.6489423725070018,0.6,5000
7,atn,creation,38,38,1.0,basal,0.4909792848831771,1.9,5000
7,atn,creation,39,39,1.0,basal,0.38196579829263344,6.0,5000
7,atn,creation,40,40,1.0,basal,0.04985577776839478,19.0,5000
7,atn,creation,41,41,1.0,basal,0.6648183325466754,60.0,5000
7,atn,creation,42,42,1.0,basal,0.8166544123029472,190.0,5000
7,atn,creation,43,43,1.0,isolated,0.5422471465013126,600.0,5000
7,atn,creation,44,44,1.0,isolated,0.5533478344938112,1900.0,5000
7,atn,creation,45,45,1.0,basal,0.6749899920667343,0.6,5000
7,atn,creation,46,46,1.0,basal,0.7568179405388878,1.9,5000
7,atn,creation,47,47,2.0,intermediate,0.369635641492448,6.0,5000
7,atn,creation,48,48,2.0,intermediate,0.023121780978316853,19.0,5000
7,atn,creation,49,49,2.1111111111111116,intermediate,0.7218703663799717,60.0,5000
7,atn,creation,50,50,2.4375,intermediate,0.29403229472273373,190.0,5000
7,atn,creation,51,51,2.7078189300411517,top,0.20524251589472176,600.0,5000
7,atn,creation,52,52,2.962223785699396,top,0.6593963876325198,1900.0,5000
7,down_power,post_burn_in,1,4,1.9999999999999998,intermediate,0.11416604184375964,4.245619198407141,5000
7,down_power,post_burn_in,2,7,1.9999999999999998,top,5.902307702200057e-8,26.712565435822242,5000
7,down_power,post_burn_in,3,8,1.9999999999999998,intermediate,0.31785970022520077,22.3573734233997,5000
7,down_power,post_burn_in,4,10,1.9999999999999998,intermediate,0.10293203030293412,4.664056188460212,5000
7,down_power,post_burn_in,5,12,2.0,intermediate,7.638395819326694e-9,23.249142796113425,5000
7,down_power,post_burn_in,6,25,2.6363636363636362,intermediate,0.014606226483220183,20.388940926092324,5000
7,down_power,post_burn_in,7,26,3.0,top,0.1313046714106305,7.833816810722474,5000
7,down_power,post_burn_in,8,37,1.0,basal,0.5551959738144215,0.6,5000
7,down_power,post_burn_in,9,38,1.0,basal,0.13775419324777288,1.9,5000
7,down_power,post_burn_in,10,39,1.0,basal,0.12014068183853917,6.0,5000
7,down_power,post_burn_in,11,40,1.0,basal,0.19570128683670157,19.0,5000
7,down_power,post_burn_in,12,41,1.0,basal,0.0751631888617028,60.0,5000
7,down_power,post_burn_in,13,42,1.0,basal,0.09373615008494521,190.0,5000
7,down_power,post_burn_in,14,43,1.0,basal,0.07158339973475358,600.0,5000
7,down_power,post_burn_in,15,44,1.0,basal,0.2508577251212777,1900.0,5000
7,down_power,post_burn_in,16,45,2.0,top,0.21780583968724493,0.6,5000
7,down_power,post_burn_in,17,46,2.0,top,0.17292479864374624,1.9,5000
7,down_power,post_burn_in,18,47,2.0,top,9.576970514485843e-6,6.0,5000
7,down_power,post_burn_in,19,48,2.0,top,0.18712043485921112,19.0,5000
7,metaweb,post_burn_in,1,3,2.0,top,0.04535117971977996,74.66754201729621,5000
7,metaweb,post_burn_in,2,4,2.0,top,0.046864053725464455,4.245619198407141,5000
7,metaweb,post_burn_in,3,6,2.0,top,0.064339291668194,62.30640460651625,5000
7,metaweb,post_burn_in,4,7,2.0,top,0.5213954267623933,26.712565435822242,5000
7,metaweb,post_burn_in,5,8,2.0,top,0.04926388312805794,22.3573734233997,5000
7,metaweb,post_burn_in,6,9,2.0,top,0.046157815293334944,5.70310286141971,5000
7,metaweb,post_burn_in,7,10,2.0,top,0.04816881537087129,4.664056188460212,5000
7,metaweb,post_burn_in,8,11,2.0,top,0.6039479157604988,39.97661002296284,5000
7,metaweb,post_burn_in,9,12,2.0,top,0.10724909443133429,23.249142796113425,5000
7,metaweb,post_burn_in,10,15,2.0,top,0.1058692429967636,18.753941720146866,5000
7,metaweb,post_burn_in,11,16,2.0,top,0.04750973159650885,92.98712616395389,5000
7,metaweb,post_burn_in,12,17,2.0,top,0.05931802631510248,66.69636380190491,5000
7,metaweb,post_burn_in,13,18,2.0,top,0.09529361460012241,11.725361326326334,5000
7,metaweb,post_burn_in,14,27,2.0,top,0.35964358914530314,64.27175880320223,5000
7,metaweb,post_burn_in,15,28,2.0,top,0.19305668869155448,99.5166995534454,5000
7,metaweb,post_burn_in,16,29,2.0,top,0.06145494789515365,75.49682676499047,5000
7,metaweb,post_burn_in,17,30,2.0,top,0.052663506424588884,50.41305145042467,5000
7,metaweb,post_burn_in,18,31,2.0,top,0.096056267544898,43.722237246829415,5000
7,metaweb,post_burn_in,19,32,2.0,top,0.048880464690074246,44.730440685134546,5000
7,metaweb,post_burn_in,20,33,2.0,top,0.08944640095605312,82.47679474322467,5000
7,metaweb,post_burn_in,21,34,2.0,top,0.061540101990405154,81.94964796577511,5000
7,metaweb,post_burn_in,22,37,1.0,basal,0.21361727108471779,0.6,5000
7,metaweb,post_burn_in,23,38,1.0,basal,0.21361727108471779,1.9,5000
7,metaweb,post_burn_in,24,39,1.0,basal,0.21361727108471776,6.0,5000
7,metaweb,post_burn_in,25,40,1.0,basal,0.21361727108471693,19.0,5000
7,metaweb,post_burn_in,26,41,1.0,basal,0.21361727108471784,60.0,5000
7,metaweb,post_burn_in,27,42,1.0,basal,0.21361727108471779,190.0,5000
7,metaweb,post_burn_in,28,43,1.0,basal,0.21361727108471776,600.0,5000
7,metaweb,post_burn_in,29,44,1.0,basal,0.21361727108471779,1900.0,5000
7,metaweb,post_burn_in,30,45,2.0,top,0.09650043613133946,0.6,5000
7,metaweb,post_burn_in,31,46,2.0,top,0.09894300515434754,1.9,5000
7,metaweb,post_burn_in,32,47,2.0,top,0.08118731151880329,6.0,5000
7,metaweb,post_burn_in,33,48,2.0,top,0.012976037784467603,19.0,5000
7,metaweb,post_burn_in,34,49,2.0,top,0.09795288256343901,60.0,5000
7,metaweb,post_burn_in,35,50,2.0,top,0.07447063947645736,190.0,5000
7,metaweb,post_burn_in,36,51,2.0,top,0.06338027386174765,600.0,5000
7,metaweb,post_burn_in,37,52,2.0,top,0.09598218438100174,1900.0,5000
7,niche,post_burn_in,1,1,2.5,top,0.6318879915455731,157.64843855444252,5000
7,niche,post_burn_in,2,4,2.8162436868686873,top,3.807981372332119,4.245619198407141,5000
7,niche,post_burn_in,3,7,2.936898148148148,top,1.538454236779445e-5,26.712565435822242,5000
7,niche,post_burn_in,4,8,4.184320741310004,top,6.875282754542439e-12,22.3573734233997,5000
7,niche,post_burn_in,5,13,3.2786554960461554,intermediate,0.34966255615093733,15.38210451033126,5000
7,niche,post_burn_in,6,17,1.0,basal,0.9539335705730313,66.69636380190491,5000
7,niche,post_burn_in,7,18,2.4,intermediate,0.4200332360800814,11.725361326326334,5000
7,niche,post_burn_in,8,21,3.470848123568388,intermediate,0.25090286840823,162.20036562168454,5000
7,niche,post_burn_in,9,22,2.5250000000000004,intermediate,0.48925659149884304,65.63561819020049,5000
7,niche,post_burn_in,10,23,3.275422193139705,intermediate,0.06573160352917778,56.909037515026455,5000
7,niche,post_burn_in,11,25,3.418283910269042,intermediate,7.096773370209121e-12,20.388940926092324,5000
7,niche,post_burn_in,12,26,2.5,intermediate,0.011823226030587953,7.833816810722474,5000
7,niche,post_burn_in,13,29,1.0,basal,0.9924364942443714,75.49682676499047,5000
7,niche,post_burn_in,14,31,2.8479166666666664,intermediate,1.4624816211303793e-11,43.722237246829415,5000
7,niche,post_burn_in,15,32,2.433333333333333,intermediate,0.10643372241019508,44.730440685134546,5000
7,niche,post_burn_in,16,33,2.433333333333333,intermediate,0.10857934126384311,82.47679474322467,5000
7,niche,post_burn_in,17,35,2.5,intermediate,0.0020344252947612873,50.03655551392964,5000
7,niche,post_burn_in,18,36,2.6399999999999992,intermediate,0.07835576415738935,12.648584595801431,5000
7,niche,post_burn_in,19,37,2.5888888888888886,intermediate,0.057650757708701275,0.6,5000
7,niche,post_burn_in,20,38,1.3333333333333335,intermediate,0.030997877429183477,1.9,5000
7,niche,post_burn_in,21,39,2.0,intermediate,0.12056766557420093,6.0,5000
7,niche,post_burn_in,22,40,2.0,intermediate,0.1506116668140724,19.0,5000
7,niche,post_burn_in,23,41,1.0,basal,0.620455296451478,60.0,5000
7,niche,post_burn_in,24,42,2.1999999999999997,intermediate,0.09924268875557891,190.0,5000
7,niche,post_burn_in,25,43,1.0,basal,0.6204552964514779,600.0,5000
7,niche,post_burn_in,26,44,1.9999999999999998,intermediate,0.19953401780731383,1900.0,5000
7,niche,post_burn_in,27,45,1.0,basal,0.6422771850263349,0.6,5000
7,niche,post_burn_in,28,46,2.0,intermediate,0.05079890061209798,1.9,5000
7,niche,post_burn_in,29,47,2.0,intermediate,0.04772157740673707,6.0,5000
7,niche,post_burn_in,30,48,1.0,basal,0.3991059852224319,19.0,5000
7,niche,post_burn_in,31,49,1.0,basal,0.3883781297527663,60.0,5000
7,niche,post_burn_in,32,50,1.0,basal,0.5001710430943827,190.0,5000
7,niche,post_burn_in,33,51,1.0,basal,0.5125081179644894,600.0,5000
7,niche,post_burn_in,34,52,1.0,basal,0.3369760793976174,1900.0,5000
7,down_rand,post_burn_in,1,4,1.9999999999999996,top,8.183346668969807e-10,4.245619198407141,5000
7,down_rand,post_burn_in,2,9,1.9999999999999996,top,2.6244144309543402e-11,5.70310286141971,5000
7,down_rand,post_burn_in,3,10,1.9999999999999998,top,0.13506527744766667,4.664056188460212,5000
7,down_rand,post_burn_in,4,11,1.9999999999999998,top,3.207736472214925e-12,39.97661002296284,5000
7,down_rand,post_burn_in,5,13,2.999999999999999,top,0.3065325883014473,15.38210451033126,5000
7,down_rand,post_burn_in,6,15,1.9999999999999998,top,3.5591349941892456e-11,18.753941720146866,5000
7,down_rand,post_burn_in,7,18,2.0,top,1.852071082908766e-12,11.725361326326334,5000
7,down_rand,post_burn_in,8,37,1.0,basal,0.20029625858085368,0.6,5000
7,down_rand,post_burn_in,9,38,1.0,basal,0.15807602248322644,1.9,5000
7,down_rand,post_burn_in,10,39,1.0,basal,0.1519678412294299,6.0,5000
7,down_rand,post_burn_in,11,40,1.0,basal,0.09549966606790683,19.0,5000
7,down_rand,post_burn_in,12,41,1.0,basal,0.1999008774189165,60.0,5000
7,down_rand,post_burn_in,13,42,1.0,basal,0.21716217776534802,190.0,5000
7,down_rand,post_burn_in,14,43,1.0,basal,0.17225096294782213,600.0,5000
7,down_rand,post_burn_in,15,44,1.0,basal,0.03588542830319588,1900.0,5000
7,down_rand,post_burn_in,16,45,2.0,intermediate,0.2916417577332916,0.6,5000
7,down_rand,post_burn_in,17,46,1.9999999999999998,intermediate,0.22539619435266153,1.9,5000
7,down_rand,post_burn_in,18,47,2.0,intermediate,9.331740277929886e-8,6.0,5000
7,down_link,post_burn_in,1,9,1.9999999999999998,intermediate,0.1504265054423312,5.70310286141971,5000
7,down_link,post_burn_in,2,10,2.0,intermediate,0.16905733342596727,4.664056188460212,5000
7,down_link,post_burn_in,3,13,3.0,top,1.2861416977094488e-9,15.38210451033126,5000
7,down_link,post_burn_in,4,26,2.0000000000000004,intermediate,0.14268710890456618,7.833816810722474,5000
7,down_link,post_burn_in,5,36,3.0,top,0.21058196628165182,12.648584595801431,5000
7,down_link,post_burn_in,6,37,1.0,basal,0.3306585359185755,0.6,5000
7,down_link,post_burn_in,7,38,1.0,basal,0.19425867794899956,1.9,5000
7,down_link,post_burn_in,8,39,1.0,basal,0.16911289860642972,6.0,5000
7,down_link,post_burn_in,9,40,1.0,basal,0.21653238266920086,19.0,5000
7,down_link,post_burn_in,10,41,1.0,basal,0.2737535459301872,60.0,5000
7,down_link,post_burn_in,11,42,1.0,basal,0.0643070405695139,190.0,5000
7,down_link,post_burn_in,12,43,1.0,basal,0.04696817345599581,600.0,5000
7,down_link,post_burn_in,13,44,1.0,basal,0.041110554113480725,1900.0,5000
7,down_link,post_burn_in,14,45,2.0,intermediate,0.18197815694664504,0.6,5000
7,down_link,post_burn_in,15,46,2.0,intermediate,0.3342706313791422,1.9,5000
7,down_niche,post_burn_in,1,3,2.0,intermediate,0.1144132417178997,74.66754201729621,5000
7,down_niche,post_burn_in,2,4,2.0,intermediate,0.24684298318790315,4.245619198407141,5000
7,down_niche,post_burn_in,3,6,2.0000000000000004,intermediate,0.0014013494562161537,62.30640460651625,5000
7,down_niche,post_burn_in,4,7,1.9999999999999996,top,0.018853445345087746,26.712565435822242,5000
7,down_niche,post_burn_in,5,8,2.0,intermediate,0.09712345685913525,22.3573734233997,5000
7,down_niche,post_burn_in,6,9,1.9999999999999996,intermediate,0.0018361882266737532,5.70310286141971,5000
7,down_niche,post_burn_in,7,10,1.9999999999999996,intermediate,0.08277398462884815,4.664056188460212,5000
7,down_niche,post_burn_in,8,11,2.0000000000000004,top,0.035887424820043874,39.97661002296284,5000
7,down_niche,post_burn_in,9,12,1.9999999999999996,top,0.0024278845936737954,23.249142796113425,5000
7,down_niche,post_burn_in,10,13,2.999999999999999,top,0.0007207281445326815,15.38210451033126,5000
7,down_niche,post_burn_in,11,14,2.900000000000001,top,0.0012911651844235222,58.85689195142042,5000
7,down_niche,post_burn_in,12,15,1.9999999999999996,intermediate,0.26047370221358146,18.753941720146866,5000
7,down_niche,post_burn_in,13,16,2.0000000000000004,top,0.0014459123800235592,92.98712616395389,5000
7,down_niche,post_burn_in,14,17,2.0,intermediate,0.12234520379357362,66.69636380190491,5000
7,down_niche,post_burn_in,15,18,2.0,intermediate,0.14591956154781255,11.725361326326334,5000
7,down_niche,post_burn_in,16,26,3.0,top,0.00016729060486418883,7.833816810722474,5000
7,down_niche,post_burn_in,17,27,1.9999999999999996,top,0.013004565064528566,64.27175880320223,5000
7,down_niche,post_burn_in,18,28,2.0000000000000004,top,0.23888092923047796,99.5166995534454,5000
7,down_niche,post_burn_in,19,29,2.0,intermediate,0.12944008872856197,75.49682676499047,5000
7,down_niche,post_burn_in,20,30,2.0,top,0.4625099136703533,50.41305145042467,5000
7,down_niche,post_burn_in,21,31,1.9999999999999996,top,0.0033388484676465774,43.722237246829415,5000
7,down_niche,post_burn_in,22,32,2.0,intermediate,0.11191473656501255,44.730440685134546,5000
7,down_niche,post_burn_in,23,33,1.9999999999999996,top,0.20528442041400105,82.47679474322467,5000
7,down_niche,post_burn_in,24,34,1.9999999999999996,intermediate,0.21846497486280786,81.94964796577511,5000
7,down_niche,post_burn_in,25,37,1.0,basal,0.2140721864770128,0.6,5000
7,down_niche,post_burn_in,26,38,1.0,basal,0.21460121741018748,1.9,5000
7,down_niche,post_burn_in,27,39,1.0,basal,0.21303909976940463,6.0,5000
7,down_niche,post_burn_in,28,40,1.0,basal,0.2130347200319648,19.0,5000
7,down_niche,post_burn_in,29,41,1.0,basal,0.2110943283026392,60.0,5000
7,down_niche,post_burn_in,30,42,1.0,basal,0.21407218647701245,190.0,5000
7,down_niche,post_burn_in,31,43,1.0,basal,0.21613575441917723,600.0,5000
7,down_niche,post_burn_in,32,44,1.0,basal,0.21352055468682346,1900.0,5000
7,down_niche,post_burn_in,33,45,1.9999999999999998,intermediate,0.0018571657383256155,0.6,5000
7,down_niche,post_burn_in,34,46,1.9999999999999998,intermediate,0.0018819015120889288,1.9,5000
7,down_niche,post_burn_in,35,47,2.0,intermediate,0.19302457136399773,6.0,5000
7,down_niche,post_burn_in,36,48,2.0,intermediate,0.08306215349861257,19.0,5000
7,down_niche,post_burn_in,37,49,1.9999999999999998,intermediate,0.0018719445289048908,60.0,5000
7,down_niche,post_burn_in,38,50,2.0,intermediate,0.17615326039349638,190.0,5000
7,down_niche,post_burn_in,39,51,1.9999999999999998,intermediate,0.2656988617760419,600.0,5000
7,down_niche,post_burn_in,40,52,2.0,intermediate,0.18614113498257115,1900.0,5000
7,atn,post_burn_in,1,1,2.3846153846153846,intermediate,2.4605193505561963e-11,157.64843855444252,5000
7,atn,post_burn_in,2,2,2.1111111111111116,intermediate,0.24799599684832496,71.0608860748081,5000
7,atn,post_burn_in,3,3,2.1111111111111116,intermediate,0.20587238367919214,74.66754201729621,5000
7,atn,post_burn_in,4,4,1.0,basal,0.34672209878363974,4.245619198407141,5000
7,atn,post_burn_in,5,5,2.1111111111111116,intermediate,0.19942005420505424,75.25283724893502,5000
7,atn,post_burn_in,6,6,2.1111111111111116,intermediate,0.37055899260201197,62.30640460651625,5000
7,atn,post_burn_in,7,7,2.0,intermediate,0.054521239161114086,26.712565435822242,5000
7,atn,post_burn_in,8,8,2.0,intermediate,0.1276405072444603,22.3573734233997,5000
7,atn,post_burn_in,9,9,1.0,basal,0.3642345902761288,5.70310286141971,5000
7,atn,post_burn_in,10,10,1.0,basal,0.35302417684338006,4.664056188460212,5000
7,atn,post_burn_in,11,11,2.0,intermediate,2.7911763031797984e-9,39.97661002296284,5000
7,atn,post_burn_in,12,12,2.0,intermediate,0.11041530207000146,23.249142796113425,5000
7,atn,post_burn_in,13,13,2.0,intermediate,6.249357466600372e-9,15.38210451033126,5000
7,atn,post_burn_in,14,14,1.9999999999999998,intermediate,0.18792654945337595,58.85689195142042,5000
7,atn,post_burn_in,15,16,2.2000000000000006,intermediate,0.04340705955985661,92.98712616395389,5000
7,atn,post_burn_in,16,17,2.111111111111111,intermediate,0.3050861817330692,66.69636380190491,5000
7,atn,post_burn_in,17,18,2.0,intermediate,0.08062054868644519,11.725361326326334,5000
7,atn,post_burn_in,18,19,2.333333333333333,intermediate,8.184935419222087e-10,133.8741500608608,5000
7,atn,post_burn_in,19,20,2.6111111111111103,top,0.27901405659553585,286.5437847880969,5000
7,atn,post_burn_in,20,21,2.3846153846153846,intermediate,1.6033063822706865e-10,162.20036562168454,5000
7,atn,post_burn_in,21,22,2.111111111111111,intermediate,0.320107530992844,65.63561819020049,5000
7,atn,post_burn_in,22,23,1.9999999999999998,intermediate,0.20581634581494113,56.909037515026455,5000
7,atn,post_burn_in,23,24,2.111111111111111,intermediate,0.18995933577384683,76.1279787951522,5000
7,atn,post_burn_in,24,25,2.0,intermediate,0.17100183044680656,20.388940926092324,5000
7,atn,post_burn_in,25,26,2.0,intermediate,0.15490683881826287,7.833816810722474,5000
7,atn,post_burn_in,26,27,2.111111111111111,intermediate,0.34014722667695124,64.27175880320223,5000
7,atn,post_burn_in,27,28,2.2,intermediate,0.004014346381528636,99.5166995534454,5000
7,atn,post_burn_in,28,29,2.111111111111111,intermediate,0.19676012858792202,75.49682676499047,5000
7,atn,post_burn_in,29,30,2.0,intermediate,0.1401687219813282,50.41305145042467,5000
7,atn,post_burn_in,30,31,1.9999999999999998,intermediate,0.05868180160264006,43.722237246829415,5000
7,atn,post_burn_in,31,32,1.9999999999999998,intermediate,0.04781767825376101,44.730440685134546,5000
7,atn,post_burn_in,32,33,2.2,intermediate,0.12811717135691983,82.47679474322467,5000
7,atn,post_burn_in,33,34,2.2,intermediate,0.13294969711769813,81.94964796577511,5000
7,atn,post_burn_in,34,35,2.0,intermediate,0.14403979925895394,50.03655551392964,5000
7,atn,post_burn_in,35,36,2.0,intermediate,0.04882954285555832,12.648584595801431,5000
7,atn,post_burn_in,36,37,1.0,basal,0.2795737313172977,0.6,5000
7,atn,post_burn_in,37,38,1.0,basal,0.29893132241314,1.9,5000
7,atn,post_burn_in,38,39,1.0,basal,0.3971676915164857,6.0,5000
7,atn,post_burn_in,39,40,1.0,basal,0.8466716326248231,19.0,5000
7,atn,post_burn_in,40,41,1.0,basal,0.8894757754819772,60.0,5000
7,atn,post_burn_in,41,42,1.0,basal,0.9202823996445019,190.0,5000
7,atn,post_burn_in,42,45,1.0,basal,0.2795737313172971,0.6,5000
7,atn,post_burn_in,43,46,1.0,basal,0.29893132241313963,1.9,5000
7,atn,post_burn_in,44,47,2.0,intermediate,0.04424443469450934,6.0,5000
7,atn,post_burn_in,45,48,2.0,intermediate,0.1696719640911673,19.0,5000
7,atn,post_burn_in,46,49,2.111111111111111,intermediate,0.21361482786449135,60.0,5000
7,atn,post_burn_in,47,50,2.4375,intermediate,0.13548349264351311,190.0,5000
7,atn,post_burn_in,48,51,2.707818930041152,top,0.47845550191754116,600.0,5000
7,atn,post_burn_in,49,52,2.962223785699396,top,1.361203461634484,1900.0,5000
8,down_power,creation,1,1,3.870140473024426,intermediate,0.4888328559673458,213.87578149002314,5000
8,down_power,creation,2,2,3.5209296646821806,intermediate,0.1854825071996299,71.04085260045964,5000
8,down_power,creation,3,3,1.9999999999999996,intermediate,0.3865262771093162,59.66602136644397,5000
8,down_power,creation,4,4,1.9999999999999996,intermediate,0.26833643893004244,6.283985881466622,5000
8,down_power,creation,5,5,3.614137278092113,intermediate,0.3245364857537303,51.47793594922668,5000
8,down_power,creation,6,6,1.9999999999999996,intermediate,0.7587211858301498,55.08899044911404,5000
8,down_power,creation,7,7,1.9999999999999998,top,0.5931269388690131,31.333326390609592,5000
8,down_power,creation,8,8,2.0000000000000004,intermediate,0.9960287354795947,30.02339790322994,5000
8,down_power,creation,9,9,2.0000000000000004,intermediate,0.3641251483013941,6.1483726934960705,5000
8,down_power,creation,10,10,2.0,intermediate,0.3011964545813741,1.8375613705667284,5000
8,down_power,creation,11,11,1.9999999999999998,top,0.11754932295338139,27.03809600624577,5000
8,down_power,creation,12,12,2.0,intermediate,0.5325769928622118,46.14959065800014,5000
8,down_power,creation,13,13,3.0,intermediate,0.327062999606913,44.00492084723843,5000
8,down_power,creation,14,14,2.835748792270533,intermediate,0.8710013272403335,73.13382546980866,5000
8,down_power,creation,15,15,1.9999999999999996,intermediate,0.15453124173641053,13.17519452043576,5000
8,down_power,creation,16,16,2.0000000000000004,top,0.7057282753523376,60.03288251112057,5000
8,down_power,creation,17,17,1.9999999999999996,intermediate,0.3578899073795654,97.95567772299037,5000
8,down_power,creation,18,18,2.0,intermediate,0.05319882071041093,39.447537131016546,5000
8,down_power,creation,19,19,3.935751467074873,intermediate,0.563384546725842,151.7864001085249,5000
8,down_power,creation,20,20,3.9408013811924945,intermediate,0.7830947717462463,124.1437790396061,5000
8,down_power,creation,21,21,4.338313898048612,intermediate,0.2963664642410301,198.56133328069254,5000
8,down_power,creation,22,22,3.578810738535754,intermediate,0.9024861326949074,80.31578851313591,5000
8,down_power,creation,23,23,3.592396844169804,intermediate,0.9390537030016016,76.88696576179807,5000
8,down_power,creation,24,24,3.6684850317630957,intermediate,0.47735590874161904,53.77115787196798,5000
8,down_power,creation,25,25,3.2222222222222228,intermediate,0.8544678745737133,14.87912830079627,5000
8,down_power,creation,26,26,3.0000000000000013,intermediate,0.12693816954615256,0.8382875522832832,5000
8,down_power,creation,27,27,2.0000000000000004,top,0.1976579026569173,50.77392177629454,5000
8,down_power,creation,28,28,2.0,top,0.3282039120150916,86.44271667382817,5000
8,down_power,creation,29,29,2.0,intermediate,0.46579380427803607,61.93702514339556,5000
8,down_power,creation,30,30,1.9999999999999996,intermediate,0.5892058840900062,85.54455589551706,5000
8,down_power,creation,31,31,1.9999999999999996,intermediate,0.8363927709027861,11.846776745447103,5000
8,down_power,creation,32,32,1.9999999999999998,intermediate,0.44986567555846324,18.895721224928664,5000
8,down_power,creation,33,33,2.0,top,0.31743212637998286,52.108093701771516,5000
8,down_power,creation,34,34,2.0,intermediate,0.04723765328306018,77.22223750852542,5000
8,down_power,creation,35,35,3.0,intermediate,0.9778061825393065,62.625942778986854,5000
8,down_power,creation,36,36,3.0,intermediate,0.715293733086459,21.97255228394813,5000
8,down_power,creation,37,37,1.0,basal,0.5798906826104117,0.6,5000
8,down_power,creation,38,38,1.0,basal,0.4185877289486588,1.9,5000
8,down_power,creation,39,39,1.0,basal,0.572502124319639,6.0,5000
8,down_power,creation,40,40,1.0,basal,0.01460274010327911,19.0,5000
8,down_power,creation,41,41,1.0,basal,0.5014243139426972,60.0,5000
8,down_power,creation,42,42,1.0,basal,0.3345849228826703,190.0,5000
8,down_power,creation,43,43,1.0,basal,0.34353077821581857,600.0,5000
8,down_power,creation,44,44,1.0,basal,0.7083341930055442,1900.0,5000
8,down_power,creation,45,45,2.0000000000000004,intermediate,0.6653062101733536,0.6,5000
8,down_power,creation,46,46,1.9999999999999998,top,0.4819507931970253,1.9,5000
8,down_power,creation,47,47,1.9999999999999998,intermediate,0.05188552818423087,6.0,5000
8,down_power,creation,48,48,1.9999999999999998,intermediate,0.03225842877536067,19.0,5000
8,down_power,creation,49,49,1.9999999999999998,intermediate,0.7484263478661072,60.0,5000
8,down_power,creation,50,50,2.0000000000000004,intermediate,0.17727483525784493,190.0,5000
8,down_power,creation,51,51,2.0000000000000004,intermediate,0.27340861620824686,600.0,5000
8,down_power,creation,52,52,1.9999999999999996,intermediate,0.3190648339320157,1900.0,5000
8,metaweb,creation,1,1,4.0613354240613635,intermediate,0.4888328559673458,213.87578149002314,5000
8,metaweb,creation,2,2,3.5954723098103645,intermediate,0.1854825071996299,71.04085260045964,5000
8,metaweb,creation,3,3,2.0,intermediate,0.3865262771093162,59.66602136644397,5000
8,metaweb,creation,4,4,2.0,intermediate,0.26833643893004244,6.283985881466622,5000
8,metaweb,creation,5,5,3.5954723098103667,intermediate,0.3245364857537303,51.47793594922668,5000
8,metaweb,creation,6,6,2.0,intermediate,0.7587211858301498,55.08899044911404,5000
8,metaweb,creation,7,7,2.0,top,0.5931269388690131,31.333326390609592,5000
8,metaweb,creation,8,8,2.0,intermediate,0.9960287354795947,30.02339790322994,5000
8,metaweb,creation,9,9,2.0,intermediate,0.3641251483013941,6.1483726934960705,5000
8,metaweb,creation,10,10,2.0,intermediate,0.3011964545813741,1.8375613705667284,5000
8,metaweb,creation,11,11,2.0,top,0.11754932295338139,27.03809600624577,5000
8,metaweb,creation,12,12,2.0,intermediate,0.5325769928622118,46.14959065800014,5000
8,metaweb,creation,13,13,3.0,intermediate,0.327062999606913,44.00492084723843,5000
8,metaweb,creation,14,14,2.8392621870882753,intermediate,0.8710013272403335,73.13382546980866,5000
8,metaweb,creation,15,15,2.0,intermediate,0.15453124173641053,13.17519452043576,5000
8,metaweb,creation,16,16,2.0,top,0.7057282753523376,60.03288251112057,5000
8,metaweb,creation,17,17,2.0,intermediate,0.3578899073795654,97.95567772299037,5000
8,metaweb,creation,18,18,2.0,intermediate,0.05319882071041093,39.447537131016546,5000
8,metaweb,creation,19,19,4.0613354240613635,intermediate,0.563384546725842,151.7864001085249,5000
8,metaweb,creation,20,20,4.061335424061364,intermediate,0.7830947717462463,124.1437790396061,5000
8,metaweb,creation,21,21,4.061335424061364,intermediate,0.2963664642410301,198.56133328069254,5000
8,metaweb,creation,22,22,3.5954723098103636,intermediate,0.9024861326949074,80.31578851313591,5000
8,metaweb,creation,23,23,3.5954723098103654,intermediate,0.9390537030016016,76.88696576179807,5000
8,metaweb,creation,24,24,3.5762090864680016,intermediate,0.47735590874161904,53.77115787196798,5000
8,metaweb,creation,25,25,3.303030303030302,intermediate,0.8544678745737133,14.87912830079627,5000
8,metaweb,creation,26,26,3.3333333333333335,intermediate,0.12693816954615256,0.8382875522832832,5000
8,metaweb,creation,27,27,2.0,top,0.1976579026569173,50.77392177629454,5000
8,metaweb,creation,28,28,2.0,top,0.3282039120150916,86.44271667382817,5000
8,metaweb,creation,29,29,2.0,intermediate,0.46579380427803607,61.93702514339556,5000
8,metaweb,creation,30,30,2.0,intermediate,0.5892058840900062,85.54455589551706,5000
8,metaweb,creation,31,31,2.0,intermediate,0.8363927709027861,11.846776745447103,5000
8,metaweb,creation,32,32,2.0,intermediate,0.44986567555846324,18.895721224928664,5000
8,metaweb,creation,33,33,2.0,top,0.31743212637998286,52.108093701771516,5000
8,metaweb,creation,34,34,2.0,intermediate,0.04723765328306018,77.22223750852542,5000
8,metaweb,creation,35,35,3.0,intermediate,0.9778061825393065,62.625942778986854,5000
8,metaweb,creation,36,36,3.0,intermediate,0.715293733086459,21.97255228394813,5000
8,metaweb,creation,37,37,1.0,basal,0.5798906826104117,0.6,5000
8,metaweb,creation,38,38,1.0,basal,0.4185877289486588,1.9,5000
8,metaweb,creation,39,39,1.0,basal,0.572502124319639,6.0,5000
8,metaweb,creation,40,40,1.0,basal,0.01460274010327911,19.0,5000
8,metaweb,creation,41,41,1.0,basal,0.5014243139426972,60.0,5000
8,metaweb,creation,42,42,1.0,basal,0.3345849228826703,190.0,5000
8,metaweb,creation,43,43,1.0,basal,0.34353077821581857,600.0,5000
8,metaweb,creation,44,44,1.0,basal,0.7083341930055442,1900.0,5000
8,metaweb,creation,45,45,2.0,intermediate,0.6653062101733536,0.6,5000
8,metaweb,creation,46,46,2.0,intermediate,0.4819507931970253,1.9,5000
8,metaweb,creation,47,47,2.0,intermediate,0.05188552818423087,6.0,5000
8,metaweb,creation,48,48,2.0,intermediate,0.03225842877536067,19.0,5000
8,metaweb,creation,49,49,2.0,intermediate,0.7484263478661072,60.0,5000
8,metaweb,creation,50,50,2.0,intermediate,0.17727483525784493,190.0,5000
8,metaweb,creation,51,51,2.0,intermediate,0.27340861620824686,600.0,5000
8,metaweb,creation,52,52,2.0,intermediate,0.3190648339320157,1900.0,5000
8,niche,creation,1,1,2.8190753425805246,top,0.4888328559673458,213.87578149002314,5000
8,niche,creation,2,2,3.595737546621928,intermediate,0.1854825071996299,71.04085260045964,5000
8,niche,creation,3,3,4.440706385195659,intermediate,0.3865262771093162,59.66602136644397,5000
8,niche,creation,4,4,3.7142857142857135,intermediate,0.26833643893004244,6.283985881466622,5000
8,niche,creation,5,5,4.735520054506853,intermediate,0.3245364857537303,51.47793594922668,5000
8,niche,creation,6,6,1.9843358237803759,intermediate,0.7587211858301498,55.08899044911404,5000
8,niche,creation,7,7,4.495406318370551,intermediate,0.5931269388690131,31.333326390609592,5000
8,niche,creation,8,8,2.948953566879549,intermediate,0.9960287354795947,30.02339790322994,5000
8,niche,creation,9,9,3.9692150264141755,intermediate,0.3641251483013941,6.1483726934960705,5000
8,niche,creation,10,10,3.3631282613080806,intermediate,0.3011964545813741,1.8375613705667284,5000
8,niche,creation,11,11,4.444444444444433,intermediate,0.11754932295338139,27.03809600624577,5000
8,niche,creation,12,12,4.3025483597474965,intermediate,0.5325769928622118,46.14959065800014,5000
8,niche,creation,13,13,3.2064128451398246,intermediate,0.327062999606913,44.00492084723843,5000
8,niche,creation,14,14,3.714285714285713,intermediate,0.8710013272403335,73.13382546980866,5000
8,niche,creation,15,15,1.9869465198169856,intermediate,0.15453124173641053,13.17519452043576,5000
8,niche,creation,16,16,3.42545296000888,intermediate,0.7057282753523376,60.03288251112057,5000
8,niche,creation,17,17,4.2083333333333295,intermediate,0.3578899073795654,97.95567772299037,5000
8,niche,creation,18,18,2.2453523664230173,intermediate,0.05319882071041093,39.447537131016546,5000
8,niche,creation,19,19,3.517722965878697,intermediate,0.563384546725842,151.7864001085249,5000
8,niche,creation,20,20,2.6838765565293983,intermediate,0.7830947717462463,124.1437790396061,5000
8,niche,creation,21,21,4.189972295431993,intermediate,0.2963664642410301,198.56133328069254,5000
8,niche,creation,22,22,3.4366666666666714,intermediate,0.9024861326949074,80.31578851313591,5000
8,niche,creation,23,23,2.479763683652648,intermediate,0.9390537030016016,76.88696576179807,5000
8,niche,creation,24,24,1.0000000000000016,basal,0.47735590874161904,53.77115787196798,5000
8,niche,creation,25,25,1.9843358237803743,intermediate,0.8544678745737133,14.87912830079627,5000
8,niche,creation,26,26,-9.3295190605557,intermediate,0.12693816954615256,0.8382875522832832,5000
8,niche,creation,27,27,3.5352380952381033,intermediate,0.1976579026569173,50.77392177629454,5000
8,niche,creation,28,28,3.398290927105771,intermediate,0.3282039120150916,86.44271667382817,5000
8,niche,creation,29,29,5.3333333333333295,intermediate,0.46579380427803607,61.93702514339556,5000
8,niche,creation,30,30,3.9999999999999996,intermediate,0.5892058840900062,85.54455589551706,5000
8,niche,creation,31,31,0.9999999999999994,basal,0.8363927709027861,11.846776745447103,5000
8,niche,creation,32,32,3.549333333333334,intermediate,0.44986567555846324,18.895721224928664,5000
8,niche,creation,33,33,3.000000000000006,intermediate,0.31743212637998286,52.108093701771516,5000
8,niche,creation,34,34,3.946666666666665,intermediate,0.04723765328306018,77.22223750852542,5000
8,niche,creation,35,35,1.000000000000002,basal,0.9778061825393065,62.625942778986854,5000
8,niche,creation,36,36,1.0000000000000027,basal,0.715293733086459,21.97255228394813,5000
8,niche,creation,37,37,3.7999999999999985,intermediate,0.5798906826104117,0.6,5000
8,niche,creation,38,38,1.0000000000000044,basal,0.4185877289486588,1.9,5000
8,niche,creation,39,39,2.9999999999999964,intermediate,0.572502124319639,6.0,5000
8,niche,creation,40,40,3.999999999999997,intermediate,0.01460274010327911,19.0,5000
8,niche,creation,41,41,3.9999999999999987,intermediate,0.5014243139426972,60.0,5000
8,niche,creation,42,42,3.9999999999999973,intermediate,0.3345849228826703,190.0,5000
8,niche,creation,43,43,4.66666666666667,intermediate,0.34353077821581857,600.0,5000
8,niche,creation,44,44,2.0000000000000013,intermediate,0.7083341930055442,1900.0,5000
8,niche,creation,45,45,1.0000000000000018,basal,0.6653062101733536,0.6,5000
8,niche,creation,46,46,3.999999999999993,intermediate,0.4819507931970253,1.9,5000
8,niche,creation,47,47,5.999999999999994,intermediate,0.05188552818423087,6.0,5000
8,niche,creation,48,48,1.000000000000001,basal,0.03225842877536067,19.0,5000
8,niche,creation,49,49,3.0000000000000058,intermediate,0.7484263478661072,60.0,5000
8,niche,creation,50,50,1.9999999999999982,intermediate,0.17727483525784493,190.0,5000
8,niche,creation,51,51,1.0000000000000038,basal,0.27340861620824686,600.0,5000
8,niche,creation,52,52,1.0000000000000033,basal,0.3190648339320157,1900.0,5000
8,down_rand,creation,1,1,4.136339540063915,intermediate,0.4888328559673458,213.87578149002314,5000
8,down_rand,creation,2,2,3.5932764543419053,intermediate,0.1854825071996299,71.04085260045964,5000
8,down_rand,creation,3,3,2.0,intermediate,0.3865262771093162,59.66602136644397,5000
8,down_rand,creation,4,4,2.0000000000000004,intermediate,0.26833643893004244,6.283985881466622,5000
8,down_rand,creation,5,5,3.5161215826649865,intermediate,0.3245364857537303,51.47793594922668,5000
8,down_rand,creation,6,6,2.0,intermediate,0.7587211858301498,55.08899044911404,5000
8,down_rand,creation,7,7,1.9999999999999996,top,0.5931269388690131,31.333326390609592,5000
8,down_rand,creation,8,8,1.9999999999999998,intermediate,0.9960287354795947,30.02339790322994,5000
8,down_rand,creation,9,9,1.9999999999999996,intermediate,0.3641251483013941,6.1483726934960705,5000
8,down_rand,creation,10,10,2.0000000000000004,intermediate,0.3011964545813741,1.8375613705667284,5000
8,down_rand,creation,11,11,1.9999999999999996,top,0.11754932295338139,27.03809600624577,5000
8,down_rand,creation,12,12,2.0,intermediate,0.5325769928622118,46.14959065800014,5000
8,down_rand,creation,13,13,3.0,intermediate,0.327062999606913,44.00492084723843,5000
8,down_rand,creation,14,14,2.851851851851851,intermediate,0.8710013272403335,73.13382546980866,5000
8,down_rand,creation,15,15,1.9999999999999996,intermediate,0.15453124173641053,13.17519452043576,5000
8,down_rand,creation,16,16,1.9999999999999996,top,0.7057282753523376,60.03288251112057,5000
8,down_rand,creation,17,17,2.0000000000000004,intermediate,0.3578899073795654,97.95567772299037,5000
8,down_rand,creation,18,18,1.9999999999999998,intermediate,0.05319882071041093,39.447537131016546,5000
8,down_rand,creation,19,19,4.057061484885354,intermediate,0.563384546725842,151.7864001085249,5000
8,down_rand,creation,20,20,3.9825847967650962,intermediate,0.7830947717462463,124.1437790396061,5000
8,down_rand,creation,21,21,4.217588863216364,intermediate,0.2963664642410301,198.56133328069254,5000
8,down_rand,creation,22,22,3.556346484436382,intermediate,0.9024861326949074,80.31578851313591,5000
8,down_rand,creation,23,23,3.46081017901067,intermediate,0.9390537030016016,76.88696576179807,5000
8,down_rand,creation,24,24,3.4392587813413056,intermediate,0.47735590874161904,53.77115787196798,5000
8,down_rand,creation,25,25,3.333333333333332,intermediate,0.8544678745737133,14.87912830079627,5000
8,down_rand,creation,26,26,2.999999999999999,top,0.12693816954615256,0.8382875522832832,5000
8,down_rand,creation,27,27,1.9999999999999996,top,0.1976579026569173,50.77392177629454,5000
8,down_rand,creation,28,28,1.9999999999999998,top,0.3282039120150916,86.44271667382817,5000
8,down_rand,creation,29,29,2.0,intermediate,0.46579380427803607,61.93702514339556,5000
8,down_rand,creation,30,30,2.0000000000000004,intermediate,0.5892058840900062,85.54455589551706,5000
8,down_rand,creation,31,31,1.9999999999999996,intermediate,0.8363927709027861,11.846776745447103,5000
8,down_rand,creation,32,32,1.9999999999999998,intermediate,0.44986567555846324,18.895721224928664,5000
8,down_rand,creation,33,33,1.9999999999999998,top,0.31743212637998286,52.108093701771516,5000
8,down_rand,creation,34,34,2.0000000000000004,intermediate,0.04723765328306018,77.22223750852542,5000
8,down_rand,creation,35,35,3.0000000000000004,intermediate,0.9778061825393065,62.625942778986854,5000
8,down_rand,creation,36,36,3.0000000000000004,intermediate,0.715293733086459,21.97255228394813,5000
8,down_rand,creation,37,37,1.0,basal,0.5798906826104117,0.6,5000
8,down_rand,creation,38,38,1.0,basal,0.4185877289486588,1.9,5000
8,down_rand,creation,39,39,1.0,basal,0.572502124319639,6.0,5000
8,down_rand,creation,40,40,1.0,basal,0.01460274010327911,19.0,5000
8,down_rand,creation,41,41,1.0,basal,0.5014243139426972,60.0,5000
8,down_rand,creation,42,42,1.0,basal,0.3345849228826703,190.0,5000
8,down_rand,creation,43,43,1.0,basal,0.34353077821581857,600.0,5000
8,down_rand,creation,44,44,1.0,basal,0.7083341930055442,1900.0,5000
8,down_rand,creation,45,45,2.0,intermediate,0.6653062101733536,0.6,5000
8,down_rand,creation,46,46,1.9999999999999998,intermediate,0.4819507931970253,1.9,5000
8,down_rand,creation,47,47,1.9999999999999998,intermediate,0.05188552818423087,6.0,5000
8,down_rand,creation,48,48,2.0,intermediate,0.03225842877536067,19.0,5000
8,down_rand,creation,49,49,2.0000000000000004,intermediate,0.7484263478661072,60.0,5000
8,down_rand,creation,50,50,1.9999999999999998,intermediate,0.17727483525784493,190.0,5000
8,down_rand,creation,51,51,1.9999999999999996,top,0.27340861620824686,600.0,5000
8,down_rand,creation,52,52,2.0000000000000004,intermediate,0.3190648339320157,1900.0,5000
8,down_link,creation,1,1,4.109599664934199,intermediate,0.4888328559673458,213.87578149002314,5000
8,down_link,creation,2,2,3.684679003582218,intermediate,0.1854825071996299,71.04085260045964,5000
8,down_link,creation,3,3,2.0,intermediate,0.3865262771093162,59.66602136644397,5000
8,down_link,creation,4,4,1.9999999999999996,intermediate,0.26833643893004244,6.283985881466622,5000
8,down_link,creation,5,5,3.770263879029994,intermediate,0.3245364857537303,51.47793594922668,5000
8,down_link,creation,6,6,1.9999999999999996,intermediate,0.7587211858301498,55.08899044911404,5000
8,down_link,creation,7,7,1.9999999999999998,top,0.5931269388690131,31.333326390609592,5000
8,down_link,creation,8,8,2.0000000000000004,intermediate,0.9960287354795947,30.02339790322994,5000
8,down_link,creation,9,9,2.0000000000000004,intermediate,0.3641251483013941,6.1483726934960705,5000
8,down_link,creation,10,10,1.9999999999999998,intermediate,0.3011964545813741,1.8375613705667284,5000
8,down_link,creation,11,11,2.0000000000000004,top,0.11754932295338139,27.03809600624577,5000
8,down_link,creation,12,12,1.9999999999999998,intermediate,0.5325769928622118,46.14959065800014,5000
8,down_link,creation,13,13,2.999999999999999,intermediate,0.327062999606913,44.00492084723843,5000
8,down_link,creation,14,14,3.2540792540792527,intermediate,0.8710013272403335,73.13382546980866,5000
8,down_link,creation,15,15,2.0,intermediate,0.15453124173641053,13.17519452043576,5000
8,down_link,creation,16,16,2.0,top,0.7057282753523376,60.03288251112057,5000
8,down_link,creation,17,17,2.0000000000000004,intermediate,0.3578899073795654,97.95567772299037,5000
8,down_link,creation,18,18,1.9999999999999998,intermediate,0.05319882071041093,39.447537131016546,5000
8,down_link,creation,19,19,4.040361335991365,intermediate,0.563384546725842,151.7864001085249,5000
8,down_link,creation,20,20,4.0225250160232795,intermediate,0.7830947717462463,124.1437790396061,5000
8,down_link,creation,21,21,4.23659927752664,intermediate,0.2963664642410301,198.56133328069254,5000
8,down_link,creation,22,22,3.6664907621281317,intermediate,0.9024861326949074,80.31578851313591,5000
8,down_link,creation,23,23,3.591085725605427,intermediate,0.9390537030016016,76.88696576179807,5000
8,down_link,creation,24,24,3.308672391103842,intermediate,0.47735590874161904,53.77115787196798,5000
8,down_link,creation,25,25,3.303030303030302,intermediate,0.8544678745737133,14.87912830079627,5000
8,down_link,creation,26,26,3.3333333333333335,intermediate,0.12693816954615256,0.8382875522832832,5000
8,down_link,creation,27,27,2.0,top,0.1976579026569173,50.77392177629454,5000
8,down_link,creation,28,28,1.9999999999999996,top,0.3282039120150916,86.44271667382817,5000
8,down_link,creation,29,29,2.0000000000000004,intermediate,0.46579380427803607,61.93702514339556,5000
8,down_link,creation,30,30,1.9999999999999998,intermediate,0.5892058840900062,85.54455589551706,5000
8,down_link,creation,31,31,1.9999999999999998,intermediate,0.8363927709027861,11.846776745447103,5000
8,down_link,creation,32,32,2.0000000000000004,intermediate,0.44986567555846324,18.895721224928664,5000
8,down_link,creation,33,33,1.9999999999999998,top,0.31743212637998286,52.108093701771516,5000
8,down_link,creation,34,34,2.0000000000000004,intermediate,0.04723765328306018,77.22223750852542,5000
8,down_link,creation,35,35,3.0,intermediate,0.9778061825393065,62.625942778986854,5000
8,down_link,creation,36,36,3.0,intermediate,0.715293733086459,21.97255228394813,5000
8,down_link,creation,37,37,1.0,basal,0.5798906826104117,0.6,5000
8,down_link,creation,38,38,1.0,basal,0.4185877289486588,1.9,5000
8,down_link,creation,39,39,1.0,basal,0.572502124319639,6.0,5000
8,down_link,creation,40,40,1.0,basal,0.01460274010327911,19.0,5000
8,down_link,creation,41,41,1.0,basal,0.5014243139426972,60.0,5000
8,down_link,creation,42,42,1.0,basal,0.3345849228826703,190.0,5000
8,down_link,creation,43,43,1.0,basal,0.34353077821581857,600.0,5000
8,down_link,creation,44,44,1.0,basal,0.7083341930055442,1900.0,5000
8,down_link,creation,45,45,1.9999999999999996,intermediate,0.6653062101733536,0.6,5000
8,down_link,creation,46,46,1.9999999999999996,intermediate,0.4819507931970253,1.9,5000
8,down_link,creation,47,47,1.9999999999999998,intermediate,0.05188552818423087,6.0,5000
8,down_link,creation,48,48,1.9999999999999998,intermediate,0.03225842877536067,19.0,5000
8,down_link,creation,49,49,1.9999999999999998,intermediate,0.7484263478661072,60.0,5000
8,down_link,creation,50,50,1.9999999999999998,intermediate,0.17727483525784493,190.0,5000
8,down_link,creation,51,51,1.9999999999999998,intermediate,0.27340861620824686,600.0,5000
8,down_link,creation,52,52,2.0000000000000004,intermediate,0.3190648339320157,1900.0,5000
8,down_niche,creation,1,1,3.740313837445958,intermediate,0.4888328559673458,213.87578149002314,5000
8,down_niche,creation,2,2,3.534953703703703,intermediate,0.1854825071996299,71.04085260045964,5000
8,down_niche,creation,3,3,1.9999999999999996,intermediate,0.3865262771093162,59.66602136644397,5000
8,down_niche,creation,4,4,1.9999999999999996,intermediate,0.26833643893004244,6.283985881466622,5000
8,down_niche,creation,5,5,3.4908184408184404,intermediate,0.3245364857537303,51.47793594922668,5000
8,down_niche,creation,6,6,2.0000000000000004,intermediate,0.7587211858301498,55.08899044911404,5000
8,down_niche,creation,7,7,1.9999999999999996,top,0.5931269388690131,31.333326390609592,5000
8,down_niche,creation,8,8,2.0000000000000004,intermediate,0.9960287354795947,30.02339790322994,5000
8,down_niche,creation,9,9,1.9999999999999996,intermediate,0.3641251483013941,6.1483726934960705,5000
8,down_niche,creation,10,10,1.9999999999999996,intermediate,0.3011964545813741,1.8375613705667284,5000
8,down_niche,creation,11,11,1.9999999999999996,top,0.11754932295338139,27.03809600624577,5000
8,down_niche,creation,12,12,1.9999999999999996,intermediate,0.5325769928622118,46.14959065800014,5000
8,down_niche,creation,13,13,3.0,intermediate,0.327062999606913,44.00492084723843,5000
8,down_niche,creation,14,14,2.666666666666666,intermediate,0.8710013272403335,73.13382546980866,5000
8,down_niche,creation,15,15,2.0000000000000004,intermediate,0.15453124173641053,13.17519452043576,5000
8,down_niche,creation,16,16,2.0000000000000004,top,0.7057282753523376,60.03288251112057,5000
8,down_niche,creation,17,17,2.0000000000000004,intermediate,0.3578899073795654,97.95567772299037,5000
8,down_niche,creation,18,18,1.9999999999999996,intermediate,0.05319882071041093,39.447537131016546,5000
8,down_niche,creation,19,19,4.145019467903172,intermediate,0.563384546725842,151.7864001085249,5000
8,down_niche,creation,20,20,3.7274030945905956,intermediate,0.7830947717462463,124.1437790396061,5000
8,down_niche,creation,21,21,4.121293817267797,intermediate,0.2963664642410301,198.56133328069254,5000
8,down_niche,creation,22,22,3.4451884920634903,intermediate,0.9024861326949074,80.31578851313591,5000
8,down_niche,creation,23,23,3.4188606532356536,intermediate,0.9390537030016016,76.88696576179807,5000
8,down_niche,creation,24,24,3.252496693121693,intermediate,0.47735590874161904,53.77115787196798,5000
8,down_niche,creation,25,25,3.1249999999999996,intermediate,0.8544678745737133,14.87912830079627,5000
8,down_niche,creation,26,26,2.9999999999999996,top,0.12693816954615256,0.8382875522832832,5000
8,down_niche,creation,27,27,2.0,top,0.1976579026569173,50.77392177629454,5000
8,down_niche,creation,28,28,2.0000000000000004,top,0.3282039120150916,86.44271667382817,5000
8,down_niche,creation,29,29,1.9999999999999996,intermediate,0.46579380427803607,61.93702514339556,5000
8,down_niche,creation,30,30,1.9999999999999996,intermediate,0.5892058840900062,85.54455589551706,5000
8,down_niche,creation,31,31,2.0000000000000004,intermediate,0.8363927709027861,11.846776745447103,5000
8,down_niche,creation,32,32,2.0000000000000004,intermediate,0.44986567555846324,18.895721224928664,5000
8,down_niche,creation,33,33,2.0000000000000004,top,0.31743212637998286,52.108093701771516,5000
8,down_niche,creation,34,34,1.9999999999999996,intermediate,0.04723765328306018,77.22223750852542,5000
8,down_niche,creation,35,35,3.0,intermediate,0.9778061825393065,62.625942778986854,5000
8,down_niche,creation,36,36,3.0,intermediate,0.715293733086459,21.97255228394813,5000
8,down_niche,creation,37,37,1.0,basal,0.5798906826104117,0.6,5000
8,down_niche,creation,38,38,1.0,basal,0.4185877289486588,1.9,5000
8,down_niche,creation,39,39,1.0,basal,0.572502124319639,6.0,5000
8,down_niche,creation,40,40,1.0,basal,0.01460274010327911,19.0,5000
8,down_niche,creation,41,41,1.0,basal,0.5014243139426972,60.0,5000
8,down_niche,creation,42,42,1.0,basal,0.3345849228826703,190.0,5000
8,down_niche,creation,43,43,1.0,basal,0.34353077821581857,600.0,5000
8,down_niche,creation,44,44,1.0,basal,0.7083341930055442,1900.0,5000
8,down_niche,creation,45,45,2.0,intermediate,0.6653062101733536,0.6,5000
8,down_niche,creation,46,46,2.0000000000000004,intermediate,0.4819507931970253,1.9,5000
8,down_niche,creation,47,47,1.9999999999999996,intermediate,0.05188552818423087,6.0,5000
8,down_niche,creation,48,48,2.0,intermediate,0.03225842877536067,19.0,5000
8,down_niche,creation,49,49,2.0000000000000004,intermediate,0.7484263478661072,60.0,5000
8,down_niche,creation,50,50,1.9999999999999996,intermediate,0.17727483525784493,190.0,5000
8,down_niche,creation,51,51,2.0000000000000004,intermediate,0.27340861620824686,600.0,5000
8,down_niche,creation,52,52,1.9999999999999996,intermediate,0.3190648339320157,1900.0,5000
8,atn,creation,1,1,2.5,top,0.4888328559673458,213.87578149002314,5000
8,atn,creation,2,2,2.3000000000000007,intermediate,0.1854825071996299,71.04085260045964,5000
8,atn,creation,3,3,2.0000000000000004,intermediate,0.3865262771093162,59.66602136644397,5000
8,atn,creation,4,4,2.0,intermediate,0.26833643893004244,6.283985881466622,5000
8,atn,creation,5,5,2.0000000000000004,intermediate,0.3245364857537303,51.47793594922668,5000
8,atn,creation,6,6,2.0000000000000004,intermediate,0.7587211858301498,55.08899044911404,5000
8,atn,creation,7,7,2.0000000000000004,intermediate,0.5931269388690131,31.333326390609592,5000
8,atn,creation,8,8,2.0000000000000004,intermediate,0.9960287354795947,30.02339790322994,5000
8,atn,creation,9,9,2.0,intermediate,0.3641251483013941,6.1483726934960705,5000
8,atn,creation,10,10,1.0,basal,0.3011964545813741,1.8375613705667284,5000
8,atn,creation,11,11,2.0000000000000004,intermediate,0.11754932295338139,27.03809600624577,5000
8,atn,creation,12,12,2.0000000000000004,intermediate,0.5325769928622118,46.14959065800014,5000
8,atn,creation,13,13,2.0000000000000004,intermediate,0.327062999606913,44.00492084723843,5000
8,atn,creation,14,14,2.3000000000000007,intermediate,0.8710013272403335,73.13382546980866,5000
8,atn,creation,15,15,1.9999999999999998,intermediate,0.15453124173641053,13.17519452043576,5000
8,atn,creation,16,16,2.125,intermediate,0.7057282753523376,60.03288251112057,5000
8,atn,creation,17,17,2.3000000000000007,intermediate,0.3578899073795654,97.95567772299037,5000
8,atn,creation,18,18,2.0000000000000004,intermediate,0.05319882071041093,39.447537131016546,5000
8,atn,creation,19,19,2.4615384615384612,intermediate,0.563384546725842,151.7864001085249,5000
8,atn,creation,20,20,2.363636363636363,intermediate,0.7830947717462463,124.1437790396061,5000
8,atn,creation,21,21,2.5,top,0.2963664642410301,198.56133328069254,5000
8,atn,creation,22,22,2.3000000000000007,intermediate,0.9024861326949074,80.31578851313591,5000
8,atn,creation,23,23,2.3000000000000007,intermediate,0.9390537030016016,76.88696576179807,5000
8,atn,creation,24,24,2.0000000000000004,intermediate,0.47735590874161904,53.77115787196798,5000
8,atn,creation,25,25,1.9999999999999998,intermediate,0.8544678745737133,14.87912830079627,5000
8,atn,creation,26,26,1.0,basal,0.12693816954615256,0.8382875522832832,5000
8,atn,creation,27,27,2.0000000000000004,intermediate,0.1976579026569173,50.77392177629454,5000
8,atn,creation,28,28,2.3000000000000007,intermediate,0.3282039120150916,86.44271667382817,5000
8,atn,creation,29,29,2.2222222222222223,intermediate,0.46579380427803607,61.93702514339556,5000
8,atn,creation,30,30,2.3000000000000007,intermediate,0.5892058840900062,85.54455589551706,5000
8,atn,creation,31,31,1.9999999999999998,intermediate,0.8363927709027861,11.846776745447103,5000
8,atn,creation,32,32,2.0,intermediate,0.44986567555846324,18.895721224928664,5000
8,atn,creation,33,33,2.0000000000000004,intermediate,0.31743212637998286,52.108093701771516,5000
8,atn,creation,34,34,2.3000000000000007,intermediate,0.04723765328306018,77.22223750852542,5000
8,atn,creation,35,35,2.3000000000000007,intermediate,0.9778061825393065,62.625942778986854,5000
8,atn,creation,36,36,2.0000000000000004,intermediate,0.715293733086459,21.97255228394813,5000
8,atn,creation,37,37,1.0,basal,0.5798906826104117,0.6,5000
8,atn,creation,38,38,1.0,basal,0.4185877289486588,1.9,5000
8,atn,creation,39,39,1.0,basal,0.572502124319639,6.0,5000
8,atn,creation,40,40,1.0,basal,0.01460274010327911,19.0,5000
8,atn,creation,41,41,1.0,basal,0.5014243139426972,60.0,5000
8,atn,creation,42,42,1.0,basal,0.3345849228826703,190.0,5000
8,atn,creation,43,43,1.0,isolated,0.34353077821581857,600.0,5000
8,atn,creation,44,44,1.0,isolated,0.7083341930055442,1900.0,5000
8,atn,creation,45,45,1.0,basal,0.6653062101733536,0.6,5000
8,atn,creation,46,46,1.0,basal,0.4819507931970253,1.9,5000
8,atn,creation,47,47,2.0,intermediate,0.05188552818423087,6.0,5000
8,atn,creation,48,48,2.0000000000000004,intermediate,0.03225842877536067,19.0,5000
8,atn,creation,49,49,2.125,intermediate,0.7484263478661072,60.0,5000
8,atn,creation,50,50,2.5,intermediate,0.17727483525784493,190.0,5000
8,atn,creation,51,51,2.801724137931034,top,0.27340861620824686,600.0,5000
8,atn,creation,52,52,3.0124349261849246,top,0.3190648339320157,1900.0,5000
8,down_power,post_burn_in,1,4,1.9999999999999996,intermediate,1.283626097269914e-7,6.283985881466622,5000
8,down_power,post_burn_in,2,7,1.9999999999999998,top,2.05360054720209e-8,31.333326390609592,5000
8,down_power,post_burn_in,3,9,2.0000000000000004,intermediate,0.3180395150504908,6.1483726934960705,5000
8,down_power,post_burn_in,4,25,3.2222222222222214,top,0.06742071100073468,14.87912830079627,5000
8,down_power,post_burn_in,5,36,3.000000000000001,intermediate,0.1294726493832497,21.97255228394813,5000
8,down_power,post_burn_in,6,37,1.0,basal,0.2026489040096428,0.6,5000
8,down_power,post_burn_in,7,38,1.0,basal,0.17726325397476336,1.9,5000
8,down_power,post_burn_in,8,39,1.0,basal,0.33188163196066545,6.0,5000
8,down_power,post_burn_in,9,40,1.0,basal,0.10806632405920377,19.0,5000
8,down_power,post_burn_in,10,41,1.0,basal,0.08847623098133713,60.0,5000
8,down_power,post_burn_in,11,42,1.0,basal,0.07798798848992236,190.0,5000
8,down_power,post_burn_in,12,43,1.0,basal,0.13575793439636868,600.0,5000
8,down_power,post_burn_in,13,44,1.0,basal,0.03276980759220302,1900.0,5000
8,down_power,post_burn_in,14,45,2.0,intermediate,0.3474874482604042,0.6,5000
8,down_power,post_burn_in,15,47,2.0,intermediate,0.17489778363028616,6.0,5000
8,metaweb,post_burn_in,1,3,2.0,top,0.0607163616634114,59.66602136644397,5000
8,metaweb,post_burn_in,2,4,2.0,top,0.058900091565714165,6.283985881466622,5000
8,metaweb,post_burn_in,3,6,2.0,top,0.06733276547368441,55.08899044911404,5000
8,metaweb,post_burn_in,4,7,2.0,top,0.4651548738362872,31.333326390609592,5000
8,metaweb,post_burn_in,5,8,2.0,top,0.1096145056758615,30.02339790322994,5000
8,metaweb,post_burn_in,6,9,2.0,top,0.06358173576857151,6.1483726934960705,5000
8,metaweb,post_burn_in,7,10,2.0,top,0.06075534487163621,1.8375613705667284,5000
8,metaweb,post_burn_in,8,11,2.0,top,0.09218707987236217,27.03809600624577,5000
8,metaweb,post_burn_in,9,12,2.0,top,0.09768512227958961,46.14959065800014,5000
8,metaweb,post_burn_in,10,15,2.0,top,0.06213365696840905,13.17519452043576,5000
8,metaweb,post_burn_in,11,16,2.0,top,0.5534615364284714,60.03288251112057,5000
8,metaweb,post_burn_in,12,17,2.0,top,0.059758582314412584,97.95567772299037,5000
8,metaweb,post_burn_in,13,18,2.0,top,0.03143490848068985,39.447537131016546,5000
8,metaweb,post_burn_in,14,27,2.0,top,0.15501156792584483,50.77392177629454,5000
8,metaweb,post_burn_in,15,28,2.0,top,0.257391191128582,86.44271667382817,5000
8,metaweb,post_burn_in,16,29,2.0,top,0.06285910222985233,61.93702514339556,5000
8,metaweb,post_burn_in,17,30,2.0,top,0.06520957969074345,85.54455589551706,5000
8,metaweb,post_burn_in,18,31,2.0,top,0.10675504580599422,11.846776745447103,5000
8,metaweb,post_burn_in,19,32,2.0,top,0.09365763279516004,18.895721224928664,5000
8,metaweb,post_burn_in,20,33,2.0,top,0.24894350774101706,52.108093701771516,5000
8,metaweb,post_burn_in,21,34,2.0,top,0.024897263064584976,77.22223750852542,5000
8,metaweb,post_burn_in,22,37,1.0,basal,0.21361727108472103,0.6,5000
8,metaweb,post_burn_in,23,38,1.0,basal,0.21361727108472106,1.9,5000
8,metaweb,post_burn_in,24,39,1.0,basal,0.21361727108472103,6.0,5000
8,metaweb,post_burn_in,25,40,1.0,basal,0.21361727108472,19.0,5000
8,metaweb,post_burn_in,26,41,1.0,basal,0.21361727108472106,60.0,5000
8,metaweb,post_burn_in,27,42,1.0,basal,0.21361727108472103,190.0,5000
8,metaweb,post_burn_in,28,43,1.0,basal,0.21361727108472106,600.0,5000
8,metaweb,post_burn_in,29,44,1.0,basal,0.21361727108472103,1900.0,5000
8,metaweb,post_burn_in,30,45,2.0,top,0.11138085871409227,0.6,5000
8,metaweb,post_burn_in,31,46,2.0,top,0.10301432646734077,1.9,5000
8,metaweb,post_burn_in,32,47,2.0,top,0.031608152701312335,6.0,5000
8,metaweb,post_burn_in,33,48,2.0,top,0.02146382029988539,19.0,5000
8,metaweb,post_burn_in,34,49,2.0,top,0.1140857483079618,60.0,5000
8,metaweb,post_burn_in,35,50,2.0,top,0.07015268780882734,190.0,5000
8,metaweb,post_burn_in,36,51,2.0,top,0.08528437312939406,600.0,5000
8,metaweb,post_burn_in,37,52,2.0,top,0.09043140656836032,1900.0,5000
8,niche,post_burn_in,1,4,3.1428571428571423,intermediate,0.3337277224409495,6.283985881466622,5000
8,niche,post_burn_in,2,5,4.00663188809695,intermediate,0.015730966660660484,51.47793594922668,5000
8,niche,post_burn_in,3,8,3.6037620431598416,intermediate,0.3170373581225396,30.02339790322994,5000
8,niche,post_burn_in,4,9,4.5497184644684365,intermediate,0.011081399043709644,6.1483726934960705,5000
8,niche,post_burn_in,5,14,3.1428571428571423,intermediate,0.3588518121298724,73.13382546980866,5000
8,niche,post_burn_in,6,20,3.6727740707657843,top,1.4934180635457708e-12,124.1437790396061,5000
8,niche,post_burn_in,7,22,2.976562500000001,intermediate,0.1952206639980027,80.31578851313591,5000
8,niche,post_burn_in,8,23,2.8863894517918096,intermediate,0.2271707765411837,76.88696576179807,5000
8,niche,post_burn_in,9,24,1.0,basal,0.9312538229378675,53.77115787196798,5000
8,niche,post_burn_in,10,27,3.1294642857142856,intermediate,0.13261690257639708,50.77392177629454,5000
8,niche,post_burn_in,11,28,3.2195579138225243,intermediate,0.10500449445811072,86.44271667382817,5000
8,niche,post_burn_in,12,30,3.2,intermediate,1.8870633938457226e-7,85.54455589551706,5000
8,niche,post_burn_in,13,31,1.0,basal,0.9788199820198381,11.846776745447103,5000
8,niche,post_burn_in,14,32,3.1812499999999995,intermediate,0.3796138587619622,18.895721224928664,5000
8,niche,post_burn_in,15,33,3.0,intermediate,0.2263303235759133,52.108093701771516,5000
8,niche,post_burn_in,16,34,2.9062499999999996,intermediate,0.17669249929684858,77.22223750852542,5000
8,niche,post_burn_in,17,35,1.0,basal,0.9006331562805988,62.625942778986854,5000
8,niche,post_burn_in,18,36,1.0,basal,0.9006331562805988,21.97255228394813,5000
8,niche,post_burn_in,19,37,3.0,intermediate,0.06572036798592422,0.6,5000
8,niche,post_burn_in,20,38,1.0,basal,0.9683345035914608,1.9,5000
8,niche,post_burn_in,21,39,3.0,intermediate,0.18939662792364279,6.0,5000
8,niche,post_burn_in,22,40,3.0,intermediate,0.20992004199583852,19.0,5000
8,niche,post_burn_in,23,41,3.0,intermediate,0.14870166910008448,60.0,5000
8,niche,post_burn_in,24,43,2.875,intermediate,0.08728432929170271,600.0,5000
8,niche,post_burn_in,25,44,2.0,intermediate,0.17458490128885346,1900.0,5000
8,niche,post_burn_in,26,45,1.0,basal,0.8435185862943058,0.6,5000
8,niche,post_burn_in,27,48,1.0,basal,0.8613595868750605,19.0,5000
8,niche,post_burn_in,28,49,3.0,intermediate,0.07031968792091002,60.0,5000
8,niche,post_burn_in,29,50,2.0,intermediate,0.16081335501250157,190.0,5000
8,niche,post_burn_in,30,51,1.0,basal,0.81251973834356,600.0,5000
8,niche,post_burn_in,31,52,1.0,basal,0.81251973834356,1900.0,5000
8,down_rand,post_burn_in,1,4,2.0000000000000004,intermediate,0.23321328876369857,6.283985881466622,5000
8,down_rand,post_burn_in,2,9,1.9999999999999996,intermediate,0.20387927187095958,6.1483726934960705,5000
8,down_rand,post_burn_in,3,10,2.0000000000000004,intermediate,0.08296370522354864,1.8375613705667284,5000
8,down_rand,post_burn_in,4,15,1.9999999999999996,intermediate,5.9243954597829966e-9,13.17519452043576,5000
8,down_rand,post_burn_in,5,25,2.500000000000001,intermediate,0.06365191941694621,14.87912830079627,5000
8,down_rand,post_burn_in,6,26,2.999999999999999,top,0.04244896092974961,0.8382875522832832,5000
8,down_rand,post_burn_in,7,31,1.9999999999999996,top,0.12758687334992025,11.846776745447103,5000
8,down_rand,post_burn_in,8,37,1.0,basal,0.46844006568199587,0.6,5000
8,down_rand,post_burn_in,9,38,1.0,basal,0.1620527874480935,1.9,5000
8,down_rand,post_burn_in,10,39,1.0,basal,0.1898972142867249,6.0,5000
8,down_rand,post_burn_in,11,40,1.0,basal,0.11822383367050875,19.0,5000
8,down_rand,post_burn_in,12,41,1.0,basal,0.11773798135271969,60.0,5000
8,down_rand,post_burn_in,13,42,1.0,basal,0.09490954386843525,190.0,5000
8,down_rand,post_burn_in,14,43,1.0,basal,0.046933385524892776,600.0,5000
8,down_rand,post_burn_in,15,44,1.0,basal,0.1575281178804049,1900.0,5000
8,down_rand,post_burn_in,16,45,2.0,top,0.08301455130670728,0.6,5000
8,down_rand,post_burn_in,17,46,2.0,top,0.28527693011683924,1.9,5000
8,down_rand,post_burn_in,18,48,2.0,top,0.1404993849258487,19.0,5000
8,down_link,post_burn_in,1,4,1.9999999999999996,top,0.13994571115615823,6.283985881466622,5000
8,down_link,post_burn_in,2,13,2.999999999999999,top,0.04052930812136646,44.00492084723843,5000
8,down_link,post_burn_in,3,36,3.0,top,0.25856736754341414,21.97255228394813,5000
8,down_link,post_burn_in,4,37,1.0,basal,0.24239288766387387,0.6,5000
8,down_link,post_burn_in,5,38,1.0,basal,0.33421901522206016,1.9,5000
8,down_link,post_burn_in,6,39,1.0,basal,0.14759753086840616,6.0,5000
8,down_link,post_burn_in,7,40,1.0,basal,0.11488013483704337,19.0,5000
8,down_link,post_burn_in,8,41,1.0,basal,0.08872148483823386,60.0,5000
8,down_link,post_burn_in,9,42,1.0,basal,0.10623210549693234,190.0,5000
8,down_link,post_burn_in,10,43,1.0,basal,0.05581420910048739,600.0,5000
8,down_link,post_burn_in,11,44,1.0,basal,0.04092447463742402,1900.0,5000
8,down_link,post_burn_in,12,45,1.9999999999999998,intermediate,0.2528876596477213,0.6,5000
8,down_link,post_burn_in,13,46,1.9999999999999998,intermediate,0.3442455928377716,1.9,5000
8,down_link,post_burn_in,14,47,2.0,intermediate,0.04660579584653531,6.0,5000
8,down_niche,post_burn_in,1,3,1.9999999999999996,intermediate,0.0007274790400465643,59.66602136644397,5000
8,down_niche,post_burn_in,2,4,1.9999999999999996,top,0.0008097737108659905,6.283985881466622,5000
8,down_niche,post_burn_in,3,6,2.0000000000000004,intermediate,0.011015445056340611,55.08899044911404,5000
8,down_niche,post_burn_in,4,7,1.9999999999999996,top,0.005825546237114471,31.333326390609592,5000
8,down_niche,post_burn_in,5,8,2.0000000000000004,intermediate,3.263220391497424e-5,30.02339790322994,5000
8,down_niche,post_burn_in,6,9,1.9999999999999996,top,0.000880988621568283,6.1483726934960705,5000
8,down_niche,post_burn_in,7,10,1.9999999999999996,top,0.012691701812049786,1.8375613705667284,5000
8,down_niche,post_burn_in,8,11,1.9999999999999996,top,0.026591396443925996,27.03809600624577,5000
8,down_niche,post_burn_in,9,12,1.9999999999999996,intermediate,0.3323443057305693,46.14959065800014,5000
8,down_niche,post_burn_in,10,14,2.4000000000000004,intermediate,0.0005451266346008392,73.13382546980866,5000
8,down_niche,post_burn_in,11,15,2.0000000000000004,intermediate,0.001377926706744069,13.17519452043576,5000
8,down_niche,post_burn_in,12,16,2.0000000000000004,top,0.027615471182660743,60.03288251112057,5000
8,down_niche,post_burn_in,13,17,2.0000000000000004,intermediate,0.0026709792210416867,97.95567772299037,5000
8,down_niche,post_burn_in,14,18,1.9999999999999996,top,0.0003711386721255565,39.447537131016546,5000
8,down_niche,post_burn_in,15,27,2.0,top,1.0897529723805879,50.77392177629454,5000
8,down_niche,post_burn_in,16,28,2.0000000000000004,top,0.2845698082101652,86.44271667382817,5000
8,down_niche,post_burn_in,17,29,1.9999999999999996,intermediate,0.001431943876111773,61.93702514339556,5000
8,down_niche,post_burn_in,18,30,1.9999999999999996,intermediate,0.0009280529887131918,85.54455589551706,5000
8,down_niche,post_burn_in,19,31,2.0000000000000004,intermediate,6.478920928637868e-5,11.846776745447103,5000
8,down_niche,post_burn_in,20,32,2.0000000000000004,intermediate,0.03575197903301989,18.895721224928664,5000
8,down_niche,post_burn_in,21,33,2.0000000000000004,top,0.2881890524317329,52.108093701771516,5000
8,down_niche,post_burn_in,22,34,1.9999999999999996,intermediate,0.31744248657071117,77.22223750852542,5000
8,down_niche,post_burn_in,23,37,1.0,basal,0.21324596692687592,0.6,5000
8,down_niche,post_burn_in,24,38,1.0,basal,0.21237470513187037,1.9,5000
8,down_niche,post_burn_in,25,39,1.0,basal,0.21175236300437722,6.0,5000
8,down_niche,post_burn_in,26,40,1.0,basal,0.2148390065018488,19.0,5000
8,down_niche,post_burn_in,27,41,1.0,basal,0.21276481857710247,60.0,5000
8,down_niche,post_burn_in,28,42,1.0,basal,0.21320033001852975,190.0,5000
8,down_niche,post_burn_in,29,43,1.0,basal,0.2152138781574223,600.0,5000
8,down_niche,post_burn_in,30,44,1.0,basal,0.21573273848901725,1900.0,5000
8,down_niche,post_burn_in,31,45,2.0,top,0.5193547116766405,0.6,5000
8,down_niche,post_burn_in,32,46,2.0,top,0.018221734109152697,1.9,5000
8,down_niche,post_burn_in,33,47,1.9999999999999998,top,0.00038135203769767626,6.0,5000
8,down_niche,post_burn_in,34,48,2.0,top,0.1507215852587354,19.0,5000
8,down_niche,post_burn_in,35,49,2.0,top,0.17739301168924484,60.0,5000
8,down_niche,post_burn_in,36,50,1.9999999999999998,top,0.049648802755435054,190.0,5000
8,down_niche,post_burn_in,37,51,2.0,top,0.06678761903666972,600.0,5000
8,down_niche,post_burn_in,38,52,1.9999999999999998,top,0.0010214022651340664,1900.0,5000
8,atn,post_burn_in,1,1,2.5,top,0.00036935942797151807,213.87578149002314,5000
8,atn,post_burn_in,2,2,2.3000000000000007,intermediate,0.1426806397258522,71.04085260045964,5000
8,atn,post_burn_in,3,3,2.0000000000000004,intermediate,2.9844377282825935e-7,59.66602136644397,5000
8,atn,post_burn_in,4,4,2.0,intermediate,0.11396792397005594,6.283985881466622,5000
8,atn,post_burn_in,5,5,2.0000000000000004,intermediate,0.020417385529566085,51.47793594922668,5000
8,atn,post_burn_in,6,6,2.0000000000000004,intermediate,0.0026167330410877066,55.08899044911404,5000
8,atn,post_burn_in,7,7,2.0000000000000004,intermediate,0.20398068349254728,31.333326390609592,5000
8,atn,post_burn_in,8,8,2.0000000000000004,intermediate,0.22438613277942893,30.02339790322994,5000
8,atn,post_burn_in,9,9,2.0,intermediate,0.07724688343215688,6.1483726934960705,5000
8,atn,post_burn_in,10,10,1.0,basal,0.3461391533821759,1.8375613705667284,5000
8,atn,post_burn_in,11,11,2.0000000000000004,intermediate,0.27809031026651104,27.03809600624577,5000
8,atn,post_burn_in,12,12,2.0000000000000004,intermediate,0.053280583708169606,46.14959065800014,5000
8,atn,post_burn_in,13,13,2.0000000000000004,intermediate,0.06879780066407416,44.00492084723843,5000
8,atn,post_burn_in,14,14,2.3000000000000007,intermediate,0.08516612496223484,73.13382546980866,5000
8,atn,post_burn_in,15,15,1.9999999999999998,intermediate,0.09785226787621701,13.17519452043576,5000
8,atn,post_burn_in,16,16,2.125,intermediate,0.130826572522119,60.03288251112057,5000
8,atn,post_burn_in,17,18,2.0000000000000004,intermediate,0.1074370570642546,39.447537131016546,5000
8,atn,post_burn_in,18,21,2.5,top,0.8425427342394138,198.56133328069254,5000
8,atn,post_burn_in,19,22,2.3000000000000007,intermediate,4.786304792851076e-5,80.31578851313591,5000
8,atn,post_burn_in,20,23,2.3000000000000007,intermediate,0.006818376594607484,76.88696576179807,5000
8,atn,post_burn_in,21,24,2.0000000000000004,intermediate,0.008332625053109883,53.77115787196798,5000
8,atn,post_burn_in,22,25,1.9999999999999998,intermediate,0.06797312712450679,14.87912830079627,5000
8,atn,post_burn_in,23,26,1.0,basal,0.3405661992626486,0.8382875522832832,5000
8,atn,post_burn_in,24,27,2.0,intermediate,0.0243568805649337,50.77392177629454,5000
8,atn,post_burn_in,25,28,2.3000000000000003,intermediate,6.732002805402767e-9,86.44271667382817,5000
8,atn,post_burn_in,26,29,2.2222222222222223,intermediate,0.6192168452229404,61.93702514339556,5000
8,atn,post_burn_in,27,30,2.3000000000000003,intermediate,2.9391774681823065e-8,85.54455589551706,5000
8,atn,post_burn_in,28,31,1.9999999999999998,intermediate,0.12704069656058956,11.846776745447103,5000
8,atn,post_burn_in,29,32,2.0,intermediate,0.10309268573966636,18.895721224928664,5000
8,atn,post_burn_in,30,33,2.0,intermediate,0.016982022402659083,52.108093701771516,5000
8,atn,post_burn_in,31,34,2.3000000000000003,intermediate,0.001270558245064273,77.22223750852542,5000
8,atn,post_burn_in,32,35,2.3000000000000003,intermediate,0.41307203599761205,62.625942778986854,5000
8,atn,post_burn_in,33,36,2.0,intermediate,0.40135531951969533,21.97255228394813,5000
8,atn,post_burn_in,34,37,1.0,basal,0.2763759167489377,0.6,5000
8,atn,post_burn_in,35,38,1.0,basal,0.35937774359869135,1.9,5000
8,atn,post_burn_in,36,39,1.0,basal,0.5193726705709366,6.0,5000
8,atn,post_burn_in,37,40,1.0,basal,0.7466904128684907,19.0,5000
8,atn,post_burn_in,38,41,1.0,basal,0.8406720168999668,60.0,5000
8,atn,post_burn_in,39,42,1.0,basal,0.9692065841675032,190.0,5000
8,atn,post_burn_in,40,45,1.0,basal,0.27637591674893836,0.6,5000
8,atn,post_burn_in,41,46,1.0,basal,0.35937774359869257,1.9,5000
8,atn,post_burn_in,42,47,2.0,intermediate,0.06957443968444661,6.0,5000
8,atn,post_burn_in,43,48,2.0,intermediate,0.21071942257390658,19.0,5000
8,atn,post_burn_in,44,49,2.125,intermediate,0.13101518846487267,60.0,5000
8,atn,post_burn_in,45,50,2.5,intermediate,0.05891303513590987,190.0,5000
8,atn,post_burn_in,46,51,2.8017241379310347,top,1.443277102249859,600.0,5000
8,atn,post_burn_in,47,52,3.0124349261849264,top,0.48878655827490847,1900.0,5000
9,down_power,creation,1,1,4.141043910753426,intermediate,0.11767184778287687,111.05846808413145,5000
9,down_power,creation,2,2,3.5597345694955003,intermediate,0.5056802189864892,96.07350108755934,5000
9,down_power,creation,3,3,1.9999999999999998,intermediate,0.6325708403909838,97.69938425145754,5000
9,down_power,creation,4,4,1.9999999999999998,intermediate,0.09896673350724272,2.8284082189950035,5000
9,down_power,creation,5,5,3.716961730627032,intermediate,0.03432772992640454,67.57483064312952,5000
9,down_power,creation,6,6,2.0,intermediate,0.7151670794852953,58.451292181502296,5000
9,down_power,creation,7,7,2.0,top,0.46246054599180375,18.58815722270289,5000
9,down_power,creation,8,8,2.0000000000000004,intermediate,0.7305574943101993,15.559586049380096,5000
9,down_power,creation,9,9,1.9999999999999998,intermediate,0.662695644241202,3.519568906729073,5000
9,down_power,creation,10,10,1.9999999999999998,intermediate,0.6284641046509494,1.7812301333744796,5000
9,down_power,creation,11,11,1.9999999999999998,top,0.16598767380069335,18.269256243296038,5000
9,down_power,creation,12,12,1.9999999999999998,intermediate,0.6390362075514415,28.64698081938937,5000
9,down_power,creation,13,13,3.0,top,0.9870621130972929,20.74145771962764,5000
9,down_power,creation,14,14,2.832298136645964,intermediate,0.645344199222117,95.24669384144457,5000
9,down_power,creation,15,15,1.9999999999999998,intermediate,0.46228462850059315,23.916867677559633,5000
9,down_power,creation,16,16,1.9999999999999998,top,0.13926768294391734,55.766274690713665,5000
9,down_power,creation,17,17,1.9999999999999998,intermediate,0.9890240228652402,68.16906096741057,5000
9,down_power,creation,18,18,2.0,intermediate,0.36332706335020615,18.370128659823724,5000
9,down_power,creation,19,19,4.324002644490607,intermediate,0.26096921560693376,136.59628496884542,5000
9,down_power,creation,20,20,3.9142686438858267,intermediate,0.2940337085552399,185.84062355696537,5000
9,down_power,creation,21,21,4.031544582028943,intermediate,0.102979019602506,287.25200161964517,5000
9,down_power,creation,22,22,3.313716621867247,intermediate,0.6773717606998183,69.6074143472081,5000
9,down_power,creation,23,23,3.505705852678539,intermediate,0.5485068717769226,80.4643412165908,5000
9,down_power,creation,24,24,3.683151905234058,intermediate,0.8779850995268764,50.59011436902699,5000
9,down_power,creation,25,25,3.142857142857143,intermediate,0.5215557877507464,12.940833477093626,5000
9,down_power,creation,26,26,3.0000000000000004,top,0.6622551360781768,5.4125266476952465,5000
9,down_power,creation,27,27,1.9999999999999998,top,0.3509273771142186,59.61241485115017,5000
9,down_power,creation,28,28,1.9999999999999998,top,0.6613430540432431,62.00795298421027,5000
9,down_power,creation,29,29,2.0,intermediate,0.8443239616268564,95.16706559246815,5000
9,down_power,creation,30,30,2.0,intermediate,0.8430317844518892,92.34143723859546,5000
9,down_power,creation,31,31,2.0,intermediate,0.11476725277998234,22.547860040066432,5000
9,down_power,creation,32,32,2.0000000000000004,intermediate,0.6245512609383294,36.569631977305214,5000
9,down_power,creation,33,33,2.0000000000000004,top,0.13264385001945056,93.39127568242728,5000
9,down_power,creation,34,34,2.0000000000000004,intermediate,0.7175921495396583,78.2934136454544,5000
9,down_power,creation,35,35,3.0,intermediate,0.21087303721282769,87.35320188635684,5000
9,down_power,creation,36,36,3.0,intermediate,0.5727933713773838,49.077421825771225,5000
9,down_power,creation,37,37,1.0,basal,0.033961729817769126,0.6,5000
9,down_power,creation,38,38,1.0,basal,0.9315146269598265,1.9,5000
9,down_power,creation,39,39,1.0,basal,0.3997201353869382,6.0,5000
9,down_power,creation,40,40,1.0,basal,0.3666975375679017,19.0,5000
9,down_power,creation,41,41,1.0,basal,0.8190736884436236,60.0,5000
9,down_power,creation,42,42,1.0,basal,0.2819575633478705,190.0,5000
9,down_power,creation,43,43,1.0,basal,0.9319363378168752,600.0,5000
9,down_power,creation,44,44,1.0,basal,0.1391994220574314,1900.0,5000
9,down_power,creation,45,45,2.0000000000000004,top,0.31490165116634916,0.6,5000
9,down_power,creation,46,46,1.9999999999999998,intermediate,0.5470337527828893,1.9,5000
9,down_power,creation,47,47,1.9999999999999998,intermediate,0.12705588139196755,6.0,5000
9,down_power,creation,48,48,2.0,top,0.9796790923116785,19.0,5000
9,down_power,creation,49,49,1.9999999999999998,intermediate,0.2789353639026352,60.0,5000
9,down_power,creation,50,50,2.0000000000000004,intermediate,0.8636830830026523,190.0,5000
9,down_power,creation,51,51,1.9999999999999998,intermediate,0.17065841583190355,600.0,5000
9,down_power,creation,52,52,1.9999999999999996,intermediate,0.9105175038198166,1900.0,5000
9,metaweb,creation,1,1,4.0613354240613635,intermediate,0.11767184778287687,111.05846808413145,5000
9,metaweb,creation,2,2,3.5954723098103645,intermediate,0.5056802189864892,96.07350108755934,5000
9,metaweb,creation,3,3,2.0,intermediate,0.6325708403909838,97.69938425145754,5000
9,metaweb,creation,4,4,2.0,intermediate,0.09896673350724272,2.8284082189950035,5000
9,metaweb,creation,5,5,3.5954723098103667,intermediate,0.03432772992640454,67.57483064312952,5000
9,metaweb,creation,6,6,2.0,intermediate,0.7151670794852953,58.451292181502296,5000
9,metaweb,creation,7,7,2.0,top,0.46246054599180375,18.58815722270289,5000
9,metaweb,creation,8,8,2.0,intermediate,0.7305574943101993,15.559586049380096,5000
9,metaweb,creation,9,9,2.0,intermediate,0.662695644241202,3.519568906729073,5000
9,metaweb,creation,10,10,2.0,intermediate,0.6284641046509494,1.7812301333744796,5000
9,metaweb,creation,11,11,2.0,top,0.16598767380069335,18.269256243296038,5000
9,metaweb,creation,12,12,2.0,intermediate,0.6390362075514415,28.64698081938937,5000
9,metaweb,creation,13,13,3.0,intermediate,0.9870621130972929,20.74145771962764,5000
9,metaweb,creation,14,14,2.8392621870882753,intermediate,0.645344199222117,95.24669384144457,5000
9,metaweb,creation,15,15,2.0,intermediate,0.46228462850059315,23.916867677559633,5000
9,metaweb,creation,16,16,2.0,top,0.13926768294391734,55.766274690713665,5000
9,metaweb,creation,17,17,2.0,intermediate,0.9890240228652402,68.16906096741057,5000
9,metaweb,creation,18,18,2.0,intermediate,0.36332706335020615,18.370128659823724,5000
9,metaweb,creation,19,19,4.0613354240613635,intermediate,0.26096921560693376,136.59628496884542,5000
9,metaweb,creation,20,20,4.061335424061364,intermediate,0.2940337085552399,185.84062355696537,5000
9,metaweb,creation,21,21,4.061335424061364,intermediate,0.102979019602506,287.25200161964517,5000
9,metaweb,creation,22,22,3.5954723098103636,intermediate,0.6773717606998183,69.6074143472081,5000
9,metaweb,creation,23,23,3.5954723098103654,intermediate,0.5485068717769226,80.4643412165908,5000
9,metaweb,creation,24,24,3.5762090864680016,intermediate,0.8779850995268764,50.59011436902699,5000
9,metaweb,creation,25,25,3.303030303030302,intermediate,0.5215557877507464,12.940833477093626,5000
9,metaweb,creation,26,26,3.3333333333333335,intermediate,0.6622551360781768,5.4125266476952465,5000
9,metaweb,creation,27,27,2.0,top,0.3509273771142186,59.61241485115017,5000
9,metaweb,creation,28,28,2.0,top,0.6613430540432431,62.00795298421027,5000
9,metaweb,creation,29,29,2.0,intermediate,0.8443239616268564,95.16706559246815,5000
9,metaweb,creation,30,30,2.0,intermediate,0.8430317844518892,92.34143723859546,5000
9,metaweb,creation,31,31,2.0,intermediate,0.11476725277998234,22.547860040066432,5000
9,metaweb,creation,32,32,2.0,intermediate,0.6245512609383294,36.569631977305214,5000
9,metaweb,creation,33,33,2.0,top,0.13264385001945056,93.39127568242728,5000
9,metaweb,creation,34,34,2.0,intermediate,0.7175921495396583,78.2934136454544,5000
9,metaweb,creation,35,35,3.0,intermediate,0.21087303721282769,87.35320188635684,5000
9,metaweb,creation,36,36,3.0,intermediate,0.5727933713773838,49.077421825771225,5000
9,metaweb,creation,37,37,1.0,basal,0.033961729817769126,0.6,5000
9,metaweb,creation,38,38,1.0,basal,0.9315146269598265,1.9,5000
9,metaweb,creation,39,39,1.0,basal,0.3997201353869382,6.0,5000
9,metaweb,creation,40,40,1.0,basal,0.3666975375679017,19.0,5000
9,metaweb,creation,41,41,1.0,basal,0.8190736884436236,60.0,5000
9,metaweb,creation,42,42,1.0,basal,0.2819575633478705,190.0,5000
9,metaweb,creation,43,43,1.0,basal,0.9319363378168752,600.0,5000
9,metaweb,creation,44,44,1.0,basal,0.1391994220574314,1900.0,5000
9,metaweb,creation,45,45,2.0,intermediate,0.31490165116634916,0.6,5000
9,metaweb,creation,46,46,2.0,intermediate,0.5470337527828893,1.9,5000
9,metaweb,creation,47,47,2.0,intermediate,0.12705588139196755,6.0,5000
9,metaweb,creation,48,48,2.0,intermediate,0.9796790923116785,19.0,5000
9,metaweb,creation,49,49,2.0,intermediate,0.2789353639026352,60.0,5000
9,metaweb,creation,50,50,2.0,intermediate,0.8636830830026523,190.0,5000
9,metaweb,creation,51,51,2.0,intermediate,0.17065841583190355,600.0,5000
9,metaweb,creation,52,52,2.0,intermediate,0.9105175038198166,1900.0,5000
9,niche,creation,1,1,3.6864935064935067,intermediate,0.11767184778287687,111.05846808413145,5000
9,niche,creation,2,2,4.81749641023204,intermediate,0.5056802189864892,96.07350108755934,5000
9,niche,creation,3,3,4.7967626631236,intermediate,0.6325708403909838,97.69938425145754,5000
9,niche,creation,4,4,2.936428571428571,intermediate,0.09896673350724272,2.8284082189950035,5000
9,niche,creation,5,5,3.9346535693577023,intermediate,0.03432772992640454,67.57483064312952,5000
9,niche,creation,6,6,4.329139788782646,intermediate,0.7151670794852953,58.451292181502296,5000
9,niche,creation,7,7,3.032738095238095,intermediate,0.46246054599180375,18.58815722270289,5000
9,niche,creation,8,8,2.0,intermediate,0.7305574943101993,15.559586049380096,5000
9,niche,creation,9,9,5.657225711233054,intermediate,0.662695644241202,3.519568906729073,5000
9,niche,creation,10,10,3.5105520907663763,intermediate,0.6284641046509494,1.7812301333744796,5000
9,niche,creation,11,11,3.536526177394035,intermediate,0.16598767380069335,18.269256243296038,5000
9,niche,creation,12,12,4.657225711233054,intermediate,0.6390362075514415,28.64698081938937,5000
9,niche,creation,13,13,2.9392857142857136,intermediate,0.9870621130972929,20.74145771962764,5000
9,niche,creation,14,14,4.098778355129548,intermediate,0.645344199222117,95.24669384144457,5000
9,niche,creation,15,15,3.329139788782646,intermediate,0.46228462850059315,23.916867677559633,5000
9,niche,creation,16,16,3.485756456497018,intermediate,0.13926768294391734,55.766274690713665,5000
9,niche,creation,17,17,3.4091369608282878,intermediate,0.9890240228652402,68.16906096741057,5000
9,niche,creation,18,18,3.558429395859243,intermediate,0.36332706335020615,18.370128659823724,5000
9,niche,creation,19,19,2.808809523809524,intermediate,0.26096921560693376,136.59628496884542,5000
9,niche,creation,20,20,2.0,intermediate,0.2940337085552399,185.84062355696537,5000
9,niche,creation,21,21,1.0,basal,0.102979019602506,287.25200161964517,5000
9,niche,creation,22,22,2.8,intermediate,0.6773717606998183,69.6074143472081,5000
9,niche,creation,23,23,1.0,basal,0.5485068717769226,80.4643412165908,5000
9,niche,creation,24,24,1.0,basal,0.8779850995268764,50.59011436902699,5000
9,niche,creation,25,25,3.288961038961039,intermediate,0.5215557877507464,12.940833477093626,5000
9,niche,creation,26,26,3.5381007207078627,intermediate,0.6622551360781768,5.4125266476952465,5000
9,niche,creation,27,27,3.739285714285714,intermediate,0.3509273771142186,59.61241485115017,5000
9,niche,creation,28,28,3.2362012987012982,intermediate,0.6613430540432431,62.00795298421027,5000
9,niche,creation,29,29,2.618367346938775,intermediate,0.8443239616268564,95.16706559246815,5000
9,niche,creation,30,30,3.144345654345654,intermediate,0.8430317844518892,92.34143723859546,5000
9,niche,creation,31,31,2.5538461538461545,intermediate,0.11476725277998234,22.547860040066432,5000
9,niche,creation,32,32,1.0,basal,0.6245512609383294,36.569631977305214,5000
9,niche,creation,33,33,2.8,intermediate,0.13264385001945056,93.39127568242728,5000
9,niche,creation,34,34,3.1574675324675323,intermediate,0.7175921495396583,78.2934136454544,5000
9,niche,creation,35,35,2.25,intermediate,0.21087303721282769,87.35320188635684,5000
9,niche,creation,36,36,2.4857142857142853,intermediate,0.5727933713773838,49.077421825771225,5000
9,niche,creation,37,37,2.739285714285714,intermediate,0.033961729817769126,0.6,5000
9,niche,creation,38,38,2.4571428571428564,intermediate,0.9315146269598265,1.9,5000
9,niche,creation,39,39,1.0,basal,0.3997201353869382,6.0,5000
9,niche,creation,40,40,1.0,basal,0.3666975375679017,19.0,5000
9,niche,creation,41,41,2.5,intermediate,0.8190736884436236,60.0,5000
9,niche,creation,42,42,2.5,intermediate,0.2819575633478705,190.0,5000
9,niche,creation,43,43,1.0,basal,0.9319363378168752,600.0,5000
9,niche,creation,44,44,2.0,intermediate,0.1391994220574314,1900.0,5000
9,niche,creation,45,45,2.1999999999999997,intermediate,0.31490165116634916,0.6,5000
9,niche,creation,46,46,2.0,intermediate,0.5470337527828893,1.9,5000
9,niche,creation,47,47,1.0,basal,0.12705588139196755,6.0,5000
9,niche,creation,48,48,1.0,basal,0.9796790923116785,19.0,5000
9,niche,creation,49,49,1.0,basal,0.2789353639026352,60.0,5000
9,niche,creation,50,50,1.0,basal,0.8636830830026523,190.0,5000
9,niche,creation,51,51,2.0,intermediate,0.17065841583190355,600.0,5000
9,niche,creation,52,52,1.0,basal,0.9105175038198166,1900.0,5000
9,down_rand,creation,1,1,3.6157426824587806,intermediate,0.11767184778287687,111.05846808413145,5000
9,down_rand,creation,2,2,3.5030528707150292,intermediate,0.5056802189864892,96.07350108755934,5000
9,down_rand,creation,3,3,1.9999999999999998,intermediate,0.6325708403909838,97.69938425145754,5000
9,down_rand,creation,4,4,1.9999999999999998,top,0.09896673350724272,2.8284082189950035,5000
9,down_rand,creation,5,5,3.4503464285081415,intermediate,0.03432772992640454,67.57483064312952,5000
9,down_rand,creation,6,6,2.0,intermediate,0.7151670794852953,58.451292181502296,5000
9,down_rand,creation,7,7,1.9999999999999998,top,0.46246054599180375,18.58815722270289,5000
9,down_rand,creation,8,8,1.9999999999999998,intermediate,0.7305574943101993,15.559586049380096,5000
9,down_rand,creation,9,9,1.9999999999999998,intermediate,0.662695644241202,3.519568906729073,5000
9,down_rand,creation,10,10,2.0000000000000004,intermediate,0.6284641046509494,1.7812301333744796,5000
9,down_rand,creation,11,11,1.9999999999999998,top,0.16598767380069335,18.269256243296038,5000
9,down_rand,creation,12,12,2.0,intermediate,0.6390362075514415,28.64698081938937,5000
9,down_rand,creation,13,13,3.0,intermediate,0.9870621130972929,20.74145771962764,5000
9,down_rand,creation,14,14,2.6683673469387754,intermediate,0.645344199222117,95.24669384144457,5000
9,down_rand,creation,15,15,1.9999999999999998,intermediate,0.46228462850059315,23.916867677559633,5000
9,down_rand,creation,16,16,2.0,top,0.13926768294391734,55.766274690713665,5000
9,down_rand,creation,17,17,1.9999999999999998,intermediate,0.9890240228652402,68.16906096741057,5000
9,down_rand,creation,18,18,1.9999999999999998,intermediate,0.36332706335020615,18.370128659823724,5000
9,down_rand,creation,19,19,3.826442447907952,intermediate,0.26096921560693376,136.59628496884542,5000
9,down_rand,creation,20,20,3.790776720816563,intermediate,0.2940337085552399,185.84062355696537,5000
9,down_rand,creation,21,21,3.98706987046961,intermediate,0.102979019602506,287.25200161964517,5000
9,down_rand,creation,22,22,3.413250804548071,intermediate,0.6773717606998183,69.6074143472081,5000
9,down_rand,creation,23,23,3.309654631083202,intermediate,0.5485068717769226,80.4643412165908,5000
9,down_rand,creation,24,24,3.3259404958091903,intermediate,0.8779850995268764,50.59011436902699,5000
9,down_rand,creation,25,25,3.3571428571428563,intermediate,0.5215557877507464,12.940833477093626,5000
9,down_rand,creation,26,26,3.499999999999999,intermediate,0.6622551360781768,5.4125266476952465,5000
9,down_rand,creation,27,27,1.9999999999999996,top,0.3509273771142186,59.61241485115017,5000
9,down_rand,creation,28,28,1.9999999999999998,top,0.6613430540432431,62.00795298421027,5000
9,down_rand,creation,29,29,1.9999999999999998,intermediate,0.8443239616268564,95.16706559246815,5000
9,down_rand,creation,30,30,1.0,basal,0.8430317844518892,92.34143723859546,5000
9,down_rand,creation,31,31,1.9999999999999996,intermediate,0.11476725277998234,22.547860040066432,5000
9,down_rand,creation,32,32,2.0,intermediate,0.6245512609383294,36.569631977305214,5000
9,down_rand,creation,33,33,2.0000000000000004,top,0.13264385001945056,93.39127568242728,5000
9,down_rand,creation,34,34,2.0000000000000004,intermediate,0.7175921495396583,78.2934136454544,5000
9,down_rand,creation,35,35,2.999999999999999,intermediate,0.21087303721282769,87.35320188635684,5000
9,down_rand,creation,36,36,2.9999999999999996,intermediate,0.5727933713773838,49.077421825771225,5000
9,down_rand,creation,37,37,1.0,basal,0.033961729817769126,0.6,5000
9,down_rand,creation,38,38,1.0,basal,0.9315146269598265,1.9,5000
9,down_rand,creation,39,39,1.0,basal,0.3997201353869382,6.0,5000
9,down_rand,creation,40,40,1.0,basal,0.3666975375679017,19.0,5000
9,down_rand,creation,41,41,1.0,basal,0.8190736884436236,60.0,5000
9,down_rand,creation,42,42,1.0,basal,0.2819575633478705,190.0,5000
9,down_rand,creation,43,43,1.0,basal,0.9319363378168752,600.0,5000
9,down_rand,creation,44,44,1.0,basal,0.1391994220574314,1900.0,5000
9,down_rand,creation,45,45,2.0000000000000004,intermediate,0.31490165116634916,0.6,5000
9,down_rand,creation,46,46,2.0000000000000004,intermediate,0.5470337527828893,1.9,5000
9,down_rand,creation,47,47,1.9999999999999998,intermediate,0.12705588139196755,6.0,5000
9,down_rand,creation,48,48,2.0000000000000004,intermediate,0.9796790923116785,19.0,5000
9,down_rand,creation,49,49,1.9999999999999996,intermediate,0.2789353639026352,60.0,5000
9,down_rand,creation,50,50,1.9999999999999998,intermediate,0.8636830830026523,190.0,5000
9,down_rand,creation,51,51,2.0,intermediate,0.17065841583190355,600.0,5000
9,down_rand,creation,52,52,2.0,intermediate,0.9105175038198166,1900.0,5000
9,down_link,creation,1,1,4.096644957260587,intermediate,0.11767184778287687,111.05846808413145,5000
9,down_link,creation,2,2,3.468027753756645,intermediate,0.5056802189864892,96.07350108755934,5000
9,down_link,creation,3,3,2.0000000000000004,intermediate,0.6325708403909838,97.69938425145754,5000
9,down_link,creation,4,4,1.9999999999999998,intermediate,0.09896673350724272,2.8284082189950035,5000
9,down_link,creation,5,5,3.497994294566775,intermediate,0.03432772992640454,67.57483064312952,5000
9,down_link,creation,6,6,2.0000000000000004,intermediate,0.7151670794852953,58.451292181502296,5000
9,down_link,creation,7,7,1.9999999999999998,top,0.46246054599180375,18.58815722270289,5000
9,down_link,creation,8,8,1.9999999999999998,intermediate,0.7305574943101993,15.559586049380096,5000
9,down_link,creation,9,9,2.0,intermediate,0.662695644241202,3.519568906729073,5000
9,down_link,creation,10,10,1.9999999999999998,intermediate,0.6284641046509494,1.7812301333744796,5000
9,down_link,creation,11,11,2.0000000000000004,top,0.16598767380069335,18.269256243296038,5000
9,down_link,creation,12,12,2.0000000000000004,intermediate,0.6390362075514415,28.64698081938937,5000
9,down_link,creation,13,13,3.0,intermediate,0.9870621130972929,20.74145771962764,5000
9,down_link,creation,14,14,3.037037037037037,intermediate,0.645344199222117,95.24669384144457,5000
9,down_link,creation,15,15,1.9999999999999998,intermediate,0.46228462850059315,23.916867677559633,5000
9,down_link,creation,16,16,1.9999999999999998,top,0.13926768294391734,55.766274690713665,5000
9,down_link,creation,17,17,1.9999999999999998,intermediate,0.9890240228652402,68.16906096741057,5000
9,down_link,creation,18,18,2.0,intermediate,0.36332706335020615,18.370128659823724,5000
9,down_link,creation,19,19,4.075222475182057,intermediate,0.26096921560693376,136.59628496884542,5000
9,down_link,creation,20,20,4.116687301525925,intermediate,0.2940337085552399,185.84062355696537,5000
9,down_link,creation,21,21,4.179900544070533,intermediate,0.102979019602506,287.25200161964517,5000
9,down_link,creation,22,22,3.5038923701782014,intermediate,0.6773717606998183,69.6074143472081,5000
9,down_link,creation,23,23,3.613008898942264,intermediate,0.5485068717769226,80.4643412165908,5000
9,down_link,creation,24,24,3.5432008834097033,intermediate,0.8779850995268764,50.59011436902699,5000
9,down_link,creation,25,25,3.3703703703703716,intermediate,0.5215557877507464,12.940833477093626,5000
9,down_link,creation,26,26,3.3333333333333326,intermediate,0.6622551360781768,5.4125266476952465,5000
9,down_link,creation,27,27,1.9999999999999998,top,0.3509273771142186,59.61241485115017,5000
9,down_link,creation,28,28,2.0000000000000004,top,0.6613430540432431,62.00795298421027,5000
9,down_link,creation,29,29,1.9999999999999998,intermediate,0.8443239616268564,95.16706559246815,5000
9,down_link,creation,30,30,1.9999999999999998,intermediate,0.8430317844518892,92.34143723859546,5000
9,down_link,creation,31,31,2.0000000000000004,intermediate,0.11476725277998234,22.547860040066432,5000
9,down_link,creation,32,32,2.0,intermediate,0.6245512609383294,36.569631977305214,5000
9,down_link,creation,33,33,2.0,top,0.13264385001945056,93.39127568242728,5000
9,down_link,creation,34,34,1.9999999999999998,intermediate,0.7175921495396583,78.2934136454544,5000
9,down_link,creation,35,35,2.999999999999999,intermediate,0.21087303721282769,87.35320188635684,5000
9,down_link,creation,36,36,2.999999999999999,intermediate,0.5727933713773838,49.077421825771225,5000
9,down_link,creation,37,37,1.0,basal,0.033961729817769126,0.6,5000
9,down_link,creation,38,38,1.0,basal,0.9315146269598265,1.9,5000
9,down_link,creation,39,39,1.0,basal,0.3997201353869382,6.0,5000
9,down_link,creation,40,40,1.0,basal,0.3666975375679017,19.0,5000
9,down_link,creation,41,41,1.0,basal,0.8190736884436236,60.0,5000
9,down_link,creation,42,42,1.0,basal,0.2819575633478705,190.0,5000
9,down_link,creation,43,43,1.0,basal,0.9319363378168752,600.0,5000
9,down_link,creation,44,44,1.0,basal,0.1391994220574314,1900.0,5000
9,down_link,creation,45,45,1.9999999999999998,intermediate,0.31490165116634916,0.6,5000
9,down_link,creation,46,46,2.0,intermediate,0.5470337527828893,1.9,5000
9,down_link,creation,47,47,1.9999999999999998,intermediate,0.12705588139196755,6.0,5000
9,down_link,creation,48,48,2.0000000000000004,intermediate,0.9796790923116785,19.0,5000
9,down_link,creation,49,49,1.9999999999999998,intermediate,0.2789353639026352,60.0,5000
9,down_link,creation,50,50,2.0,intermediate,0.8636830830026523,190.0,5000
9,down_link,creation,51,51,1.9999999999999998,intermediate,0.17065841583190355,600.0,5000
9,down_link,creation,52,52,1.9999999999999998,intermediate,0.9105175038198166,1900.0,5000
9,down_niche,creation,1,1,4.591237114057196,intermediate,0.11767184778287687,111.05846808413145,5000
9,down_niche,creation,2,2,3.3095238095238093,intermediate,0.5056802189864892,96.07350108755934,5000
9,down_niche,creation,3,3,1.9999999999999998,intermediate,0.6325708403909838,97.69938425145754,5000
9,down_niche,creation,4,4,1.9999999999999996,intermediate,0.09896673350724272,2.8284082189950035,5000
9,down_niche,creation,5,5,3.367711493090664,intermediate,0.03432772992640454,67.57483064312952,5000
9,down_niche,creation,6,6,1.9999999999999996,intermediate,0.7151670794852953,58.451292181502296,5000
9,down_niche,creation,7,7,1.9999999999999998,top,0.46246054599180375,18.58815722270289,5000
9,down_niche,creation,8,8,2.0000000000000004,intermediate,0.7305574943101993,15.559586049380096,5000
9,down_niche,creation,9,9,1.9999999999999996,intermediate,0.662695644241202,3.519568906729073,5000
9,down_niche,creation,10,10,1.9999999999999996,intermediate,0.6284641046509494,1.7812301333744796,5000
9,down_niche,creation,11,11,1.9999999999999998,top,0.16598767380069335,18.269256243296038,5000
9,down_niche,creation,12,12,2.0000000000000004,intermediate,0.6390362075514415,28.64698081938937,5000
9,down_niche,creation,13,13,2.9999999999999996,intermediate,0.9870621130972929,20.74145771962764,5000
9,down_niche,creation,14,14,3.1666666666666656,intermediate,0.645344199222117,95.24669384144457,5000
9,down_niche,creation,15,15,2.0000000000000004,intermediate,0.46228462850059315,23.916867677559633,5000
9,down_niche,creation,16,16,2.0000000000000004,top,0.13926768294391734,55.766274690713665,5000
9,down_niche,creation,17,17,2.0,intermediate,0.9890240228652402,68.16906096741057,5000
9,down_niche,creation,18,18,1.9999999999999996,intermediate,0.36332706335020615,18.370128659823724,5000
9,down_niche,creation,19,19,4.634811849636244,intermediate,0.26096921560693376,136.59628496884542,5000
9,down_niche,creation,20,20,4.50973958597039,intermediate,0.2940337085552399,185.84062355696537,5000
9,down_niche,creation,21,21,4.687223627223852,intermediate,0.102979019602506,287.25200161964517,5000
9,down_niche,creation,22,22,3.3094034378159756,intermediate,0.6773717606998183,69.6074143472081,5000
9,down_niche,creation,23,23,3.3095238095238093,intermediate,0.5485068717769226,80.4643412165908,5000
9,down_niche,creation,24,24,3.236771149309067,intermediate,0.8779850995268764,50.59011436902699,5000
9,down_niche,creation,25,25,2.9999999999999996,intermediate,0.5215557877507464,12.940833477093626,5000
9,down_niche,creation,26,26,2.9999999999999996,top,0.6622551360781768,5.4125266476952465,5000
9,down_niche,creation,27,27,1.9999999999999996,top,0.3509273771142186,59.61241485115017,5000
9,down_niche,creation,28,28,1.9999999999999996,top,0.6613430540432431,62.00795298421027,5000
9,down_niche,creation,29,29,1.9999999999999996,intermediate,0.8443239616268564,95.16706559246815,5000
9,down_niche,creation,30,30,2.0000000000000004,intermediate,0.8430317844518892,92.34143723859546,5000
9,down_niche,creation,31,31,1.9999999999999996,intermediate,0.11476725277998234,22.547860040066432,5000
9,down_niche,creation,32,32,2.0000000000000004,intermediate,0.6245512609383294,36.569631977305214,5000
9,down_niche,creation,33,33,2.0000000000000004,top,0.13264385001945056,93.39127568242728,5000
9,down_niche,creation,34,34,1.9999999999999996,intermediate,0.7175921495396583,78.2934136454544,5000
9,down_niche,creation,35,35,3.0000000000000004,intermediate,0.21087303721282769,87.35320188635684,5000
9,down_niche,creation,36,36,2.9999999999999996,top,0.5727933713773838,49.077421825771225,5000
9,down_niche,creation,37,37,1.0,basal,0.033961729817769126,0.6,5000
9,down_niche,creation,38,38,1.0,basal,0.9315146269598265,1.9,5000
9,down_niche,creation,39,39,1.0,basal,0.3997201353869382,6.0,5000
9,down_niche,creation,40,40,1.0,basal,0.3666975375679017,19.0,5000
9,down_niche,creation,41,41,1.0,basal,0.8190736884436236,60.0,5000
9,down_niche,creation,42,42,1.0,basal,0.2819575633478705,190.0,5000
9,down_niche,creation,43,43,1.0,basal,0.9319363378168752,600.0,5000
9,down_niche,creation,44,44,1.0,basal,0.1391994220574314,1900.0,5000
9,down_niche,creation,45,45,2.0000000000000004,intermediate,0.31490165116634916,0.6,5000
9,down_niche,creation,46,46,2.0000000000000004,intermediate,0.5470337527828893,1.9,5000
9,down_niche,creation,47,47,1.9999999999999998,top,0.12705588139196755,6.0,5000
9,down_niche,creation,48,48,2.0,intermediate,0.9796790923116785,19.0,5000
9,down_niche,creation,49,49,1.9999999999999996,intermediate,0.2789353639026352,60.0,5000
9,down_niche,creation,50,50,1.9999999999999996,intermediate,0.8636830830026523,190.0,5000
9,down_niche,creation,51,51,1.9999999999999996,intermediate,0.17065841583190355,600.0,5000
9,down_niche,creation,52,52,2.0000000000000004,intermediate,0.9105175038198166,1900.0,5000
9,atn,creation,1,1,2.1000000000000005,intermediate,0.11767184778287687,111.05846808413145,5000
9,atn,creation,2,2,2.1000000000000005,intermediate,0.5056802189864892,96.07350108755934,5000
9,atn,creation,3,3,2.1000000000000005,intermediate,0.6325708403909838,97.69938425145754,5000
9,atn,creation,4,4,1.0,basal,0.09896673350724272,2.8284082189950035,5000
9,atn,creation,5,5,2.1000000000000005,intermediate,0.03432772992640454,67.57483064312952,5000
9,atn,creation,6,6,2.0,intermediate,0.7151670794852953,58.451292181502296,5000
9,atn,creation,7,7,1.9999999999999998,intermediate,0.46246054599180375,18.58815722270289,5000
9,atn,creation,8,8,2.0,intermediate,0.7305574943101993,15.559586049380096,5000
9,atn,creation,9,9,1.0,basal,0.662695644241202,3.519568906729073,5000
9,atn,creation,10,10,1.0,basal,0.6284641046509494,1.7812301333744796,5000
9,atn,creation,11,11,1.9999999999999998,intermediate,0.16598767380069335,18.269256243296038,5000
9,atn,creation,12,12,2.0000000000000004,intermediate,0.6390362075514415,28.64698081938937,5000
9,atn,creation,13,13,1.9999999999999998,intermediate,0.9870621130972929,20.74145771962764,5000
9,atn,creation,14,14,2.1000000000000005,intermediate,0.645344199222117,95.24669384144457,5000
9,atn,creation,15,15,1.9999999999999998,intermediate,0.46228462850059315,23.916867677559633,5000
9,atn,creation,16,16,2.0,intermediate,0.13926768294391734,55.766274690713665,5000
9,atn,creation,17,17,2.1000000000000005,intermediate,0.9890240228652402,68.16906096741057,5000
9,atn,creation,18,18,1.9999999999999998,intermediate,0.36332706335020615,18.370128659823724,5000
9,atn,creation,19,19,2.181818181818181,intermediate,0.26096921560693376,136.59628496884542,5000
9,atn,creation,20,20,2.4,intermediate,0.2940337085552399,185.84062355696537,5000
9,atn,creation,21,21,2.578947368421052,top,0.102979019602506,287.25200161964517,5000
9,atn,creation,22,22,2.1000000000000005,intermediate,0.6773717606998183,69.6074143472081,5000
9,atn,creation,23,23,2.1000000000000005,intermediate,0.5485068717769226,80.4643412165908,5000
9,atn,creation,24,24,1.9999999999999996,intermediate,0.8779850995268764,50.59011436902699,5000
9,atn,creation,25,25,2.0,intermediate,0.5215557877507464,12.940833477093626,5000
9,atn,creation,26,26,1.0,basal,0.6622551360781768,5.4125266476952465,5000
9,atn,creation,27,27,2.0,intermediate,0.3509273771142186,59.61241485115017,5000
9,atn,creation,28,28,2.1000000000000005,intermediate,0.6613430540432431,62.00795298421027,5000
9,atn,creation,29,29,2.1000000000000005,intermediate,0.8443239616268564,95.16706559246815,5000
9,atn,creation,30,30,2.1000000000000005,intermediate,0.8430317844518892,92.34143723859546,5000
9,atn,creation,31,31,1.9999999999999998,intermediate,0.11476725277998234,22.547860040066432,5000
9,atn,creation,32,32,1.9999999999999996,intermediate,0.6245512609383294,36.569631977305214,5000
9,atn,creation,33,33,2.1000000000000005,intermediate,0.13264385001945056,93.39127568242728,5000
9,atn,creation,34,34,2.1000000000000005,intermediate,0.7175921495396583,78.2934136454544,5000
9,atn,creation,35,35,2.1000000000000005,intermediate,0.21087303721282769,87.35320188635684,5000
9,atn,creation,36,36,1.9999999999999996,intermediate,0.5727933713773838,49.077421825771225,5000
9,atn,creation,37,37,1.0,basal,0.033961729817769126,0.6,5000
9,atn,creation,38,38,1.0,basal,0.9315146269598265,1.9,5000
9,atn,creation,39,39,1.0,basal,0.3997201353869382,6.0,5000
9,atn,creation,40,40,1.0,basal,0.3666975375679017,19.0,5000
9,atn,creation,41,41,1.0,basal,0.8190736884436236,60.0,5000
9,atn,creation,42,42,1.0,basal,0.2819575633478705,190.0,5000
9,atn,creation,43,43,1.0,isolated,0.9319363378168752,600.0,5000
9,atn,creation,44,44,1.0,isolated,0.1391994220574314,1900.0,5000
9,atn,creation,45,45,1.0,basal,0.31490165116634916,0.6,5000
9,atn,creation,46,46,1.0,basal,0.5470337527828893,1.9,5000
9,atn,creation,47,47,2.0,intermediate,0.12705588139196755,6.0,5000
9,atn,creation,48,48,1.9999999999999998,intermediate,0.9796790923116785,19.0,5000
9,atn,creation,49,49,2.100000000000001,intermediate,0.2789353639026352,60.0,5000
9,atn,creation,50,50,2.411764705882353,intermediate,0.8636830830026523,190.0,5000
9,atn,creation,51,51,2.6703703703703705,top,0.17065841583190355,600.0,5000
9,atn,creation,52,52,2.937339572192513,top,0.9105175038198166,1900.0,5000
9,down_power,post_burn_in,1,10,1.9999999999999998,top,0.20487699847614801,1.7812301333744796,5000
9,down_power,post_burn_in,2,37,1.0,basal,0.2268839597750031,0.6,5000
9,down_power,post_burn_in,3,38,1.0,basal,0.2305853568916441,1.9,5000
9,down_power,post_burn_in,4,39,1.0,basal,0.14165194349231966,6.0,5000
9,down_power,post_burn_in,5,40,1.0,basal,0.0665907770116722,19.0,5000
9,down_power,post_burn_in,6,41,1.0,basal,0.07249482701879194,60.0,5000
9,down_power,post_burn_in,7,42,1.0,basal,0.06504294330015117,190.0,5000
9,down_power,post_burn_in,8,43,1.0,basal,0.029215636655504657,600.0,5000
9,down_power,post_burn_in,9,44,1.0,basal,0.1727628275791275,1900.0,5000
9,down_power,post_burn_in,10,45,2.0,top,0.42151488730861414,0.6,5000
9,down_power,post_burn_in,11,46,2.0,top,0.11417019781951135,1.9,5000
9,metaweb,post_burn_in,1,3,2.0,top,0.06955345031136047,97.69938425145754,5000
9,metaweb,post_burn_in,2,4,2.0,top,0.03587636328130517,2.8284082189950035,5000
9,metaweb,post_burn_in,3,6,2.0,top,0.07063958086086751,58.451292181502296,5000
9,metaweb,post_burn_in,4,7,2.0,top,0.38195502653526453,18.58815722270289,5000
9,metaweb,post_burn_in,5,8,2.0,top,0.10829513457996674,15.559586049380096,5000
9,metaweb,post_burn_in,6,9,2.0,top,0.057253125850290784,3.519568906729073,5000
9,metaweb,post_burn_in,7,10,2.0,top,0.05692874297402629,1.7812301333744796,5000
9,metaweb,post_burn_in,8,11,2.0,top,0.1370924004233044,18.269256243296038,5000
9,metaweb,post_burn_in,9,12,2.0,top,0.10558117369554121,28.64698081938937,5000
9,metaweb,post_burn_in,10,15,2.0,top,0.0980795108331307,23.916867677559633,5000
9,metaweb,post_burn_in,11,16,2.0,top,0.11502384797017548,55.766274690713665,5000
9,metaweb,post_burn_in,12,17,2.0,top,0.07305899704907116,68.16906096741057,5000
9,metaweb,post_burn_in,13,18,2.0,top,0.09166605481968293,18.370128659823724,5000
9,metaweb,post_burn_in,14,27,2.0,top,0.28983764517724736,59.61241485115017,5000
9,metaweb,post_burn_in,15,28,2.0,top,0.54621590089229,62.00795298421027,5000
9,metaweb,post_burn_in,16,29,2.0,top,0.07195599385164962,95.16706559246815,5000
9,metaweb,post_burn_in,17,30,2.0,top,0.07194461459943488,92.34143723859546,5000
9,metaweb,post_burn_in,18,31,2.0,top,0.05516779637765479,22.547860040066432,5000
9,metaweb,post_burn_in,19,32,2.0,top,0.10509358762377118,36.569631977305214,5000
9,metaweb,post_burn_in,20,33,2.0,top,0.10955309743296235,93.39127568242728,5000
9,metaweb,post_burn_in,21,34,2.0,top,0.07066814257708548,78.2934136454544,5000
9,metaweb,post_burn_in,22,37,1.0,basal,0.213617271084728,0.6,5000
9,metaweb,post_burn_in,23,38,1.0,basal,0.21361727108472792,1.9,5000
9,metaweb,post_burn_in,24,39,1.0,basal,0.21361727108472786,6.0,5000
9,metaweb,post_burn_in,25,40,1.0,basal,0.2136172710847279,19.0,5000
9,metaweb,post_burn_in,26,41,1.0,basal,0.21361727108472792,60.0,5000
9,metaweb,post_burn_in,27,42,1.0,basal,0.21361727108472786,190.0,5000
9,metaweb,post_burn_in,28,43,1.0,basal,0.21361727108472792,600.0,5000
9,metaweb,post_burn_in,29,44,1.0,basal,0.2136172710847279,1900.0,5000
9,metaweb,post_burn_in,30,45,2.0,top,0.08387278333807126,0.6,5000
9,metaweb,post_burn_in,31,46,2.0,top,0.09717014245020195,1.9,5000
9,metaweb,post_burn_in,32,47,2.0,top,0.0567944233694421,6.0,5000
9,metaweb,post_burn_in,33,48,2.0,top,0.1073680206432331,19.0,5000
9,metaweb,post_burn_in,34,49,2.0,top,0.08052443629465232,60.0,5000
9,metaweb,post_burn_in,35,50,2.0,top,0.10548804072329768,190.0,5000
9,metaweb,post_burn_in,36,51,2.0,top,0.06590818949923416,600.0,5000
9,metaweb,post_burn_in,37,52,2.0,top,0.10629660554382299,1900.0,5000
9,niche,post_burn_in,1,1,3.58934065934066,intermediate,0.3326159813378022,111.05846808413145,5000
9,niche,post_burn_in,2,2,3.982692250747109,intermediate,0.4572534806170744,96.07350108755934,5000
9,niche,post_burn_in,3,3,4.005408420585098,intermediate,0.417984978749795,97.69938425145754,5000
9,niche,post_burn_in,4,4,2.93642857142857,intermediate,0.2423938415956522,2.8284082189950035,5000
9,niche,post_burn_in,5,5,3.746589909386003,intermediate,0.10178610783195215,67.57483064312952,5000
9,niche,post_burn_in,6,6,4.316995682888539,intermediate,0.0002866534066732672,58.451292181502296,5000
9,niche,post_burn_in,7,7,3.0327380952380945,intermediate,0.097961269023279,18.58815722270289,5000
9,niche,post_burn_in,8,8,2.0,intermediate,0.3785452347714152,15.559586049380096,5000
9,niche,post_burn_in,9,10,3.488692700156986,intermediate,0.1874421288421529,1.7812301333744796,5000
9,niche,post_burn_in,10,11,3.460454882914706,intermediate,0.1067092036734459,18.269256243296038,5000
9,niche,post_burn_in,11,12,3.806549146107988,intermediate,0.11962215374406306,28.64698081938937,5000
9,niche,post_burn_in,12,13,2.939285714285713,intermediate,0.09162217348684454,20.74145771962764,5000
9,niche,post_burn_in,13,14,3.2770474006248493,intermediate,0.33126199366150977,95.24669384144457,5000
9,niche,post_burn_in,14,15,3.31699568288854,intermediate,0.1831331921075051,23.916867677559633,5000
9,niche,post_burn_in,15,16,3.391583307830916,intermediate,0.19464515378466235,55.766274690713665,5000
9,niche,post_burn_in,16,17,3.35480032191448,intermediate,0.11304789382790649,68.16906096741057,5000
9,niche,post_burn_in,17,18,2.9065451106610243,intermediate,0.4187314576854225,18.370128659823724,5000
9,niche,post_burn_in,18,19,2.808809523809524,intermediate,0.23787587014249797,136.59628496884542,5000
9,niche,post_burn_in,19,20,2.0,intermediate,0.25760905742916856,185.84062355696537,5000
9,niche,post_burn_in,20,21,1.0,basal,0.8498527293005129,287.25200161964517,5000
9,niche,post_burn_in,21,22,2.799999999999999,intermediate,0.25861258393832826,69.6074143472081,5000
9,niche,post_burn_in,22,23,1.0,basal,0.2542429000162037,80.4643412165908,5000
9,niche,post_burn_in,23,24,1.0,basal,0.8827375433442677,50.59011436902699,5000
9,niche,post_burn_in,24,25,3.240384615384615,intermediate,0.09050777261032096,12.940833477093626,5000
9,niche,post_burn_in,25,26,2.9352611525379366,intermediate,0.35222744869708705,5.4125266476952465,5000
9,niche,post_burn_in,26,28,3.1754807692307683,intermediate,0.16788236836111708,62.00795298421027,5000
9,niche,post_burn_in,27,29,2.6183673469387756,intermediate,0.31861837851229236,95.16706559246815,5000
9,niche,post_burn_in,28,30,3.095769230769231,intermediate,0.1793200663261263,92.34143723859546,5000
9,niche,post_burn_in,29,31,2.553846153846153,intermediate,0.3406008012295447,22.547860040066432,5000
9,niche,post_burn_in,30,32,1.0,basal,0.9162237760255341,36.569631977305214,5000
9,niche,post_burn_in,31,33,2.799999999999999,intermediate,0.20965932825722514,93.39127568242728,5000
9,niche,post_burn_in,32,34,2.6717032967032965,intermediate,0.2757219390372837,78.2934136454544,5000
9,niche,post_burn_in,33,35,2.25,intermediate,0.2830647654132424,87.35320188635684,5000
9,niche,post_burn_in,34,36,2.485714285714285,intermediate,0.1896496197774912,49.077421825771225,5000
9,niche,post_burn_in,35,37,2.739285714285713,intermediate,0.07969104440437233,0.6,5000
9,niche,post_burn_in,36,38,2.4571428571428564,intermediate,0.18434066493261278,1.9,5000
9,niche,post_burn_in,37,39,1.0,basal,0.7049488648043643,6.0,5000
9,niche,post_burn_in,38,40,1.0,basal,0.7049488648043643,19.0,5000
9,niche,post_burn_in,39,41,2.5,intermediate,0.12353115977394624,60.0,5000
9,niche,post_burn_in,40,42,2.5,intermediate,0.15514531880262167,190.0,5000
9,niche,post_burn_in,41,43,1.0,basal,0.7079522798577245,600.0,5000
9,niche,post_burn_in,42,44,2.0,intermediate,0.3189468235191131,1900.0,5000
9,niche,post_burn_in,43,45,2.1999999999999997,intermediate,0.24374582508071266,0.6,5000
9,niche,post_burn_in,44,46,2.0,intermediate,0.086666965802204,1.9,5000
9,niche,post_burn_in,45,47,1.0,basal,0.800386135141397,6.0,5000
9,niche,post_burn_in,46,48,1.0,basal,0.5346681184253556,19.0,5000
9,niche,post_burn_in,47,49,1.0,basal,0.5346681184253556,60.0,5000
9,niche,post_burn_in,48,50,1.0,basal,0.6062773702912593,190.0,5000
9,niche,post_burn_in,49,51,2.0,intermediate,0.048367882320289636,600.0,5000
9,niche,post_burn_in,50,52,1.0,basal,0.2607987410440101,1900.0,5000
9,down_rand,post_burn_in,1,1,3.494153206244951,top,0.2642705603184208,111.05846808413145,5000
9,down_rand,post_burn_in,2,4,1.9999999999999998,top,0.24355794883887377,2.8284082189950035,5000
9,down_rand,post_burn_in,3,9,1.9999999999999998,top,0.009959967417454967,3.519568906729073,5000
9,down_rand,post_burn_in,4,10,2.0000000000000004,top,0.0905301827825492,1.7812301333744796,5000
9,down_rand,post_burn_in,5,30,1.0,basal,0.7718695559896652,92.34143723859546,5000
9,down_rand,post_burn_in,6,37,1.0,basal,0.18882431562535434,0.6,5000
9,down_rand,post_burn_in,7,38,1.0,basal,0.167668657942871,1.9,5000
9,down_rand,post_burn_in,8,39,1.0,basal,0.10449943657039652,6.0,5000
9,down_rand,post_burn_in,9,40,1.0,basal,0.21379827801398193,19.0,5000
9,down_rand,post_burn_in,10,41,1.0,basal,0.08653703817664052,60.0,5000
9,down_rand,post_burn_in,11,42,1.0,basal,0.13802062192287623,190.0,5000
9,down_rand,post_burn_in,12,43,1.0,basal,0.045628006905659504,600.0,5000
9,down_rand,post_burn_in,13,44,1.0,basal,0.027305299339172303,1900.0,5000
9,down_rand,post_burn_in,14,45,2.0,top,0.39815958881392477,0.6,5000
9,down_link,post_burn_in,1,4,1.9999999999999998,intermediate,0.19384118462277225,2.8284082189950035,5000
9,down_link,post_burn_in,2,8,1.9999999999999998,intermediate,0.32014045996045165,15.559586049380096,5000
9,down_link,post_burn_in,3,10,1.9999999999999998,intermediate,0.0978698699893386,1.7812301333744796,5000
9,down_link,post_burn_in,4,13,2.9999999999999996,top,0.043091569207375474,20.74145771962764,5000
9,down_link,post_burn_in,5,25,2.636363636363637,intermediate,0.009695753118360248,12.940833477093626,5000
9,down_link,post_burn_in,6,26,2.0000000000000004,intermediate,0.020131357608296235,5.4125266476952465,5000
9,down_link,post_burn_in,7,32,2.0,intermediate,0.022409313451545426,36.569631977305214,5000
9,down_link,post_burn_in,8,37,1.0,basal,0.21041894343585632,0.6,5000
9,down_link,post_burn_in,9,38,1.0,basal,0.2692584827221056,1.9,5000
9,down_link,post_burn_in,10,39,1.0,basal,0.13032953260746788,6.0,5000
9,down_link,post_burn_in,11,40,1.0,basal,0.22251754792873404,19.0,5000
9,down_link,post_burn_in,12,41,1.0,basal,0.19416544302449773,60.0,5000
9,down_link,post_burn_in,13,42,1.0,basal,0.05226790655078265,190.0,5000
9,down_link,post_burn_in,14,43,1.0,basal,0.09134495544045583,600.0,5000
9,down_link,post_burn_in,15,44,1.0,basal,0.036686290812019,1900.0,5000
9,down_link,post_burn_in,16,45,2.0,intermediate,0.18294464408713867,0.6,5000
9,down_link,post_burn_in,17,47,2.0,intermediate,0.32391295040105633,6.0,5000
9,down_niche,post_burn_in,1,3,1.9999999999999998,intermediate,0.001882931735159234,97.69938425145754,5000
9,down_niche,post_burn_in,2,4,1.9999999999999996,top,0.08082269408898268,2.8284082189950035,5000
9,down_niche,post_burn_in,3,6,1.9999999999999996,intermediate,0.3833992440234845,58.451292181502296,5000
9,down_niche,post_burn_in,4,7,1.9999999999999998,top,0.21257117456526758,18.58815722270289,5000
9,down_niche,post_burn_in,5,8,2.0000000000000004,intermediate,0.12723415943491076,15.559586049380096,5000
9,down_niche,post_burn_in,6,9,1.9999999999999996,top,0.03524112929397108,3.519568906729073,5000
9,down_niche,post_burn_in,7,10,1.9999999999999996,top,0.03267388986684187,1.7812301333744796,5000
9,down_niche,post_burn_in,8,11,1.9999999999999998,top,0.026273644211455904,18.269256243296038,5000
9,down_niche,post_burn_in,9,12,2.0000000000000004,intermediate,0.0033893071607474633,28.64698081938937,5000
9,down_niche,post_burn_in,10,14,2.7142857142857135,intermediate,0.021421395123574716,95.24669384144457,5000
9,down_niche,post_burn_in,11,15,2.0000000000000004,intermediate,3.594972119254738e-5,23.916867677559633,5000
9,down_niche,post_burn_in,12,16,2.0000000000000004,top,0.00036105202508990617,55.766274690713665,5000
9,down_niche,post_burn_in,13,17,2.0,intermediate,0.4318534202154157,68.16906096741057,5000
9,down_niche,post_burn_in,14,18,1.9999999999999996,intermediate,0.2087593706322422,18.370128659823724,5000
9,down_niche,post_burn_in,15,22,2.7650006110228516,intermediate,0.0801447021254182,69.6074143472081,5000
9,down_niche,post_burn_in,16,23,3.2448979591836733,top,0.14055201317709567,80.4643412165908,5000
9,down_niche,post_burn_in,17,27,1.9999999999999996,top,0.34674094584271914,59.61241485115017,5000
9,down_niche,post_burn_in,18,28,1.9999999999999996,top,0.6534534808066834,62.00795298421027,5000
9,down_niche,post_burn_in,19,29,1.9999999999999996,intermediate,0.0037678365515856557,95.16706559246815,5000
9,down_niche,post_burn_in,20,30,2.0000000000000004,intermediate,0.0023622638128730925,92.34143723859546,5000
9,down_niche,post_burn_in,21,31,1.9999999999999996,intermediate,0.003622395163429121,22.547860040066432,5000
9,down_niche,post_burn_in,22,32,2.0000000000000004,intermediate,0.0118583162347087,36.569631977305214,5000
9,down_niche,post_burn_in,23,33,2.0000000000000004,top,0.05906085885215155,93.39127568242728,5000
9,down_niche,post_burn_in,24,34,1.9999999999999996,intermediate,0.001670206474684432,78.2934136454544,5000
9,down_niche,post_burn_in,25,35,2.999999999999999,top,0.12694259126951038,87.35320188635684,5000
9,down_niche,post_burn_in,26,37,1.0,basal,0.21520774922413424,0.6,5000
9,down_niche,post_burn_in,27,38,1.0,basal,0.2041466997512801,1.9,5000
9,down_niche,post_burn_in,28,39,1.0,basal,0.3751859194474897,6.0,5000
9,down_niche,post_burn_in,29,40,1.0,basal,0.21441823581718794,19.0,5000
9,down_niche,post_burn_in,30,41,1.0,basal,0.2210413433899068,60.0,5000
9,down_niche,post_burn_in,31,42,1.0,basal,0.20570765352987214,190.0,5000
9,down_niche,post_burn_in,32,43,1.0,basal,0.22142378557941708,600.0,5000
9,down_niche,post_burn_in,33,44,1.0,basal,0.21283168055499982,1900.0,5000
9,down_niche,post_burn_in,34,45,2.0,intermediate,0.012120377824296593,0.6,5000
9,down_niche,post_burn_in,35,46,2.0,intermediate,0.28465024927769145,1.9,5000
9,down_niche,post_burn_in,36,47,2.0,top,0.13887505798716743,6.0,5000
9,down_niche,post_burn_in,37,48,2.0,intermediate,0.23454329333327106,19.0,5000
9,down_niche,post_burn_in,38,49,1.9999999999999998,intermediate,0.0020152789491796274,60.0,5000
9,down_niche,post_burn_in,39,50,1.9999999999999998,intermediate,0.0020262741381655036,190.0,5000
9,down_niche,post_burn_in,40,51,1.9999999999999998,top,0.034238506055980146,600.0,5000
9,down_niche,post_burn_in,41,52,2.0,intermediate,0.014567142744667977,1900.0,5000
9,atn,post_burn_in,1,1,2.1000000000000005,intermediate,0.045861427505108555,111.05846808413145,5000
9,atn,post_burn_in,2,2,2.1000000000000005,intermediate,0.1155156187927332,96.07350108755934,5000
9,atn,post_burn_in,3,3,2.1000000000000005,intermediate,0.10690561958866927,97.69938425145754,5000
9,atn,post_burn_in,4,4,1.0,basal,0.3812792412094747,2.8284082189950035,5000
9,atn,post_burn_in,5,5,2.1000000000000005,intermediate,0.33375431662993366,67.57483064312952,5000
9,atn,post_burn_in,6,6,2.0,intermediate,0.1494043566515247,58.451292181502296,5000
9,atn,post_burn_in,7,7,1.9999999999999998,intermediate,0.07676255872112686,18.58815722270289,5000
9,atn,post_burn_in,8,8,2.0,intermediate,0.048378129737627534,15.559586049380096,5000
9,atn,post_burn_in,9,9,1.0,basal,0.38552306057593383,3.519568906729073,5000
9,atn,post_burn_in,10,10,1.0,basal,0.29498247517281206,1.7812301333744796,5000
9,atn,post_burn_in,11,11,1.9999999999999998,intermediate,0.0810093437864556,18.269256243296038,5000
9,atn,post_burn_in,12,12,2.0,intermediate,0.14915329802095859,28.64698081938937,5000
9,atn,post_burn_in,13,13,1.9999999999999998,intermediate,0.1660697228163818,20.74145771962764,5000
9,atn,post_burn_in,14,14,2.1000000000000005,intermediate,0.12000815998816956,95.24669384144457,5000
9,atn,post_burn_in,15,15,1.9999999999999998,intermediate,0.1256357517941959,23.916867677559633,5000
9,atn,post_burn_in,16,16,2.0,intermediate,0.16483814511699418,55.766274690713665,5000
9,atn,post_burn_in,17,17,2.1000000000000005,intermediate,0.3273624065983441,68.16906096741057,5000
9,atn,post_burn_in,18,18,1.9999999999999998,intermediate,0.07965014218084769,18.370128659823724,5000
9,atn,post_burn_in,19,19,2.1818181818181817,intermediate,1.2651834149713225e-7,136.59628496884542,5000
9,atn,post_burn_in,20,20,2.4000000000000004,intermediate,4.764371410095658e-10,185.84062355696537,5000
9,atn,post_burn_in,21,21,2.578947368421053,top,0.6944672817852209,287.25200161964517,5000
9,atn,post_burn_in,22,22,2.1000000000000005,intermediate,0.3123339308514831,69.6074143472081,5000
9,atn,post_burn_in,23,23,2.1000000000000005,intermediate,0.21600482783904207,80.4643412165908,5000
9,atn,post_burn_in,24,24,1.9999999999999998,intermediate,0.12367653680745035,50.59011436902699,5000
9,atn,post_burn_in,25,25,2.0,intermediate,0.09636125585453198,12.940833477093626,5000
9,atn,post_burn_in,26,26,1.0,basal,0.39899479152837286,5.4125266476952465,5000
9,atn,post_burn_in,27,27,2.0,intermediate,0.14315124818473743,59.61241485115017,5000
9,atn,post_burn_in,28,28,2.1,intermediate,0.39944577136881965,62.00795298421027,5000
9,atn,post_burn_in,29,29,2.1,intermediate,0.12044499297628626,95.16706559246815,5000
9,atn,post_burn_in,30,30,2.1,intermediate,0.1364387437698476,92.34143723859546,5000
9,atn,post_burn_in,31,31,1.9999999999999998,intermediate,0.14171073590670002,22.547860040066432,5000
9,atn,post_burn_in,32,32,1.9999999999999998,intermediate,0.24393942128381535,36.569631977305214,5000
9,atn,post_burn_in,33,33,2.1,intermediate,0.1303824092533445,93.39127568242728,5000
9,atn,post_burn_in,34,34,2.1,intermediate,0.23315153688598994,78.2934136454544,5000
9,atn,post_burn_in,35,35,2.1,intermediate,0.16721692847911998,87.35320188635684,5000
9,atn,post_burn_in,36,36,1.9999999999999998,intermediate,0.13340987863329015,49.077421825771225,5000
9,atn,post_burn_in,37,37,1.0,basal,0.3140637945569355,0.6,5000
9,atn,post_burn_in,38,38,1.0,basal,0.3267813292004544,1.9,5000
9,atn,post_burn_in,39,39,1.0,basal,0.4315129144843043,6.0,5000
9,atn,post_burn_in,40,40,1.0,basal,0.7688953705657674,19.0,5000
9,atn,post_burn_in,41,41,1.0,basal,0.8175393272751341,60.0,5000
9,atn,post_burn_in,42,42,1.0,basal,0.8910667960736017,190.0,5000
9,atn,post_burn_in,43,45,1.0,basal,0.3140637945569351,0.6,5000
9,atn,post_burn_in,44,46,1.0,basal,0.3267813292004504,1.9,5000
9,atn,post_burn_in,45,47,2.0,intermediate,0.07157781043279667,6.0,5000
9,atn,post_burn_in,46,48,2.0,intermediate,0.18737357086138454,19.0,5000
9,atn,post_burn_in,47,49,2.1,intermediate,0.17494524778216408,60.0,5000
9,atn,post_burn_in,48,50,2.411764705882353,intermediate,0.047008856657077984,190.0,5000
9,atn,post_burn_in,49,51,2.670370370370369,top,1.112222421060159,600.0,5000
9,atn,post_burn_in,50,52,2.937339572192513,top,1.8769071109874356,1900.0,5000
10,down_power,creation,1,1,4.001258790776635,intermediate,0.8892720008429074,297.9822468793846,5000
10,down_power,creation,2,2,3.6582092890077247,intermediate,0.2559984776933074,68.9218731665299,5000
10,down_power,creation,3,3,2.0,intermediate,0.1060156610562164,55.0321599163322,5000
10,down_power,creation,4,4,2.0000000000000004,intermediate,0.9840550700380216,4.2165367973075485,5000
10,down_power,creation,5,5,3.7763821607318593,intermediate,0.018212171369695773,97.98639395269318,5000
10,down_power,creation,6,6,2.0,intermediate,0.036636236005027745,83.32266509563526,5000
10,down_power,creation,7,7,1.9999999999999996,top,0.27788770860911716,26.506255906878742,5000
10,down_power,creation,8,8,2.0000000000000004,intermediate,0.5629712098676413,18.95803518215555,5000
10,down_power,creation,9,9,1.9999999999999998,intermediate,0.4974188586812224,5.575946673432111,5000
10,down_power,creation,10,10,1.9999999999999996,intermediate,0.5957637733829896,4.9818322180319,5000
10,down_power,creation,11,11,2.0000000000000004,top,0.5643963352405585,23.014534881984126,5000
10,down_power,creation,12,12,2.0000000000000004,intermediate,0.8323132115653513,24.554632204710863,5000
10,down_power,creation,13,13,2.9999999999999996,intermediate,0.662939395108756,18.36322684758027,5000
10,down_power,creation,14,14,2.842995169082127,intermediate,0.8557066188952609,62.51914385126681,5000
10,down_power,creation,15,15,1.9999999999999996,intermediate,0.1314075010379363,19.81500710130225,5000
10,down_power,creation,16,16,1.9999999999999998,top,0.8388882062310209,96.65409285508557,5000
10,down_power,creation,17,17,2.0000000000000004,intermediate,0.7072041531773614,55.393288841465214,5000
10,down_power,creation,18,18,1.9999999999999998,intermediate,0.723537318144551,20.47229755766504,5000
10,down_power,creation,19,19,3.923246078229448,intermediate,0.9022665266031394,198.77266840388754,5000
10,down_power,creation,20,20,4.065054966026337,intermediate,0.6107797262434032,112.22841442657042,5000
10,down_power,creation,21,21,4.115999802508984,intermediate,0.9339961118266219,209.08994686070878,5000
10,down_power,creation,22,22,3.5601859658429538,intermediate,0.7316209457489149,56.805957233342454,5000
10,down_power,creation,23,23,3.5743473695707078,intermediate,0.48745285083431056,51.7507450809816,5000
10,down_power,creation,24,24,3.6211057285854866,intermediate,0.247455970096089,55.71484269525998,5000
10,down_power,creation,25,25,3.388888888888888,intermediate,0.3694117725343675,15.534693677623443,5000
10,down_power,creation,26,26,3.3333333333333326,intermediate,0.6607425159302579,7.5245463304995415,5000
10,down_power,creation,27,27,2.0,top,0.4641408321022441,65.53148708083773,5000
10,down_power,creation,28,28,2.0,top,0.4002118528791868,60.59023299282918,5000
10,down_power,creation,29,29,1.9999999999999996,intermediate,0.9660843259521663,58.323440423922875,5000
10,down_power,creation,30,30,2.0000000000000004,intermediate,0.7331055385378663,76.97921877965167,5000
10,down_power,creation,31,31,1.9999999999999996,intermediate,0.2855380469167824,41.335941523993995,5000
10,down_power,creation,32,32,2.0000000000000004,intermediate,0.7464907697182739,11.855287797670048,5000
10,down_power,creation,33,33,1.9999999999999996,top,0.3505610678070096,58.47574596377229,5000
10,down_power,creation,34,34,1.9999999999999998,intermediate,0.37173277969476337,86.21106572257044,5000
10,down_power,creation,35,35,3.0,intermediate,0.14776978913944927,69.71394112141893,5000
10,down_power,creation,36,36,3.0,intermediate,0.5872659640574676,15.088638441781022,5000
10,down_power,creation,37,37,1.0,basal,0.7007654274004113,0.6,5000
10,down_power,creation,38,38,1.0,basal,0.04723272020766478,1.9,5000
10,down_power,creation,39,39,1.0,basal,0.21806088372449783,6.0,5000
10,down_power,creation,40,40,1.0,basal,0.7996710775164693,19.0,5000
10,down_power,creation,41,41,1.0,basal,0.7117299476091189,60.0,5000
10,down_power,creation,42,42,1.0,basal,0.4128861931504968,190.0,5000
10,down_power,creation,43,43,1.0,basal,0.941307693114575,600.0,5000
10,down_power,creation,44,44,1.0,basal,0.08549092423673388,1900.0,5000
10,down_power,creation,45,45,1.9999999999999998,intermediate,0.15409629006784087,0.6,5000
10,down_power,creation,46,46,1.9999999999999998,intermediate,0.6304731974164388,1.9,5000
10,down_power,creation,47,47,1.9999999999999998,intermediate,0.9060070270444838,6.0,5000
10,down_power,creation,48,48,1.9999999999999996,intermediate,0.048152281236182204,19.0,5000
10,down_power,creation,49,49,1.9999999999999996,intermediate,0.054595794521401064,60.0,5000
10,down_power,creation,50,50,1.9999999999999998,intermediate,0.48186024296863517,190.0,5000
10,down_power,creation,51,51,2.0000000000000004,intermediate,0.8683282005472318,600.0,5000
10,down_power,creation,52,52,1.9999999999999998,intermediate,0.31145880746330945,1900.0,5000
10,metaweb,creation,1,1,4.0613354240613635,intermediate,0.8892720008429074,297.9822468793846,5000
10,metaweb,creation,2,2,3.5954723098103645,intermediate,0.2559984776933074,68.9218731665299,5000
10,metaweb,creation,3,3,2.0,intermediate,0.1060156610562164,55.0321599163322,5000
10,metaweb,creation,4,4,2.0,intermediate,0.9840550700380216,4.2165367973075485,5000
10,metaweb,creation,5,5,3.5954723098103667,intermediate,0.018212171369695773,97.98639395269318,5000
10,metaweb,creation,6,6,2.0,intermediate,0.036636236005027745,83.32266509563526,5000
10,metaweb,creation,7,7,2.0,top,0.27788770860911716,26.506255906878742,5000
10,metaweb,creation,8,8,2.0,intermediate,0.5629712098676413,18.95803518215555,5000
10,metaweb,creation,9,9,2.0,intermediate,0.4974188586812224,5.575946673432111,5000
10,metaweb,creation,10,10,2.0,intermediate,0.5957637733829896,4.9818322180319,5000
10,metaweb,creation,11,11,2.0,top,0.5643963352405585,23.014534881984126,5000
10,metaweb,creation,12,12,2.0,intermediate,0.8323132115653513,24.554632204710863,5000
10,metaweb,creation,13,13,3.0,intermediate,0.662939395108756,18.36322684758027,5000
10,metaweb,creation,14,14,2.8392621870882753,intermediate,0.8557066188952609,62.51914385126681,5000
10,metaweb,creation,15,15,2.0,intermediate,0.1314075010379363,19.81500710130225,5000
10,metaweb,creation,16,16,2.0,top,0.8388882062310209,96.65409285508557,5000
10,metaweb,creation,17,17,2.0,intermediate,0.7072041531773614,55.393288841465214,5000
10,metaweb,creation,18,18,2.0,intermediate,0.723537318144551,20.47229755766504,5000
10,metaweb,creation,19,19,4.0613354240613635,intermediate,0.9022665266031394,198.77266840388754,5000
10,metaweb,creation,20,20,4.061335424061364,intermediate,0.6107797262434032,112.22841442657042,5000
10,metaweb,creation,21,21,4.061335424061364,intermediate,0.9339961118266219,209.08994686070878,5000
10,metaweb,creation,22,22,3.5954723098103636,intermediate,0.7316209457489149,56.805957233342454,5000
10,metaweb,creation,23,23,3.5954723098103654,intermediate,0.48745285083431056,51.7507450809816,5000
10,metaweb,creation,24,24,3.5762090864680016,intermediate,0.247455970096089,55.71484269525998,5000
10,metaweb,creation,25,25,3.303030303030302,intermediate,0.3694117725343675,15.534693677623443,5000
10,metaweb,creation,26,26,3.3333333333333335,intermediate,0.6607425159302579,7.5245463304995415,5000
10,metaweb,creation,27,27,2.0,top,0.4641408321022441,65.53148708083773,5000
10,metaweb,creation,28,28,2.0,top,0.4002118528791868,60.59023299282918,5000
10,metaweb,creation,29,29,2.0,intermediate,0.9660843259521663,58.323440423922875,5000
10,metaweb,creation,30,30,2.0,intermediate,0.7331055385378663,76.97921877965167,5000
10,metaweb,creation,31,31,2.0,intermediate,0.2855380469167824,41.335941523993995,5000
10,metaweb,creation,32,32,2.0,intermediate,0.7464907697182739,11.855287797670048,5000
10,metaweb,creation,33,33,2.0,top,0.3505610678070096,58.47574596377229,5000
10,metaweb,creation,34,34,2.0,intermediate,0.37173277969476337,86.21106572257044,5000
10,metaweb,creation,35,35,3.0,intermediate,0.14776978913944927,69.71394112141893,5000
10,metaweb,creation,36,36,3.0,intermediate,0.5872659640574676,15.088638441781022,5000
10,metaweb,creation,37,37,1.0,basal,0.7007654274004113,0.6,5000
10,metaweb,creation,38,38,1.0,basal,0.04723272020766478,1.9,5000
10,metaweb,creation,39,39,1.0,basal,0.21806088372449783,6.0,5000
10,metaweb,creation,40,40,1.0,basal,0.7996710775164693,19.0,5000
10,metaweb,creation,41,41,1.0,basal,0.7117299476091189,60.0,5000
10,metaweb,creation,42,42,1.0,basal,0.4128861931504968,190.0,5000
10,metaweb,creation,43,43,1.0,basal,0.941307693114575,600.0,5000
10,metaweb,creation,44,44,1.0,basal,0.08549092423673388,1900.0,5000
10,metaweb,creation,45,45,2.0,intermediate,0.15409629006784087,0.6,5000
10,metaweb,creation,46,46,2.0,intermediate,0.6304731974164388,1.9,5000
10,metaweb,creation,47,47,2.0,intermediate,0.9060070270444838,6.0,5000
10,metaweb,creation,48,48,2.0,intermediate,0.048152281236182204,19.0,5000
10,metaweb,creation,49,49,2.0,intermediate,0.054595794521401064,60.0,5000
10,metaweb,creation,50,50,2.0,intermediate,0.48186024296863517,190.0,5000
10,metaweb,creation,51,51,2.0,intermediate,0.8683282005472318,600.0,5000
10,metaweb,creation,52,52,2.0,intermediate,0.31145880746330945,1900.0,5000
10,niche,creation,1,1,5.6727526500947745,intermediate,0.8892720008429074,297.9822468793846,5000
10,niche,creation,2,2,3.5374999999999996,intermediate,0.2559984776933074,68.9218731665299,5000
10,niche,creation,3,3,5.71372078356832,intermediate,0.1060156610562164,55.0321599163322,5000
10,niche,creation,4,4,5.335475721844164,intermediate,0.9840550700380216,4.2165367973075485,5000
10,niche,creation,5,5,1.0,basal,0.018212171369695773,97.98639395269318,5000
10,niche,creation,6,6,2.0,intermediate,0.036636236005027745,83.32266509563526,5000
10,niche,creation,7,7,1.0,basal,0.27788770860911716,26.506255906878742,5000
10,niche,creation,8,8,6.286101561203657,intermediate,0.5629712098676413,18.95803518215555,5000
10,niche,creation,9,9,5.735205164170748,intermediate,0.4974188586812224,5.575946673432111,5000
10,niche,creation,10,10,5.352419323246274,intermediate,0.5957637733829896,4.9818322180319,5000
10,niche,creation,11,11,5.076542519727798,intermediate,0.5643963352405585,23.014534881984126,5000
10,niche,creation,12,12,5.057569991791566,intermediate,0.8323132115653513,24.554632204710863,5000
10,niche,creation,13,13,5.431633216207358,intermediate,0.662939395108756,18.36322684758027,5000
10,niche,creation,14,14,5.057569991791566,intermediate,0.8557066188952609,62.51914385126681,5000
10,niche,creation,15,15,5.3125,intermediate,0.1314075010379363,19.81500710130225,5000
10,niche,creation,16,16,4.0,intermediate,0.8388882062310209,96.65409285508557,5000
10,niche,creation,17,17,4.624999999999999,intermediate,0.7072041531773614,55.393288841465214,5000
10,niche,creation,18,18,6.018220213628431,intermediate,0.723537318144551,20.47229755766504,5000
10,niche,creation,19,19,5.305208333333332,intermediate,0.9022665266031394,198.77266840388754,5000
10,niche,creation,20,20,4.624999999999999,intermediate,0.6107797262434032,112.22841442657042,5000
10,niche,creation,21,21,5.985386181382275,intermediate,0.9339961118266219,209.08994686070878,5000
10,niche,creation,22,22,5.423166921571869,intermediate,0.7316209457489149,56.805957233342454,5000
10,niche,creation,23,23,1.0,basal,0.48745285083431056,51.7507450809816,5000
10,niche,creation,24,24,3.0999999999999996,intermediate,0.247455970096089,55.71484269525998,5000
10,niche,creation,25,25,5.8593482531901655,intermediate,0.3694117725343675,15.534693677623443,5000
10,niche,creation,26,26,2.6875,intermediate,0.6607425159302579,7.5245463304995415,5000
10,niche,creation,27,27,5.748487467903828,intermediate,0.4641408321022441,65.53148708083773,5000
10,niche,creation,28,28,5.142057291666667,intermediate,0.4002118528791868,60.59023299282918,5000
10,niche,creation,29,29,3.4999999999999996,intermediate,0.9660843259521663,58.323440423922875,5000
10,niche,creation,30,30,5.25371197089947,intermediate,0.7331055385378663,76.97921877965167,5000
10,niche,creation,31,31,5.048307291666666,intermediate,0.2855380469167824,41.335941523993995,5000
10,niche,creation,32,32,5.499999999999999,intermediate,0.7464907697182739,11.855287797670048,5000
10,niche,creation,33,33,4.139525462962963,intermediate,0.3505610678070096,58.47574596377229,5000
10,niche,creation,34,34,4.624999999999999,intermediate,0.37173277969476337,86.21106572257044,5000
10,niche,creation,35,35,4.0,intermediate,0.14776978913944927,69.71394112141893,5000
10,niche,creation,36,36,4.46875,intermediate,0.5872659640574676,15.088638441781022,5000
10,niche,creation,37,37,2.9166666666666665,intermediate,0.7007654274004113,0.6,5000
10,niche,creation,38,38,5.001041666666666,intermediate,0.04723272020766478,1.9,5000
10,niche,creation,39,39,4.624999999999999,intermediate,0.21806088372449783,6.0,5000
10,niche,creation,40,40,4.499999999999999,intermediate,0.7996710775164693,19.0,5000
10,niche,creation,41,41,3.0,intermediate,0.7117299476091189,60.0,5000
10,niche,creation,42,42,3.2499999999999996,intermediate,0.4128861931504968,190.0,5000
10,niche,creation,43,43,4.624999999999999,intermediate,0.941307693114575,600.0,5000
10,niche,creation,44,44,3.0,intermediate,0.08549092423673388,1900.0,5000
10,niche,creation,45,45,3.499999999999999,intermediate,0.15409629006784087,0.6,5000
10,niche,creation,46,46,2.0,intermediate,0.6304731974164388,1.9,5000
10,niche,creation,47,47,2.0,intermediate,0.9060070270444838,6.0,5000
10,niche,creation,48,48,2.0,intermediate,0.048152281236182204,19.0,5000
10,niche,creation,49,49,1.0,basal,0.054595794521401064,60.0,5000
10,niche,creation,50,50,1.0,basal,0.48186024296863517,190.0,5000
10,niche,creation,51,51,1.0,basal,0.8683282005472318,600.0,5000
10,niche,creation,52,52,1.0,basal,0.31145880746330945,1900.0,5000
10,down_rand,creation,1,1,4.137791060724905,intermediate,0.8892720008429074,297.9822468793846,5000
10,down_rand,creation,2,2,3.53909518145982,intermediate,0.2559984776933074,68.9218731665299,5000
10,down_rand,creation,3,3,2.0,intermediate,0.1060156610562164,55.0321599163322,5000
10,down_rand,creation,4,4,1.9999999999999996,intermediate,0.9840550700380216,4.2165367973075485,5000
10,down_rand,creation,5,5,3.6040048434483807,intermediate,0.018212171369695773,97.98639395269318,5000
10,down_rand,creation,6,6,2.0,intermediate,0.036636236005027745,83.32266509563526,5000
10,down_rand,creation,7,7,1.9999999999999998,top,0.27788770860911716,26.506255906878742,5000
10,down_rand,creation,8,8,2.0000000000000004,intermediate,0.5629712098676413,18.95803518215555,5000
10,down_rand,creation,9,9,2.0000000000000004,intermediate,0.4974188586812224,5.575946673432111,5000
10,down_rand,creation,10,10,1.9999999999999996,intermediate,0.5957637733829896,4.9818322180319,5000
10,down_rand,creation,11,11,2.0000000000000004,top,0.5643963352405585,23.014534881984126,5000
10,down_rand,creation,12,12,1.9999999999999996,intermediate,0.8323132115653513,24.554632204710863,5000
10,down_rand,creation,13,13,2.9999999999999996,intermediate,0.662939395108756,18.36322684758027,5000
10,down_rand,creation,14,14,2.8538011695906422,intermediate,0.8557066188952609,62.51914385126681,5000
10,down_rand,creation,15,15,2.0000000000000004,intermediate,0.1314075010379363,19.81500710130225,5000
10,down_rand,creation,16,16,1.9999999999999996,top,0.8388882062310209,96.65409285508557,5000
10,down_rand,creation,17,17,1.9999999999999996,intermediate,0.7072041531773614,55.393288841465214,5000
10,down_rand,creation,18,18,2.0,intermediate,0.723537318144551,20.47229755766504,5000
10,down_rand,creation,19,19,3.956020260999754,intermediate,0.9022665266031394,198.77266840388754,5000
10,down_rand,creation,20,20,4.057050212872729,intermediate,0.6107797262434032,112.22841442657042,5000
10,down_rand,creation,21,21,4.083674840007982,intermediate,0.9339961118266219,209.08994686070878,5000
10,down_rand,creation,22,22,3.5354890891271222,intermediate,0.7316209457489149,56.805957233342454,5000
10,down_rand,creation,23,23,3.513821290573964,intermediate,0.48745285083431056,51.7507450809816,5000
10,down_rand,creation,24,24,3.513469832774271,intermediate,0.247455970096089,55.71484269525998,5000
10,down_rand,creation,25,25,3.2222222222222223,intermediate,0.3694117725343675,15.534693677623443,5000
10,down_rand,creation,26,26,2.9999999999999996,intermediate,0.6607425159302579,7.5245463304995415,5000
10,down_rand,creation,27,27,1.9999999999999998,top,0.4641408321022441,65.53148708083773,5000
10,down_rand,creation,28,28,1.9999999999999998,top,0.4002118528791868,60.59023299282918,5000
10,down_rand,creation,29,29,1.9999999999999998,intermediate,0.9660843259521663,58.323440423922875,5000
10,down_rand,creation,30,30,1.9999999999999996,intermediate,0.7331055385378663,76.97921877965167,5000
10,down_rand,creation,31,31,1.9999999999999998,intermediate,0.2855380469167824,41.335941523993995,5000
10,down_rand,creation,32,32,1.9999999999999998,intermediate,0.7464907697182739,11.855287797670048,5000
10,down_rand,creation,33,33,2.0,top,0.3505610678070096,58.47574596377229,5000
10,down_rand,creation,34,34,1.9999999999999996,intermediate,0.37173277969476337,86.21106572257044,5000
10,down_rand,creation,35,35,3.0,intermediate,0.14776978913944927,69.71394112141893,5000
10,down_rand,creation,36,36,3.0,intermediate,0.5872659640574676,15.088638441781022,5000
10,down_rand,creation,37,37,1.0,basal,0.7007654274004113,0.6,5000
10,down_rand,creation,38,38,1.0,basal,0.04723272020766478,1.9,5000
10,down_rand,creation,39,39,1.0,basal,0.21806088372449783,6.0,5000
10,down_rand,creation,40,40,1.0,basal,0.7996710775164693,19.0,5000
10,down_rand,creation,41,41,1.0,basal,0.7117299476091189,60.0,5000
10,down_rand,creation,42,42,1.0,basal,0.4128861931504968,190.0,5000
10,down_rand,creation,43,43,1.0,basal,0.941307693114575,600.0,5000
10,down_rand,creation,44,44,1.0,basal,0.08549092423673388,1900.0,5000
10,down_rand,creation,45,45,1.9999999999999998,intermediate,0.15409629006784087,0.6,5000
10,down_rand,creation,46,46,1.9999999999999998,intermediate,0.6304731974164388,1.9,5000
10,down_rand,creation,47,47,1.9999999999999996,intermediate,0.9060070270444838,6.0,5000
10,down_rand,creation,48,48,2.0000000000000004,intermediate,0.048152281236182204,19.0,5000
10,down_rand,creation,49,49,1.9999999999999996,intermediate,0.054595794521401064,60.0,5000
10,down_rand,creation,50,50,2.0000000000000004,intermediate,0.48186024296863517,190.0,5000
10,down_rand,creation,51,51,1.9999999999999996,intermediate,0.8683282005472318,600.0,5000
10,down_rand,creation,52,52,2.0000000000000004,intermediate,0.31145880746330945,1900.0,5000
10,down_link,creation,1,1,4.067893154777232,intermediate,0.8892720008429074,297.9822468793846,5000
10,down_link,creation,2,2,3.7912533532971486,intermediate,0.2559984776933074,68.9218731665299,5000
10,down_link,creation,3,3,2.0000000000000004,intermediate,0.1060156610562164,55.0321599163322,5000
10,down_link,creation,4,4,1.9999999999999998,intermediate,0.9840550700380216,4.2165367973075485,5000
10,down_link,creation,5,5,3.653744010549506,intermediate,0.018212171369695773,97.98639395269318,5000
10,down_link,creation,6,6,2.0,intermediate,0.036636236005027745,83.32266509563526,5000
10,down_link,creation,7,7,1.9999999999999998,top,0.27788770860911716,26.506255906878742,5000
10,down_link,creation,8,8,2.0000000000000004,intermediate,0.5629712098676413,18.95803518215555,5000
10,down_link,creation,9,9,1.9999999999999998,intermediate,0.4974188586812224,5.575946673432111,5000
10,down_link,creation,10,10,2.0000000000000004,intermediate,0.5957637733829896,4.9818322180319,5000
10,down_link,creation,11,11,1.9999999999999996,top,0.5643963352405585,23.014534881984126,5000
10,down_link,creation,12,12,1.9999999999999998,intermediate,0.8323132115653513,24.554632204710863,5000
10,down_link,creation,13,13,2.9999999999999996,intermediate,0.662939395108756,18.36322684758027,5000
10,down_link,creation,14,14,3.0256410256410247,intermediate,0.8557066188952609,62.51914385126681,5000
10,down_link,creation,15,15,1.9999999999999996,intermediate,0.1314075010379363,19.81500710130225,5000
10,down_link,creation,16,16,1.9999999999999996,top,0.8388882062310209,96.65409285508557,5000
10,down_link,creation,17,17,1.9999999999999996,intermediate,0.7072041531773614,55.393288841465214,5000
10,down_link,creation,18,18,1.9999999999999996,intermediate,0.723537318144551,20.47229755766504,5000
10,down_link,creation,19,19,4.073115705144712,intermediate,0.9022665266031394,198.77266840388754,5000
10,down_link,creation,20,20,4.307711391596784,intermediate,0.6107797262434032,112.22841442657042,5000
10,down_link,creation,21,21,4.274028340835409,intermediate,0.9339961118266219,209.08994686070878,5000
10,down_link,creation,22,22,3.603822238858734,intermediate,0.7316209457489149,56.805957233342454,5000
10,down_link,creation,23,23,3.5656788593166238,intermediate,0.48745285083431056,51.7507450809816,5000
10,down_link,creation,24,24,3.499149717319595,intermediate,0.247455970096089,55.71484269525998,5000
10,down_link,creation,25,25,3.3333333333333335,intermediate,0.3694117725343675,15.534693677623443,5000
10,down_link,creation,26,26,3.333333333333334,intermediate,0.6607425159302579,7.5245463304995415,5000
10,down_link,creation,27,27,2.0000000000000004,top,0.4641408321022441,65.53148708083773,5000
10,down_link,creation,28,28,1.9999999999999998,top,0.4002118528791868,60.59023299282918,5000
10,down_link,creation,29,29,1.9999999999999996,intermediate,0.9660843259521663,58.323440423922875,5000
10,down_link,creation,30,30,2.0000000000000004,intermediate,0.7331055385378663,76.97921877965167,5000
10,down_link,creation,31,31,1.9999999999999998,intermediate,0.2855380469167824,41.335941523993995,5000
10,down_link,creation,32,32,2.0000000000000004,intermediate,0.7464907697182739,11.855287797670048,5000
10,down_link,creation,33,33,1.9999999999999998,top,0.3505610678070096,58.47574596377229,5000
10,down_link,creation,34,34,1.9999999999999998,intermediate,0.37173277969476337,86.21106572257044,5000
10,down_link,creation,35,35,3.0,intermediate,0.14776978913944927,69.71394112141893,5000
10,down_link,creation,36,36,3.0,intermediate,0.5872659640574676,15.088638441781022,5000
10,down_link,creation,37,37,1.0,basal,0.7007654274004113,0.6,5000
10,down_link,creation,38,38,1.0,basal,0.04723272020766478,1.9,5000
10,down_link,creation,39,39,1.0,basal,0.21806088372449783,6.0,5000
10,down_link,creation,40,40,1.0,basal,0.7996710775164693,19.0,5000
10,down_link,creation,41,41,1.0,basal,0.7117299476091189,60.0,5000
10,down_link,creation,42,42,1.0,basal,0.4128861931504968,190.0,5000
10,down_link,creation,43,43,1.0,basal,0.941307693114575,600.0,5000
10,down_link,creation,44,44,1.0,basal,0.08549092423673388,1900.0,5000
10,down_link,creation,45,45,2.0000000000000004,intermediate,0.15409629006784087,0.6,5000
10,down_link,creation,46,46,1.9999999999999996,intermediate,0.6304731974164388,1.9,5000
10,down_link,creation,47,47,1.9999999999999998,intermediate,0.9060070270444838,6.0,5000
10,down_link,creation,48,48,2.0000000000000004,intermediate,0.048152281236182204,19.0,5000
10,down_link,creation,49,49,2.0000000000000004,intermediate,0.054595794521401064,60.0,5000
10,down_link,creation,50,50,1.9999999999999996,intermediate,0.48186024296863517,190.0,5000
10,down_link,creation,51,51,2.0000000000000004,intermediate,0.8683282005472318,600.0,5000
10,down_link,creation,52,52,2.0,intermediate,0.31145880746330945,1900.0,5000
10,down_niche,creation,1,1,4.425058538135114,intermediate,0.8892720008429074,297.9822468793846,5000
10,down_niche,creation,2,2,3.5659818627365376,intermediate,0.2559984776933074,68.9218731665299,5000
10,down_niche,creation,3,3,1.9999999999999996,intermediate,0.1060156610562164,55.0321599163322,5000
10,down_niche,creation,4,4,1.9999999999999996,intermediate,0.9840550700380216,4.2165367973075485,5000
10,down_niche,creation,5,5,3.405998194616638,intermediate,0.018212171369695773,97.98639395269318,5000
10,down_niche,creation,6,6,2.0,intermediate,0.036636236005027745,83.32266509563526,5000
10,down_niche,creation,7,7,1.9999999999999996,top,0.27788770860911716,26.506255906878742,5000
10,down_niche,creation,8,8,2.0,intermediate,0.5629712098676413,18.95803518215555,5000
10,down_niche,creation,9,9,1.9999999999999996,intermediate,0.4974188586812224,5.575946673432111,5000
10,down_niche,creation,10,10,2.0000000000000004,intermediate,0.5957637733829896,4.9818322180319,5000
10,down_niche,creation,11,11,1.9999999999999996,top,0.5643963352405585,23.014534881984126,5000
10,down_niche,creation,12,12,1.9999999999999996,intermediate,0.8323132115653513,24.554632204710863,5000
10,down_niche,creation,13,13,3.0,intermediate,0.662939395108756,18.36322684758027,5000
10,down_niche,creation,14,14,3.0714285714285716,intermediate,0.8557066188952609,62.51914385126681,5000
10,down_niche,creation,15,15,1.9999999999999996,intermediate,0.1314075010379363,19.81500710130225,5000
10,down_niche,creation,16,16,1.9999999999999996,top,0.8388882062310209,96.65409285508557,5000
10,down_niche,creation,17,17,2.0000000000000004,intermediate,0.7072041531773614,55.393288841465214,5000
10,down_niche,creation,18,18,1.9999999999999996,intermediate,0.723537318144551,20.47229755766504,5000
10,down_niche,creation,19,19,4.097502104889291,intermediate,0.9022665266031394,198.77266840388754,5000
10,down_niche,creation,20,20,4.502640794096247,intermediate,0.6107797262434032,112.22841442657042,5000
10,down_niche,creation,21,21,4.604833422971128,intermediate,0.9339961118266219,209.08994686070878,5000
10,down_niche,creation,22,22,3.3758962646705584,intermediate,0.7316209457489149,56.805957233342454,5000
10,down_niche,creation,23,23,3.1234567901234573,intermediate,0.48745285083431056,51.7507450809816,5000
10,down_niche,creation,24,24,3.352964452088947,intermediate,0.247455970096089,55.71484269525998,5000
10,down_niche,creation,25,25,3.1111111111111116,intermediate,0.3694117725343675,15.534693677623443,5000
10,down_niche,creation,26,26,3.9999999999999996,intermediate,0.6607425159302579,7.5245463304995415,5000
10,down_niche,creation,27,27,1.9999999999999996,top,0.4641408321022441,65.53148708083773,5000
10,down_niche,creation,28,28,1.9999999999999996,top,0.4002118528791868,60.59023299282918,5000
10,down_niche,creation,29,29,1.9999999999999996,intermediate,0.9660843259521663,58.323440423922875,5000
10,down_niche,creation,30,30,1.9999999999999996,intermediate,0.7331055385378663,76.97921877965167,5000
10,down_niche,creation,31,31,2.0,intermediate,0.2855380469167824,41.335941523993995,5000
10,down_niche,creation,32,32,1.9999999999999996,intermediate,0.7464907697182739,11.855287797670048,5000
10,down_niche,creation,33,33,2.0,top,0.3505610678070096,58.47574596377229,5000
10,down_niche,creation,34,34,2.0,intermediate,0.37173277969476337,86.21106572257044,5000
10,down_niche,creation,35,35,3.0,intermediate,0.14776978913944927,69.71394112141893,5000
10,down_niche,creation,36,36,3.0,intermediate,0.5872659640574676,15.088638441781022,5000
10,down_niche,creation,37,37,1.0,basal,0.7007654274004113,0.6,5000
10,down_niche,creation,38,38,1.0,basal,0.04723272020766478,1.9,5000
10,down_niche,creation,39,39,1.0,basal,0.21806088372449783,6.0,5000
10,down_niche,creation,40,40,1.0,basal,0.7996710775164693,19.0,5000
10,down_niche,creation,41,41,1.0,basal,0.7117299476091189,60.0,5000
10,down_niche,creation,42,42,1.0,basal,0.4128861931504968,190.0,5000
10,down_niche,creation,43,43,1.0,basal,0.941307693114575,600.0,5000
10,down_niche,creation,44,44,1.0,basal,0.08549092423673388,1900.0,5000
10,down_niche,creation,45,45,1.9999999999999996,intermediate,0.15409629006784087,0.6,5000
10,down_niche,creation,46,46,1.9999999999999996,intermediate,0.6304731974164388,1.9,5000
10,down_niche,creation,47,47,1.9999999999999996,intermediate,0.9060070270444838,6.0,5000
10,down_niche,creation,48,48,1.9999999999999996,intermediate,0.048152281236182204,19.0,5000
10,down_niche,creation,49,49,2.0,intermediate,0.054595794521401064,60.0,5000
10,down_niche,creation,50,50,1.9999999999999996,intermediate,0.48186024296863517,190.0,5000
10,down_niche,creation,51,51,2.0,intermediate,0.8683282005472318,600.0,5000
10,down_niche,creation,52,52,1.9999999999999996,intermediate,0.31145880746330945,1900.0,5000
10,atn,creation,1,1,2.650000000000001,top,0.8892720008429074,297.9822468793846,5000
10,atn,creation,2,2,2.1111111111111116,intermediate,0.2559984776933074,68.9218731665299,5000
10,atn,creation,3,3,2.0000000000000004,intermediate,0.1060156610562164,55.0321599163322,5000
10,atn,creation,4,4,1.0,basal,0.9840550700380216,4.2165367973075485,5000
10,atn,creation,5,5,2.2000000000000006,intermediate,0.018212171369695773,97.98639395269318,5000
10,atn,creation,6,6,2.2000000000000006,intermediate,0.036636236005027745,83.32266509563526,5000
10,atn,creation,7,7,2.0,intermediate,0.27788770860911716,26.506255906878742,5000
10,atn,creation,8,8,2.0,intermediate,0.5629712098676413,18.95803518215555,5000
10,atn,creation,9,9,1.0,basal,0.4974188586812224,5.575946673432111,5000
10,atn,creation,10,10,1.0,basal,0.5957637733829896,4.9818322180319,5000
10,atn,creation,11,11,2.0,intermediate,0.5643963352405585,23.014534881984126,5000
10,atn,creation,12,12,2.0,intermediate,0.8323132115653513,24.554632204710863,5000
10,atn,creation,13,13,2.0,intermediate,0.662939395108756,18.36322684758027,5000
10,atn,creation,14,14,2.1111111111111116,intermediate,0.8557066188952609,62.51914385126681,5000
10,atn,creation,15,15,2.0,intermediate,0.1314075010379363,19.81500710130225,5000
10,atn,creation,16,16,2.2000000000000006,intermediate,0.8388882062310209,96.65409285508557,5000
10,atn,creation,17,17,2.0000000000000004,intermediate,0.7072041531773614,55.393288841465214,5000
10,atn,creation,18,18,2.0,intermediate,0.723537318144551,20.47229755766504,5000
10,atn,creation,19,19,2.5000000000000004,top,0.9022665266031394,198.77266840388754,5000
10,atn,creation,20,20,2.2000000000000006,intermediate,0.6107797262434032,112.22841442657042,5000
10,atn,creation,21,21,2.526315789473683,top,0.9339961118266219,209.08994686070878,5000
10,atn,creation,22,22,1.9999999999999996,intermediate,0.7316209457489149,56.805957233342454,5000
10,atn,creation,23,23,2.0000000000000004,intermediate,0.48745285083431056,51.7507450809816,5000
10,atn,creation,24,24,1.9999999999999996,intermediate,0.247455970096089,55.71484269525998,5000
10,atn,creation,25,25,2.0,intermediate,0.3694117725343675,15.534693677623443,5000
10,atn,creation,26,26,2.0,intermediate,0.6607425159302579,7.5245463304995415,5000
10,atn,creation,27,27,2.1111111111111116,intermediate,0.4641408321022441,65.53148708083773,5000
10,atn,creation,28,28,2.1111111111111116,intermediate,0.4002118528791868,60.59023299282918,5000
10,atn,creation,29,29,1.9999999999999996,intermediate,0.9660843259521663,58.323440423922875,5000
10,atn,creation,30,30,2.2000000000000006,intermediate,0.7331055385378663,76.97921877965167,5000
10,atn,creation,31,31,2.0,intermediate,0.2855380469167824,41.335941523993995,5000
10,atn,creation,32,32,2.0,intermediate,0.7464907697182739,11.855287797670048,5000
10,atn,creation,33,33,1.9999999999999996,intermediate,0.3505610678070096,58.47574596377229,5000
10,atn,creation,34,34,2.2000000000000006,intermediate,0.37173277969476337,86.21106572257044,5000
10,atn,creation,35,35,2.1111111111111116,intermediate,0.14776978913944927,69.71394112141893,5000
10,atn,creation,36,36,2.0,intermediate,0.5872659640574676,15.088638441781022,5000
10,atn,creation,37,37,1.0,basal,0.7007654274004113,0.6,5000
10,atn,creation,38,38,1.0,basal,0.04723272020766478,1.9,5000
10,atn,creation,39,39,1.0,basal,0.21806088372449783,6.0,5000
10,atn,creation,40,40,1.0,basal,0.7996710775164693,19.0,5000
10,atn,creation,41,41,1.0,basal,0.7117299476091189,60.0,5000
10,atn,creation,42,42,1.0,basal,0.4128861931504968,190.0,5000
10,atn,creation,43,43,1.0,isolated,0.941307693114575,600.0,5000
10,atn,creation,44,44,1.0,isolated,0.08549092423673388,1900.0,5000
10,atn,creation,45,45,1.0,basal,0.15409629006784087,0.6,5000
10,atn,creation,46,46,1.0,basal,0.6304731974164388,1.9,5000
10,atn,creation,47,47,2.0,intermediate,0.9060070270444838,6.0,5000
10,atn,creation,48,48,2.0,intermediate,0.048152281236182204,19.0,5000
10,atn,creation,49,49,2.1111111111111116,intermediate,0.054595794521401064,60.0,5000
10,atn,creation,50,50,2.4705882352941178,intermediate,0.48186024296863517,190.0,5000
10,atn,creation,51,51,2.7370370370370387,top,0.8683282005472318,600.0,5000
10,atn,creation,52,52,2.9317244846656605,top,0.31145880746330945,1900.0,5000
10,down_power,post_burn_in,1,4,2.0000000000000004,intermediate,0.18144331295404342,4.2165367973075485,5000
10,down_power,post_burn_in,2,9,1.9999999999999998,intermediate,0.046142819055549206,5.575946673432111,5000
10,down_power,post_burn_in,3,10,1.9999999999999996,intermediate,0.1120615672358071,4.9818322180319,5000
10,down_power,post_burn_in,4,26,2.0,intermediate,0.062384504388064206,7.5245463304995415,5000
10,down_power,post_burn_in,5,36,3.0,top,0.02886529974642109,15.088638441781022,5000
10,down_power,post_burn_in,6,37,1.0,basal,0.20092657899195787,0.6,5000
10,down_power,post_burn_in,7,38,1.0,basal,0.2491746057176067,1.9,5000
10,down_power,post_burn_in,8,39,1.0,basal,0.14946544448004498,6.0,5000
10,down_power,post_burn_in,9,40,1.0,basal,0.2970538297866845,19.0,5000
10,down_power,post_burn_in,10,41,1.0,basal,0.07365833581107371,60.0,5000
10,down_power,post_burn_in,11,42,1.0,basal,0.08678298515582379,190.0,5000
10,down_power,post_burn_in,12,43,1.0,basal,0.04222977447058114,600.0,5000
10,down_power,post_burn_in,13,44,1.0,basal,0.03973851827939574,1900.0,5000
10,down_power,post_burn_in,14,45,2.0,top,0.22785847551794416,0.6,5000
10,down_power,post_burn_in,15,46,2.0,intermediate,0.2671343746514598,1.9,5000
10,down_power,post_burn_in,16,47,2.0,top,0.08598449035774673,6.0,5000
10,metaweb,post_burn_in,1,1,3.3603537991060923,intermediate,1.5860938171892832e-12,297.9822468793846,5000
10,metaweb,post_burn_in,2,3,2.0,intermediate,0.03554106762934188,55.0321599163322,5000
10,metaweb,post_burn_in,3,4,2.0,top,0.047258671566358705,4.2165367973075485,5000
10,metaweb,post_burn_in,4,6,2.0,intermediate,0.018201608562955215,83.32266509563526,5000
10,metaweb,post_burn_in,5,7,2.0,top,0.18519336639995118,26.506255906878742,5000
10,metaweb,post_burn_in,6,8,2.0,intermediate,0.09111849151302713,18.95803518215555,5000
10,metaweb,post_burn_in,7,9,2.0,top,0.04414556571368143,5.575946673432111,5000
10,metaweb,post_burn_in,8,10,2.0,top,0.04513802553895652,4.9818322180319,5000
10,metaweb,post_burn_in,9,11,2.0,top,0.3761319916960038,23.014534881984126,5000
10,metaweb,post_burn_in,10,12,2.0,intermediate,0.09889086375757447,24.554632204710863,5000
10,metaweb,post_burn_in,11,13,3.0,top,1.6485396783576424e-12,18.36322684758027,5000
10,metaweb,post_burn_in,12,14,2.5876923076923086,intermediate,1.149864821312971e-12,62.51914385126681,5000
10,metaweb,post_burn_in,13,15,2.0,intermediate,0.05068851565518238,19.81500710130225,5000
10,metaweb,post_burn_in,14,16,2.0,top,0.559062261957311,96.65409285508557,5000
10,metaweb,post_burn_in,15,17,2.0,intermediate,0.06209585384902055,55.393288841465214,5000
10,metaweb,post_burn_in,16,18,2.0,intermediate,0.09630936150697463,20.47229755766504,5000
10,metaweb,post_burn_in,17,19,3.3603537991060923,intermediate,1.586098296586023e-12,198.77266840388754,5000
10,metaweb,post_burn_in,18,20,3.360353799106092,intermediate,1.5859514666330432e-12,112.22841442657042,5000
10,metaweb,post_burn_in,19,21,3.3603537991060923,intermediate,1.5861086924401739e-12,209.08994686070878,5000
10,metaweb,post_burn_in,20,27,2.0,top,0.3093184783555636,65.53148708083773,5000
10,metaweb,post_burn_in,21,28,2.0,top,0.26671413672388855,60.59023299282918,5000
10,metaweb,post_burn_in,22,29,2.0,intermediate,0.06436868124303231,58.323440423922875,5000
10,metaweb,post_burn_in,23,30,2.0,intermediate,0.06238628663516972,76.97921877965167,5000
10,metaweb,post_burn_in,24,31,2.0,intermediate,0.07372192650143321,41.335941523993995,5000
10,metaweb,post_burn_in,25,32,2.0,intermediate,0.09690452550099307,11.855287797670048,5000
10,metaweb,post_burn_in,26,33,2.0,top,0.2336252459703508,58.47574596377229,5000
10,metaweb,post_burn_in,27,34,2.0,intermediate,0.055496846124531034,86.21106572257044,5000
10,metaweb,post_burn_in,28,37,1.0,basal,0.21361727108474843,0.6,5000
10,metaweb,post_burn_in,29,38,1.0,basal,0.21361727108474093,1.9,5000
10,metaweb,post_burn_in,30,39,1.0,basal,0.21361727108474834,6.0,5000
10,metaweb,post_burn_in,31,40,1.0,basal,0.21361727108474843,19.0,5000
10,metaweb,post_burn_in,32,41,1.0,basal,0.21361727108474846,60.0,5000
10,metaweb,post_burn_in,33,42,1.0,basal,0.2136172710847484,190.0,5000
10,metaweb,post_burn_in,34,43,1.0,basal,0.2136172710847484,600.0,5000
10,metaweb,post_burn_in,35,44,1.0,basal,0.2136172710847477,1900.0,5000
10,metaweb,post_burn_in,36,45,2.0,intermediate,0.054523107607319966,0.6,5000
10,metaweb,post_burn_in,37,46,2.0,intermediate,0.09104852155382678,1.9,5000
10,metaweb,post_burn_in,38,47,2.0,intermediate,0.09747234776361831,6.0,5000
10,metaweb,post_burn_in,39,48,2.0,intermediate,0.02514747269126864,19.0,5000
10,metaweb,post_burn_in,40,49,2.0,intermediate,0.02771034735219257,60.0,5000
10,metaweb,post_burn_in,41,50,2.0,intermediate,0.08534459150547669,190.0,5000
10,metaweb,post_burn_in,42,51,2.0,intermediate,0.09679426829580179,600.0,5000
10,metaweb,post_burn_in,43,52,2.0,intermediate,0.07451040040689623,1900.0,5000
10,niche,post_burn_in,1,4,4.458926682127601,top,1.1298420150761707e-12,4.2165367973075485,5000
10,niche,post_burn_in,2,6,2.0,top,0.419019542781675,83.32266509563526,5000
10,niche,post_burn_in,3,12,4.103452430832858,top,0.07907337264329428,24.554632204710863,5000
10,niche,post_burn_in,4,14,4.103452430832858,top,0.07485502487538995,62.51914385126681,5000
10,niche,post_burn_in,5,19,4.458509011243385,top,1.9133202782368723e-8,198.77266840388754,5000
10,niche,post_burn_in,6,23,1.0,basal,0.9927306536354847,51.7507450809816,5000
10,niche,post_burn_in,7,24,2.75,intermediate,0.5870431647661623,55.71484269525998,5000
10,niche,post_burn_in,8,25,2.8881718406711165,intermediate,0.11927845699121847,15.534693677623443,5000
10,niche,post_burn_in,9,26,2.46875,intermediate,0.27006444316380623,7.5245463304995415,5000
10,niche,post_burn_in,10,27,3.5709138185176235,intermediate,0.00828708010238756,65.53148708083773,5000
10,niche,post_burn_in,11,30,4.574838215571722,intermediate,1.753286617652022e-11,76.97921877965167,5000
10,niche,post_burn_in,12,31,4.084355107060185,intermediate,0.24772516551070461,41.335941523993995,5000
10,niche,post_burn_in,13,37,2.625,intermediate,0.5541258377879352,0.6,5000
10,niche,post_burn_in,14,38,3.56980613425926,intermediate,0.0637697277285824,1.9,5000
10,niche,post_burn_in,15,45,1.75,intermediate,0.09002040786780491,0.6,5000
10,niche,post_burn_in,16,46,2.0,intermediate,0.13841065296865016,1.9,5000
10,niche,post_burn_in,17,47,2.0,intermediate,0.13996735979456507,6.0,5000
10,niche,post_burn_in,18,48,2.0,intermediate,0.00027286999421077433,19.0,5000
10,niche,post_burn_in,19,49,1.0,basal,0.6379021174165402,60.0,5000
10,niche,post_burn_in,20,50,1.0,basal,0.7190501410070019,190.0,5000
10,niche,post_burn_in,21,51,1.0,basal,0.686178456222045,600.0,5000
10,niche,post_burn_in,22,52,1.0,basal,0.21361741172517462,1900.0,5000
10,down_rand,post_burn_in,1,4,1.9999999999999996,intermediate,0.11203709386888017,4.2165367973075485,5000
10,down_rand,post_burn_in,2,8,2.0000000000000004,intermediate,0.10665162103287365,18.95803518215555,5000
10,down_rand,post_burn_in,3,10,1.9999999999999996,intermediate,0.15056931436747834,4.9818322180319,5000
10,down_rand,post_burn_in,4,11,2.0000000000000004,top,0.1170116172482799,23.014534881984126,5000
10,down_rand,post_burn_in,5,12,1.9999999999999996,intermediate,8.105472849578858e-10,24.554632204710863,5000
10,down_rand,post_burn_in,6,18,2.0,intermediate,2.2348436052584711e-10,20.47229755766504,5000
10,down_rand,post_burn_in,7,25,2.6363636363636362,intermediate,0.02418373850124633,15.534693677623443,5000
10,down_rand,post_burn_in,8,26,2.9999999999999996,intermediate,0.09553260897108505,7.5245463304995415,5000
10,down_rand,post_burn_in,9,32,1.9999999999999998,intermediate,0.2675837512355203,11.855287797670048,5000
10,down_rand,post_burn_in,10,37,1.0,basal,0.5104229651392183,0.6,5000
10,down_rand,post_burn_in,11,38,1.0,basal,0.18178263151224186,1.9,5000
10,down_rand,post_burn_in,12,39,1.0,basal,0.29356469749584807,6.0,5000
10,down_rand,post_burn_in,13,40,1.0,basal,0.12954214073753326,19.0,5000
10,down_rand,post_burn_in,14,41,1.0,basal,0.08386019597715182,60.0,5000
10,down_rand,post_burn_in,15,42,1.0,basal,0.18551229925898308,190.0,5000
10,down_rand,post_burn_in,16,43,1.0,basal,0.07033988077038886,600.0,5000
10,down_rand,post_burn_in,17,44,1.0,basal,0.050426695088942396,1900.0,5000
10,down_rand,post_burn_in,18,45,2.0,top,0.13905257288634185,0.6,5000
10,down_rand,post_burn_in,19,46,2.0,top,0.04526916264430111,1.9,5000
10,down_rand,post_burn_in,20,47,1.9999999999999998,top,0.020384973080457676,6.0,5000
10,down_rand,post_burn_in,21,48,2.0,top,0.549753448318766,19.0,5000
10,down_link,post_burn_in,1,8,2.0000000000000004,top,1.6661178171555142e-12,18.95803518215555,5000
10,down_link,post_burn_in,2,9,1.9999999999999998,intermediate,0.21153358426751656,5.575946673432111,5000
10,down_link,post_burn_in,3,10,2.0000000000000004,intermediate,9.386822833844508e-11,4.9818322180319,5000
10,down_link,post_burn_in,4,11,1.9999999999999996,top,7.524916756228668e-12,23.014534881984126,5000
10,down_link,post_burn_in,5,13,2.9999999999999996,top,0.07805268861110455,18.36322684758027,5000
10,down_link,post_burn_in,6,16,1.9999999999999996,top,1.9176040950219295e-12,96.65409285508557,5000
10,down_link,post_burn_in,7,18,1.9999999999999996,top,1.7486299947224708e-12,20.47229755766504,5000
10,down_link,post_burn_in,8,26,1.9999999999999998,intermediate,7.947272171284703e-6,7.5245463304995415,5000
10,down_link,post_burn_in,9,31,1.9999999999999998,top,1.3405432842868296e-12,41.335941523993995,5000
10,down_link,post_burn_in,10,36,3.0,top,1.6669430288397124e-9,15.088638441781022,5000
10,down_link,post_burn_in,11,37,1.0,basal,0.20944961216567282,0.6,5000
10,down_link,post_burn_in,12,38,1.0,basal,0.14389791405659919,1.9,5000
10,down_link,post_burn_in,13,39,1.0,basal,0.11197125692334546,6.0,5000
10,down_link,post_burn_in,14,40,1.0,basal,0.1004655611392917,19.0,5000
10,down_link,post_burn_in,15,41,1.0,basal,0.07730509706700087,60.0,5000
10,down_link,post_burn_in,16,42,1.0,basal,0.2163798208281008,190.0,5000
10,down_link,post_burn_in,17,43,1.0,basal,0.20599526530914128,600.0,5000
10,down_link,post_burn_in,18,44,1.0,basal,0.029022713099420706,1900.0,5000
10,down_link,post_burn_in,19,45,2.0,intermediate,0.4467241843952759,0.6,5000
10,down_link,post_burn_in,20,46,1.9999999999999998,intermediate,0.04595206497929238,1.9,5000
10,down_link,post_burn_in,21,48,2.0,intermediate,2.399869826641241e-12,19.0,5000
10,down_niche,post_burn_in,1,3,1.9999999999999996,intermediate,0.005839100899061251,55.0321599163322,5000
10,down_niche,post_burn_in,2,4,1.9999999999999996,top,0.025733699298753906,4.2165367973075485,5000
10,down_niche,post_burn_in,3,6,2.0,intermediate,0.04066583716850769,83.32266509563526,5000
10,down_niche,post_burn_in,4,7,1.9999999999999996,top,0.02217986417864097,26.506255906878742,5000
10,down_niche,post_burn_in,5,8,2.0,intermediate,0.1537751733638589,18.95803518215555,5000
10,down_niche,post_burn_in,6,9,1.9999999999999996,top,0.003254750797806899,5.575946673432111,5000
10,down_niche,post_burn_in,7,10,2.0000000000000004,top,0.09779775608047178,4.9818322180319,5000
10,down_niche,post_burn_in,8,11,1.9999999999999996,top,0.2970927208043027,23.014534881984126,5000
10,down_niche,post_burn_in,9,12,1.9999999999999996,intermediate,0.3268550055887881,24.554632204710863,5000
10,down_niche,post_burn_in,10,13,3.0,top,0.0002468893557380608,18.36322684758027,5000
10,down_niche,post_burn_in,11,14,2.6874999999999996,intermediate,0.0004570044789189156,62.51914385126681,5000
10,down_niche,post_burn_in,12,15,1.9999999999999996,intermediate,0.005696880179858975,19.81500710130225,5000
10,down_niche,post_burn_in,13,16,1.9999999999999996,top,0.06695663715538888,96.65409285508557,5000
10,down_niche,post_burn_in,14,17,2.0000000000000004,intermediate,0.2657153517392886,55.393288841465214,5000
10,down_niche,post_burn_in,15,18,1.9999999999999996,intermediate,0.009109160238926817,20.47229755766504,5000
10,down_niche,post_burn_in,16,27,1.9999999999999996,top,0.3388716972300869,65.53148708083773,5000
10,down_niche,post_burn_in,17,28,1.9999999999999996,top,0.031943278758052474,60.59023299282918,5000
10,down_niche,post_burn_in,18,29,1.9999999999999996,intermediate,0.013964824170040606,58.323440423922875,5000
10,down_niche,post_burn_in,19,30,1.9999999999999996,intermediate,0.04159046722522208,76.97921877965167,5000
10,down_niche,post_burn_in,20,31,2.0,intermediate,0.12490540792208159,41.335941523993995,5000
10,down_niche,post_burn_in,21,32,1.9999999999999996,intermediate,0.009386618841562363,11.855287797670048,5000
10,down_niche,post_burn_in,22,33,2.0,top,0.5179415866718169,58.47574596377229,5000
10,down_niche,post_burn_in,23,34,2.0,intermediate,0.20336688712336531,86.21106572257044,5000
10,down_niche,post_burn_in,24,35,3.0,top,7.93132680781032e-5,69.71394112141893,5000
10,down_niche,post_burn_in,25,36,3.0,intermediate,8.848585265183818e-5,15.088638441781022,5000
10,down_niche,post_burn_in,26,37,1.0,basal,0.21348020207641552,0.6,5000
10,down_niche,post_burn_in,27,38,1.0,basal,0.21322069318533324,1.9,5000
10,down_niche,post_burn_in,28,39,1.0,basal,0.21405324825562927,6.0,5000
10,down_niche,post_burn_in,29,40,1.0,basal,0.21332889355719825,19.0,5000
10,down_niche,post_burn_in,30,41,1.0,basal,0.2123847714927516,60.0,5000
10,down_niche,post_burn_in,31,42,1.0,basal,0.21400982184078046,190.0,5000
10,down_niche,post_burn_in,32,43,1.0,basal,0.2147242334269557,600.0,5000
10,down_niche,post_burn_in,33,44,1.0,basal,0.21399910143328638,1900.0,5000
10,down_niche,post_burn_in,34,45,1.9999999999999998,intermediate,0.0416051086658037,0.6,5000
10,down_niche,post_burn_in,35,46,1.9999999999999998,intermediate,0.3249374458415152,1.9,5000
10,down_niche,post_burn_in,36,47,1.9999999999999998,intermediate,0.011956200520022163,6.0,5000
10,down_niche,post_burn_in,37,48,1.9999999999999998,intermediate,0.21540861713739765,19.0,5000
10,down_niche,post_burn_in,38,49,2.0,intermediate,0.05510830694325498,60.0,5000
10,down_niche,post_burn_in,39,50,1.9999999999999998,intermediate,0.010437148290992328,190.0,5000
10,down_niche,post_burn_in,40,51,2.0,intermediate,0.15342394395362338,600.0,5000
10,down_niche,post_burn_in,41,52,1.9999999999999998,intermediate,0.009087821555526033,1900.0,5000
10,atn,post_burn_in,1,1,2.65,top,5.710330688863009e-10,297.9822468793846,5000
10,atn,post_burn_in,2,2,2.1111111111111116,intermediate,0.2794589465087625,68.9218731665299,5000
10,atn,post_burn_in,3,3,2.0000000000000004,intermediate,0.09134265837806826,55.0321599163322,5000
10,atn,post_burn_in,4,4,1.0,basal,0.3598562400988413,4.2165367973075485,5000
10,atn,post_burn_in,5,5,2.2000000000000006,intermediate,0.03430588275117727,97.98639395269318,5000
10,atn,post_burn_in,6,6,2.2000000000000006,intermediate,0.12089593602904812,83.32266509563526,5000
10,atn,post_burn_in,7,7,2.0,intermediate,0.039333962474983726,26.506255906878742,5000
10,atn,post_burn_in,8,8,2.0,intermediate,0.12364900350193876,18.95803518215555,5000
10,atn,post_burn_in,9,9,1.0,basal,0.36582168753415273,5.575946673432111,5000
10,atn,post_burn_in,10,10,1.0,basal,0.3503083576173618,4.9818322180319,5000
10,atn,post_burn_in,11,11,2.0,intermediate,0.12297174821693051,23.014534881984126,5000
10,atn,post_burn_in,12,12,2.0,intermediate,0.08307515864346314,24.554632204710863,5000
10,atn,post_burn_in,13,14,2.111111111111111,intermediate,0.3538280488647236,62.51914385126681,5000
10,atn,post_burn_in,14,15,2.0,intermediate,0.11294352133018078,19.81500710130225,5000
10,atn,post_burn_in,15,16,2.2000000000000006,intermediate,0.04107493998579443,96.65409285508557,5000
10,atn,post_burn_in,16,17,2.0,intermediate,0.08837955535141849,55.393288841465214,5000
10,atn,post_burn_in,17,18,2.0,intermediate,0.18437405689081615,20.47229755766504,5000
10,atn,post_burn_in,18,19,2.5,top,0.4011462693654992,198.77266840388754,5000
10,atn,post_burn_in,19,20,2.2000000000000006,intermediate,9.920987171695227e-6,112.22841442657042,5000
10,atn,post_burn_in,20,21,2.526315789473684,top,0.045634951598625954,209.08994686070878,5000
10,atn,post_burn_in,21,22,1.9999999999999998,intermediate,0.19981340971831235,56.805957233342454,5000
10,atn,post_burn_in,22,23,2.0,intermediate,0.1201873115515665,51.7507450809816,5000
10,atn,post_burn_in,23,24,1.9999999999999998,intermediate,0.21008568107612802,55.71484269525998,5000
10,atn,post_burn_in,24,25,2.0,intermediate,6.867167277513763e-8,15.534693677623443,5000
10,atn,post_burn_in,25,26,2.0,intermediate,0.1327410151021045,7.5245463304995415,5000
10,atn,post_burn_in,26,27,2.111111111111111,intermediate,0.3170538354373778,65.53148708083773,5000
10,atn,post_burn_in,27,28,2.111111111111111,intermediate,0.37926188954139556,60.59023299282918,5000
10,atn,post_burn_in,28,29,1.9999999999999998,intermediate,0.1861601863988074,58.323440423922875,5000
10,atn,post_burn_in,29,30,2.2,intermediate,0.16876843693914093,76.97921877965167,5000
10,atn,post_burn_in,30,32,2.0,intermediate,0.0734042473149309,11.855287797670048,5000
10,atn,post_burn_in,31,33,1.9999999999999998,intermediate,0.18482866932891256,58.47574596377229,5000
10,atn,post_burn_in,32,34,2.2,intermediate,0.10146118354341103,86.21106572257044,5000
10,atn,post_burn_in,33,35,2.111111111111111,intermediate,0.27119734181509214,69.71394112141893,5000
10,atn,post_burn_in,34,36,2.0,intermediate,9.249078949179899e-6,15.088638441781022,5000
10,atn,post_burn_in,35,37,1.0,basal,0.2810455150987715,0.6,5000
10,atn,post_burn_in,36,38,1.0,basal,0.28725834527390076,1.9,5000
10,atn,post_burn_in,37,39,1.0,basal,0.44149064829892654,6.0,5000
10,atn,post_burn_in,38,40,1.0,basal,0.8321662483849409,19.0,5000
10,atn,post_burn_in,39,41,1.0,basal,0.8864279517116054,60.0,5000
10,atn,post_burn_in,40,42,1.0,basal,0.8968772888471583,190.0,5000
10,atn,post_burn_in,41,45,1.0,basal,0.2810455150987849,0.6,5000
10,atn,post_burn_in,42,46,1.0,basal,0.28725834527391003,1.9,5000
10,atn,post_burn_in,43,47,2.0,intermediate,0.054081321878561905,6.0,5000
10,atn,post_burn_in,44,48,2.0,intermediate,0.12283354771141632,19.0,5000
10,atn,post_burn_in,45,49,2.111111111111111,intermediate,0.2605965537194679,60.0,5000
10,atn,post_burn_in,46,50,2.4705882352941178,intermediate,0.04065438317367857,190.0,5000
10,atn,post_burn_in,47,51,2.7370370370370374,top,0.3700171235877951,600.0,5000
10,atn,post_burn_in,48,52,2.9317244846656614,top,1.7292288390890467,1900.0,5000
11,down_power,creation,1,1,4.187825249645007,intermediate,0.7570560875052775,275.4285468206395,5000
11,down_power,creation,2,2,3.311111111111111,intermediate,0.10788471558835566,68.8656896099453,5000
11,down_power,creation,3,3,1.9999999999999998,intermediate,0.9636159877417437,68.35148590866352,5000
11,down_power,creation,4,4,1.9999999999999998,intermediate,0.7887034550916131,3.684461844382425,5000
11,down_power,creation,5,5,3.4280201342281873,intermediate,0.3884755321348009,88.66911915578713,5000
11,down_power,creation,6,6,2.0000000000000004,intermediate,0.629104679052327,70.680121622014,5000
11,down_power,creation,7,7,1.0,isolated,0.6110615341019467,36.51431642983516,5000
11,down_power,creation,8,8,1.9999999999999998,intermediate,0.09777145638122375,19.583672810636394,5000
11,down_power,creation,9,9,1.9999999999999998,intermediate,0.30126257282849156,6.052471255873634,5000
11,down_power,creation,10,10,2.0000000000000004,top,0.20461651182376583,5.481340731765808,5000
11,down_power,creation,11,11,1.9999999999999998,top,0.18410250073732726,14.659777912958104,5000
11,down_power,creation,12,12,1.0,basal,0.5620335816008764,18.42099681406204,5000
11,down_power,creation,13,13,3.0,intermediate,0.4462615622532893,45.09626956516728,5000
11,down_power,creation,14,14,2.700000000000001,intermediate,0.6674927241096787,73.46472398772191,5000
11,down_power,creation,15,15,2.0,intermediate,0.7143080398653847,15.896653275770628,5000
11,down_power,creation,16,16,1.9999999999999998,top,0.2933221005956904,59.75568412660611,5000
11,down_power,creation,17,17,1.9999999999999998,intermediate,0.041759186554749306,52.802238344699596,5000
11,down_power,creation,18,18,2.0,intermediate,0.7190834102622382,25.862792932449665,5000
11,down_power,creation,19,19,4.086100158643414,intermediate,0.7575984858843623,185.21957887710568,5000
11,down_power,creation,20,20,4.153026089581617,intermediate,0.7970706679488221,115.86386486355637,5000
11,down_power,creation,21,21,3.9456038261948576,intermediate,0.8584507969188385,157.33596353607126,5000
11,down_power,creation,22,22,3.578375444137387,intermediate,0.840416586417854,68.06567933147173,5000
11,down_power,creation,23,23,3.335550730359259,intermediate,0.09217075941081365,83.72456853427909,5000
11,down_power,creation,24,24,3.379325130499627,intermediate,0.5764482414715534,94.32509204839916,5000
11,down_power,creation,25,25,2.5999999999999996,intermediate,0.11588515156216561,17.847921070832925,5000
11,down_power,creation,26,26,1.0,basal,0.16708660007568088,2.4726313967718734,5000
11,down_power,creation,27,27,1.9999999999999998,top,0.9880588733515694,71.08613027629845,5000
11,down_power,creation,28,28,1.9999999999999998,top,0.8706996739103826,81.40280433147954,5000
11,down_power,creation,29,29,1.9999999999999998,intermediate,0.7633700607664405,84.10680071988021,5000
11,down_power,creation,30,30,1.9999999999999996,intermediate,0.7143366754996124,95.2580577103289,5000
11,down_power,creation,31,31,1.0,basal,0.8274240653109324,23.844310314223353,5000
11,down_power,creation,32,32,2.0,intermediate,0.38102634470922325,30.841668483897678,5000
11,down_power,creation,33,33,1.9999999999999998,top,0.08606983141865321,53.02528006816979,5000
11,down_power,creation,34,34,1.9999999999999998,intermediate,0.045073889324850125,78.5151926970971,5000
11,down_power,creation,35,35,3.0,intermediate,0.4589610824294036,53.433841067090924,5000
11,down_power,creation,36,36,2.5,intermediate,0.24753404753870623,26.829970676893318,5000
11,down_power,creation,37,37,1.0,basal,0.3391485802992714,0.6,5000
11,down_power,creation,38,38,1.0,basal,0.5508916000483032,1.9,5000
11,down_power,creation,39,39,1.0,basal,0.3095932656970586,6.0,5000
11,down_power,creation,40,40,1.0,basal,0.04888433592458563,19.0,5000
11,down_power,creation,41,41,1.0,basal,0.5841945349130352,60.0,5000
11,down_power,creation,42,42,1.0,basal,0.713840989116974,190.0,5000
11,down_power,creation,43,43,1.0,basal,0.7563398824158525,600.0,5000
11,down_power,creation,44,44,1.0,basal,0.5158580787685968,1900.0,5000
11,down_power,creation,45,45,2.0000000000000004,intermediate,0.09764076934256971,0.6,5000
11,down_power,creation,46,46,2.0,top,0.6815549409646093,1.9,5000
11,down_power,creation,47,47,1.0,basal,0.5946269492359452,6.0,5000
11,down_power,creation,48,48,1.9999999999999998,top,0.0916103598908028,19.0,5000
11,down_power,creation,49,49,2.0,top,0.18782745974364556,60.0,5000
11,down_power,creation,50,50,1.9999999999999998,intermediate,0.47536476869844213,190.0,5000
11,down_power,creation,51,51,2.0,intermediate,0.22237064967848452,600.0,5000
11,down_power,creation,52,52,1.9999999999999998,intermediate,0.8871008708714444,1900.0,5000
11,metaweb,creation,1,1,4.0613354240613635,intermediate,0.7570560875052775,275.4285468206395,5000
11,metaweb,creation,2,2,3.5954723098103645,intermediate,0.10788471558835566,68.8656896099453,5000
11,metaweb,creation,3,3,2.0,intermediate,0.9636159877417437,68.35148590866352,5000
11,metaweb,creation,4,4,2.0,intermediate,0.7887034550916131,3.684461844382425,5000
11,metaweb,creation,5,5,3.5954723098103667,intermediate,0.3884755321348009,88.66911915578713,5000
11,metaweb,creation,6,6,2.0,intermediate,0.629104679052327,70.680121622014,5000
11,metaweb,creation,7,7,2.0,top,0.6110615341019467,36.51431642983516,5000
11,metaweb,creation,8,8,2.0,intermediate,0.09777145638122375,19.583672810636394,5000
11,metaweb,creation,9,9,2.0,intermediate,0.30126257282849156,6.052471255873634,5000
11,metaweb,creation,10,10,2.0,intermediate,0.20461651182376583,5.481340731765808,5000
11,metaweb,creation,11,11,2.0,top,0.18410250073732726,14.659777912958104,5000
11,metaweb,creation,12,12,2.0,intermediate,0.5620335816008764,18.42099681406204,5000
11,metaweb,creation,13,13,3.0,intermediate,0.4462615622532893,45.09626956516728,5000
11,metaweb,creation,14,14,2.8392621870882753,intermediate,0.6674927241096787,73.46472398772191,5000
11,metaweb,creation,15,15,2.0,intermediate,0.7143080398653847,15.896653275770628,5000
11,metaweb,creation,16,16,2.0,top,0.2933221005956904,59.75568412660611,5000
11,metaweb,creation,17,17,2.0,intermediate,0.041759186554749306,52.802238344699596,5000
11,metaweb,creation,18,18,2.0,intermediate,0.7190834102622382,25.862792932449665,5000
11,metaweb,creation,19,19,4.0613354240613635,intermediate,0.7575984858843623,185.21957887710568,5000
11,metaweb,creation,20,20,4.061335424061364,intermediate,0.7970706679488221,115.86386486355637,5000
11,metaweb,creation,21,21,4.061335424061364,intermediate,0.8584507969188385,157.33596353607126,5000
11,metaweb,creation,22,22,3.5954723098103636,intermediate,0.840416586417854,68.06567933147173,5000
11,metaweb,creation,23,23,3.5954723098103654,intermediate,0.09217075941081365,83.72456853427909,5000
11,metaweb,creation,24,24,3.5762090864680016,intermediate,0.5764482414715534,94.32509204839916,5000
11,metaweb,creation,25,25,3.303030303030302,intermediate,0.11588515156216561,17.847921070832925,5000
11,metaweb,creation,26,26,3.3333333333333335,intermediate,0.16708660007568088,2.4726313967718734,5000
11,metaweb,creation,27,27,2.0,top,0.9880588733515694,71.08613027629845,5000
11,metaweb,creation,28,28,2.0,top,0.8706996739103826,81.40280433147954,5000
11,metaweb,creation,29,29,2.0,intermediate,0.7633700607664405,84.10680071988021,5000
11,metaweb,creation,30,30,2.0,intermediate,0.7143366754996124,95.2580577103289,5000
11,metaweb,creation,31,31,2.0,intermediate,0.8274240653109324,23.844310314223353,5000
11,metaweb,creation,32,32,2.0,intermediate,0.38102634470922325,30.841668483897678,5000
11,metaweb,creation,33,33,2.0,top,0.08606983141865321,53.02528006816979,5000
11,metaweb,creation,34,34,2.0,intermediate,0.045073889324850125,78.5151926970971,5000
11,metaweb,creation,35,35,3.0,intermediate,0.4589610824294036,53.433841067090924,5000
11,metaweb,creation,36,36,3.0,intermediate,0.24753404753870623,26.829970676893318,5000
11,metaweb,creation,37,37,1.0,basal,0.3391485802992714,0.6,5000
11,metaweb,creation,38,38,1.0,basal,0.5508916000483032,1.9,5000
11,metaweb,creation,39,39,1.0,basal,0.3095932656970586,6.0,5000
11,metaweb,creation,40,40,1.0,basal,0.04888433592458563,19.0,5000
11,metaweb,creation,41,41,1.0,basal,0.5841945349130352,60.0,5000
11,metaweb,creation,42,42,1.0,basal,0.713840989116974,190.0,5000
11,metaweb,creation,43,43,1.0,basal,0.7563398824158525,600.0,5000
11,metaweb,creation,44,44,1.0,basal,0.5158580787685968,1900.0,5000
11,metaweb,creation,45,45,2.0,intermediate,0.09764076934256971,0.6,5000
11,metaweb,creation,46,46,2.0,intermediate,0.6815549409646093,1.9,5000
11,metaweb,creation,47,47,2.0,intermediate,0.5946269492359452,6.0,5000
11,metaweb,creation,48,48,2.0,intermediate,0.0916103598908028,19.0,5000
11,metaweb,creation,49,49,2.0,intermediate,0.18782745974364556,60.0,5000
11,metaweb,creation,50,50,2.0,intermediate,0.47536476869844213,190.0,5000
11,metaweb,creation,51,51,2.0,intermediate,0.22237064967848452,600.0,5000
11,metaweb,creation,52,52,2.0,intermediate,0.8871008708714444,1900.0,5000
11,niche,creation,1,1,2.2097185367220544,intermediate,0.7570560875052775,275.4285468206395,5000
11,niche,creation,2,2,2.383172802138976,intermediate,0.10788471558835566,68.8656896099453,5000
11,niche,creation,3,3,2.209718536722058,intermediate,0.9636159877417437,68.35148590866352,5000
11,niche,creation,4,4,3.6458758873921906,intermediate,0.7887034550916131,3.684461844382425,5000
11,niche,creation,5,5,2.4165521773387164,intermediate,0.3884755321348009,88.66911915578713,5000
11,niche,creation,6,6,3.3642787448218767,intermediate,0.629104679052327,70.680121622014,5000
11,niche,creation,7,7,2.3642787448218745,intermediate,0.6110615341019467,36.51431642983516,5000
11,niche,creation,8,8,2.114428288210942,intermediate,0.09777145638122375,19.583672810636394,5000
11,niche,creation,9,9,3.104859268361027,intermediate,0.30126257282849156,6.052471255873634,5000
11,niche,creation,10,10,1.749987748314573,intermediate,0.20461651182376583,5.481340731765808,5000
11,niche,creation,11,11,2.1630936269879832,intermediate,0.18410250073732726,14.659777912958104,5000
11,niche,creation,12,12,2.6850563282086894,intermediate,0.5620335816008764,18.42099681406204,5000
11,niche,creation,13,13,0.7127176234177491,intermediate,0.4462615622532893,45.09626956516728,5000
11,niche,creation,14,14,2.2796247156294083,intermediate,0.6674927241096787,73.46472398772191,5000
11,niche,creation,15,15,1.6970623979430624,intermediate,0.7143080398653847,15.896653275770628,5000
11,niche,creation,16,16,1.7287378704030913,intermediate,0.2933221005956904,59.75568412660611,5000
11,niche,creation,17,17,-0.4788039609704197,intermediate,0.041759186554749306,52.802238344699596,5000
11,niche,creation,18,18,2.47165788161305,intermediate,0.7190834102622382,25.862792932449665,5000
11,niche,creation,19,19,-0.1454706276370898,intermediate,0.7575984858843623,185.21957887710568,5000
11,niche,creation,20,20,2.7446113585555585,intermediate,0.7970706679488221,115.86386486355637,5000
11,niche,creation,21,21,2.160362170213822,intermediate,0.8584507969188385,157.33596353607126,5000
11,niche,creation,22,22,-0.812137294303754,intermediate,0.840416586417854,68.06567933147173,5000
11,niche,creation,23,23,2.080289575590703,intermediate,0.09217075941081365,83.72456853427909,5000
11,niche,creation,24,24,2.000000000000003,intermediate,0.5764482414715534,94.32509204839916,5000
11,niche,creation,25,25,2.0749369372179913,intermediate,0.11588515156216561,17.847921070832925,5000
11,niche,creation,26,26,0.8232189214135383,intermediate,0.16708660007568088,2.4726313967718734,5000
11,niche,creation,27,27,2.0000000000000027,intermediate,0.9880588733515694,71.08613027629845,5000
11,niche,creation,28,28,2.2097185367220633,intermediate,0.8706996739103826,81.40280433147954,5000
11,niche,creation,29,29,0.9999999999999994,basal,0.7633700607664405,84.10680071988021,5000
11,niche,creation,30,30,1.125241803797499,intermediate,0.7143366754996124,95.2580577103289,5000
11,niche,creation,31,31,0.9999999999999977,basal,0.8274240653109324,23.844310314223353,5000
11,niche,creation,32,32,1.713632343090727,intermediate,0.38102634470922325,30.841668483897678,5000
11,niche,creation,33,33,-0.47880396097042066,intermediate,0.08606983141865321,53.02528006816979,5000
11,niche,creation,34,34,0.12524180379749866,intermediate,0.045073889324850125,78.5151926970971,5000
11,niche,creation,35,35,1.999999999999998,intermediate,0.4589610824294036,53.433841067090924,5000
11,niche,creation,36,36,1.7557607442203056,intermediate,0.24753404753870623,26.829970676893318,5000
11,niche,creation,37,37,1.8484168590124095,intermediate,0.3391485802992714,0.6,5000
11,niche,creation,38,38,2.500000000000002,intermediate,0.5508916000483032,1.9,5000
11,niche,creation,39,39,1.5704485146360965,intermediate,0.3095932656970586,6.0,5000
11,niche,creation,40,40,-0.1767810785864642,intermediate,0.04888433592458563,19.0,5000
11,niche,creation,41,41,1.0000000000000002,basal,0.5841945349130352,60.0,5000
11,niche,creation,42,42,1.0000000000000013,basal,0.713840989116974,190.0,5000
11,niche,creation,43,43,0.14089702927218506,intermediate,0.7563398824158525,600.0,5000
11,niche,creation,44,44,0.999999999999999,basal,0.5158580787685968,1900.0,5000
11,niche,creation,45,45,1.0000000000000009,basal,0.09764076934256971,0.6,5000
11,niche,creation,46,46,-4.624274588607506,intermediate,0.6815549409646093,1.9,5000
11,niche,creation,47,47,-1.312137294303752,intermediate,0.5946269492359452,6.0,5000
11,niche,creation,48,48,2.5000000000000018,intermediate,0.0916103598908028,19.0,5000
11,niche,creation,49,49,-5.624274588607515,intermediate,0.18782745974364556,60.0,5000
11,niche,creation,50,50,1.0000000000000007,basal,0.47536476869844213,190.0,5000
11,niche,creation,51,51,2.0000000000000018,intermediate,0.22237064967848452,600.0,5000
11,niche,creation,52,52,1.0000000000000007,basal,0.8871008708714444,1900.0,5000
11,down_rand,creation,1,1,3.6044961456294833,top,0.7570560875052775,275.4285468206395,5000
11,down_rand,creation,2,2,3.43265747151509,intermediate,0.10788471558835566,68.8656896099453,5000
11,down_rand,creation,3,3,2.0,intermediate,0.9636159877417437,68.35148590866352,5000
11,down_rand,creation,4,4,1.9999999999999998,top,0.7887034550916131,3.684461844382425,5000
11,down_rand,creation,5,5,3.4248449995771297,intermediate,0.3884755321348009,88.66911915578713,5000
11,down_rand,creation,6,6,1.9999999999999998,intermediate,0.629104679052327,70.680121622014,5000
11,down_rand,creation,7,7,1.9999999999999998,top,0.6110615341019467,36.51431642983516,5000
11,down_rand,creation,8,8,2.0,intermediate,0.09777145638122375,19.583672810636394,5000
11,down_rand,creation,9,9,1.9999999999999998,intermediate,0.30126257282849156,6.052471255873634,5000
11,down_rand,creation,10,10,2.0,top,0.20461651182376583,5.481340731765808,5000
11,down_rand,creation,11,11,2.0,top,0.18410250073732726,14.659777912958104,5000
11,down_rand,creation,12,12,2.0000000000000004,intermediate,0.5620335816008764,18.42099681406204,5000
11,down_rand,creation,13,13,3.0,intermediate,0.4462615622532893,45.09626956516728,5000
11,down_rand,creation,14,14,2.8181818181818175,intermediate,0.6674927241096787,73.46472398772191,5000
11,down_rand,creation,15,15,2.0,intermediate,0.7143080398653847,15.896653275770628,5000
11,down_rand,creation,16,16,1.9999999999999998,top,0.2933221005956904,59.75568412660611,5000
11,down_rand,creation,17,17,1.9999999999999998,intermediate,0.041759186554749306,52.802238344699596,5000
11,down_rand,creation,18,18,1.9999999999999998,intermediate,0.7190834102622382,25.862792932449665,5000
11,down_rand,creation,19,19,3.9671938330071734,intermediate,0.7575984858843623,185.21957887710568,5000
11,down_rand,creation,20,20,3.9917636449951797,intermediate,0.7970706679488221,115.86386486355637,5000
11,down_rand,creation,21,21,3.4442470872350786,intermediate,0.8584507969188385,157.33596353607126,5000
11,down_rand,creation,22,22,3.492375778430785,intermediate,0.840416586417854,68.06567933147173,5000
11,down_rand,creation,23,23,3.6654825234104753,intermediate,0.09217075941081365,83.72456853427909,5000
11,down_rand,creation,24,24,3.5735402596189734,intermediate,0.5764482414715534,94.32509204839916,5000
11,down_rand,creation,25,25,2.9999999999999996,intermediate,0.11588515156216561,17.847921070832925,5000
11,down_rand,creation,26,26,4.000000000000001,intermediate,0.16708660007568088,2.4726313967718734,5000
11,down_rand,creation,27,27,2.0000000000000004,top,0.9880588733515694,71.08613027629845,5000
11,down_rand,creation,28,28,1.9999999999999998,top,0.8706996739103826,81.40280433147954,5000
11,down_rand,creation,29,29,1.9999999999999998,intermediate,0.7633700607664405,84.10680071988021,5000
11,down_rand,creation,30,30,1.9999999999999998,intermediate,0.7143366754996124,95.2580577103289,5000
11,down_rand,creation,31,31,1.9999999999999998,intermediate,0.8274240653109324,23.844310314223353,5000
11,down_rand,creation,32,32,1.9999999999999998,intermediate,0.38102634470922325,30.841668483897678,5000
11,down_rand,creation,33,33,1.9999999999999998,top,0.08606983141865321,53.02528006816979,5000
11,down_rand,creation,34,34,1.9999999999999998,intermediate,0.045073889324850125,78.5151926970971,5000
11,down_rand,creation,35,35,2.9999999999999996,intermediate,0.4589610824294036,53.433841067090924,5000
11,down_rand,creation,36,36,3.0,intermediate,0.24753404753870623,26.829970676893318,5000
11,down_rand,creation,37,37,1.0,basal,0.3391485802992714,0.6,5000
11,down_rand,creation,38,38,1.0,basal,0.5508916000483032,1.9,5000
11,down_rand,creation,39,39,1.0,basal,0.3095932656970586,6.0,5000
11,down_rand,creation,40,40,1.0,basal,0.04888433592458563,19.0,5000
11,down_rand,creation,41,41,1.0,basal,0.5841945349130352,60.0,5000
11,down_rand,creation,42,42,1.0,basal,0.713840989116974,190.0,5000
11,down_rand,creation,43,43,1.0,basal,0.7563398824158525,600.0,5000
11,down_rand,creation,44,44,1.0,basal,0.5158580787685968,1900.0,5000
11,down_rand,creation,45,45,2.0,intermediate,0.09764076934256971,0.6,5000
11,down_rand,creation,46,46,1.9999999999999998,intermediate,0.6815549409646093,1.9,5000
11,down_rand,creation,47,47,1.9999999999999998,intermediate,0.5946269492359452,6.0,5000
11,down_rand,creation,48,48,2.0000000000000004,intermediate,0.0916103598908028,19.0,5000
11,down_rand,creation,49,49,2.0,top,0.18782745974364556,60.0,5000
11,down_rand,creation,50,50,2.0,intermediate,0.47536476869844213,190.0,5000
11,down_rand,creation,51,51,1.9999999999999998,top,0.22237064967848452,600.0,5000
11,down_rand,creation,52,52,1.9999999999999998,intermediate,0.8871008708714444,1900.0,5000
11,down_link,creation,1,1,4.333773723867333,intermediate,0.7570560875052775,275.4285468206395,5000
11,down_link,creation,2,2,3.691402192021818,intermediate,0.10788471558835566,68.8656896099453,5000
11,down_link,creation,3,3,1.9999999999999998,intermediate,0.9636159877417437,68.35148590866352,5000
11,down_link,creation,4,4,2.0,intermediate,0.7887034550916131,3.684461844382425,5000
11,down_link,creation,5,5,3.5690882971829043,intermediate,0.3884755321348009,88.66911915578713,5000
11,down_link,creation,6,6,1.9999999999999998,intermediate,0.629104679052327,70.680121622014,5000
11,down_link,creation,7,7,2.0,top,0.6110615341019467,36.51431642983516,5000
11,down_link,creation,8,8,1.9999999999999998,intermediate,0.09777145638122375,19.583672810636394,5000
11,down_link,creation,9,9,1.9999999999999998,intermediate,0.30126257282849156,6.052471255873634,5000
11,down_link,creation,10,10,2.0,intermediate,0.20461651182376583,5.481340731765808,5000
11,down_link,creation,11,11,1.9999999999999998,top,0.18410250073732726,14.659777912958104,5000
11,down_link,creation,12,12,2.0,intermediate,0.5620335816008764,18.42099681406204,5000
11,down_link,creation,13,13,3.0,intermediate,0.4462615622532893,45.09626956516728,5000
11,down_link,creation,14,14,3.369791666666666,intermediate,0.6674927241096787,73.46472398772191,5000
11,down_link,creation,15,15,2.0,intermediate,0.7143080398653847,15.896653275770628,5000
11,down_link,creation,16,16,2.0,top,0.2933221005956904,59.75568412660611,5000
11,down_link,creation,17,17,1.9999999999999998,intermediate,0.041759186554749306,52.802238344699596,5000
11,down_link,creation,18,18,2.0,intermediate,0.7190834102622382,25.862792932449665,5000
11,down_link,creation,19,19,4.154974663539293,intermediate,0.7575984858843623,185.21957887710568,5000
11,down_link,creation,20,20,4.323411992612004,intermediate,0.7970706679488221,115.86386486355637,5000
11,down_link,creation,21,21,4.192322354980142,intermediate,0.8584507969188385,157.33596353607126,5000
11,down_link,creation,22,22,3.6605488939383704,intermediate,0.840416586417854,68.06567933147173,5000
11,down_link,creation,23,23,3.666608975534137,intermediate,0.09217075941081365,83.72456853427909,5000
11,down_link,creation,24,24,3.6296891131405515,intermediate,0.5764482414715534,94.32509204839916,5000
11,down_link,creation,25,25,3.4375000000000004,intermediate,0.11588515156216561,17.847921070832925,5000
11,down_link,creation,26,26,3.499999999999999,intermediate,0.16708660007568088,2.4726313967718734,5000
11,down_link,creation,27,27,1.9999999999999998,top,0.9880588733515694,71.08613027629845,5000
11,down_link,creation,28,28,2.0,top,0.8706996739103826,81.40280433147954,5000
11,down_link,creation,29,29,2.0,intermediate,0.7633700607664405,84.10680071988021,5000
11,down_link,creation,30,30,1.9999999999999998,intermediate,0.7143366754996124,95.2580577103289,5000
11,down_link,creation,31,31,2.0,intermediate,0.8274240653109324,23.844310314223353,5000
11,down_link,creation,32,32,2.0,intermediate,0.38102634470922325,30.841668483897678,5000
11,down_link,creation,33,33,2.0,top,0.08606983141865321,53.02528006816979,5000
11,down_link,creation,34,34,2.0,intermediate,0.045073889324850125,78.5151926970971,5000
11,down_link,creation,35,35,3.0,intermediate,0.4589610824294036,53.433841067090924,5000
11,down_link,creation,36,36,3.0,intermediate,0.24753404753870623,26.829970676893318,5000
11,down_link,creation,37,37,1.0,basal,0.3391485802992714,0.6,5000
11,down_link,creation,38,38,1.0,basal,0.5508916000483032,1.9,5000
11,down_link,creation,39,39,1.0,basal,0.3095932656970586,6.0,5000
11,down_link,creation,40,40,1.0,basal,0.04888433592458563,19.0,5000
11,down_link,creation,41,41,1.0,basal,0.5841945349130352,60.0,5000
11,down_link,creation,42,42,1.0,basal,0.713840989116974,190.0,5000
11,down_link,creation,43,43,1.0,basal,0.7563398824158525,600.0,5000
11,down_link,creation,44,44,1.0,basal,0.5158580787685968,1900.0,5000
11,down_link,creation,45,45,1.9999999999999998,intermediate,0.09764076934256971,0.6,5000
11,down_link,creation,46,46,1.9999999999999998,intermediate,0.6815549409646093,1.9,5000
11,down_link,creation,47,47,1.9999999999999998,intermediate,0.5946269492359452,6.0,5000
11,down_link,creation,48,48,1.9999999999999998,intermediate,0.0916103598908028,19.0,5000
11,down_link,creation,49,49,1.9999999999999998,intermediate,0.18782745974364556,60.0,5000
11,down_link,creation,50,50,1.9999999999999998,intermediate,0.47536476869844213,190.0,5000
11,down_link,creation,51,51,2.0,intermediate,0.22237064967848452,600.0,5000
11,down_link,creation,52,52,1.9999999999999998,intermediate,0.8871008708714444,1900.0,5000
11,down_niche,creation,1,1,3.0000000000000004,top,0.7570560875052775,275.4285468206395,5000
11,down_niche,creation,2,2,3.0,intermediate,0.10788471558835566,68.8656896099453,5000
11,down_niche,creation,3,3,2.0000000000000004,intermediate,0.9636159877417437,68.35148590866352,5000
11,down_niche,creation,4,4,2.0000000000000004,top,0.7887034550916131,3.684461844382425,5000
11,down_niche,creation,5,5,3.125,intermediate,0.3884755321348009,88.66911915578713,5000
11,down_niche,creation,6,6,2.0000000000000004,intermediate,0.629104679052327,70.680121622014,5000
11,down_niche,creation,7,7,2.0,top,0.6110615341019467,36.51431642983516,5000
11,down_niche,creation,8,8,2.0000000000000004,intermediate,0.09777145638122375,19.583672810636394,5000
11,down_niche,creation,9,9,2.0,top,0.30126257282849156,6.052471255873634,5000
11,down_niche,creation,10,10,1.9999999999999998,intermediate,0.20461651182376583,5.481340731765808,5000
11,down_niche,creation,11,11,2.0000000000000004,top,0.18410250073732726,14.659777912958104,5000
11,down_niche,creation,12,12,2.0,intermediate,0.5620335816008764,18.42099681406204,5000
11,down_niche,creation,13,13,2.9999999999999996,intermediate,0.4462615622532893,45.09626956516728,5000
11,down_niche,creation,14,14,2.9999999999999996,intermediate,0.6674927241096787,73.46472398772191,5000
11,down_niche,creation,15,15,1.9999999999999996,intermediate,0.7143080398653847,15.896653275770628,5000
11,down_niche,creation,16,16,1.9999999999999998,top,0.2933221005956904,59.75568412660611,5000
11,down_niche,creation,17,17,1.9999999999999998,top,0.041759186554749306,52.802238344699596,5000
11,down_niche,creation,18,18,2.0000000000000004,intermediate,0.7190834102622382,25.862792932449665,5000
11,down_niche,creation,19,19,4.621180555555555,intermediate,0.7575984858843623,185.21957887710568,5000
11,down_niche,creation,20,20,4.177777777777777,intermediate,0.7970706679488221,115.86386486355637,5000
11,down_niche,creation,21,21,3.6666666666666665,intermediate,0.8584507969188385,157.33596353607126,5000
11,down_niche,creation,22,22,3.0000000000000004,intermediate,0.840416586417854,68.06567933147173,5000
11,down_niche,creation,23,23,4.4,intermediate,0.09217075941081365,83.72456853427909,5000
11,down_niche,creation,24,24,3.6000000000000005,intermediate,0.5764482414715534,94.32509204839916,5000
11,down_niche,creation,25,25,2.9999999999999996,intermediate,0.11588515156216561,17.847921070832925,5000
11,down_niche,creation,26,26,3.000000000000001,top,0.16708660007568088,2.4726313967718734,5000
11,down_niche,creation,27,27,2.0000000000000004,top,0.9880588733515694,71.08613027629845,5000
11,down_niche,creation,28,28,2.0000000000000004,top,0.8706996739103826,81.40280433147954,5000
11,down_niche,creation,29,29,2.0000000000000004,intermediate,0.7633700607664405,84.10680071988021,5000
11,down_niche,creation,30,30,1.9999999999999996,intermediate,0.7143366754996124,95.2580577103289,5000
11,down_niche,creation,31,31,2.0000000000000004,intermediate,0.8274240653109324,23.844310314223353,5000
11,down_niche,creation,32,32,2.0000000000000004,intermediate,0.38102634470922325,30.841668483897678,5000
11,down_niche,creation,33,33,1.9999999999999998,top,0.08606983141865321,53.02528006816979,5000
11,down_niche,creation,34,34,2.0,intermediate,0.045073889324850125,78.5151926970971,5000
11,down_niche,creation,35,35,2.9999999999999996,intermediate,0.4589610824294036,53.433841067090924,5000
11,down_niche,creation,36,36,2.9999999999999996,top,0.24753404753870623,26.829970676893318,5000
11,down_niche,creation,37,37,1.0,basal,0.3391485802992714,0.6,5000
11,down_niche,creation,38,38,1.0,basal,0.5508916000483032,1.9,5000
11,down_niche,creation,39,39,1.0,basal,0.3095932656970586,6.0,5000
11,down_niche,creation,40,40,1.0,basal,0.04888433592458563,19.0,5000
11,down_niche,creation,41,41,1.0,basal,0.5841945349130352,60.0,5000
11,down_niche,creation,42,42,1.0,basal,0.713840989116974,190.0,5000
11,down_niche,creation,43,43,1.0,basal,0.7563398824158525,600.0,5000
11,down_niche,creation,44,44,1.0,basal,0.5158580787685968,1900.0,5000
11,down_niche,creation,45,45,2.0,intermediate,0.09764076934256971,0.6,5000
11,down_niche,creation,46,46,2.0000000000000004,intermediate,0.6815549409646093,1.9,5000
11,down_niche,creation,47,47,2.0000000000000004,intermediate,0.5946269492359452,6.0,5000
11,down_niche,creation,48,48,2.0000000000000004,intermediate,0.0916103598908028,19.0,5000
11,down_niche,creation,49,49,1.9999999999999998,intermediate,0.18782745974364556,60.0,5000
11,down_niche,creation,50,50,1.9999999999999998,top,0.47536476869844213,190.0,5000
11,down_niche,creation,51,51,1.9999999999999998,intermediate,0.22237064967848452,600.0,5000
11,down_niche,creation,52,52,2.0000000000000004,intermediate,0.8871008708714444,1900.0,5000
11,atn,creation,1,1,2.611111111111111,top,0.7570560875052775,275.4285468206395,5000
11,atn,creation,2,2,2.2000000000000006,intermediate,0.10788471558835566,68.8656896099453,5000
11,atn,creation,3,3,2.2000000000000006,intermediate,0.9636159877417437,68.35148590866352,5000
11,atn,creation,4,4,1.0,basal,0.7887034550916131,3.684461844382425,5000
11,atn,creation,5,5,2.2000000000000006,intermediate,0.3884755321348009,88.66911915578713,5000
11,atn,creation,6,6,2.2000000000000006,intermediate,0.629104679052327,70.680121622014,5000
11,atn,creation,7,7,1.9999999999999998,intermediate,0.6110615341019467,36.51431642983516,5000
11,atn,creation,8,8,2.0,intermediate,0.09777145638122375,19.583672810636394,5000
11,atn,creation,9,9,2.0,intermediate,0.30126257282849156,6.052471255873634,5000
11,atn,creation,10,10,1.0,basal,0.20461651182376583,5.481340731765808,5000
11,atn,creation,11,11,2.0,intermediate,0.18410250073732726,14.659777912958104,5000
11,atn,creation,12,12,2.0,intermediate,0.5620335816008764,18.42099681406204,5000
11,atn,creation,13,13,2.0000000000000004,intermediate,0.4462615622532893,45.09626956516728,5000
11,atn,creation,14,14,2.2000000000000006,intermediate,0.6674927241096787,73.46472398772191,5000
11,atn,creation,15,15,2.0,intermediate,0.7143080398653847,15.896653275770628,5000
11,atn,creation,16,16,2.1111111111111116,intermediate,0.2933221005956904,59.75568412660611,5000
11,atn,creation,17,17,2.0000000000000004,intermediate,0.041759186554749306,52.802238344699596,5000
11,atn,creation,18,18,1.9999999999999998,intermediate,0.7190834102622382,25.862792932449665,5000
11,atn,creation,19,19,2.4285714285714284,intermediate,0.7575984858843623,185.21957887710568,5000
11,atn,creation,20,20,2.2000000000000006,intermediate,0.7970706679488221,115.86386486355637,5000
11,atn,creation,21,21,2.272727272727272,intermediate,0.8584507969188385,157.33596353607126,5000
11,atn,creation,22,22,2.2000000000000006,intermediate,0.840416586417854,68.06567933147173,5000
11,atn,creation,23,23,2.2000000000000006,intermediate,0.09217075941081365,83.72456853427909,5000
11,atn,creation,24,24,2.2000000000000006,intermediate,0.5764482414715534,94.32509204839916,5000
11,atn,creation,25,25,2.0,intermediate,0.11588515156216561,17.847921070832925,5000
11,atn,creation,26,26,1.0,basal,0.16708660007568088,2.4726313967718734,5000
11,atn,creation,27,27,2.2000000000000006,intermediate,0.9880588733515694,71.08613027629845,5000
11,atn,creation,28,28,2.2000000000000006,intermediate,0.8706996739103826,81.40280433147954,5000
11,atn,creation,29,29,2.2000000000000006,intermediate,0.7633700607664405,84.10680071988021,5000
11,atn,creation,30,30,2.2000000000000006,intermediate,0.7143366754996124,95.2580577103289,5000
11,atn,creation,31,31,2.0,intermediate,0.8274240653109324,23.844310314223353,5000
11,atn,creation,32,32,1.9999999999999998,intermediate,0.38102634470922325,30.841668483897678,5000
11,atn,creation,33,33,2.0000000000000004,intermediate,0.08606983141865321,53.02528006816979,5000
11,atn,creation,34,34,2.2000000000000006,intermediate,0.045073889324850125,78.5151926970971,5000
11,atn,creation,35,35,2.0000000000000004,intermediate,0.4589610824294036,53.433841067090924,5000
11,atn,creation,36,36,1.9999999999999998,intermediate,0.24753404753870623,26.829970676893318,5000
11,atn,creation,37,37,1.0,basal,0.3391485802992714,0.6,5000
11,atn,creation,38,38,1.0,basal,0.5508916000483032,1.9,5000
11,atn,creation,39,39,1.0,basal,0.3095932656970586,6.0,5000
11,atn,creation,40,40,1.0,basal,0.04888433592458563,19.0,5000
11,atn,creation,41,41,1.0,basal,0.5841945349130352,60.0,5000
11,atn,creation,42,42,1.0,basal,0.713840989116974,190.0,5000
11,atn,creation,43,43,1.0,isolated,0.7563398824158525,600.0,5000
11,atn,creation,44,44,1.0,isolated,0.5158580787685968,1900.0,5000
11,atn,creation,45,45,1.0,basal,0.09764076934256971,0.6,5000
11,atn,creation,46,46,1.0,basal,0.6815549409646093,1.9,5000
11,atn,creation,47,47,2.0,intermediate,0.5946269492359452,6.0,5000
11,atn,creation,48,48,2.0,intermediate,0.0916103598908028,19.0,5000
11,atn,creation,49,49,2.1111111111111116,intermediate,0.18782745974364556,60.0,5000
11,atn,creation,50,50,2.4375,intermediate,0.47536476869844213,190.0,5000
11,atn,creation,51,51,2.7119341563786006,top,0.22237064967848452,600.0,5000
11,atn,creation,52,52,2.979537095695633,top,0.8871008708714444,1900.0,5000
11,down_power,post_burn_in,1,2,2.619220779220779,intermediate,0.20074872817652145,68.8656896099453,5000
11,down_power,post_burn_in,2,5,2.9221831422373716,intermediate,0.2737836566538644,88.66911915578713,5000
11,down_power,post_burn_in,3,12,1.0,basal,0.46546805811451364,18.42099681406204,5000
11,down_power,post_burn_in,4,20,3.1653574525643946,intermediate,0.0492190709577007,115.86386486355637,5000
11,down_power,post_burn_in,5,22,2.990533247435292,intermediate,0.22045789224921897,68.06567933147173,5000
11,down_power,post_burn_in,6,23,2.812824360249864,intermediate,0.1659780374082568,83.72456853427909,5000
11,down_power,post_burn_in,7,24,2.6639416006986507,intermediate,0.12812298313755002,94.32509204839916,5000
11,down_power,post_burn_in,8,25,1.8571428571428565,intermediate,0.4236453572998691,17.847921070832925,5000
11,down_power,post_burn_in,9,26,1.0,basal,0.6598440628319907,2.4726313967718734,5000
11,down_power,post_burn_in,10,31,1.0,basal,0.3918815547488702,23.844310314223353,5000
11,down_power,post_burn_in,11,36,2.5,intermediate,0.26812898061024354,26.829970676893318,5000
11,down_power,post_burn_in,12,37,1.0,basal,0.16290776111145122,0.6,5000
11,down_power,post_burn_in,13,38,1.0,basal,0.12721675066896793,1.9,5000
11,down_power,post_burn_in,14,39,1.0,basal,0.16923293017922042,6.0,5000
11,down_power,post_burn_in,15,40,1.0,basal,0.150445778830227,19.0,5000
11,down_power,post_burn_in,16,41,1.0,basal,0.10278554508572921,60.0,5000
11,down_power,post_burn_in,17,42,1.0,basal,0.09056772923417246,190.0,5000
11,down_power,post_burn_in,18,43,1.0,basal,0.06951315230818268,600.0,5000
11,down_power,post_burn_in,19,44,1.0,basal,0.05303262835126713,1900.0,5000
11,down_power,post_burn_in,20,45,2.0,top,0.27699293295022326,0.6,5000
11,down_power,post_burn_in,21,46,2.0,top,0.43232234288615595,1.9,5000
11,down_power,post_burn_in,22,47,1.0,basal,0.45414592604044424,6.0,5000
11,metaweb,post_burn_in,1,3,2.0,top,0.06395554706849788,68.35148590866352,5000
11,metaweb,post_burn_in,2,4,2.0,top,0.0515833292079106,3.684461844382425,5000
11,metaweb,post_burn_in,3,6,2.0,top,0.06051407062198452,70.680121622014,5000
11,metaweb,post_burn_in,4,7,2.0,top,0.3792270005401118,36.51431642983516,5000
11,metaweb,post_burn_in,5,8,2.0,top,0.042341554052983815,19.583672810636394,5000
11,metaweb,post_burn_in,6,9,2.0,top,0.04406835217765587,6.052471255873634,5000
11,metaweb,post_burn_in,7,10,2.0,top,0.039653655153310194,5.481340731765808,5000
11,metaweb,post_burn_in,8,11,2.0,top,0.11425467853931873,14.659777912958104,5000
11,metaweb,post_burn_in,9,12,2.0,top,0.09996240333484872,18.42099681406204,5000
11,metaweb,post_burn_in,10,15,2.0,top,0.1064670916081639,15.896653275770628,5000
11,metaweb,post_burn_in,11,16,2.0,top,0.1820367576637676,59.75568412660611,5000
11,metaweb,post_burn_in,12,17,2.0,top,0.01902937813817119,52.802238344699596,5000
11,metaweb,post_burn_in,13,18,2.0,top,0.10663717563767106,25.862792932449665,5000
11,metaweb,post_burn_in,14,27,2.0,top,0.6131929142763028,71.08613027629845,5000
11,metaweb,post_burn_in,15,28,2.0,top,0.5403593701792995,81.40280433147954,5000
11,metaweb,post_burn_in,16,29,2.0,top,0.06221013669897603,84.10680071988021,5000
11,metaweb,post_burn_in,17,30,2.0,top,0.06165435813093208,95.2580577103289,5000
11,metaweb,post_burn_in,18,31,2.0,top,0.11008151416607823,23.844310314223353,5000
11,metaweb,post_burn_in,19,32,2.0,top,0.08798371771101515,30.841668483897678,5000
11,metaweb,post_burn_in,20,33,2.0,top,0.05341524901231629,53.02528006816979,5000
11,metaweb,post_burn_in,21,34,2.0,top,0.020115577971325755,78.5151926970971,5000
11,metaweb,post_burn_in,22,37,1.0,basal,0.21361727108473777,0.6,5000
11,metaweb,post_burn_in,23,38,1.0,basal,0.21361727108473777,1.9,5000
11,metaweb,post_burn_in,24,39,1.0,basal,0.21361727108473771,6.0,5000
11,metaweb,post_burn_in,25,40,1.0,basal,0.21361727108473777,19.0,5000
11,metaweb,post_burn_in,26,41,1.0,basal,0.21361727108473771,60.0,5000
11,metaweb,post_burn_in,27,42,1.0,basal,0.21361727108473771,190.0,5000
11,metaweb,post_burn_in,28,43,1.0,basal,0.21361727108473771,600.0,5000
11,metaweb,post_burn_in,29,44,1.0,basal,0.21361727108473771,1900.0,5000
11,metaweb,post_burn_in,30,45,2.0,top,0.040121924479644876,0.6,5000
11,metaweb,post_burn_in,31,46,2.0,top,0.09271731298869572,1.9,5000
11,metaweb,post_burn_in,32,47,2.0,top,0.08983836340450607,6.0,5000
11,metaweb,post_burn_in,33,48,2.0,top,0.03844624021596528,19.0,5000
11,metaweb,post_burn_in,34,49,2.0,top,0.058823060510874645,60.0,5000
11,metaweb,post_burn_in,35,50,2.0,top,0.08466704052731727,190.0,5000
11,metaweb,post_burn_in,36,51,2.0,top,0.06382642101081078,600.0,5000
11,metaweb,post_burn_in,37,52,2.0,top,0.09767863454947265,1900.0,5000
11,niche,post_burn_in,1,1,2.911458333333333,intermediate,0.294708730559538,275.4285468206395,5000
11,niche,post_burn_in,2,2,3.4112542839105324,intermediate,0.18896157899797514,68.8656896099453,5000
11,niche,post_burn_in,3,3,2.911458333333333,intermediate,0.2947087305557776,68.35148590866352,5000
11,niche,post_burn_in,4,4,3.8184794731497385,intermediate,0.14983238426310727,3.684461844382425,5000
11,niche,post_burn_in,5,7,4.081725833483644,intermediate,0.1278927803670492,36.51431642983516,5000
11,niche,post_burn_in,6,8,3.1872395833333336,intermediate,0.1071580169632788,19.583672810636394,5000
11,niche,post_burn_in,7,9,3.455729166666667,intermediate,0.01834113294576689,6.052471255873634,5000
11,niche,post_burn_in,8,10,2.969762731481482,intermediate,0.3649309687416116,5.481340731765808,5000
11,niche,post_burn_in,9,12,3.7048040957021087,intermediate,0.2770201379350054,18.42099681406204,5000
11,niche,post_burn_in,10,13,2.55,intermediate,0.010990520270553987,45.09626956516728,5000
11,niche,post_burn_in,11,14,3.2152777777777772,intermediate,0.0003164219833900335,73.46472398772191,5000
11,niche,post_burn_in,12,15,3.2791666666666672,intermediate,6.874057878725334e-10,15.896653275770628,5000
11,niche,post_burn_in,13,16,2.9507068452380945,intermediate,0.3269758882785468,59.75568412660611,5000
11,niche,post_burn_in,14,18,3.4922525046950588,intermediate,0.06484300314583284,25.862792932449665,5000
11,niche,post_burn_in,15,21,3.0660511363636367,intermediate,0.1318320116253851,157.33596353607126,5000
11,niche,post_burn_in,16,22,2.25,intermediate,0.36830672997877884,68.06567933147173,5000
11,niche,post_burn_in,17,23,3.2111235119047623,intermediate,0.035421544441055,83.72456853427909,5000
11,niche,post_burn_in,18,24,2.0,intermediate,0.364371858125051,94.32509204839916,5000
11,niche,post_burn_in,19,25,3.1303819444444447,intermediate,0.08350481730257414,17.847921070832925,5000
11,niche,post_burn_in,20,27,2.0,intermediate,0.19461427957686178,71.08613027629845,5000
11,niche,post_burn_in,21,28,2.911458333333333,intermediate,0.13704255009554006,81.40280433147954,5000
11,niche,post_burn_in,22,29,1.0,basal,0.24202313488936214,84.10680071988021,5000
11,niche,post_burn_in,23,30,3.166666666666667,intermediate,0.11477460181300003,95.2580577103289,5000
11,niche,post_burn_in,24,31,1.0,basal,0.7580338914005895,23.844310314223353,5000
11,niche,post_burn_in,25,32,2.479166666666666,intermediate,0.11377413533344297,30.841668483897678,5000
11,niche,post_burn_in,26,34,2.1666666666666665,intermediate,0.21762025128978624,78.5151926970971,5000
11,niche,post_burn_in,27,35,2.0,intermediate,0.10185946386144372,53.433841067090924,5000
11,niche,post_burn_in,28,36,2.755208333333333,intermediate,0.2133189076192646,26.829970676893318,5000
11,niche,post_burn_in,29,37,2.7734375,intermediate,0.22270899328133428,0.6,5000
11,niche,post_burn_in,30,38,2.5,intermediate,0.16449372711547963,1.9,5000
11,niche,post_burn_in,31,39,2.71875,intermediate,0.08956167441190459,6.0,5000
11,niche,post_burn_in,32,40,2.3750000000000004,intermediate,0.04220150371421691,19.0,5000
11,niche,post_burn_in,33,41,1.0,basal,0.8465286353456403,60.0,5000
11,niche,post_burn_in,34,42,1.0,basal,0.8465286353456402,190.0,5000
11,niche,post_burn_in,35,44,1.0,basal,0.6949621140357389,1900.0,5000
11,niche,post_burn_in,36,45,1.0,basal,0.4766289529209156,0.6,5000
11,niche,post_burn_in,37,48,2.5,intermediate,0.18506363447303142,19.0,5000
11,niche,post_burn_in,38,50,1.0,basal,0.22719563165502005,190.0,5000
11,niche,post_burn_in,39,51,2.0,intermediate,0.17440711101380343,600.0,5000
11,niche,post_burn_in,40,52,1.0,basal,0.8032078729637728,1900.0,5000
11,down_rand,post_burn_in,1,4,1.9999999999999998,top,0.40762672069555944,3.684461844382425,5000
11,down_rand,post_burn_in,2,9,1.9999999999999998,top,1.1198464093980773e-11,6.052471255873634,5000
11,down_rand,post_burn_in,3,35,3.0000000000000004,top,0.20668470853294013,53.433841067090924,5000
11,down_rand,post_burn_in,4,37,1.0,basal,0.2344801979397174,0.6,5000
11,down_rand,post_burn_in,5,38,1.0,basal,0.1732970155444241,1.9,5000
11,down_rand,post_burn_in,6,39,1.0,basal,0.1358828874590323,6.0,5000
11,down_rand,post_burn_in,7,40,1.0,basal,0.18040504373843588,19.0,5000
11,down_rand,post_burn_in,8,41,1.0,basal,0.07093751002161001,60.0,5000
11,down_rand,post_burn_in,9,42,1.0,basal,0.14940420284845018,190.0,5000
11,down_rand,post_burn_in,10,43,1.0,basal,0.0739625148621987,600.0,5000
11,down_rand,post_burn_in,11,44,1.0,basal,0.08989416313105288,1900.0,5000
11,down_rand,post_burn_in,12,45,2.0,intermediate,0.16778665222616956,0.6,5000
11,down_rand,post_burn_in,13,46,2.0,intermediate,0.260596379558161,1.9,5000
11,down_rand,post_burn_in,14,47,2.0,top,7.1927577097911805e-9,6.0,5000
11,down_link,post_burn_in,1,4,2.0,intermediate,0.380269458770978,3.684461844382425,5000
11,down_link,post_burn_in,2,11,1.9999999999999998,top,0.7081316308692339,14.659777912958104,5000
11,down_link,post_burn_in,3,15,2.0,top,5.887794309348241e-9,15.896653275770628,5000
11,down_link,post_burn_in,4,25,2.574999999999999,intermediate,0.012395906107331768,17.847921070832925,5000
11,down_link,post_burn_in,5,37,1.0,basal,0.2606656259218116,0.6,5000
11,down_link,post_burn_in,6,38,1.0,basal,0.28645284202186516,1.9,5000
11,down_link,post_burn_in,7,39,1.0,basal,0.1539174945367157,6.0,5000
11,down_link,post_burn_in,8,40,1.0,basal,0.18417388798116832,19.0,5000
11,down_link,post_burn_in,9,41,1.0,basal,0.0928058807085889,60.0,5000
11,down_link,post_burn_in,10,42,1.0,basal,0.0712254175856629,190.0,5000
11,down_link,post_burn_in,11,43,1.0,basal,0.05899750454970075,600.0,5000
11,down_link,post_burn_in,12,44,1.0,basal,0.055174746646874995,1900.0,5000
11,down_link,post_burn_in,13,45,2.0,top,0.1655797544353632,0.6,5000
11,down_link,post_burn_in,14,46,2.0,top,0.05914700726272699,1.9,5000
11,down_niche,post_burn_in,1,3,2.0000000000000004,intermediate,0.005490754466291642,68.35148590866352,5000
11,down_niche,post_burn_in,2,4,2.0000000000000004,top,0.1336249003374011,3.684461844382425,5000
11,down_niche,post_burn_in,3,6,2.0000000000000004,top,0.007641820826006445,70.680121622014,5000
11,down_niche,post_burn_in,4,7,2.0,top,2.6003544412711185e-8,36.51431642983516,5000
11,down_niche,post_burn_in,5,8,2.0000000000000004,top,0.010439264740217082,19.583672810636394,5000
11,down_niche,post_burn_in,6,9,2.0,top,2.841062322380189e-8,6.052471255873634,5000
11,down_niche,post_burn_in,7,10,1.9999999999999998,top,4.8039210157042185e-6,5.481340731765808,5000
11,down_niche,post_burn_in,8,11,2.0000000000000004,top,2.8681488148763886e-7,14.659777912958104,5000
11,down_niche,post_burn_in,9,12,2.0,intermediate,8.074480323188726e-5,18.42099681406204,5000
11,down_niche,post_burn_in,10,14,2.999999999999999,top,0.007140132631186902,73.46472398772191,5000
11,down_niche,post_burn_in,11,15,1.9999999999999996,intermediate,0.16246769950907083,15.896653275770628,5000
11,down_niche,post_burn_in,12,16,1.9999999999999998,top,1.7984063204286025e-5,59.75568412660611,5000
11,down_niche,post_burn_in,13,17,1.9999999999999998,top,0.0016563128537976648,52.802238344699596,5000
11,down_niche,post_burn_in,14,18,2.0000000000000004,intermediate,0.06290182999813554,25.862792932449665,5000
11,down_niche,post_burn_in,15,27,2.0000000000000004,top,0.16740039317683167,71.08613027629845,5000
11,down_niche,post_burn_in,16,28,2.0000000000000004,top,0.1359972994610541,81.40280433147954,5000
11,down_niche,post_burn_in,17,29,2.0000000000000004,top,6.950385193024067e-8,84.10680071988021,5000
11,down_niche,post_burn_in,18,30,1.9999999999999996,top,0.0002912188752523099,95.2580577103289,5000
11,down_niche,post_burn_in,19,31,2.0000000000000004,intermediate,0.00938976724743281,23.844310314223353,5000
11,down_niche,post_burn_in,20,32,2.0000000000000004,top,0.03340108450028116,30.841668483897678,5000
11,down_niche,post_burn_in,21,33,1.9999999999999998,top,1.0021098234274008,53.02528006816979,5000
11,down_niche,post_burn_in,22,34,2.0,intermediate,0.3255550758093405,78.5151926970971,5000
11,down_niche,post_burn_in,23,37,1.0,basal,0.21105070999009148,0.6,5000
11,down_niche,post_burn_in,24,38,1.0,basal,0.20763802012147795,1.9,5000
11,down_niche,post_burn_in,25,39,1.0,basal,0.2202061459878543,6.0,5000
11,down_niche,post_burn_in,26,40,1.0,basal,0.2101447815802897,19.0,5000
11,down_niche,post_burn_in,27,41,1.0,basal,0.2150566903182095,60.0,5000
11,down_niche,post_burn_in,28,42,1.0,basal,0.21892603086219287,190.0,5000
11,down_niche,post_burn_in,29,43,1.0,basal,0.2181138838358486,600.0,5000
11,down_niche,post_burn_in,30,44,1.0,basal,0.21030621574548372,1900.0,5000
11,down_niche,post_burn_in,31,45,2.0,top,0.40252098240224804,0.6,5000
11,down_niche,post_burn_in,32,46,2.0,top,0.02127359249546081,1.9,5000
11,down_niche,post_burn_in,33,47,2.0,top,0.02071562765951004,6.0,5000
11,down_niche,post_burn_in,34,48,2.0,top,1.6121184453922595e-5,19.0,5000
11,down_niche,post_burn_in,35,49,2.0,top,0.3366897219088134,60.0,5000
11,down_niche,post_burn_in,36,50,2.0,top,0.5334180360459879,190.0,5000
11,down_niche,post_burn_in,37,51,2.0,top,0.012833104563916668,600.0,5000
11,down_niche,post_burn_in,38,52,2.0,top,0.03744907323481461,1900.0,5000
11,atn,post_burn_in,1,1,2.6111111111111107,top,0.4994252568594208,275.4285468206395,5000
11,atn,post_burn_in,2,2,2.2000000000000006,intermediate,0.3321367752131047,68.8656896099453,5000
11,atn,post_burn_in,3,3,2.2000000000000006,intermediate,0.3405419542073139,68.35148590866352,5000
11,atn,post_burn_in,4,4,1.0,basal,0.3922151132006284,3.684461844382425,5000
11,atn,post_burn_in,5,5,2.2000000000000006,intermediate,0.08322093743220463,88.66911915578713,5000
11,atn,post_burn_in,6,6,2.2000000000000006,intermediate,0.3034576736343707,70.680121622014,5000
11,atn,post_burn_in,7,7,1.9999999999999998,intermediate,0.1024414382199906,36.51431642983516,5000
11,atn,post_burn_in,8,8,2.0,intermediate,0.16225148228754624,19.583672810636394,5000
11,atn,post_burn_in,9,9,2.0,intermediate,0.07160764733599703,6.052471255873634,5000
11,atn,post_burn_in,10,10,1.0,basal,0.4139139748775935,5.481340731765808,5000
11,atn,post_burn_in,11,11,2.0,intermediate,0.06726603749987912,14.659777912958104,5000
11,atn,post_burn_in,12,12,2.0,intermediate,0.003453770120525647,18.42099681406204,5000
11,atn,post_burn_in,13,13,2.0000000000000004,intermediate,0.1682421240673686,45.09626956516728,5000
11,atn,post_burn_in,14,14,2.2000000000000006,intermediate,0.26221242166755676,73.46472398772191,5000
11,atn,post_burn_in,15,15,2.0,intermediate,0.042802555763837735,15.896653275770628,5000
11,atn,post_burn_in,16,16,2.1111111111111116,intermediate,0.21837684362157442,59.75568412660611,5000
11,atn,post_burn_in,17,17,2.0000000000000004,intermediate,0.1022352525239914,52.802238344699596,5000
11,atn,post_burn_in,18,18,1.9999999999999998,intermediate,0.1549912433259246,25.862792932449665,5000
11,atn,post_burn_in,19,20,2.2000000000000006,intermediate,1.606307238254437e-8,115.86386486355637,5000
11,atn,post_burn_in,20,21,2.2727272727272725,intermediate,3.6073265253139956e-12,157.33596353607126,5000
11,atn,post_burn_in,21,22,2.2000000000000006,intermediate,0.3452687383089862,68.06567933147173,5000
11,atn,post_burn_in,22,23,2.2000000000000006,intermediate,0.1341660027718393,83.72456853427909,5000
11,atn,post_burn_in,23,24,2.2000000000000006,intermediate,0.03172959710458295,94.32509204839916,5000
11,atn,post_burn_in,24,25,2.0,intermediate,0.011222627216528688,17.847921070832925,5000
11,atn,post_burn_in,25,26,1.0,basal,0.34280196536968394,2.4726313967718734,5000
11,atn,post_burn_in,26,27,2.2,intermediate,0.2972414761834108,71.08613027629845,5000
11,atn,post_burn_in,27,28,2.2,intermediate,0.16027190230818927,81.40280433147954,5000
11,atn,post_burn_in,28,29,2.2,intermediate,0.1300092205864877,84.10680071988021,5000
11,atn,post_burn_in,29,30,2.2,intermediate,0.024043248968859173,95.2580577103289,5000
11,atn,post_burn_in,30,31,2.0,intermediate,0.09624589084612346,23.844310314223353,5000
11,atn,post_burn_in,31,32,1.9999999999999998,intermediate,0.18270030649483562,30.841668483897678,5000
11,atn,post_burn_in,32,33,2.0,intermediate,0.10061053491816949,53.02528006816979,5000
11,atn,post_burn_in,33,34,2.2,intermediate,0.19493583751928742,78.5151926970971,5000
11,atn,post_burn_in,34,35,2.0,intermediate,0.097669811911332,53.433841067090924,5000
11,atn,post_burn_in,35,36,1.9999999999999998,intermediate,0.14283749130129125,26.829970676893318,5000
11,atn,post_burn_in,36,37,1.0,basal,0.3081327388438391,0.6,5000
11,atn,post_burn_in,37,38,1.0,basal,0.30261839324271395,1.9,5000
11,atn,post_burn_in,38,39,1.0,basal,0.4084417487370019,6.0,5000
11,atn,post_burn_in,39,40,1.0,basal,0.8106261697298599,19.0,5000
11,atn,post_burn_in,40,41,1.0,basal,0.8616721973037618,60.0,5000
11,atn,post_burn_in,41,42,1.0,basal,0.9353784278549617,190.0,5000
11,atn,post_burn_in,42,45,1.0,basal,0.308132738843839,0.6,5000
11,atn,post_burn_in,43,46,1.0,basal,0.30261839324271395,1.9,5000
11,atn,post_burn_in,44,47,2.0,intermediate,0.06212118785828971,6.0,5000
11,atn,post_burn_in,45,48,2.0,intermediate,0.16273312309747162,19.0,5000
11,atn,post_burn_in,46,49,2.111111111111111,intermediate,0.2165340436276224,60.0,5000
11,atn,post_burn_in,47,50,2.4375,intermediate,0.06336874509674052,190.0,5000
11,atn,post_burn_in,48,51,2.7119341563786,top,0.8926390873725867,600.0,5000
11,atn,post_burn_in,49,52,2.979537095695633,top,1.0868445973325036,1900.0,5000
12,down_power,creation,1,1,3.9742604141267566,intermediate,0.9509574920683764,119.93380131905062,5000
12,down_power,creation,2,2,3.645338854121267,intermediate,0.9555153070638898,80.47632669997638,5000
12,down_power,creation,3,3,2.0000000000000004,intermediate,0.7997582980211159,50.284778231600534,5000
12,down_power,creation,4,4,2.0,intermediate,0.19413865853180523,9.220897006709121,5000
12,down_power,creation,5,5,3.4833135019206996,intermediate,0.8999075168283731,62.96045802264496,5000
12,down_power,creation,6,6,1.9999999999999998,intermediate,0.8655234237137099,69.10301642881463,5000
12,down_power,creation,7,7,1.9999999999999998,top,0.14094462524607798,14.467098249264899,5000
12,down_power,creation,8,8,2.0000000000000004,intermediate,0.7113823346090284,27.61194155869149,5000
12,down_power,creation,9,9,2.0000000000000004,intermediate,0.49928276478508515,6.913311853201,5000
12,down_power,creation,10,10,1.9999999999999996,top,0.5877720035916678,4.264042484435695,5000
12,down_power,creation,11,11,1.9999999999999996,top,0.5016634821942871,49.42628606476681,5000
12,down_power,creation,12,12,1.9999999999999998,intermediate,0.42985944785207697,48.805221399755496,5000
12,down_power,creation,13,13,3.0000000000000004,intermediate,0.7378565857182097,40.50883952663486,5000
12,down_power,creation,14,14,2.8369565217391317,intermediate,0.3269044954772955,56.73242172770526,5000
12,down_power,creation,15,15,2.0000000000000004,intermediate,0.5987294573385367,23.585814165689825,5000
12,down_power,creation,16,16,1.9999999999999996,top,0.06726280721327826,53.555197977566195,5000
12,down_power,creation,17,17,1.9999999999999998,intermediate,0.6008883288331137,66.64923453924956,5000
12,down_power,creation,18,18,1.9999999999999998,intermediate,0.4683948648678449,18.276254535052722,5000
12,down_power,creation,19,19,4.174180309249828,intermediate,0.39928937982921475,133.22335059250022,5000
12,down_power,creation,20,20,3.9965051611527698,intermediate,0.17844428860445027,144.89188894578234,5000
12,down_power,creation,21,21,4.120114864463643,intermediate,0.18615443782619134,112.63695776150456,5000
12,down_power,creation,22,22,3.6146084324964436,intermediate,0.21436539157250745,51.56130610245199,5000
12,down_power,creation,23,23,3.6034910280343073,intermediate,0.8197906722161199,58.84920493194225,5000
12,down_power,creation,24,24,3.4730687441134624,intermediate,0.191156644285977,64.6461112592333,5000
12,down_power,creation,25,25,3.2500000000000004,intermediate,0.11444503007646245,12.347928719122205,5000
12,down_power,creation,26,26,1.0,isolated,0.44128548299141324,6.3554268683736845,5000
12,down_power,creation,27,27,1.9999999999999998,top,0.5463270945663514,60.11243527193025,5000
12,down_power,creation,28,28,1.9999999999999998,top,0.5458569984885383,54.21817244844615,5000
12,down_power,creation,29,29,2.0000000000000004,intermediate,0.6033309999845817,69.11365624771135,5000
12,down_power,creation,30,30,1.9999999999999996,intermediate,0.15970159932612038,81.53569024828381,5000
12,down_power,creation,31,31,1.9999999999999996,intermediate,0.21009728470762778,28.815468719156343,5000
12,down_power,creation,32,32,1.9999999999999998,intermediate,0.09222739445170591,17.41903924629767,5000
12,down_power,creation,33,33,1.9999999999999998,top,0.35684956713673466,87.07190454403681,5000
12,down_power,creation,34,34,2.0000000000000004,intermediate,0.4084194429849317,53.75783243848932,5000
12,down_power,creation,35,35,3.0,intermediate,0.5329206225419513,53.77031373957289,5000
12,down_power,creation,36,36,2.9999999999999996,intermediate,0.6224176285626257,24.537448809855704,5000
12,down_power,creation,37,37,1.0,basal,0.6593255784955011,0.6,5000
12,down_power,creation,38,38,1.0,basal,0.2650785548423116,1.9,5000
12,down_power,creation,39,39,1.0,basal,0.5327831223320381,6.0,5000
12,down_power,creation,40,40,1.0,basal,0.12533168081136625,19.0,5000
12,down_power,creation,41,41,1.0,basal,0.8749637301564102,60.0,5000
12,down_power,creation,42,42,1.0,basal,0.3120051263371919,190.0,5000
12,down_power,creation,43,43,1.0,basal,0.041195075569331996,600.0,5000
12,down_power,creation,44,44,1.0,basal,0.20515591180625203,1900.0,5000
12,down_power,creation,45,45,1.9999999999999998,intermediate,0.06265193866090002,0.6,5000
12,down_power,creation,46,46,2.0,intermediate,0.6736343256253712,1.9,5000
12,down_power,creation,47,47,2.0,intermediate,0.30553289073648493,6.0,5000
12,down_power,creation,48,48,2.0,intermediate,0.5727925813741208,19.0,5000
12,down_power,creation,49,49,2.0000000000000004,top,0.032059483734504624,60.0,5000
12,down_power,creation,50,50,2.0000000000000004,intermediate,0.2486753018125918,190.0,5000
12,down_power,creation,51,51,2.0,intermediate,0.603871656957516,600.0,5000
12,down_power,creation,52,52,1.9999999999999998,intermediate,0.5208204755723238,1900.0,5000
12,metaweb,creation,1,1,4.0613354240613635,intermediate,0.9509574920683764,119.93380131905062,5000
12,metaweb,creation,2,2,3.5954723098103645,intermediate,0.9555153070638898,80.47632669997638,5000
12,metaweb,creation,3,3,2.0,intermediate,0.7997582980211159,50.284778231600534,5000
12,metaweb,creation,4,4,2.0,intermediate,0.19413865853180523,9.220897006709121,5000
12,metaweb,creation,5,5,3.5954723098103667,intermediate,0.8999075168283731,62.96045802264496,5000
12,metaweb,creation,6,6,2.0,intermediate,0.8655234237137099,69.10301642881463,5000
12,metaweb,creation,7,7,2.0,top,0.14094462524607798,14.467098249264899,5000
12,metaweb,creation,8,8,2.0,intermediate,0.7113823346090284,27.61194155869149,5000
12,metaweb,creation,9,9,2.0,intermediate,0.49928276478508515,6.913311853201,5000
12,metaweb,creation,10,10,2.0,intermediate,0.5877720035916678,4.264042484435695,5000
12,metaweb,creation,11,11,2.0,top,0.5016634821942871,49.42628606476681,5000
12,metaweb,creation,12,12,2.0,intermediate,0.42985944785207697,48.805221399755496,5000
12,metaweb,creation,13,13,3.0,intermediate,0.7378565857182097,40.50883952663486,5000
12,metaweb,creation,14,14,2.8392621870882753,intermediate,0.3269044954772955,56.73242172770526,5000
12,metaweb,creation,15,15,2.0,intermediate,0.5987294573385367,23.585814165689825,5000
12,metaweb,creation,16,16,2.0,top,0.06726280721327826,53.555197977566195,5000
12,metaweb,creation,17,17,2.0,intermediate,0.6008883288331137,66.64923453924956,5000
12,metaweb,creation,18,18,2.0,intermediate,0.4683948648678449,18.276254535052722,5000
12,metaweb,creation,19,19,4.0613354240613635,intermediate,0.39928937982921475,133.22335059250022,5000
12,metaweb,creation,20,20,4.061335424061364,intermediate,0.17844428860445027,144.89188894578234,5000
12,metaweb,creation,21,21,4.061335424061364,intermediate,0.18615443782619134,112.63695776150456,5000
12,metaweb,creation,22,22,3.5954723098103636,intermediate,0.21436539157250745,51.56130610245199,5000
12,metaweb,creation,23,23,3.5954723098103654,intermediate,0.8197906722161199,58.84920493194225,5000
12,metaweb,creation,24,24,3.5762090864680016,intermediate,0.191156644285977,64.6461112592333,5000
12,metaweb,creation,25,25,3.303030303030302,intermediate,0.11444503007646245,12.347928719122205,5000
12,metaweb,creation,26,26,3.3333333333333335,intermediate,0.44128548299141324,6.3554268683736845,5000
12,metaweb,creation,27,27,2.0,top,0.5463270945663514,60.11243527193025,5000
12,metaweb,creation,28,28,2.0,top,0.5458569984885383,54.21817244844615,5000
12,metaweb,creation,29,29,2.0,intermediate,0.6033309999845817,69.11365624771135,5000
12,metaweb,creation,30,30,2.0,intermediate,0.15970159932612038,81.53569024828381,5000
12,metaweb,creation,31,31,2.0,intermediate,0.21009728470762778,28.815468719156343,5000
12,metaweb,creation,32,32,2.0,intermediate,0.09222739445170591,17.41903924629767,5000
12,metaweb,creation,33,33,2.0,top,0.35684956713673466,87.07190454403681,5000
12,metaweb,creation,34,34,2.0,intermediate,0.4084194429849317,53.75783243848932,5000
12,metaweb,creation,35,35,3.0,intermediate,0.5329206225419513,53.77031373957289,5000
12,metaweb,creation,36,36,3.0,intermediate,0.6224176285626257,24.537448809855704,5000
12,metaweb,creation,37,37,1.0,basal,0.6593255784955011,0.6,5000
12,metaweb,creation,38,38,1.0,basal,0.2650785548423116,1.9,5000
12,metaweb,creation,39,39,1.0,basal,0.5327831223320381,6.0,5000
12,metaweb,creation,40,40,1.0,basal,0.12533168081136625,19.0,5000
12,metaweb,creation,41,41,1.0,basal,0.8749637301564102,60.0,5000
12,metaweb,creation,42,42,1.0,basal,0.3120051263371919,190.0,5000
12,metaweb,creation,43,43,1.0,basal,0.041195075569331996,600.0,5000
12,metaweb,creation,44,44,1.0,basal,0.20515591180625203,1900.0,5000
12,metaweb,creation,45,45,2.0,intermediate,0.06265193866090002,0.6,5000
12,metaweb,creation,46,46,2.0,intermediate,0.6736343256253712,1.9,5000
12,metaweb,creation,47,47,2.0,intermediate,0.30553289073648493,6.0,5000
12,metaweb,creation,48,48,2.0,intermediate,0.5727925813741208,19.0,5000
12,metaweb,creation,49,49,2.0,intermediate,0.032059483734504624,60.0,5000
12,metaweb,creation,50,50,2.0,intermediate,0.2486753018125918,190.0,5000
12,metaweb,creation,51,51,2.0,intermediate,0.603871656957516,600.0,5000
12,metaweb,creation,52,52,2.0,intermediate,0.5208204755723238,1900.0,5000
12,niche,creation,1,1,5.614361543223712,top,0.9509574920683764,119.93380131905062,5000
12,niche,creation,2,2,4.201050617615466,top,0.9555153070638898,80.47632669997638,5000
12,niche,creation,3,3,1.0,basal,0.7997582980211159,50.284778231600534,5000
12,niche,creation,4,4,6.336782723674748,intermediate,0.19413865853180523,9.220897006709121,5000
12,niche,creation,5,5,5.697411655743341,intermediate,0.8999075168283731,62.96045802264496,5000
12,niche,creation,6,6,4.865181263221336,intermediate,0.8655234237137099,69.10301642881463,5000
12,niche,creation,7,7,5.5612770177253905,intermediate,0.14094462524607798,14.467098249264899,5000
12,niche,creation,8,8,5.595539628760441,intermediate,0.7113823346090284,27.61194155869149,5000
12,niche,creation,9,9,5.858285503122111,intermediate,0.49928276478508515,6.913311853201,5000
12,niche,creation,10,10,3.6875,intermediate,0.5877720035916678,4.264042484435695,5000
12,niche,creation,11,11,5.69034106136006,intermediate,0.5016634821942871,49.42628606476681,5000
12,niche,creation,12,12,6.111004330216823,intermediate,0.42985944785207697,48.805221399755496,5000
12,niche,creation,13,13,5.181825098460437,intermediate,0.7378565857182097,40.50883952663486,5000
12,niche,creation,14,14,5.1762703554166025,intermediate,0.3269044954772955,56.73242172770526,5000
12,niche,creation,15,15,5.127755372422868,intermediate,0.5987294573385367,23.585814165689825,5000
12,niche,creation,16,16,5.511153279073299,intermediate,0.06726280721327826,53.555197977566195,5000
12,niche,creation,17,17,5.267364741484844,intermediate,0.6008883288331137,66.64923453924956,5000
12,niche,creation,18,18,4.135388694951665,intermediate,0.4683948648678449,18.276254535052722,5000
12,niche,creation,19,19,5.377272769708045,intermediate,0.39928937982921475,133.22335059250022,5000
12,niche,creation,20,20,2.75,intermediate,0.17844428860445027,144.89188894578234,5000
12,niche,creation,21,21,1.0,basal,0.18615443782619134,112.63695776150456,5000
12,niche,creation,22,22,3.960241004296456,intermediate,0.21436539157250745,51.56130610245199,5000
12,niche,creation,23,23,3.395535714285714,intermediate,0.8197906722161199,58.84920493194225,5000
12,niche,creation,24,24,5.285420982302695,intermediate,0.191156644285977,64.6461112592333,5000
12,niche,creation,25,25,5.19947979649407,intermediate,0.11444503007646245,12.347928719122205,5000
12,niche,creation,26,26,4.940443126767356,intermediate,0.44128548299141324,6.3554268683736845,5000
12,niche,creation,27,27,3.7084665445125413,intermediate,0.5463270945663514,60.11243527193025,5000
12,niche,creation,28,28,4.547044200333194,intermediate,0.5458569984885383,54.21817244844615,5000
12,niche,creation,29,29,4.588949734028949,intermediate,0.6033309999845817,69.11365624771135,5000
12,niche,creation,30,30,5.773615119718671,intermediate,0.15970159932612038,81.53569024828381,5000
12,niche,creation,31,31,5.249999999999999,intermediate,0.21009728470762778,28.815468719156343,5000
12,niche,creation,32,32,4.847838345864662,intermediate,0.09222739445170591,17.41903924629767,5000
12,niche,creation,33,33,4.49607181218352,intermediate,0.35684956713673466,87.07190454403681,5000
12,niche,creation,34,34,1.0,basal,0.4084194429849317,53.75783243848932,5000
12,niche,creation,35,35,5.270777389903329,intermediate,0.5329206225419513,53.77031373957289,5000
12,niche,creation,36,36,4.847838345864662,intermediate,0.6224176285626257,24.537448809855704,5000
12,niche,creation,37,37,4.093682867883996,intermediate,0.6593255784955011,0.6,5000
12,niche,creation,38,38,3.603954081632653,intermediate,0.2650785548423116,1.9,5000
12,niche,creation,39,39,4.270777389903329,intermediate,0.5327831223320381,6.0,5000
12,niche,creation,40,40,2.5,intermediate,0.12533168081136625,19.0,5000
12,niche,creation,41,41,2.0,intermediate,0.8749637301564102,60.0,5000
12,niche,creation,42,42,3.15625,intermediate,0.3120051263371919,190.0,5000
12,niche,creation,43,43,3.3214285714285707,intermediate,0.041195075569331996,600.0,5000
12,niche,creation,44,44,1.0,basal,0.20515591180625203,1900.0,5000
12,niche,creation,45,45,4.249999999999999,intermediate,0.06265193866090002,0.6,5000
12,niche,creation,46,46,2.0,intermediate,0.6736343256253712,1.9,5000
12,niche,creation,47,47,3.5,intermediate,0.30553289073648493,6.0,5000
12,niche,creation,48,48,1.0,basal,0.5727925813741208,19.0,5000
12,niche,creation,49,49,2.5,intermediate,0.032059483734504624,60.0,5000
12,niche,creation,50,50,2.0,intermediate,0.2486753018125918,190.0,5000
12,niche,creation,51,51,1.0,basal,0.603871656957516,600.0,5000
12,niche,creation,52,52,1.0,basal,0.5208204755723238,1900.0,5000
12,down_rand,creation,1,1,4.0937956398744,intermediate,0.9509574920683764,119.93380131905062,5000
12,down_rand,creation,2,2,3.6022837585710494,intermediate,0.9555153070638898,80.47632669997638,5000
12,down_rand,creation,3,3,2.0000000000000004,intermediate,0.7997582980211159,50.284778231600534,5000
12,down_rand,creation,4,4,2.0,top,0.19413865853180523,9.220897006709121,5000
12,down_rand,creation,5,5,3.633839782929877,intermediate,0.8999075168283731,62.96045802264496,5000
12,down_rand,creation,6,6,1.9999999999999998,intermediate,0.8655234237137099,69.10301642881463,5000
12,down_rand,creation,7,7,1.9999999999999998,top,0.14094462524607798,14.467098249264899,5000
12,down_rand,creation,8,8,1.9999999999999996,intermediate,0.7113823346090284,27.61194155869149,5000
12,down_rand,creation,9,9,1.9999999999999996,intermediate,0.49928276478508515,6.913311853201,5000
12,down_rand,creation,10,10,1.9999999999999996,top,0.5877720035916678,4.264042484435695,5000
12,down_rand,creation,11,11,1.9999999999999998,top,0.5016634821942871,49.42628606476681,5000
12,down_rand,creation,12,12,1.9999999999999998,intermediate,0.42985944785207697,48.805221399755496,5000
12,down_rand,creation,13,13,3.0,intermediate,0.7378565857182097,40.50883952663486,5000
12,down_rand,creation,14,14,2.7500000000000004,intermediate,0.3269044954772955,56.73242172770526,5000
12,down_rand,creation,15,15,2.0000000000000004,intermediate,0.5987294573385367,23.585814165689825,5000
12,down_rand,creation,16,16,1.9999999999999998,top,0.06726280721327826,53.555197977566195,5000
12,down_rand,creation,17,17,1.9999999999999996,intermediate,0.6008883288331137,66.64923453924956,5000
12,down_rand,creation,18,18,2.0000000000000004,intermediate,0.4683948648678449,18.276254535052722,5000
12,down_rand,creation,19,19,4.014622887891147,intermediate,0.39928937982921475,133.22335059250022,5000
12,down_rand,creation,20,20,3.9745008373818598,intermediate,0.17844428860445027,144.89188894578234,5000
12,down_rand,creation,21,21,4.371085519967056,intermediate,0.18615443782619134,112.63695776150456,5000
12,down_rand,creation,22,22,3.5888494667954682,intermediate,0.21436539157250745,51.56130610245199,5000
12,down_rand,creation,23,23,3.599467979315831,intermediate,0.8197906722161199,58.84920493194225,5000
12,down_rand,creation,24,24,3.699315973406068,intermediate,0.191156644285977,64.6461112592333,5000
12,down_rand,creation,25,25,3.6666666666666665,intermediate,0.11444503007646245,12.347928719122205,5000
12,down_rand,creation,26,26,3.9999999999999996,intermediate,0.44128548299141324,6.3554268683736845,5000
12,down_rand,creation,27,27,1.9999999999999998,top,0.5463270945663514,60.11243527193025,5000
12,down_rand,creation,28,28,1.9999999999999996,top,0.5458569984885383,54.21817244844615,5000
12,down_rand,creation,29,29,2.0000000000000004,intermediate,0.6033309999845817,69.11365624771135,5000
12,down_rand,creation,30,30,1.9999999999999998,intermediate,0.15970159932612038,81.53569024828381,5000
12,down_rand,creation,31,31,1.9999999999999998,intermediate,0.21009728470762778,28.815468719156343,5000
12,down_rand,creation,32,32,2.0,intermediate,0.09222739445170591,17.41903924629767,5000
12,down_rand,creation,33,33,2.0000000000000004,top,0.35684956713673466,87.07190454403681,5000
12,down_rand,creation,34,34,2.0,intermediate,0.4084194429849317,53.75783243848932,5000
12,down_rand,creation,35,35,3.0,intermediate,0.5329206225419513,53.77031373957289,5000
12,down_rand,creation,36,36,3.0,intermediate,0.6224176285626257,24.537448809855704,5000
12,down_rand,creation,37,37,1.0,basal,0.6593255784955011,0.6,5000
12,down_rand,creation,38,38,1.0,basal,0.2650785548423116,1.9,5000
12,down_rand,creation,39,39,1.0,basal,0.5327831223320381,6.0,5000
12,down_rand,creation,40,40,1.0,basal,0.12533168081136625,19.0,5000
12,down_rand,creation,41,41,1.0,basal,0.8749637301564102,60.0,5000
12,down_rand,creation,42,42,1.0,basal,0.3120051263371919,190.0,5000
12,down_rand,creation,43,43,1.0,basal,0.041195075569331996,600.0,5000
12,down_rand,creation,44,44,1.0,basal,0.20515591180625203,1900.0,5000
12,down_rand,creation,45,45,2.0,intermediate,0.06265193866090002,0.6,5000
12,down_rand,creation,46,46,1.9999999999999996,intermediate,0.6736343256253712,1.9,5000
12,down_rand,creation,47,47,2.0,intermediate,0.30553289073648493,6.0,5000
12,down_rand,creation,48,48,2.0,intermediate,0.5727925813741208,19.0,5000
12,down_rand,creation,49,49,1.9999999999999998,intermediate,0.032059483734504624,60.0,5000
12,down_rand,creation,50,50,2.0000000000000004,intermediate,0.2486753018125918,190.0,5000
12,down_rand,creation,51,51,1.9999999999999996,intermediate,0.603871656957516,600.0,5000
12,down_rand,creation,52,52,2.0000000000000004,intermediate,0.5208204755723238,1900.0,5000
12,down_link,creation,1,1,3.911005247418642,intermediate,0.9509574920683764,119.93380131905062,5000
12,down_link,creation,2,2,3.603249298705003,intermediate,0.9555153070638898,80.47632669997638,5000
12,down_link,creation,3,3,1.9999999999999998,intermediate,0.7997582980211159,50.284778231600534,5000
12,down_link,creation,4,4,1.9999999999999998,intermediate,0.19413865853180523,9.220897006709121,5000
12,down_link,creation,5,5,3.651335548598775,intermediate,0.8999075168283731,62.96045802264496,5000
12,down_link,creation,6,6,2.0000000000000004,intermediate,0.8655234237137099,69.10301642881463,5000
12,down_link,creation,7,7,2.0000000000000004,top,0.14094462524607798,14.467098249264899,5000
12,down_link,creation,8,8,2.0,intermediate,0.7113823346090284,27.61194155869149,5000
12,down_link,creation,9,9,2.0000000000000004,intermediate,0.49928276478508515,6.913311853201,5000
12,down_link,creation,10,10,2.0000000000000004,intermediate,0.5877720035916678,4.264042484435695,5000
12,down_link,creation,11,11,2.0,top,0.5016634821942871,49.42628606476681,5000
12,down_link,creation,12,12,2.0000000000000004,intermediate,0.42985944785207697,48.805221399755496,5000
12,down_link,creation,13,13,3.0,intermediate,0.7378565857182097,40.50883952663486,5000
12,down_link,creation,14,14,2.9090909090909087,intermediate,0.3269044954772955,56.73242172770526,5000
12,down_link,creation,15,15,2.0,intermediate,0.5987294573385367,23.585814165689825,5000
12,down_link,creation,16,16,1.9999999999999998,top,0.06726280721327826,53.555197977566195,5000
12,down_link,creation,17,17,2.0000000000000004,intermediate,0.6008883288331137,66.64923453924956,5000
12,down_link,creation,18,18,2.0000000000000004,intermediate,0.4683948648678449,18.276254535052722,5000
12,down_link,creation,19,19,4.042119031554251,intermediate,0.39928937982921475,133.22335059250022,5000
12,down_link,creation,20,20,4.09732418207253,intermediate,0.17844428860445027,144.89188894578234,5000
12,down_link,creation,21,21,4.216924518945798,intermediate,0.18615443782619134,112.63695776150456,5000
12,down_link,creation,22,22,3.457480197279929,intermediate,0.21436539157250745,51.56130610245199,5000
12,down_link,creation,23,23,3.466879490572424,intermediate,0.8197906722161199,58.84920493194225,5000
12,down_link,creation,24,24,3.3737012311480217,intermediate,0.191156644285977,64.6461112592333,5000
12,down_link,creation,25,25,3.3333333333333335,intermediate,0.11444503007646245,12.347928719122205,5000
12,down_link,creation,26,26,3.3333333333333335,intermediate,0.44128548299141324,6.3554268683736845,5000
12,down_link,creation,27,27,2.0000000000000004,top,0.5463270945663514,60.11243527193025,5000
12,down_link,creation,28,28,1.9999999999999998,top,0.5458569984885383,54.21817244844615,5000
12,down_link,creation,29,29,2.0000000000000004,intermediate,0.6033309999845817,69.11365624771135,5000
12,down_link,creation,30,30,2.0000000000000004,intermediate,0.15970159932612038,81.53569024828381,5000
12,down_link,creation,31,31,1.9999999999999998,intermediate,0.21009728470762778,28.815468719156343,5000
12,down_link,creation,32,32,1.9999999999999998,intermediate,0.09222739445170591,17.41903924629767,5000
12,down_link,creation,33,33,1.9999999999999998,top,0.35684956713673466,87.07190454403681,5000
12,down_link,creation,34,34,2.0000000000000004,intermediate,0.4084194429849317,53.75783243848932,5000
12,down_link,creation,35,35,3.0,intermediate,0.5329206225419513,53.77031373957289,5000
12,down_link,creation,36,36,3.0,intermediate,0.6224176285626257,24.537448809855704,5000
12,down_link,creation,37,37,1.0,basal,0.6593255784955011,0.6,5000
12,down_link,creation,38,38,1.0,basal,0.2650785548423116,1.9,5000
12,down_link,creation,39,39,1.0,basal,0.5327831223320381,6.0,5000
12,down_link,creation,40,40,1.0,basal,0.12533168081136625,19.0,5000
12,down_link,creation,41,41,1.0,basal,0.8749637301564102,60.0,5000
12,down_link,creation,42,42,1.0,basal,0.3120051263371919,190.0,5000
12,down_link,creation,43,43,1.0,basal,0.041195075569331996,600.0,5000
12,down_link,creation,44,44,1.0,basal,0.20515591180625203,1900.0,5000
12,down_link,creation,45,45,1.9999999999999998,intermediate,0.06265193866090002,0.6,5000
12,down_link,creation,46,46,2.0000000000000004,intermediate,0.6736343256253712,1.9,5000
12,down_link,creation,47,47,1.9999999999999998,intermediate,0.30553289073648493,6.0,5000
12,down_link,creation,48,48,2.0000000000000004,intermediate,0.5727925813741208,19.0,5000
12,down_link,creation,49,49,2.0000000000000004,intermediate,0.032059483734504624,60.0,5000
12,down_link,creation,50,50,1.9999999999999998,intermediate,0.2486753018125918,190.0,5000
12,down_link,creation,51,51,1.9999999999999996,intermediate,0.603871656957516,600.0,5000
12,down_link,creation,52,52,2.0000000000000004,intermediate,0.5208204755723238,1900.0,5000
12,down_niche,creation,1,1,3.74255884472934,intermediate,0.9509574920683764,119.93380131905062,5000
12,down_niche,creation,2,2,3.4739362002882284,intermediate,0.9555153070638898,80.47632669997638,5000
12,down_niche,creation,3,3,1.9999999999999996,intermediate,0.7997582980211159,50.284778231600534,5000
12,down_niche,creation,4,4,2.0,intermediate,0.19413865853180523,9.220897006709121,5000
12,down_niche,creation,5,5,3.354066985645932,intermediate,0.8999075168283731,62.96045802264496,5000
12,down_niche,creation,6,6,1.9999999999999996,intermediate,0.8655234237137099,69.10301642881463,5000
12,down_niche,creation,7,7,2.0000000000000004,top,0.14094462524607798,14.467098249264899,5000
12,down_niche,creation,8,8,2.0000000000000004,intermediate,0.7113823346090284,27.61194155869149,5000
12,down_niche,creation,9,9,2.0000000000000004,intermediate,0.49928276478508515,6.913311853201,5000
12,down_niche,creation,10,10,2.0,intermediate,0.5877720035916678,4.264042484435695,5000
12,down_niche,creation,11,11,2.0,top,0.5016634821942871,49.42628606476681,5000
12,down_niche,creation,12,12,1.9999999999999998,intermediate,0.42985944785207697,48.805221399755496,5000
12,down_niche,creation,13,13,2.9999999999999996,intermediate,0.7378565857182097,40.50883952663486,5000
12,down_niche,creation,14,14,2.8947368421052624,intermediate,0.3269044954772955,56.73242172770526,5000
12,down_niche,creation,15,15,2.0,intermediate,0.5987294573385367,23.585814165689825,5000
12,down_niche,creation,16,16,1.9999999999999996,top,0.06726280721327826,53.555197977566195,5000
12,down_niche,creation,17,17,1.9999999999999996,intermediate,0.6008883288331137,66.64923453924956,5000
12,down_niche,creation,18,18,1.9999999999999996,intermediate,0.4683948648678449,18.276254535052722,5000
12,down_niche,creation,19,19,3.8986733661612574,top,0.39928937982921475,133.22335059250022,5000
12,down_niche,creation,20,20,4.1129390732386435,intermediate,0.17844428860445027,144.89188894578234,5000
12,down_niche,creation,21,21,4.351626857577357,intermediate,0.18615443782619134,112.63695776150456,5000
12,down_niche,creation,22,22,3.912366775995794,intermediate,0.21436539157250745,51.56130610245199,5000
12,down_niche,creation,23,23,3.5516242877171003,intermediate,0.8197906722161199,58.84920493194225,5000
12,down_niche,creation,24,24,3.6740369961929953,intermediate,0.191156644285977,64.6461112592333,5000
12,down_niche,creation,25,25,2.999999999999999,intermediate,0.11444503007646245,12.347928719122205,5000
12,down_niche,creation,26,26,3.5,intermediate,0.44128548299141324,6.3554268683736845,5000
12,down_niche,creation,27,27,2.0,top,0.5463270945663514,60.11243527193025,5000
12,down_niche,creation,28,28,2.0000000000000004,top,0.5458569984885383,54.21817244844615,5000
12,down_niche,creation,29,29,2.0000000000000004,intermediate,0.6033309999845817,69.11365624771135,5000
12,down_niche,creation,30,30,2.0000000000000004,intermediate,0.15970159932612038,81.53569024828381,5000
12,down_niche,creation,31,31,1.9999999999999996,intermediate,0.21009728470762778,28.815468719156343,5000
12,down_niche,creation,32,32,1.9999999999999996,intermediate,0.09222739445170591,17.41903924629767,5000
12,down_niche,creation,33,33,1.9999999999999996,top,0.35684956713673466,87.07190454403681,5000
12,down_niche,creation,34,34,2.0000000000000004,intermediate,0.4084194429849317,53.75783243848932,5000
12,down_niche,creation,35,35,3.0,intermediate,0.5329206225419513,53.77031373957289,5000
12,down_niche,creation,36,36,3.0,intermediate,0.6224176285626257,24.537448809855704,5000
12,down_niche,creation,37,37,1.0,basal,0.6593255784955011,0.6,5000
12,down_niche,creation,38,38,1.0,basal,0.2650785548423116,1.9,5000
12,down_niche,creation,39,39,1.0,basal,0.5327831223320381,6.0,5000
12,down_niche,creation,40,40,1.0,basal,0.12533168081136625,19.0,5000
12,down_niche,creation,41,41,1.0,basal,0.8749637301564102,60.0,5000
12,down_niche,creation,42,42,1.0,basal,0.3120051263371919,190.0,5000
12,down_niche,creation,43,43,1.0,basal,0.041195075569331996,600.0,5000
12,down_niche,creation,44,44,1.0,basal,0.20515591180625203,1900.0,5000
12,down_niche,creation,45,45,1.9999999999999996,intermediate,0.06265193866090002,0.6,5000
12,down_niche,creation,46,46,1.9999999999999996,intermediate,0.6736343256253712,1.9,5000
12,down_niche,creation,47,47,2.0000000000000004,intermediate,0.30553289073648493,6.0,5000
12,down_niche,creation,48,48,1.9999999999999996,intermediate,0.5727925813741208,19.0,5000
12,down_niche,creation,49,49,1.9999999999999998,intermediate,0.032059483734504624,60.0,5000
12,down_niche,creation,50,50,2.0000000000000004,intermediate,0.2486753018125918,190.0,5000
12,down_niche,creation,51,51,1.9999999999999996,intermediate,0.603871656957516,600.0,5000
12,down_niche,creation,52,52,1.9999999999999996,intermediate,0.5208204755723238,1900.0,5000
12,atn,creation,1,1,2.400000000000001,intermediate,0.9509574920683764,119.93380131905062,5000
12,atn,creation,2,2,2.333333333333334,intermediate,0.9555153070638898,80.47632669997638,5000
12,atn,creation,3,3,1.9999999999999998,intermediate,0.7997582980211159,50.284778231600534,5000
12,atn,creation,4,4,2.0,intermediate,0.19413865853180523,9.220897006709121,5000
12,atn,creation,5,5,2.1428571428571423,intermediate,0.8999075168283731,62.96045802264496,5000
12,atn,creation,6,6,2.333333333333334,intermediate,0.8655234237137099,69.10301642881463,5000
12,atn,creation,7,7,2.0,intermediate,0.14094462524607798,14.467098249264899,5000
12,atn,creation,8,8,2.0,intermediate,0.7113823346090284,27.61194155869149,5000
12,atn,creation,9,9,2.0,intermediate,0.49928276478508515,6.913311853201,5000
12,atn,creation,10,10,1.0,basal,0.5877720035916678,4.264042484435695,5000
12,atn,creation,11,11,1.9999999999999998,intermediate,0.5016634821942871,49.42628606476681,5000
12,atn,creation,12,12,1.9999999999999998,intermediate,0.42985944785207697,48.805221399755496,5000
12,atn,creation,13,13,2.0,intermediate,0.7378565857182097,40.50883952663486,5000
12,atn,creation,14,14,1.9999999999999998,intermediate,0.3269044954772955,56.73242172770526,5000
12,atn,creation,15,15,2.0,intermediate,0.5987294573385367,23.585814165689825,5000
12,atn,creation,16,16,1.9999999999999998,intermediate,0.06726280721327826,53.555197977566195,5000
12,atn,creation,17,17,2.25,intermediate,0.6008883288331137,66.64923453924956,5000
12,atn,creation,18,18,2.0,intermediate,0.4683948648678449,18.276254535052722,5000
12,atn,creation,19,19,2.4545454545454537,intermediate,0.39928937982921475,133.22335059250022,5000
12,atn,creation,20,20,2.499999999999999,intermediate,0.17844428860445027,144.89188894578234,5000
12,atn,creation,21,21,2.400000000000001,intermediate,0.18615443782619134,112.63695776150456,5000
12,atn,creation,22,22,1.9999999999999998,intermediate,0.21436539157250745,51.56130610245199,5000
12,atn,creation,23,23,1.9999999999999998,intermediate,0.8197906722161199,58.84920493194225,5000
12,atn,creation,24,24,2.25,intermediate,0.191156644285977,64.6461112592333,5000
12,atn,creation,25,25,2.0,intermediate,0.11444503007646245,12.347928719122205,5000
12,atn,creation,26,26,2.0,intermediate,0.44128548299141324,6.3554268683736845,5000
12,atn,creation,27,27,2.1428571428571423,intermediate,0.5463270945663514,60.11243527193025,5000
12,atn,creation,28,28,1.9999999999999998,intermediate,0.5458569984885383,54.21817244844615,5000
12,atn,creation,29,29,2.333333333333334,intermediate,0.6033309999845817,69.11365624771135,5000
12,atn,creation,30,30,2.333333333333334,intermediate,0.15970159932612038,81.53569024828381,5000
12,atn,creation,31,31,2.0,intermediate,0.21009728470762778,28.815468719156343,5000
12,atn,creation,32,32,2.0,intermediate,0.09222739445170591,17.41903924629767,5000
12,atn,creation,33,33,2.333333333333334,intermediate,0.35684956713673466,87.07190454403681,5000
12,atn,creation,34,34,1.9999999999999998,intermediate,0.4084194429849317,53.75783243848932,5000
12,atn,creation,35,35,1.9999999999999998,intermediate,0.5329206225419513,53.77031373957289,5000
12,atn,creation,36,36,2.0,intermediate,0.6224176285626257,24.537448809855704,5000
12,atn,creation,37,37,1.0,basal,0.6593255784955011,0.6,5000
12,atn,creation,38,38,1.0,basal,0.2650785548423116,1.9,5000
12,atn,creation,39,39,1.0,basal,0.5327831223320381,6.0,5000
12,atn,creation,40,40,1.0,basal,0.12533168081136625,19.0,5000
12,atn,creation,41,41,1.0,basal,0.8749637301564102,60.0,5000
12,atn,creation,42,42,1.0,basal,0.3120051263371919,190.0,5000
12,atn,creation,43,43,1.0,isolated,0.041195075569331996,600.0,5000
12,atn,creation,44,44,1.0,isolated,0.20515591180625203,1900.0,5000
12,atn,creation,45,45,1.0,basal,0.06265193866090002,0.6,5000
12,atn,creation,46,46,1.0,basal,0.6736343256253712,1.9,5000
12,atn,creation,47,47,2.0,intermediate,0.30553289073648493,6.0,5000
12,atn,creation,48,48,2.0,intermediate,0.5727925813741208,19.0,5000
12,atn,creation,49,49,2.1428571428571423,intermediate,0.032059483734504624,60.0,5000
12,atn,creation,50,50,2.5625,intermediate,0.2486753018125918,190.0,5000
12,atn,creation,51,51,2.821428571428572,top,0.603871656957516,600.0,5000
12,atn,creation,52,52,3.021215896506594,top,0.5208204755723238,1900.0,5000
12,down_power,post_burn_in,1,35,3.0,top,1.7613795007450207e-9,53.77031373957289,5000
12,down_power,post_burn_in,2,37,1.0,basal,0.21121021856909208,0.6,5000
12,down_power,post_burn_in,3,38,1.0,basal,0.12206245327531313,1.9,5000
12,down_power,post_burn_in,4,39,1.0,basal,0.08184658718265814,6.0,5000
12,down_power,post_burn_in,5,40,1.0,basal,0.20279558220435565,19.0,5000
12,down_power,post_burn_in,6,41,1.0,basal,0.07806460042453803,60.0,5000
12,down_power,post_burn_in,7,42,1.0,basal,0.2054873119031716,190.0,5000
12,down_power,post_burn_in,8,43,1.0,basal,0.09691036687641809,600.0,5000
12,down_power,post_burn_in,9,44,1.0,basal,0.0344644483926697,1900.0,5000
12,down_power,post_burn_in,10,45,2.0,intermediate,0.3933289767764703,0.6,5000
12,down_power,post_burn_in,11,46,2.0,top,0.22846745282912478,1.9,5000
12,down_power,post_burn_in,12,47,2.0,intermediate,0.11427971966767551,6.0,5000
12,metaweb,post_burn_in,1,3,2.0,top,0.07130821309884418,50.284778231600534,5000
12,metaweb,post_burn_in,2,4,2.0,top,0.0434468005093885,9.220897006709121,5000
12,metaweb,post_burn_in,3,6,2.0,top,0.07193072376260921,69.10301642881463,5000
12,metaweb,post_burn_in,4,7,2.0,top,0.11034935224260324,14.467098249264899,5000
12,metaweb,post_burn_in,5,8,2.0,top,0.11916984648394839,27.61194155869149,5000
12,metaweb,post_burn_in,6,9,2.0,top,0.05264413608118682,6.913311853201,5000
12,metaweb,post_burn_in,7,10,2.0,top,0.053733747173412526,4.264042484435695,5000
12,metaweb,post_burn_in,8,11,2.0,top,0.3927658838161668,49.42628606476681,5000
12,metaweb,post_burn_in,9,12,2.0,top,0.10452260315703185,48.805221399755496,5000
12,metaweb,post_burn_in,10,15,2.0,top,0.11455775557941009,23.585814165689825,5000
12,metaweb,post_burn_in,11,16,2.0,top,0.05266186768776414,53.555197977566195,5000
12,metaweb,post_burn_in,12,17,2.0,top,0.06871791232685873,66.64923453924956,5000
12,metaweb,post_burn_in,13,18,2.0,top,0.10726338997769518,18.276254535052722,5000
12,metaweb,post_burn_in,14,27,2.0,top,0.4277342317434192,60.11243527193025,5000
12,metaweb,post_burn_in,15,28,2.0,top,0.4273661808326462,54.21817244844615,5000
12,metaweb,post_burn_in,16,29,2.0,top,0.06875857819542346,69.11365624771135,5000
12,metaweb,post_burn_in,17,30,2.0,top,0.04896043475143798,81.53569024828381,5000
12,metaweb,post_burn_in,18,31,2.0,top,0.07889300991580431,28.815468719156343,5000
12,metaweb,post_burn_in,19,32,2.0,top,0.0489114935866622,17.41903924629767,5000
12,metaweb,post_burn_in,20,33,2.0,top,0.27938716011936177,87.07190454403681,5000
12,metaweb,post_burn_in,21,34,2.0,top,0.06429205021415375,53.75783243848932,5000
12,metaweb,post_burn_in,22,37,1.0,basal,0.21361727108472733,0.6,5000
12,metaweb,post_burn_in,23,38,1.0,basal,0.2136172710847273,1.9,5000
12,metaweb,post_burn_in,24,39,1.0,basal,0.2136172710847273,6.0,5000
12,metaweb,post_burn_in,25,40,1.0,basal,0.2136172710847273,19.0,5000
12,metaweb,post_burn_in,26,41,1.0,basal,0.2136172710847273,60.0,5000
12,metaweb,post_burn_in,27,42,1.0,basal,0.2136172710847273,190.0,5000
12,metaweb,post_burn_in,28,43,1.0,basal,0.21361727108472733,600.0,5000
12,metaweb,post_burn_in,29,44,1.0,basal,0.2136172710847273,1900.0,5000
12,metaweb,post_burn_in,30,45,2.0,top,0.03545509184710356,0.6,5000
12,metaweb,post_burn_in,31,46,2.0,top,0.10294443256914214,1.9,5000
12,metaweb,post_burn_in,32,47,2.0,top,0.08334432954630835,6.0,5000
12,metaweb,post_burn_in,33,48,2.0,top,0.09952423831853505,19.0,5000
12,metaweb,post_burn_in,34,49,2.0,top,0.020982652692710973,60.0,5000
12,metaweb,post_burn_in,35,50,2.0,top,0.07719469345919835,190.0,5000
12,metaweb,post_burn_in,36,51,2.0,top,0.10067417032713878,600.0,5000
12,metaweb,post_burn_in,37,52,2.0,top,0.09736784956209178,1900.0,5000
12,niche,post_burn_in,1,6,4.3117164182920655,top,0.6866439479553184,69.10301642881463,5000
12,niche,post_burn_in,2,10,3.15625,top,9.791021118904907e-5,4.264042484435695,5000
12,niche,post_burn_in,3,20,2.75,intermediate,0.7001006576710631,144.89188894578234,5000
12,niche,post_burn_in,4,21,1.0,basal,0.9761203829511702,112.63695776150456,5000
12,niche,post_burn_in,5,22,3.5147285997732425,intermediate,9.784670730899979e-12,51.56130610245199,5000
12,niche,post_burn_in,6,23,3.281696428571428,intermediate,0.24793499173979117,58.84920493194225,5000
12,niche,post_burn_in,7,25,3.8966060798740223,intermediate,5.819945415009171e-10,12.347928719122205,5000
12,niche,post_burn_in,8,27,3.308967634672917,intermediate,0.04390394970911971,60.11243527193025,5000
12,niche,post_burn_in,9,31,3.125,intermediate,0.11629354054164892,28.815468719156343,5000
12,niche,post_burn_in,10,33,3.8727989495117767,intermediate,0.012526370034765076,87.07190454403681,5000
12,niche,post_burn_in,11,34,1.0,basal,0.944961359969564,53.75783243848932,5000
12,niche,post_burn_in,12,35,3.894734977324263,intermediate,5.051335898890436e-7,53.77031373957289,5000
12,niche,post_burn_in,13,36,2.951712827988338,intermediate,0.24597341068816259,24.537448809855704,5000
12,niche,post_burn_in,14,37,3.653450963718821,intermediate,0.05064173034223241,0.6,5000
12,niche,post_burn_in,15,38,3.2190688775510203,intermediate,0.060265826037050566,1.9,5000
12,niche,post_burn_in,16,39,2.894734977324263,intermediate,0.16886683060723826,6.0,5000
12,niche,post_burn_in,17,40,2.5,intermediate,0.19819411071988377,19.0,5000
12,niche,post_burn_in,18,41,2.0,intermediate,0.3273840776462195,60.0,5000
12,niche,post_burn_in,19,42,2.890625,intermediate,0.04569758597868105,190.0,5000
12,niche,post_burn_in,20,43,3.017857142857143,intermediate,0.05928826532889859,600.0,5000
12,niche,post_burn_in,21,44,1.0,basal,0.3651162160120086,1900.0,5000
12,niche,post_burn_in,22,45,2.125,intermediate,0.15332382542969938,0.6,5000
12,niche,post_burn_in,23,46,2.0,intermediate,0.2536827566069834,1.9,5000
12,niche,post_burn_in,24,48,1.0,basal,0.6575077868072198,19.0,5000
12,niche,post_burn_in,25,49,2.5,intermediate,0.09739227803456822,60.0,5000
12,niche,post_burn_in,26,50,2.0,intermediate,0.21037184859697858,190.0,5000
12,niche,post_burn_in,27,51,1.0,basal,0.4285396435767268,600.0,5000
12,niche,post_burn_in,28,52,1.0,basal,0.6681707177369072,1900.0,5000
12,down_rand,post_burn_in,1,13,3.0,top,0.4412965878354743,40.50883952663486,5000
12,down_rand,post_burn_in,2,35,3.000000000000001,top,2.403750496923939e-11,53.77031373957289,5000
12,down_rand,post_burn_in,3,37,1.0,basal,0.2520439259430008,0.6,5000
12,down_rand,post_burn_in,4,38,1.0,basal,0.20166655464822428,1.9,5000
12,down_rand,post_burn_in,5,39,1.0,basal,0.15930783707456442,6.0,5000
12,down_rand,post_burn_in,6,40,1.0,basal,0.1494338556090696,19.0,5000
12,down_rand,post_burn_in,7,41,1.0,basal,0.09629962678817348,60.0,5000
12,down_rand,post_burn_in,8,42,1.0,basal,0.0739729956185743,190.0,5000
12,down_rand,post_burn_in,9,43,1.0,basal,0.05653604880770918,600.0,5000
12,down_rand,post_burn_in,10,44,1.0,basal,0.04298986599591274,1900.0,5000
12,down_rand,post_burn_in,11,45,2.0,intermediate,0.40928573666844575,0.6,5000
12,down_rand,post_burn_in,12,46,1.9999999999999998,top,0.16222916058120534,1.9,5000
12,down_link,post_burn_in,1,9,2.0000000000000004,top,9.16386483573802e-5,6.913311853201,5000
12,down_link,post_burn_in,2,10,2.0000000000000004,top,0.07403748057098311,4.264042484435695,5000
12,down_link,post_burn_in,3,13,3.0,top,2.2211239609194783e-11,40.50883952663486,5000
12,down_link,post_burn_in,4,15,2.0,top,4.851048792068103e-12,23.585814165689825,5000
12,down_link,post_burn_in,5,36,3.0,top,0.293806028951589,24.537448809855704,5000
12,down_link,post_burn_in,6,37,1.0,basal,0.2543621364083623,0.6,5000
12,down_link,post_burn_in,7,38,1.0,basal,0.14353180819695624,1.9,5000
12,down_link,post_burn_in,8,39,1.0,basal,0.24521430370686986,6.0,5000
12,down_link,post_burn_in,9,40,1.0,basal,0.21467664329110084,19.0,5000
12,down_link,post_burn_in,10,41,1.0,basal,0.06602703957191057,60.0,5000
12,down_link,post_burn_in,11,42,1.0,basal,0.12045617021275341,190.0,5000
12,down_link,post_burn_in,12,43,1.0,basal,0.0571935437386635,600.0,5000
12,down_link,post_burn_in,13,44,1.0,basal,0.030174672297668913,1900.0,5000
12,down_link,post_burn_in,14,45,2.0,intermediate,0.3101548020933512,0.6,5000
12,down_link,post_burn_in,15,46,2.0,intermediate,0.3280579746403515,1.9,5000
12,down_link,post_burn_in,16,47,2.0,intermediate,4.0694862256291633e-10,6.0,5000
12,down_niche,post_burn_in,1,3,1.9999999999999996,top,0.0012742078578093104,50.284778231600534,5000
12,down_niche,post_burn_in,2,4,2.0,top,0.35143044783505095,9.220897006709121,5000
12,down_niche,post_burn_in,3,6,1.9999999999999996,top,0.0010085320416380948,69.10301642881463,5000
12,down_niche,post_burn_in,4,7,2.0000000000000004,top,0.006039453255699661,14.467098249264899,5000
12,down_niche,post_burn_in,5,8,2.0000000000000004,top,0.0029359492183281505,27.61194155869149,5000
12,down_niche,post_burn_in,6,9,2.0000000000000004,top,0.00011409750693756742,6.913311853201,5000
12,down_niche,post_burn_in,7,10,2.0,top,0.10089998104958316,4.264042484435695,5000
12,down_niche,post_burn_in,8,11,2.0,top,1.1736049489596163,49.42628606476681,5000
12,down_niche,post_burn_in,9,12,1.9999999999999998,top,0.0013665952591081529,48.805221399755496,5000
12,down_niche,post_burn_in,10,15,2.0,top,0.3897260806534211,23.585814165689825,5000
12,down_niche,post_burn_in,11,16,1.9999999999999996,top,0.0006979081945404041,53.555197977566195,5000
12,down_niche,post_burn_in,12,17,1.9999999999999996,top,0.0009382889066161445,66.64923453924956,5000
12,down_niche,post_burn_in,13,18,1.9999999999999996,top,0.0020982847041665217,18.276254535052722,5000
12,down_niche,post_burn_in,14,27,2.0,top,1.2780921966458343,60.11243527193025,5000
12,down_niche,post_burn_in,15,28,2.0000000000000004,top,0.008136084414877821,54.21817244844615,5000
12,down_niche,post_burn_in,16,29,2.0000000000000004,top,0.00016655860091964082,69.11365624771135,5000
12,down_niche,post_burn_in,17,30,2.0000000000000004,top,0.0026476555384598653,81.53569024828381,5000
12,down_niche,post_burn_in,18,31,1.9999999999999996,top,0.001108906148758139,28.815468719156343,5000
12,down_niche,post_burn_in,19,32,1.9999999999999996,top,0.0006636439630668922,17.41903924629767,5000
12,down_niche,post_burn_in,20,33,1.9999999999999996,top,0.0037026143784603437,87.07190454403681,5000
12,down_niche,post_burn_in,21,34,2.0000000000000004,top,0.0034139252141676558,53.75783243848932,5000
12,down_niche,post_burn_in,22,37,1.0,basal,0.21259500528751066,0.6,5000
12,down_niche,post_burn_in,23,38,1.0,basal,0.21283498148925337,1.9,5000
12,down_niche,post_burn_in,24,39,1.0,basal,0.21534622513786003,6.0,5000
12,down_niche,post_burn_in,25,40,1.0,basal,0.2124632768752235,19.0,5000
12,down_niche,post_burn_in,26,41,1.0,basal,0.21477285790021183,60.0,5000
12,down_niche,post_burn_in,27,42,1.0,basal,0.2126659460650196,190.0,5000
12,down_niche,post_burn_in,28,43,1.0,basal,0.2141860471364046,600.0,5000
12,down_niche,post_burn_in,29,44,1.0,basal,0.21408586893018633,1900.0,5000
12,down_niche,post_burn_in,30,45,1.9999999999999998,top,0.04837018064080511,0.6,5000
12,down_niche,post_burn_in,31,46,1.9999999999999998,top,0.0014775466760281848,1.9,5000
12,down_niche,post_burn_in,32,47,2.0,top,0.005710775516811641,6.0,5000
12,down_niche,post_burn_in,33,48,1.9999999999999998,top,0.001424528337767323,19.0,5000
12,down_niche,post_burn_in,34,49,2.0,top,0.00389107247937967,60.0,5000
12,down_niche,post_burn_in,35,50,2.0,top,0.031103858877581526,190.0,5000
12,down_niche,post_burn_in,36,51,1.9999999999999998,top,0.0014423215098135456,600.0,5000
12,down_niche,post_burn_in,37,52,1.9999999999999998,top,0.0013912505637274687,1900.0,5000
12,atn,post_burn_in,1,1,2.400000000000001,intermediate,7.152664494700438e-12,119.93380131905062,5000
12,atn,post_burn_in,2,2,2.3333333333333335,intermediate,1.6582077235737244e-7,80.47632669997638,5000
12,atn,post_burn_in,3,3,1.9999999999999998,intermediate,0.10386285563551521,50.284778231600534,5000
12,atn,post_burn_in,4,4,2.0,intermediate,0.09213996153337697,9.220897006709121,5000
12,atn,post_burn_in,5,5,2.1428571428571423,intermediate,0.6378154335467555,62.96045802264496,5000
12,atn,post_burn_in,6,6,2.3333333333333335,intermediate,0.09834229219590927,69.10301642881463,5000
12,atn,post_burn_in,7,7,2.0,intermediate,1.7036545813920845e-11,14.467098249264899,5000
12,atn,post_burn_in,8,8,2.0,intermediate,0.06722066081498722,27.61194155869149,5000
12,atn,post_burn_in,9,9,2.0,intermediate,0.15158191875360544,6.913311853201,5000
12,atn,post_burn_in,10,10,1.0,basal,0.3811093159860673,4.264042484435695,5000
12,atn,post_burn_in,11,11,1.9999999999999998,intermediate,0.12009548304446944,49.42628606476681,5000
12,atn,post_burn_in,12,12,1.9999999999999998,intermediate,0.13220317344673216,48.805221399755496,5000
12,atn,post_burn_in,13,13,2.0,intermediate,1.0660294975534065e-10,40.50883952663486,5000
12,atn,post_burn_in,14,14,1.9999999999999998,intermediate,0.0036694824095945947,56.73242172770526,5000
12,atn,post_burn_in,15,15,2.0,intermediate,0.2628162333928194,23.585814165689825,5000
12,atn,post_burn_in,16,16,1.9999999999999998,intermediate,0.04686450077246678,53.555197977566195,5000
12,atn,post_burn_in,17,17,2.25,intermediate,0.15309040971146892,66.64923453924956,5000
12,atn,post_burn_in,18,21,2.4000000000000004,intermediate,4.1517796627079165e-12,112.63695776150456,5000
12,atn,post_burn_in,19,22,1.9999999999999998,intermediate,0.0807486911509891,51.56130610245199,5000
12,atn,post_burn_in,20,23,1.9999999999999998,intermediate,6.205491225632998e-5,58.84920493194225,5000
12,atn,post_burn_in,21,24,2.25,intermediate,0.21689477949112312,64.6461112592333,5000
12,atn,post_burn_in,22,25,2.0,intermediate,7.398530312174324e-10,12.347928719122205,5000
12,atn,post_burn_in,23,26,2.0,intermediate,0.09100244462532035,6.3554268683736845,5000
12,atn,post_burn_in,24,27,2.1428571428571423,intermediate,0.2997612944481489,60.11243527193025,5000
12,atn,post_burn_in,25,28,1.9999999999999998,intermediate,0.03620878720871955,54.21817244844615,5000
12,atn,post_burn_in,26,29,2.3333333333333335,intermediate,0.09801371087164833,69.11365624771135,5000
12,atn,post_burn_in,27,30,2.3333333333333335,intermediate,1.7048508064013553e-8,81.53569024828381,5000
12,atn,post_burn_in,28,31,2.0,intermediate,0.019768546875647778,28.815468719156343,5000
12,atn,post_burn_in,29,33,2.3333333333333335,intermediate,1.950549783358592e-9,87.07190454403681,5000
12,atn,post_burn_in,30,34,1.9999999999999998,intermediate,0.043596894143990164,53.75783243848932,5000
12,atn,post_burn_in,31,35,1.9999999999999998,intermediate,0.04339679499562211,53.77031373957289,5000
12,atn,post_burn_in,32,36,2.0,intermediate,0.2106639892461548,24.537448809855704,5000
12,atn,post_burn_in,33,37,1.0,basal,0.25332878669313674,0.6,5000
12,atn,post_burn_in,34,38,1.0,basal,0.30082523812710865,1.9,5000
12,atn,post_burn_in,35,39,1.0,basal,0.45123692590886283,6.0,5000
12,atn,post_burn_in,36,40,1.0,basal,0.8855889598387523,19.0,5000
12,atn,post_burn_in,37,41,1.0,basal,0.9431038574938684,60.0,5000
12,atn,post_burn_in,38,42,1.0,basal,0.968952552498256,190.0,5000
12,atn,post_burn_in,39,45,1.0,basal,0.25332878669313663,0.6,5000
12,atn,post_burn_in,40,46,1.0,basal,0.3008252381271088,1.9,5000
12,atn,post_burn_in,41,47,2.0,intermediate,0.035381584651959314,6.0,5000
12,atn,post_burn_in,42,48,2.0,intermediate,0.2060208783906159,19.0,5000
12,atn,post_burn_in,43,49,2.142857142857143,intermediate,0.30165936135305454,60.0,5000
12,atn,post_burn_in,44,50,2.5625,intermediate,0.3326915408935537,190.0,5000
12,atn,post_burn_in,45,51,2.821428571428571,top,0.33461293024088706,600.0,5000
12,atn,post_burn_in,46,52,3.0212158965065945,top,0.5255950563911947,1900.0,5000
13,down_power,creation,1,1,4.096222633405092,intermediate,0.6948283712376079,191.64799094204852,5000
13,down_power,creation,2,2,3.6393002219402106,intermediate,0.9991987925427039,61.50211792228282,5000
13,down_power,creation,3,3,2.0,intermediate,0.046825891725970736,61.413027402190494,5000
13,down_power,creation,4,4,2.0000000000000004,intermediate,0.12712581809334245,2.1531773198948825,5000
13,down_power,creation,5,5,3.7065949821444417,intermediate,0.8890941943464464,68.93191212380721,5000
13,down_power,creation,6,6,2.0000000000000004,intermediate,0.08633681216170463,79.89765589579736,5000
13,down_power,creation,7,7,1.9999999999999996,top,0.2946834528176019,12.954355810276287,5000
13,down_power,creation,8,8,2.0000000000000004,intermediate,0.9063439502910239,10.121140469317925,5000
13,down_power,creation,9,9,2.0,intermediate,0.2848360346954457,7.623466401954265,5000
13,down_power,creation,10,10,1.9999999999999998,intermediate,0.7958421862978966,2.908101636023699,5000
13,down_power,creation,11,11,1.9999999999999996,top,0.8741805491247561,18.517372287702525,5000
13,down_power,creation,12,12,2.0000000000000004,intermediate,0.22187518327898337,14.500422805528563,5000
13,down_power,creation,13,13,2.9999999999999996,intermediate,0.1069431319661237,20.400309439056244,5000
13,down_power,creation,14,14,2.840579710144929,intermediate,0.6763164343980012,79.2513125234568,5000
13,down_power,creation,15,15,1.9999999999999998,intermediate,0.2035817557231724,23.16754606271562,5000
13,down_power,creation,16,16,2.0000000000000004,top,0.3939854551595877,52.589180342781106,5000
13,down_power,creation,17,17,1.9999999999999998,intermediate,0.7113371446352428,63.01033277784213,5000
13,down_power,creation,18,18,2.0000000000000004,intermediate,0.6345434264918514,12.19960651472326,5000
13,down_power,creation,19,19,4.144968410721477,intermediate,0.03384628481567087,205.10445744688516,5000
13,down_power,creation,20,20,4.013954496133657,intermediate,0.8840246983658043,159.0152424985134,5000
13,down_power,creation,21,21,3.9723777038723136,intermediate,0.35705773307409305,174.916843193904,5000
13,down_power,creation,22,22,3.561238306609724,intermediate,0.3956885972120935,68.19228288378157,5000
13,down_power,creation,23,23,3.6902947033746902,intermediate,0.7221839861253485,88.41126873370773,5000
13,down_power,creation,24,24,3.653963403197073,intermediate,0.427413176486517,98.30411722863364,5000
13,down_power,creation,25,25,3.333333333333334,intermediate,0.8761064021958817,22.39329141875155,5000
13,down_power,creation,26,26,2.9999999999999996,intermediate,0.15289598449281683,7.920442467250104,5000
13,down_power,creation,27,27,1.9999999999999998,top,0.9472607462221458,72.60994330381025,5000
13,down_power,creation,28,28,1.9999999999999996,top,0.7758680234514258,75.43001338344473,5000
13,down_power,creation,29,29,2.0000000000000004,intermediate,0.8127922608075216,81.65920544127212,5000
13,down_power,creation,30,30,2.0,intermediate,0.7470401425540779,77.47659284939391,5000
13,down_power,creation,31,31,1.9999999999999998,intermediate,0.47948283237288924,16.513973971785713,5000
13,down_power,creation,32,32,1.9999999999999996,intermediate,0.4249264285531025,35.392067787098675,5000
13,down_power,creation,33,33,2.0,top,0.008055975579239871,63.22532318712106,5000
13,down_power,creation,34,34,1.9999999999999996,intermediate,0.0884276791724582,89.66746209881235,5000
13,down_power,creation,35,35,2.9999999999999996,intermediate,0.3139240404467828,85.03298725092743,5000
13,down_power,creation,36,36,3.0,intermediate,0.5333582836814708,14.740313774744441,5000
13,down_power,creation,37,37,1.0,basal,0.7863543032189907,0.6,5000
13,down_power,creation,38,38,1.0,basal,0.39961174858542237,1.9,5000
13,down_power,creation,39,39,1.0,basal,0.5621714250970625,6.0,5000
13,down_power,creation,40,40,1.0,basal,0.223372542402427,19.0,5000
13,down_power,creation,41,41,1.0,basal,0.6945754867005274,60.0,5000
13,down_power,creation,42,42,1.0,basal,0.24808517609235392,190.0,5000
13,down_power,creation,43,43,1.0,basal,0.5417546684976827,600.0,5000
13,down_power,creation,44,44,1.0,basal,0.8936127167380883,1900.0,5000
13,down_power,creation,45,45,1.9999999999999996,intermediate,0.876007199678711,0.6,5000
13,down_power,creation,46,46,2.0,intermediate,0.5996882844970736,1.9,5000
13,down_power,creation,47,47,1.9999999999999996,intermediate,0.4358168761979909,6.0,5000
13,down_power,creation,48,48,1.9999999999999996,intermediate,0.15300937844856854,19.0,5000
13,down_power,creation,49,49,1.9999999999999998,intermediate,0.798235349874186,60.0,5000
13,down_power,creation,50,50,2.0000000000000004,intermediate,0.9278162572342029,190.0,5000
13,down_power,creation,51,51,2.0,intermediate,0.2365052998924949,600.0,5000
13,down_power,creation,52,52,2.0,intermediate,0.35332573168212067,1900.0,5000
13,metaweb,creation,1,1,4.0613354240613635,intermediate,0.6948283712376079,191.64799094204852,5000
13,metaweb,creation,2,2,3.5954723098103645,intermediate,0.9991987925427039,61.50211792228282,5000
13,metaweb,creation,3,3,2.0,intermediate,0.046825891725970736,61.413027402190494,5000
13,metaweb,creation,4,4,2.0,intermediate,0.12712581809334245,2.1531773198948825,5000
13,metaweb,creation,5,5,3.5954723098103667,intermediate,0.8890941943464464,68.93191212380721,5000
13,metaweb,creation,6,6,2.0,intermediate,0.08633681216170463,79.89765589579736,5000
13,metaweb,creation,7,7,2.0,top,0.2946834528176019,12.954355810276287,5000
13,metaweb,creation,8,8,2.0,intermediate,0.9063439502910239,10.121140469317925,5000
13,metaweb,creation,9,9,2.0,intermediate,0.2848360346954457,7.623466401954265,5000
13,metaweb,creation,10,10,2.0,intermediate,0.7958421862978966,2.908101636023699,5000
13,metaweb,creation,11,11,2.0,top,0.8741805491247561,18.517372287702525,5000
13,metaweb,creation,12,12,2.0,intermediate,0.22187518327898337,14.500422805528563,5000
13,metaweb,creation,13,13,3.0,intermediate,0.1069431319661237,20.400309439056244,5000
13,metaweb,creation,14,14,2.8392621870882753,intermediate,0.6763164343980012,79.2513125234568,5000
13,metaweb,creation,15,15,2.0,intermediate,0.2035817557231724,23.16754606271562,5000
13,metaweb,creation,16,16,2.0,top,0.3939854551595877,52.589180342781106,5000
13,metaweb,creation,17,17,2.0,intermediate,0.7113371446352428,63.01033277784213,5000
13,metaweb,creation,18,18,2.0,intermediate,0.6345434264918514,12.19960651472326,5000
13,metaweb,creation,19,19,4.0613354240613635,intermediate,0.03384628481567087,205.10445744688516,5000
13,metaweb,creation,20,20,4.061335424061364,intermediate,0.8840246983658043,159.0152424985134,5000
13,metaweb,creation,21,21,4.061335424061364,intermediate,0.35705773307409305,174.916843193904,5000
13,metaweb,creation,22,22,3.5954723098103636,intermediate,0.3956885972120935,68.19228288378157,5000
13,metaweb,creation,23,23,3.5954723098103654,intermediate,0.7221839861253485,88.41126873370773,5000
13,metaweb,creation,24,24,3.5762090864680016,intermediate,0.427413176486517,98.30411722863364,5000
13,metaweb,creation,25,25,3.303030303030302,intermediate,0.8761064021958817,22.39329141875155,5000
13,metaweb,creation,26,26,3.3333333333333335,intermediate,0.15289598449281683,7.920442467250104,5000
13,metaweb,creation,27,27,2.0,top,0.9472607462221458,72.60994330381025,5000
13,metaweb,creation,28,28,2.0,top,0.7758680234514258,75.43001338344473,5000
13,metaweb,creation,29,29,2.0,intermediate,0.8127922608075216,81.65920544127212,5000
13,metaweb,creation,30,30,2.0,intermediate,0.7470401425540779,77.47659284939391,5000
13,metaweb,creation,31,31,2.0,intermediate,0.47948283237288924,16.513973971785713,5000
13,metaweb,creation,32,32,2.0,intermediate,0.4249264285531025,35.392067787098675,5000
13,metaweb,creation,33,33,2.0,top,0.008055975579239871,63.22532318712106,5000
13,metaweb,creation,34,34,2.0,intermediate,0.0884276791724582,89.66746209881235,5000
13,metaweb,creation,35,35,3.0,intermediate,0.3139240404467828,85.03298725092743,5000
13,metaweb,creation,36,36,3.0,intermediate,0.5333582836814708,14.740313774744441,5000
13,metaweb,creation,37,37,1.0,basal,0.7863543032189907,0.6,5000
13,metaweb,creation,38,38,1.0,basal,0.39961174858542237,1.9,5000
13,metaweb,creation,39,39,1.0,basal,0.5621714250970625,6.0,5000
13,metaweb,creation,40,40,1.0,basal,0.223372542402427,19.0,5000
13,metaweb,creation,41,41,1.0,basal,0.6945754867005274,60.0,5000
13,metaweb,creation,42,42,1.0,basal,0.24808517609235392,190.0,5000
13,metaweb,creation,43,43,1.0,basal,0.5417546684976827,600.0,5000
13,metaweb,creation,44,44,1.0,basal,0.8936127167380883,1900.0,5000
13,metaweb,creation,45,45,2.0,intermediate,0.876007199678711,0.6,5000
13,metaweb,creation,46,46,2.0,intermediate,0.5996882844970736,1.9,5000
13,metaweb,creation,47,47,2.0,intermediate,0.4358168761979909,6.0,5000
13,metaweb,creation,48,48,2.0,intermediate,0.15300937844856854,19.0,5000
13,metaweb,creation,49,49,2.0,intermediate,0.798235349874186,60.0,5000
13,metaweb,creation,50,50,2.0,intermediate,0.9278162572342029,190.0,5000
13,metaweb,creation,51,51,2.0,intermediate,0.2365052998924949,600.0,5000
13,metaweb,creation,52,52,2.0,intermediate,0.35332573168212067,1900.0,5000
13,niche,creation,1,1,4.318645716423494,intermediate,0.6948283712376079,191.64799094204852,5000
13,niche,creation,2,2,4.325166576570804,intermediate,0.9991987925427039,61.50211792228282,5000
13,niche,creation,3,3,4.7388148125668375,intermediate,0.046825891725970736,61.413027402190494,5000
13,niche,creation,4,4,4.909492195594096,intermediate,0.12712581809334245,2.1531773198948825,5000
13,niche,creation,5,5,2.925925925925926,intermediate,0.8890941943464464,68.93191212380721,5000
13,niche,creation,6,6,4.677934772691804,intermediate,0.08633681216170463,79.89765589579736,5000
13,niche,creation,7,7,4.80427887885132,intermediate,0.2946834528176019,12.954355810276287,5000
13,niche,creation,8,8,2.8095238095238093,intermediate,0.9063439502910239,10.121140469317925,5000
13,niche,creation,9,9,4.437515878779496,intermediate,0.2848360346954457,7.623466401954265,5000
13,niche,creation,10,10,3.427128989702089,intermediate,0.7958421862978966,2.908101636023699,5000
13,niche,creation,11,11,1.0,basal,0.8741805491247561,18.517372287702525,5000
13,niche,creation,12,12,4.539478790499467,intermediate,0.22187518327898337,14.500422805528563,5000
13,niche,creation,13,13,4.429501028806584,intermediate,0.1069431319661237,20.400309439056244,5000
13,niche,creation,14,14,1.0,basal,0.6763164343980012,79.2513125234568,5000
13,niche,creation,15,15,4.768952881155591,intermediate,0.2035817557231724,23.16754606271562,5000
13,niche,creation,16,16,3.8656394225479196,intermediate,0.3939854551595877,52.589180342781106,5000
13,niche,creation,17,17,3.6725939129860694,intermediate,0.7113371446352428,63.01033277784213,5000
13,niche,creation,18,18,4.045599705883878,intermediate,0.6345434264918514,12.19960651472326,5000
13,niche,creation,19,19,1.0,basal,0.03384628481567087,205.10445744688516,5000
13,niche,creation,20,20,3.1598297792742236,intermediate,0.8840246983658043,159.0152424985134,5000
13,niche,creation,21,21,3.1598297792742236,intermediate,0.35705773307409305,174.916843193904,5000
13,niche,creation,22,22,5.095165433372404,intermediate,0.3956885972120935,68.19228288378157,5000
13,niche,creation,23,23,3.481481481481481,intermediate,0.7221839861253485,88.41126873370773,5000
13,niche,creation,24,24,4.83444535421006,intermediate,0.427413176486517,98.30411722863364,5000
13,niche,creation,25,25,4.3749439425256424,intermediate,0.8761064021958817,22.39329141875155,5000
13,niche,creation,26,26,4.67259391298607,intermediate,0.15289598449281683,7.920442467250104,5000
13,niche,creation,27,27,3.0158730158730154,intermediate,0.9472607462221458,72.60994330381025,5000
13,niche,creation,28,28,3.6725939129860694,intermediate,0.7758680234514258,75.43001338344473,5000
13,niche,creation,29,29,4.0005424616535725,intermediate,0.8127922608075216,81.65920544127212,5000
13,niche,creation,30,30,4.205555555555556,intermediate,0.7470401425540779,77.47659284939391,5000
13,niche,creation,31,31,3.6725939129860694,intermediate,0.47948283237288924,16.513973971785713,5000
13,niche,creation,32,32,4.318645716423494,intermediate,0.4249264285531025,35.392067787098675,5000
13,niche,creation,33,33,3.9111111111111114,intermediate,0.008055975579239871,63.22532318712106,5000
13,niche,creation,34,34,2.5,intermediate,0.0884276791724582,89.66746209881235,5000
13,niche,creation,35,35,2.9111111111111114,intermediate,0.3139240404467828,85.03298725092743,5000
13,niche,creation,36,36,4.395781893004114,intermediate,0.5333582836814708,14.740313774744441,5000
13,niche,creation,37,37,3.2638888888888884,intermediate,0.7863543032189907,0.6,5000
13,niche,creation,38,38,3.0123456790123453,intermediate,0.39961174858542237,1.9,5000
13,niche,creation,39,39,3.0101010101010095,intermediate,0.5621714250970625,6.0,5000
13,niche,creation,40,40,1.0,basal,0.223372542402427,19.0,5000
13,niche,creation,41,41,3.5277777777777772,intermediate,0.6945754867005274,60.0,5000
13,niche,creation,42,42,1.0,basal,0.24808517609235392,190.0,5000
13,niche,creation,43,43,2.916666666666666,intermediate,0.5417546684976827,600.0,5000
13,niche,creation,44,44,2.6666666666666665,intermediate,0.8936127167380883,1900.0,5000
13,niche,creation,45,45,1.0,basal,0.876007199678711,0.6,5000
13,niche,creation,46,46,1.0,basal,0.5996882844970736,1.9,5000
13,niche,creation,47,47,2.0,intermediate,0.4358168761979909,6.0,5000
13,niche,creation,48,48,3.0,intermediate,0.15300937844856854,19.0,5000
13,niche,creation,49,49,1.0,basal,0.798235349874186,60.0,5000
13,niche,creation,50,50,2.0,intermediate,0.9278162572342029,190.0,5000
13,niche,creation,51,51,2.0,intermediate,0.2365052998924949,600.0,5000
13,niche,creation,52,52,1.0,basal,0.35332573168212067,1900.0,5000
13,down_rand,creation,1,1,3.7817275260839023,intermediate,0.6948283712376079,191.64799094204852,5000
13,down_rand,creation,2,2,3.5213609757718323,intermediate,0.9991987925427039,61.50211792228282,5000
13,down_rand,creation,3,3,1.9999999999999998,intermediate,0.046825891725970736,61.413027402190494,5000
13,down_rand,creation,4,4,1.9999999999999996,intermediate,0.12712581809334245,2.1531773198948825,5000
13,down_rand,creation,5,5,3.4452929269832406,intermediate,0.8890941943464464,68.93191212380721,5000
13,down_rand,creation,6,6,2.0000000000000004,intermediate,0.08633681216170463,79.89765589579736,5000
13,down_rand,creation,7,7,1.9999999999999996,top,0.2946834528176019,12.954355810276287,5000
13,down_rand,creation,8,8,1.9999999999999996,intermediate,0.9063439502910239,10.121140469317925,5000
13,down_rand,creation,9,9,2.0,intermediate,0.2848360346954457,7.623466401954265,5000
13,down_rand,creation,10,10,1.9999999999999996,intermediate,0.7958421862978966,2.908101636023699,5000
13,down_rand,creation,11,11,1.9999999999999996,top,0.8741805491247561,18.517372287702525,5000
13,down_rand,creation,12,12,1.9999999999999998,intermediate,0.22187518327898337,14.500422805528563,5000
13,down_rand,creation,13,13,3.0,intermediate,0.1069431319661237,20.400309439056244,5000
13,down_rand,creation,14,14,2.8235294117647056,intermediate,0.6763164343980012,79.2513125234568,5000
13,down_rand,creation,15,15,2.0000000000000004,intermediate,0.2035817557231724,23.16754606271562,5000
13,down_rand,creation,16,16,2.0000000000000004,top,0.3939854551595877,52.589180342781106,5000
13,down_rand,creation,17,17,2.0,intermediate,0.7113371446352428,63.01033277784213,5000
13,down_rand,creation,18,18,1.9999999999999996,intermediate,0.6345434264918514,12.19960651472326,5000
13,down_rand,creation,19,19,4.027080643587577,intermediate,0.03384628481567087,205.10445744688516,5000
13,down_rand,creation,20,20,4.025619251058033,intermediate,0.8840246983658043,159.0152424985134,5000
13,down_rand,creation,21,21,3.997472506424663,intermediate,0.35705773307409305,174.916843193904,5000
13,down_rand,creation,22,22,3.552575422722485,intermediate,0.3956885972120935,68.19228288378157,5000
13,down_rand,creation,23,23,3.593074492062386,intermediate,0.7221839861253485,88.41126873370773,5000
13,down_rand,creation,24,24,3.667794111527727,intermediate,0.427413176486517,98.30411722863364,5000
13,down_rand,creation,25,25,3.416666666666667,intermediate,0.8761064021958817,22.39329141875155,5000
13,down_rand,creation,26,26,3.3333333333333344,intermediate,0.15289598449281683,7.920442467250104,5000
13,down_rand,creation,27,27,2.0000000000000004,top,0.9472607462221458,72.60994330381025,5000
13,down_rand,creation,28,28,1.9999999999999998,top,0.7758680234514258,75.43001338344473,5000
13,down_rand,creation,29,29,1.9999999999999996,intermediate,0.8127922608075216,81.65920544127212,5000
13,down_rand,creation,30,30,2.0000000000000004,intermediate,0.7470401425540779,77.47659284939391,5000
13,down_rand,creation,31,31,1.9999999999999998,intermediate,0.47948283237288924,16.513973971785713,5000
13,down_rand,creation,32,32,2.0000000000000004,intermediate,0.4249264285531025,35.392067787098675,5000
13,down_rand,creation,33,33,2.0000000000000004,top,0.008055975579239871,63.22532318712106,5000
13,down_rand,creation,34,34,1.9999999999999996,intermediate,0.0884276791724582,89.66746209881235,5000
13,down_rand,creation,35,35,3.0,intermediate,0.3139240404467828,85.03298725092743,5000
13,down_rand,creation,36,36,2.999999999999999,intermediate,0.5333582836814708,14.740313774744441,5000
13,down_rand,creation,37,37,1.0,basal,0.7863543032189907,0.6,5000
13,down_rand,creation,38,38,1.0,basal,0.39961174858542237,1.9,5000
13,down_rand,creation,39,39,1.0,basal,0.5621714250970625,6.0,5000
13,down_rand,creation,40,40,1.0,basal,0.223372542402427,19.0,5000
13,down_rand,creation,41,41,1.0,basal,0.6945754867005274,60.0,5000
13,down_rand,creation,42,42,1.0,basal,0.24808517609235392,190.0,5000
13,down_rand,creation,43,43,1.0,basal,0.5417546684976827,600.0,5000
13,down_rand,creation,44,44,1.0,basal,0.8936127167380883,1900.0,5000
13,down_rand,creation,45,45,1.9999999999999996,intermediate,0.876007199678711,0.6,5000
13,down_rand,creation,46,46,1.9999999999999998,intermediate,0.5996882844970736,1.9,5000
13,down_rand,creation,47,47,2.0000000000000004,intermediate,0.4358168761979909,6.0,5000
13,down_rand,creation,48,48,2.0000000000000004,intermediate,0.15300937844856854,19.0,5000
13,down_rand,creation,49,49,2.0000000000000004,intermediate,0.798235349874186,60.0,5000
13,down_rand,creation,50,50,1.9999999999999996,intermediate,0.9278162572342029,190.0,5000
13,down_rand,creation,51,51,1.9999999999999996,intermediate,0.2365052998924949,600.0,5000
13,down_rand,creation,52,52,1.9999999999999996,intermediate,0.35332573168212067,1900.0,5000
13,down_link,creation,1,1,4.260453338771167,intermediate,0.6948283712376079,191.64799094204852,5000
13,down_link,creation,2,2,3.627616652334226,intermediate,0.9991987925427039,61.50211792228282,5000
13,down_link,creation,3,3,2.0,intermediate,0.046825891725970736,61.413027402190494,5000
13,down_link,creation,4,4,1.9999999999999996,intermediate,0.12712581809334245,2.1531773198948825,5000
13,down_link,creation,5,5,3.662484244130571,intermediate,0.8890941943464464,68.93191212380721,5000
13,down_link,creation,6,6,2.0000000000000004,intermediate,0.08633681216170463,79.89765589579736,5000
13,down_link,creation,7,7,1.9999999999999996,top,0.2946834528176019,12.954355810276287,5000
13,down_link,creation,8,8,2.0000000000000004,intermediate,0.9063439502910239,10.121140469317925,5000
13,down_link,creation,9,9,1.9999999999999996,intermediate,0.2848360346954457,7.623466401954265,5000
13,down_link,creation,10,10,2.0000000000000004,intermediate,0.7958421862978966,2.908101636023699,5000
13,down_link,creation,11,11,1.9999999999999998,top,0.8741805491247561,18.517372287702525,5000
13,down_link,creation,12,12,1.9999999999999998,intermediate,0.22187518327898337,14.500422805528563,5000
13,down_link,creation,13,13,3.0,intermediate,0.1069431319661237,20.400309439056244,5000
13,down_link,creation,14,14,2.9583333333333335,intermediate,0.6763164343980012,79.2513125234568,5000
13,down_link,creation,15,15,2.0000000000000004,intermediate,0.2035817557231724,23.16754606271562,5000
13,down_link,creation,16,16,2.0,top,0.3939854551595877,52.589180342781106,5000
13,down_link,creation,17,17,2.0000000000000004,intermediate,0.7113371446352428,63.01033277784213,5000
13,down_link,creation,18,18,2.0000000000000004,intermediate,0.6345434264918514,12.19960651472326,5000
13,down_link,creation,19,19,4.193786672104499,intermediate,0.03384628481567087,205.10445744688516,5000
13,down_link,creation,20,20,4.16328446457883,intermediate,0.8840246983658043,159.0152424985134,5000
13,down_link,creation,21,21,4.070275892761841,intermediate,0.35705773307409305,174.916843193904,5000
13,down_link,creation,22,22,3.5988604726957174,intermediate,0.3956885972120935,68.19228288378157,5000
13,down_link,creation,23,23,3.763687482084449,intermediate,0.7221839861253485,88.41126873370773,5000
13,down_link,creation,24,24,3.608017528772868,intermediate,0.427413176486517,98.30411722863364,5000
13,down_link,creation,25,25,3.333333333333333,intermediate,0.8761064021958817,22.39329141875155,5000
13,down_link,creation,26,26,3.333333333333334,intermediate,0.15289598449281683,7.920442467250104,5000
13,down_link,creation,27,27,2.0000000000000004,top,0.9472607462221458,72.60994330381025,5000
13,down_link,creation,28,28,2.0000000000000004,top,0.7758680234514258,75.43001338344473,5000
13,down_link,creation,29,29,2.0000000000000004,intermediate,0.8127922608075216,81.65920544127212,5000
13,down_link,creation,30,30,2.0,intermediate,0.7470401425540779,77.47659284939391,5000
13,down_link,creation,31,31,2.0000000000000004,intermediate,0.47948283237288924,16.513973971785713,5000
13,down_link,creation,32,32,2.0,intermediate,0.4249264285531025,35.392067787098675,5000
13,down_link,creation,33,33,2.0,top,0.008055975579239871,63.22532318712106,5000
13,down_link,creation,34,34,2.0000000000000004,intermediate,0.0884276791724582,89.66746209881235,5000
13,down_link,creation,35,35,3.0,intermediate,0.3139240404467828,85.03298725092743,5000
13,down_link,creation,36,36,2.9999999999999996,intermediate,0.5333582836814708,14.740313774744441,5000
13,down_link,creation,37,37,1.0,basal,0.7863543032189907,0.6,5000
13,down_link,creation,38,38,1.0,basal,0.39961174858542237,1.9,5000
13,down_link,creation,39,39,1.0,basal,0.5621714250970625,6.0,5000
13,down_link,creation,40,40,1.0,basal,0.223372542402427,19.0,5000
13,down_link,creation,41,41,1.0,basal,0.6945754867005274,60.0,5000
13,down_link,creation,42,42,1.0,basal,0.24808517609235392,190.0,5000
13,down_link,creation,43,43,1.0,basal,0.5417546684976827,600.0,5000
13,down_link,creation,44,44,1.0,basal,0.8936127167380883,1900.0,5000
13,down_link,creation,45,45,2.0000000000000004,intermediate,0.876007199678711,0.6,5000
13,down_link,creation,46,46,1.9999999999999998,intermediate,0.5996882844970736,1.9,5000
13,down_link,creation,47,47,2.0000000000000004,intermediate,0.4358168761979909,6.0,5000
13,down_link,creation,48,48,2.0000000000000004,intermediate,0.15300937844856854,19.0,5000
13,down_link,creation,49,49,2.0000000000000004,intermediate,0.798235349874186,60.0,5000
13,down_link,creation,50,50,2.0000000000000004,intermediate,0.9278162572342029,190.0,5000
13,down_link,creation,51,51,2.0,intermediate,0.2365052998924949,600.0,5000
13,down_link,creation,52,52,1.9999999999999998,intermediate,0.35332573168212067,1900.0,5000
13,down_niche,creation,1,1,3.7706446865100713,intermediate,0.6948283712376079,191.64799094204852,5000
13,down_niche,creation,2,2,3.501206879905104,intermediate,0.9991987925427039,61.50211792228282,5000
13,down_niche,creation,3,3,2.0,intermediate,0.046825891725970736,61.413027402190494,5000
13,down_niche,creation,4,4,1.9999999999999996,intermediate,0.12712581809334245,2.1531773198948825,5000
13,down_niche,creation,5,5,3.632717709640786,intermediate,0.8890941943464464,68.93191212380721,5000
13,down_niche,creation,6,6,2.0,intermediate,0.08633681216170463,79.89765589579736,5000
13,down_niche,creation,7,7,2.0,top,0.2946834528176019,12.954355810276287,5000
13,down_niche,creation,8,8,1.9999999999999996,intermediate,0.9063439502910239,10.121140469317925,5000
13,down_niche,creation,9,9,2.0,intermediate,0.2848360346954457,7.623466401954265,5000
13,down_niche,creation,10,10,2.0,intermediate,0.7958421862978966,2.908101636023699,5000
13,down_niche,creation,11,11,1.9999999999999996,top,0.8741805491247561,18.517372287702525,5000
13,down_niche,creation,12,12,2.0,intermediate,0.22187518327898337,14.500422805528563,5000
13,down_niche,creation,13,13,3.0,intermediate,0.1069431319661237,20.400309439056244,5000
13,down_niche,creation,14,14,2.666666666666666,intermediate,0.6763164343980012,79.2513125234568,5000
13,down_niche,creation,15,15,2.0,intermediate,0.2035817557231724,23.16754606271562,5000
13,down_niche,creation,16,16,2.0,top,0.3939854551595877,52.589180342781106,5000
13,down_niche,creation,17,17,2.0,intermediate,0.7113371446352428,63.01033277784213,5000
13,down_niche,creation,18,18,2.0,intermediate,0.6345434264918514,12.19960651472326,5000
13,down_niche,creation,19,19,4.223556709323164,intermediate,0.03384628481567087,205.10445744688516,5000
13,down_niche,creation,20,20,4.077103663512686,intermediate,0.8840246983658043,159.0152424985134,5000
13,down_niche,creation,21,21,3.6435508935508927,intermediate,0.35705773307409305,174.916843193904,5000
13,down_niche,creation,22,22,3.487418564341639,intermediate,0.3956885972120935,68.19228288378157,5000
13,down_niche,creation,23,23,3.22222222222222,intermediate,0.7221839861253485,88.41126873370773,5000
13,down_niche,creation,24,24,3.347815892194589,intermediate,0.427413176486517,98.30411722863364,5000
13,down_niche,creation,25,25,2.9999999999999982,intermediate,0.8761064021958817,22.39329141875155,5000
13,down_niche,creation,26,26,2.9999999999999996,top,0.15289598449281683,7.920442467250104,5000
13,down_niche,creation,27,27,1.9999999999999996,top,0.9472607462221458,72.60994330381025,5000
13,down_niche,creation,28,28,1.9999999999999996,top,0.7758680234514258,75.43001338344473,5000
13,down_niche,creation,29,29,1.9999999999999996,intermediate,0.8127922608075216,81.65920544127212,5000
13,down_niche,creation,30,30,2.0,intermediate,0.7470401425540779,77.47659284939391,5000
13,down_niche,creation,31,31,1.9999999999999996,intermediate,0.47948283237288924,16.513973971785713,5000
13,down_niche,creation,32,32,1.9999999999999996,intermediate,0.4249264285531025,35.392067787098675,5000
13,down_niche,creation,33,33,1.9999999999999996,top,0.008055975579239871,63.22532318712106,5000
13,down_niche,creation,34,34,2.0,intermediate,0.0884276791724582,89.66746209881235,5000
13,down_niche,creation,35,35,3.0,intermediate,0.3139240404467828,85.03298725092743,5000
13,down_niche,creation,36,36,3.0,intermediate,0.5333582836814708,14.740313774744441,5000
13,down_niche,creation,37,37,1.0,basal,0.7863543032189907,0.6,5000
13,down_niche,creation,38,38,1.0,basal,0.39961174858542237,1.9,5000
13,down_niche,creation,39,39,1.0,basal,0.5621714250970625,6.0,5000
13,down_niche,creation,40,40,1.0,basal,0.223372542402427,19.0,5000
13,down_niche,creation,41,41,1.0,basal,0.6945754867005274,60.0,5000
13,down_niche,creation,42,42,1.0,basal,0.24808517609235392,190.0,5000
13,down_niche,creation,43,43,1.0,basal,0.5417546684976827,600.0,5000
13,down_niche,creation,44,44,1.0,basal,0.8936127167380883,1900.0,5000
13,down_niche,creation,45,45,2.0,intermediate,0.876007199678711,0.6,5000
13,down_niche,creation,46,46,2.0,intermediate,0.5996882844970736,1.9,5000
13,down_niche,creation,47,47,1.9999999999999996,intermediate,0.4358168761979909,6.0,5000
13,down_niche,creation,48,48,2.0,intermediate,0.15300937844856854,19.0,5000
13,down_niche,creation,49,49,2.0,intermediate,0.798235349874186,60.0,5000
13,down_niche,creation,50,50,2.0,intermediate,0.9278162572342029,190.0,5000
13,down_niche,creation,51,51,2.0,intermediate,0.2365052998924949,600.0,5000
13,down_niche,creation,52,52,2.0,intermediate,0.35332573168212067,1900.0,5000
13,atn,creation,1,1,2.5789473684210513,top,0.6948283712376079,191.64799094204852,5000
13,atn,creation,2,2,2.125,intermediate,0.9991987925427039,61.50211792228282,5000
13,atn,creation,3,3,2.125,intermediate,0.046825891725970736,61.413027402190494,5000
13,atn,creation,4,4,1.0,basal,0.12712581809334245,2.1531773198948825,5000
13,atn,creation,5,5,2.125,intermediate,0.8890941943464464,68.93191212380721,5000
13,atn,creation,6,6,2.3000000000000007,intermediate,0.08633681216170463,79.89765589579736,5000
13,atn,creation,7,7,2.0,intermediate,0.2946834528176019,12.954355810276287,5000
13,atn,creation,8,8,2.0,intermediate,0.9063439502910239,10.121140469317925,5000
13,atn,creation,9,9,2.0,intermediate,0.2848360346954457,7.623466401954265,5000
13,atn,creation,10,10,1.0,basal,0.7958421862978966,2.908101636023699,5000
13,atn,creation,11,11,2.0,intermediate,0.8741805491247561,18.517372287702525,5000
13,atn,creation,12,12,2.0,intermediate,0.22187518327898337,14.500422805528563,5000
13,atn,creation,13,13,2.0,intermediate,0.1069431319661237,20.400309439056244,5000
13,atn,creation,14,14,2.3000000000000007,intermediate,0.6763164343980012,79.2513125234568,5000
13,atn,creation,15,15,1.9999999999999998,intermediate,0.2035817557231724,23.16754606271562,5000
13,atn,creation,16,16,2.0000000000000004,intermediate,0.3939854551595877,52.589180342781106,5000
13,atn,creation,17,17,2.125,intermediate,0.7113371446352428,63.01033277784213,5000
13,atn,creation,18,18,2.0,intermediate,0.6345434264918514,12.19960651472326,5000
13,atn,creation,19,19,2.6000000000000005,top,0.03384628481567087,205.10445744688516,5000
13,atn,creation,20,20,2.533333333333333,intermediate,0.8840246983658043,159.0152424985134,5000
13,atn,creation,21,21,2.5625,intermediate,0.35705773307409305,174.916843193904,5000
13,atn,creation,22,22,2.125,intermediate,0.3956885972120935,68.19228288378157,5000
13,atn,creation,23,23,2.3000000000000007,intermediate,0.7221839861253485,88.41126873370773,5000
13,atn,creation,24,24,2.3000000000000007,intermediate,0.427413176486517,98.30411722863364,5000
13,atn,creation,25,25,1.9999999999999998,intermediate,0.8761064021958817,22.39329141875155,5000
13,atn,creation,26,26,2.0,intermediate,0.15289598449281683,7.920442467250104,5000
13,atn,creation,27,27,2.125,intermediate,0.9472607462221458,72.60994330381025,5000
13,atn,creation,28,28,2.125,intermediate,0.7758680234514258,75.43001338344473,5000
13,atn,creation,29,29,2.3000000000000007,intermediate,0.8127922608075216,81.65920544127212,5000
13,atn,creation,30,30,2.2222222222222223,intermediate,0.7470401425540779,77.47659284939391,5000
13,atn,creation,31,31,2.0,intermediate,0.47948283237288924,16.513973971785713,5000
13,atn,creation,32,32,2.0000000000000004,intermediate,0.4249264285531025,35.392067787098675,5000
13,atn,creation,33,33,2.125,intermediate,0.008055975579239871,63.22532318712106,5000
13,atn,creation,34,34,2.3000000000000007,intermediate,0.0884276791724582,89.66746209881235,5000
13,atn,creation,35,35,2.3000000000000007,intermediate,0.3139240404467828,85.03298725092743,5000
13,atn,creation,36,36,2.0,intermediate,0.5333582836814708,14.740313774744441,5000
13,atn,creation,37,37,1.0,basal,0.7863543032189907,0.6,5000
13,atn,creation,38,38,1.0,basal,0.39961174858542237,1.9,5000
13,atn,creation,39,39,1.0,basal,0.5621714250970625,6.0,5000
13,atn,creation,40,40,1.0,basal,0.223372542402427,19.0,5000
13,atn,creation,41,41,1.0,basal,0.6945754867005274,60.0,5000
13,atn,creation,42,42,1.0,basal,0.24808517609235392,190.0,5000
13,atn,creation,43,43,1.0,isolated,0.5417546684976827,600.0,5000
13,atn,creation,44,44,1.0,isolated,0.8936127167380883,1900.0,5000
13,atn,creation,45,45,1.0,basal,0.876007199678711,0.6,5000
13,atn,creation,46,46,1.0,basal,0.5996882844970736,1.9,5000
13,atn,creation,47,47,2.0,intermediate,0.4358168761979909,6.0,5000
13,atn,creation,48,48,2.0,intermediate,0.15300937844856854,19.0,5000
13,atn,creation,49,49,2.125,intermediate,0.798235349874186,60.0,5000
13,atn,creation,50,50,2.5789473684210518,intermediate,0.9278162572342029,190.0,5000
13,atn,creation,51,51,2.7135416666666674,top,0.2365052998924949,600.0,5000
13,atn,creation,52,52,3.0280500730994153,top,0.35332573168212067,1900.0,5000
13,down_power,post_burn_in,1,8,2.0000000000000004,top,0.024928628846486712,10.121140469317925,5000
13,down_power,post_burn_in,2,9,2.0,intermediate,0.08815471208996459,7.623466401954265,5000
13,down_power,post_burn_in,3,10,1.9999999999999998,intermediate,0.17155147151745953,2.908101636023699,5000
13,down_power,post_burn_in,4,13,3.0000000000000004,top,0.013665224013446048,20.400309439056244,5000
13,down_power,post_burn_in,5,26,3.0,top,0.12821580903626575,7.920442467250104,5000
13,down_power,post_burn_in,6,31,1.9999999999999998,top,1.8999061835029544e-8,16.513973971785713,5000
13,down_power,post_burn_in,7,37,1.0,basal,0.20880008316495524,0.6,5000
13,down_power,post_burn_in,8,38,1.0,basal,0.1727736386126741,1.9,5000
13,down_power,post_burn_in,9,39,1.0,basal,0.35622246957652065,6.0,5000
13,down_power,post_burn_in,10,40,1.0,basal,0.10616382184086924,19.0,5000
13,down_power,post_burn_in,11,41,1.0,basal,0.07702543569562349,60.0,5000
13,down_power,post_burn_in,12,42,1.0,basal,0.07618288282141085,190.0,5000
13,down_power,post_burn_in,13,43,1.0,basal,0.05073109077444646,600.0,5000
13,down_power,post_burn_in,14,44,1.0,basal,0.038969258734735654,1900.0,5000
13,down_power,post_burn_in,15,45,1.9999999999999998,intermediate,0.3647464470465156,0.6,5000
13,down_power,post_burn_in,16,46,2.0,intermediate,0.11051761019406238,1.9,5000
13,down_power,post_burn_in,17,47,1.9999999999999998,top,2.3648461587055195e-8,6.0,5000
13,metaweb,post_burn_in,1,3,2.0,top,0.019386982914225,61.413027402190494,5000
13,metaweb,post_burn_in,2,4,2.0,top,0.0331156197435899,2.1531773198948825,5000
13,metaweb,post_burn_in,3,6,2.0,top,0.028705127441127954,79.89765589579736,5000
13,metaweb,post_burn_in,4,7,2.0,top,0.17200175857536976,12.954355810276287,5000
13,metaweb,post_burn_in,5,8,2.0,top,0.08813280694174923,10.121140469317925,5000
13,metaweb,post_burn_in,6,9,2.0,top,0.04398484244469323,7.623466401954265,5000
13,metaweb,post_burn_in,7,10,2.0,top,0.05298652601815111,2.908101636023699,5000
13,metaweb,post_burn_in,8,11,2.0,top,0.5102444345761814,18.517372287702525,5000
13,metaweb,post_burn_in,9,12,2.0,top,0.05821378388285376,14.500422805528563,5000
13,metaweb,post_burn_in,10,15,2.0,top,0.05595367783261366,23.16754606271562,5000
13,metaweb,post_burn_in,11,16,2.0,top,0.22996266160395928,52.589180342781106,5000
13,metaweb,post_burn_in,12,17,2.0,top,0.057467155415015646,63.01033277784213,5000
13,metaweb,post_burn_in,13,18,2.0,top,0.08226229258046658,12.19960651472326,5000
13,metaweb,post_burn_in,14,27,2.0,top,0.552900112381082,72.60994330381025,5000
13,metaweb,post_burn_in,15,28,2.0,top,0.4528610723816284,75.43001338344473,5000
13,metaweb,post_burn_in,16,29,2.0,top,0.05847754446583725,81.65920544127212,5000
13,metaweb,post_burn_in,17,30,2.0,top,0.05784986223146809,77.47659284939391,5000
13,metaweb,post_burn_in,18,31,2.0,top,0.07674941290003529,16.513973971785713,5000
13,metaweb,post_burn_in,19,32,2.0,top,0.07413897452953391,35.392067787098675,5000
13,metaweb,post_burn_in,20,33,2.0,top,0.004702136999620752,63.22532318712106,5000
13,metaweb,post_burn_in,21,34,2.0,top,0.02909702816848396,89.66746209881235,5000
13,metaweb,post_burn_in,22,37,1.0,basal,0.21361727108472503,0.6,5000
13,metaweb,post_burn_in,23,38,1.0,basal,0.21361727108472503,1.9,5000
13,metaweb,post_burn_in,24,39,1.0,basal,0.21361727108472497,6.0,5000
13,metaweb,post_burn_in,25,40,1.0,basal,0.21361727108472492,19.0,5000
13,metaweb,post_burn_in,26,41,1.0,basal,0.21361727108472497,60.0,5000
13,metaweb,post_burn_in,27,42,1.0,basal,0.21361727108472492,190.0,5000
13,metaweb,post_burn_in,28,43,1.0,basal,0.21361727108472492,600.0,5000
13,metaweb,post_burn_in,29,44,1.0,basal,0.21361727108472503,1900.0,5000
13,metaweb,post_burn_in,30,45,2.0,top,0.1027999111306954,0.6,5000
13,metaweb,post_burn_in,31,46,2.0,top,0.09408369538413586,1.9,5000
13,metaweb,post_burn_in,32,47,2.0,top,0.08544745881536582,6.0,5000
13,metaweb,post_burn_in,33,48,2.0,top,0.052717200118156324,19.0,5000
13,metaweb,post_burn_in,34,49,2.0,top,0.10082480423295959,60.0,5000
13,metaweb,post_burn_in,35,50,2.0,top,0.10396718709368133,190.0,5000
13,metaweb,post_burn_in,36,51,2.0,top,0.06659527840575781,600.0,5000
13,metaweb,post_burn_in,37,52,2.0,top,0.07923348036963597,1900.0,5000
13,niche,post_burn_in,1,2,3.8464862507879127,intermediate,3.0356261228435695e-12,61.50211792228282,5000
13,niche,post_burn_in,2,3,3.6742646882798153,intermediate,0.2280862931228694,61.413027402190494,5000
13,niche,post_burn_in,3,4,3.719086892425611,intermediate,0.3981813772318136,2.1531773198948825,5000
13,niche,post_burn_in,4,5,2.611111111111111,intermediate,0.523458009901192,68.93191212380721,5000
13,niche,post_burn_in,5,6,3.811134157471208,intermediate,0.12133229375844716,79.89765589579736,5000
13,niche,post_burn_in,6,7,4.231861053253209,intermediate,0.04070594983145406,12.954355810276287,5000
13,niche,post_burn_in,7,8,2.6380952380952385,intermediate,0.43958728954769954,10.121140469317925,5000
13,niche,post_burn_in,8,9,3.9110809212573914,intermediate,0.04038044888597115,7.623466401954265,5000
13,niche,post_burn_in,9,10,2.99672514619883,intermediate,0.04438168488220831,2.908101636023699,5000
13,niche,post_burn_in,10,11,1.0,basal,0.9626342178625393,18.517372287702525,5000
13,niche,post_burn_in,11,12,4.113148812855998,intermediate,9.581696333148446e-9,14.500422805528563,5000
13,niche,post_burn_in,12,13,3.721018518518518,intermediate,1.184462533895756e-10,20.400309439056244,5000
13,niche,post_burn_in,13,14,1.0,basal,0.987308412656673,79.2513125234568,5000
13,niche,post_burn_in,14,15,3.59382825420622,intermediate,0.274135481074295,23.16754606271562,5000
13,niche,post_burn_in,15,17,3.1442352941176477,intermediate,6.377102937618498e-9,63.01033277784213,5000
13,niche,post_burn_in,16,18,3.5667841888148804,intermediate,0.016369406359268104,12.19960651472326,5000
13,niche,post_burn_in,17,19,1.0,basal,0.9758236544281275,205.10445744688516,5000
13,niche,post_burn_in,18,20,2.8035802469135795,intermediate,0.29579620241270144,159.0152424985134,5000
13,niche,post_burn_in,19,21,2.8035802469135795,intermediate,0.295796202423953,174.916843193904,5000
13,niche,post_burn_in,20,22,4.602715595297948,intermediate,0.15021732113384145,68.19228288378157,5000
13,niche,post_burn_in,21,23,2.6222222222222222,intermediate,0.3241148575776916,88.41126873370773,5000
13,niche,post_burn_in,22,24,4.39315918982978,intermediate,0.04747939502963925,98.30411722863364,5000
13,niche,post_burn_in,23,27,2.647619047619048,intermediate,0.6690581974968512,72.60994330381025,5000
13,niche,post_burn_in,24,28,3.1442352941176477,intermediate,4.338457289918583e-9,75.43001338344473,5000
13,niche,post_burn_in,25,29,3.4505555555555545,intermediate,9.294906412951424e-11,81.65920544127212,5000
13,niche,post_burn_in,26,30,4.016666666666667,intermediate,0.07316792732430193,77.47659284939391,5000
13,niche,post_burn_in,27,31,3.1442352941176477,intermediate,8.801096227206594e-9,16.513973971785713,5000
13,niche,post_burn_in,28,34,2.5,intermediate,0.281100995993164,89.66746209881235,5000
13,niche,post_burn_in,29,35,2.5333333333333345,intermediate,0.13492030061228913,85.03298725092743,5000
13,niche,post_burn_in,30,36,2.3174074074074076,intermediate,0.0952964911345378,14.740313774744441,5000
13,niche,post_burn_in,31,37,2.461111111111111,intermediate,0.14817945948539232,0.6,5000
13,niche,post_burn_in,32,38,2.5925925925925926,intermediate,0.08292574809831615,1.9,5000
13,niche,post_burn_in,33,39,2.6666666666666665,intermediate,0.12938753881127305,6.0,5000
13,niche,post_burn_in,34,40,1.0,basal,0.7398218177110104,19.0,5000
13,niche,post_burn_in,35,41,1.9222222222222225,intermediate,0.0699021464143722,60.0,5000
13,niche,post_burn_in,36,42,1.0,basal,0.52396362544826,190.0,5000
13,niche,post_burn_in,37,43,1.9444444444444446,intermediate,0.11595699114043766,600.0,5000
13,niche,post_burn_in,38,44,2.6666666666666665,intermediate,0.0028957895049417175,1900.0,5000
13,niche,post_burn_in,39,45,1.0,basal,0.5790854703132308,0.6,5000
13,niche,post_burn_in,40,46,1.0,basal,0.5790854703132311,1.9,5000
13,niche,post_burn_in,41,47,2.0,intermediate,0.11855860919612603,6.0,5000
13,niche,post_burn_in,42,48,1.7999999999999998,intermediate,0.17929217500325537,19.0,5000
13,niche,post_burn_in,43,49,1.0,basal,0.4923618013350466,60.0,5000
13,niche,post_burn_in,44,50,2.0,intermediate,0.08597529118183486,190.0,5000
13,niche,post_burn_in,45,51,2.0,intermediate,0.10012783500989184,600.0,5000
13,niche,post_burn_in,46,52,1.0,basal,0.3711496965867226,1900.0,5000
13,down_rand,post_burn_in,1,4,1.9999999999999996,top,0.17663087797566918,2.1531773198948825,5000
13,down_rand,post_burn_in,2,13,2.999999999999999,top,0.048779609603144446,20.400309439056244,5000
13,down_rand,post_burn_in,3,36,2.9999999999999996,top,2.4158318961362525e-5,14.740313774744441,5000
13,down_rand,post_burn_in,4,37,1.0,basal,0.19772896679967744,0.6,5000
13,down_rand,post_burn_in,5,38,1.0,basal,0.17767663031904274,1.9,5000
13,down_rand,post_burn_in,6,39,1.0,basal,0.12172498072836979,6.0,5000
13,down_rand,post_burn_in,7,40,1.0,basal,0.10833958406863285,19.0,5000
13,down_rand,post_burn_in,8,41,1.0,basal,0.20766420117361906,60.0,5000
13,down_rand,post_burn_in,9,42,1.0,basal,0.055199927961920775,190.0,5000
13,down_rand,post_burn_in,10,43,1.0,basal,0.049168988404462904,600.0,5000
13,down_rand,post_burn_in,11,44,1.0,basal,0.037001004357867004,1900.0,5000
13,down_rand,post_burn_in,12,45,1.9999999999999998,intermediate,0.403362434133965,0.6,5000
13,down_rand,post_burn_in,13,46,2.0,intermediate,0.1125325407550932,1.9,5000
13,down_link,post_burn_in,1,4,1.9999999999999996,intermediate,0.15589168580916662,2.1531773198948825,5000
13,down_link,post_burn_in,2,8,2.0000000000000004,top,5.585013235071968e-12,10.121140469317925,5000
13,down_link,post_burn_in,3,9,1.9999999999999996,intermediate,1.7681091512468815e-11,7.623466401954265,5000
13,down_link,post_burn_in,4,10,2.0000000000000004,intermediate,0.17068877688866477,2.908101636023699,5000
13,down_link,post_burn_in,5,12,1.9999999999999998,top,3.8920503583970067e-11,14.500422805528563,5000
13,down_link,post_burn_in,6,26,1.9999999999999998,intermediate,0.007324149611153526,7.920442467250104,5000
13,down_link,post_burn_in,7,37,1.0,basal,0.2190688241069951,0.6,5000
13,down_link,post_burn_in,8,38,1.0,basal,0.13894159670062745,1.9,5000
13,down_link,post_burn_in,9,39,1.0,basal,0.2553938017252659,6.0,5000
13,down_link,post_burn_in,10,40,1.0,basal,0.10574908576364556,19.0,5000
13,down_link,post_burn_in,11,41,1.0,basal,0.07181602950474565,60.0,5000
13,down_link,post_burn_in,12,42,1.0,basal,0.048549618385866175,190.0,5000
13,down_link,post_burn_in,13,43,1.0,basal,0.24507201381754623,600.0,5000
13,down_link,post_burn_in,14,44,1.0,basal,0.027894156282457283,1900.0,5000
13,down_link,post_burn_in,15,45,2.0,top,0.30570936357946643,0.6,5000
13,down_link,post_burn_in,16,46,2.0,top,0.1918140477685069,1.9,5000
13,down_niche,post_burn_in,1,3,2.0,top,0.05675096900527588,61.413027402190494,5000
13,down_niche,post_burn_in,2,4,1.9999999999999996,top,0.0008383634433565525,2.1531773198948825,5000
13,down_niche,post_burn_in,3,6,2.0,top,0.08816505478192978,79.89765589579736,5000
13,down_niche,post_burn_in,4,7,2.0,top,0.46040030023778783,12.954355810276287,5000
13,down_niche,post_burn_in,5,8,1.9999999999999996,top,0.0012952607167415503,10.121140469317925,5000
13,down_niche,post_burn_in,6,9,2.0,top,0.11096113072181618,7.623466401954265,5000
13,down_niche,post_burn_in,7,10,2.0,top,0.13211295048522706,2.908101636023699,5000
13,down_niche,post_burn_in,8,11,1.9999999999999996,top,0.012601410713472254,18.517372287702525,5000
13,down_niche,post_burn_in,9,12,2.0,top,0.10351617628406287,14.500422805528563,5000
13,down_niche,post_burn_in,10,13,2.9999999999999996,top,9.627066543710613e-10,20.400309439056244,5000
13,down_niche,post_burn_in,11,15,2.0,top,0.10863763144105654,23.16754606271562,5000
13,down_niche,post_burn_in,12,16,2.0,top,0.615545325364052,52.589180342781106,5000
13,down_niche,post_burn_in,13,17,2.0,top,0.17270469342002853,63.01033277784213,5000
13,down_niche,post_burn_in,14,18,2.0,top,0.20399854695959976,12.19960651472326,5000
13,down_niche,post_burn_in,15,27,1.9999999999999996,top,0.013654869954854838,72.60994330381025,5000
13,down_niche,post_burn_in,16,28,1.9999999999999996,top,0.03530512528823414,75.43001338344473,5000
13,down_niche,post_burn_in,17,29,1.9999999999999996,top,0.0012884332299337743,81.65920544127212,5000
13,down_niche,post_burn_in,18,30,2.0,top,0.13771739171428293,77.47659284939391,5000
13,down_niche,post_burn_in,19,31,1.9999999999999996,top,0.002478891244785862,16.513973971785713,5000
13,down_niche,post_burn_in,20,32,1.9999999999999996,top,0.0011237092752786866,35.392067787098675,5000
13,down_niche,post_burn_in,21,33,1.9999999999999996,top,0.00011612779199026456,63.22532318712106,5000
13,down_niche,post_burn_in,22,34,2.0,top,0.07528830607875286,89.66746209881235,5000
13,down_niche,post_burn_in,23,35,2.9999999999999996,top,8.842746292240734e-10,85.03298725092743,5000
13,down_niche,post_burn_in,24,36,2.9999999999999996,top,1.715577809587372e-9,14.740313774744441,5000
13,down_niche,post_burn_in,25,37,1.0,basal,0.2131217870238532,0.6,5000
13,down_niche,post_burn_in,26,38,1.0,basal,0.2131217870238009,1.9,5000
13,down_niche,post_burn_in,27,39,1.0,basal,0.213121787023835,6.0,5000
13,down_niche,post_burn_in,28,40,1.0,basal,0.21312178702383505,19.0,5000
13,down_niche,post_burn_in,29,41,1.0,basal,0.21312178702378734,60.0,5000
13,down_niche,post_burn_in,30,42,1.0,basal,0.21511199464226674,190.0,5000
13,down_niche,post_burn_in,31,43,1.0,basal,0.21312178702380205,600.0,5000
13,down_niche,post_burn_in,32,44,1.0,basal,0.2151168452465348,1900.0,5000
13,down_niche,post_burn_in,33,45,2.0,intermediate,0.17736720441067777,0.6,5000
13,down_niche,post_burn_in,34,46,2.0,intermediate,0.1673333933722353,1.9,5000
13,down_niche,post_burn_in,35,47,1.9999999999999998,intermediate,0.0019931975043009456,6.0,5000
13,down_niche,post_burn_in,36,48,2.0,intermediate,0.10989368353885688,19.0,5000
13,down_niche,post_burn_in,37,49,2.0,intermediate,0.17514602719427602,60.0,5000
13,down_niche,post_burn_in,38,50,2.0,intermediate,0.17866593633536076,190.0,5000
13,down_niche,post_burn_in,39,51,2.0,intermediate,0.13123285691567965,600.0,5000
13,down_niche,post_burn_in,40,52,2.0,intermediate,0.14874598112292486,1900.0,5000
13,atn,post_burn_in,1,1,2.5789473684210527,top,1.5369546856001971e-9,191.64799094204852,5000
13,atn,post_burn_in,2,2,2.125,intermediate,0.39495864458974794,61.50211792228282,5000
13,atn,post_burn_in,3,3,2.125,intermediate,0.3970328981629032,61.413027402190494,5000
13,atn,post_burn_in,4,4,1.0,basal,0.3527998993821253,2.1531773198948825,5000
13,atn,post_burn_in,5,5,2.125,intermediate,0.24099079223530537,68.93191212380721,5000
13,atn,post_burn_in,6,6,2.3000000000000007,intermediate,0.04099815119674218,79.89765589579736,5000
13,atn,post_burn_in,7,7,2.0,intermediate,6.340072558566917e-10,12.954355810276287,5000
13,atn,post_burn_in,8,8,2.0,intermediate,0.07016048022139962,10.121140469317925,5000
13,atn,post_burn_in,9,9,2.0,intermediate,0.1417974640369301,7.623466401954265,5000
13,atn,post_burn_in,10,10,1.0,basal,0.4143219963321445,2.908101636023699,5000
13,atn,post_burn_in,11,13,2.0,intermediate,0.15759537717490116,20.400309439056244,5000
13,atn,post_burn_in,12,14,2.3000000000000007,intermediate,0.050381824497463236,79.2513125234568,5000
13,atn,post_burn_in,13,15,1.9999999999999998,intermediate,0.24052510425722282,23.16754606271562,5000
13,atn,post_burn_in,14,16,2.0,intermediate,0.0806701450992154,52.589180342781106,5000
13,atn,post_burn_in,15,17,2.125,intermediate,0.3607385304750298,63.01033277784213,5000
13,atn,post_burn_in,16,18,2.0,intermediate,1.123862642699033e-5,12.19960651472326,5000
13,atn,post_burn_in,17,19,2.6,top,1.3984531696918198e-12,205.10445744688516,5000
13,atn,post_burn_in,18,22,2.125,intermediate,0.2547968246323607,68.19228288378157,5000
13,atn,post_burn_in,19,23,2.3000000000000007,intermediate,7.098325517258832e-6,88.41126873370773,5000
13,atn,post_burn_in,20,24,2.3000000000000007,intermediate,1.6442565077470218e-10,98.30411722863364,5000
13,atn,post_burn_in,21,25,1.9999999999999998,intermediate,0.2571421042698022,22.39329141875155,5000
13,atn,post_burn_in,22,26,2.0,intermediate,0.15080409422654376,7.920442467250104,5000
13,atn,post_burn_in,23,27,2.125,intermediate,0.1765853880066244,72.60994330381025,5000
13,atn,post_burn_in,24,28,2.125,intermediate,0.13154573115287396,75.43001338344473,5000
13,atn,post_burn_in,25,29,2.3000000000000003,intermediate,0.01931403577492014,81.65920544127212,5000
13,atn,post_burn_in,26,30,2.2222222222222223,intermediate,0.07258759556026165,77.47659284939391,5000
13,atn,post_burn_in,27,32,2.0,intermediate,0.21776211924807923,35.392067787098675,5000
13,atn,post_burn_in,28,33,2.125,intermediate,0.3559943768152138,63.22532318712106,5000
13,atn,post_burn_in,29,34,2.3000000000000003,intermediate,4.324267772550772e-7,89.66746209881235,5000
13,atn,post_burn_in,30,35,2.3000000000000003,intermediate,0.00047621749469214144,85.03298725092743,5000
13,atn,post_burn_in,31,37,1.0,basal,0.26145804374246784,0.6,5000
13,atn,post_burn_in,32,38,1.0,basal,0.30721403045776485,1.9,5000
13,atn,post_burn_in,33,39,1.0,basal,0.4054577215811922,6.0,5000
13,atn,post_burn_in,34,40,1.0,basal,0.8563809425876067,19.0,5000
13,atn,post_burn_in,35,41,1.0,basal,0.8172871329181571,60.0,5000
13,atn,post_burn_in,36,42,1.0,basal,0.9475161837239878,190.0,5000
13,atn,post_burn_in,37,45,1.0,basal,0.2614580437424676,0.6,5000
13,atn,post_burn_in,38,46,1.0,basal,0.30721403045776496,1.9,5000
13,atn,post_burn_in,39,47,2.0,intermediate,0.03467427854235789,6.0,5000
13,atn,post_burn_in,40,48,2.0,intermediate,0.19005140307222004,19.0,5000
13,atn,post_burn_in,41,49,2.125,intermediate,0.08000596928136174,60.0,5000
13,atn,post_burn_in,42,50,2.5789473684210527,intermediate,7.974535119682324e-10,190.0,5000
13,atn,post_burn_in,43,51,2.713541666666667,top,1.35857107234142,600.0,5000
13,atn,post_burn_in,44,52,3.0280500730994158,top,0.8458505277819222,1900.0,5000
14,down_power,creation,1,1,4.141465921853698,intermediate,0.9702579193887114,121.74929609855656,5000
14,down_power,creation,2,2,3.69067188891063,intermediate,0.21912837271384722,55.58100046356896,5000
14,down_power,creation,3,3,1.9999999999999996,intermediate,0.5403012722345859,98.85699209020207,5000
14,down_power,creation,4,4,2.0000000000000004,intermediate,0.28518444031034906,7.57833825759547,5000
14,down_power,creation,5,5,3.624893613776285,intermediate,0.09193454043723748,64.61989649446446,5000
14,down_power,creation,6,6,1.9999999999999996,intermediate,0.6176388600308026,60.15930869714206,5000
14,down_power,creation,7,7,2.0,top,0.5614922627204717,47.80729295689593,5000
14,down_power,creation,8,8,1.9999999999999998,intermediate,0.7619806253797126,22.992764694195092,5000
14,down_power,creation,9,9,1.9999999999999996,intermediate,0.2649563536760131,6.493215314370345,5000
14,down_power,creation,10,10,2.0000000000000004,intermediate,0.985687146090002,1.0751925672956097,5000
14,down_power,creation,11,11,2.0000000000000004,top,0.9350734252069016,40.732887873041854,5000
14,down_power,creation,12,12,1.9999999999999996,intermediate,0.4700329188755188,12.681833912774982,5000
14,down_power,creation,13,13,3.0,intermediate,0.8581787998503098,16.05766710792032,5000
14,down_power,creation,14,14,2.838164251207731,intermediate,0.3764762191503719,97.85642163120038,5000
14,down_power,creation,15,15,2.0000000000000004,intermediate,0.6851474911142803,39.65216044315522,5000
14,down_power,creation,16,16,1.9999999999999998,top,0.5424492257054307,83.11748562185713,5000
14,down_power,creation,17,17,1.9999999999999996,intermediate,0.6972297913825494,63.28926912293574,5000
14,down_power,creation,18,18,2.0,intermediate,0.8237350837437797,16.45603278057691,5000
14,down_power,creation,19,19,3.9446816158478053,intermediate,0.7666350258215403,177.44391231667458,5000
14,down_power,creation,20,20,4.183770204339183,intermediate,0.5098703719187418,111.39321477706221,5000
14,down_power,creation,21,21,4.148548896094286,intermediate,0.08635162988937761,158.53730104167116,5000
14,down_power,creation,22,22,3.596489358604637,intermediate,0.19544968065414492,65.26569093926344,5000
14,down_power,creation,23,23,3.54224940557621,intermediate,0.9830589787173345,50.16127920060212,5000
14,down_power,creation,24,24,3.5525195934487206,intermediate,0.3030322540213688,82.15095296894123,5000
14,down_power,creation,25,25,3.2777777777777795,intermediate,0.7992755181485074,43.43610569169016,5000
14,down_power,creation,26,26,3.499999999999999,intermediate,0.500530490595869,9.10394099149007,5000
14,down_power,creation,27,27,2.0000000000000004,top,0.1802382442073761,58.196797583743226,5000
14,down_power,creation,28,28,1.9999999999999996,top,0.9123170435211329,83.84546548041419,5000
14,down_power,creation,29,29,2.0000000000000004,intermediate,0.27797433715459796,66.86443432103049,5000
14,down_power,creation,30,30,1.9999999999999998,intermediate,0.42999847931952795,65.59996948269803,5000
14,down_power,creation,31,31,1.9999999999999998,intermediate,0.6185252346610426,23.778248158382144,5000
14,down_power,creation,32,32,1.9999999999999996,intermediate,0.4625390060675426,14.143120495429976,5000
14,down_power,creation,33,33,2.0000000000000004,top,0.2973539912669231,68.53432485539345,5000
14,down_power,creation,34,34,1.9999999999999998,intermediate,0.6743959049512065,83.57229391976426,5000
14,down_power,creation,35,35,3.0,intermediate,0.5488775576282003,59.190517474481126,5000
14,down_power,creation,36,36,2.9999999999999996,intermediate,0.6163268510551857,43.94665971239111,5000
14,down_power,creation,37,37,1.0,basal,0.9415311241831938,0.6,5000
14,down_power,creation,38,38,1.0,basal,0.2747353774298834,1.9,5000
14,down_power,creation,39,39,1.0,basal,0.16843937849078383,6.0,5000
14,down_power,creation,40,40,1.0,basal,0.8533940192608445,19.0,5000
14,down_power,creation,41,41,1.0,basal,0.46730835397874804,60.0,5000
14,down_power,creation,42,42,1.0,basal,0.38280970851787355,190.0,5000
14,down_power,creation,43,43,1.0,basal,0.3087955256097529,600.0,5000
14,down_power,creation,44,44,1.0,basal,0.11428028602262585,1900.0,5000
14,down_power,creation,45,45,1.9999999999999998,intermediate,0.07075885862120357,0.6,5000
14,down_power,creation,46,46,2.0000000000000004,intermediate,0.5033837890246414,1.9,5000
14,down_power,creation,47,47,2.0000000000000004,intermediate,0.3022063695629107,6.0,5000
14,down_power,creation,48,48,1.9999999999999998,intermediate,0.47390382373970585,19.0,5000
14,down_power,creation,49,49,1.9999999999999996,intermediate,0.350712797830281,60.0,5000
14,down_power,creation,50,50,2.0000000000000004,intermediate,0.7393632963534359,190.0,5000
14,down_power,creation,51,51,1.9999999999999998,intermediate,0.44488005219194715,600.0,5000
14,down_power,creation,52,52,1.9999999999999998,intermediate,0.6978107304557941,1900.0,5000
14,metaweb,creation,1,1,4.0613354240613635,intermediate,0.9702579193887114,121.74929609855656,5000
14,metaweb,creation,2,2,3.5954723098103645,intermediate,0.21912837271384722,55.58100046356896,5000
14,metaweb,creation,3,3,2.0,intermediate,0.5403012722345859,98.85699209020207,5000
14,metaweb,creation,4,4,2.0,intermediate,0.28518444031034906,7.57833825759547,5000
14,metaweb,creation,5,5,3.5954723098103667,intermediate,0.09193454043723748,64.61989649446446,5000
14,metaweb,creation,6,6,2.0,intermediate,0.6176388600308026,60.15930869714206,5000
14,metaweb,creation,7,7,2.0,top,0.5614922627204717,47.80729295689593,5000
14,metaweb,creation,8,8,2.0,intermediate,0.7619806253797126,22.992764694195092,5000
14,metaweb,creation,9,9,2.0,intermediate,0.2649563536760131,6.493215314370345,5000
14,metaweb,creation,10,10,2.0,intermediate,0.985687146090002,1.0751925672956097,5000
14,metaweb,creation,11,11,2.0,top,0.9350734252069016,40.732887873041854,5000
14,metaweb,creation,12,12,2.0,intermediate,0.4700329188755188,12.681833912774982,5000
14,metaweb,creation,13,13,3.0,intermediate,0.8581787998503098,16.05766710792032,5000
14,metaweb,creation,14,14,2.8392621870882753,intermediate,0.3764762191503719,97.85642163120038,5000
14,metaweb,creation,15,15,2.0,intermediate,0.6851474911142803,39.65216044315522,5000
14,metaweb,creation,16,16,2.0,top,0.5424492257054307,83.11748562185713,5000
14,metaweb,creation,17,17,2.0,intermediate,0.6972297913825494,63.28926912293574,5000
14,metaweb,creation,18,18,2.0,intermediate,0.8237350837437797,16.45603278057691,5000
14,metaweb,creation,19,19,4.0613354240613635,intermediate,0.7666350258215403,177.44391231667458,5000
14,metaweb,creation,20,20,4.061335424061364,intermediate,0.5098703719187418,111.39321477706221,5000
14,metaweb,creation,21,21,4.061335424061364,intermediate,0.08635162988937761,158.53730104167116,5000
14,metaweb,creation,22,22,3.5954723098103636,intermediate,0.19544968065414492,65.26569093926344,5000
14,metaweb,creation,23,23,3.5954723098103654,intermediate,0.9830589787173345,50.16127920060212,5000
14,metaweb,creation,24,24,3.5762090864680016,intermediate,0.3030322540213688,82.15095296894123,5000
14,metaweb,creation,25,25,3.303030303030302,intermediate,0.7992755181485074,43.43610569169016,5000
14,metaweb,creation,26,26,3.3333333333333335,intermediate,0.500530490595869,9.10394099149007,5000
14,metaweb,creation,27,27,2.0,top,0.1802382442073761,58.196797583743226,5000
14,metaweb,creation,28,28,2.0,top,0.9123170435211329,83.84546548041419,5000
14,metaweb,creation,29,29,2.0,intermediate,0.27797433715459796,66.86443432103049,5000
14,metaweb,creation,30,30,2.0,intermediate,0.42999847931952795,65.59996948269803,5000
14,metaweb,creation,31,31,2.0,intermediate,0.6185252346610426,23.778248158382144,5000
14,metaweb,creation,32,32,2.0,intermediate,0.4625390060675426,14.143120495429976,5000
14,metaweb,creation,33,33,2.0,top,0.2973539912669231,68.53432485539345,5000
14,metaweb,creation,34,34,2.0,intermediate,0.6743959049512065,83.57229391976426,5000
14,metaweb,creation,35,35,3.0,intermediate,0.5488775576282003,59.190517474481126,5000
14,metaweb,creation,36,36,3.0,intermediate,0.6163268510551857,43.94665971239111,5000
14,metaweb,creation,37,37,1.0,basal,0.9415311241831938,0.6,5000
14,metaweb,creation,38,38,1.0,basal,0.2747353774298834,1.9,5000
14,metaweb,creation,39,39,1.0,basal,0.16843937849078383,6.0,5000
14,metaweb,creation,40,40,1.0,basal,0.8533940192608445,19.0,5000
14,metaweb,creation,41,41,1.0,basal,0.46730835397874804,60.0,5000
14,metaweb,creation,42,42,1.0,basal,0.38280970851787355,190.0,5000
14,metaweb,creation,43,43,1.0,basal,0.3087955256097529,600.0,5000
14,metaweb,creation,44,44,1.0,basal,0.11428028602262585,1900.0,5000
14,metaweb,creation,45,45,2.0,intermediate,0.07075885862120357,0.6,5000
14,metaweb,creation,46,46,2.0,intermediate,0.5033837890246414,1.9,5000
14,metaweb,creation,47,47,2.0,intermediate,0.3022063695629107,6.0,5000
14,metaweb,creation,48,48,2.0,intermediate,0.47390382373970585,19.0,5000
14,metaweb,creation,49,49,2.0,intermediate,0.350712797830281,60.0,5000
14,metaweb,creation,50,50,2.0,intermediate,0.7393632963534359,190.0,5000
14,metaweb,creation,51,51,2.0,intermediate,0.44488005219194715,600.0,5000
14,metaweb,creation,52,52,2.0,intermediate,0.6978107304557941,1900.0,5000
14,niche,creation,1,1,3.773632526520245,intermediate,0.9702579193887114,121.74929609855656,5000
14,niche,creation,2,2,4.164014318442153,intermediate,0.21912837271384722,55.58100046356896,5000
14,niche,creation,3,3,5.415732468784802,intermediate,0.5403012722345859,98.85699209020207,5000
14,niche,creation,4,4,5.29553295287187,intermediate,0.28518444031034906,7.57833825759547,5000
14,niche,creation,5,5,1.0,basal,0.09193454043723748,64.61989649446446,5000
14,niche,creation,6,6,5.055125907930468,intermediate,0.6176388600308026,60.15930869714206,5000
14,niche,creation,7,7,4.417211505085216,intermediate,0.5614922627204717,47.80729295689593,5000
14,niche,creation,8,8,5.116736464431938,intermediate,0.7619806253797126,22.992764694195092,5000
14,niche,creation,9,9,4.884532136477986,intermediate,0.2649563536760131,6.493215314370345,5000
14,niche,creation,10,10,4.1360972017673046,intermediate,0.985687146090002,1.0751925672956097,5000
14,niche,creation,11,11,4.384261949390815,intermediate,0.9350734252069016,40.732887873041854,5000
14,niche,creation,12,12,3.5555555555555554,intermediate,0.4700329188755188,12.681833912774982,5000
14,niche,creation,13,13,4.102387702503681,intermediate,0.8581787998503098,16.05766710792032,5000
14,niche,creation,14,14,4.738832382179675,intermediate,0.3764762191503719,97.85642163120038,5000
14,niche,creation,15,15,3.0833333333333326,intermediate,0.6851474911142803,39.65216044315522,5000
14,niche,creation,16,16,4.295950213705184,intermediate,0.5424492257054307,83.11748562185713,5000
14,niche,creation,17,17,4.29553295287187,intermediate,0.6972297913825494,63.28926912293574,5000
14,niche,creation,18,18,4.279251298887252,intermediate,0.8237350837437797,16.45603278057691,5000
14,niche,creation,19,19,4.723419431588767,intermediate,0.7666350258215403,177.44391231667458,5000
14,niche,creation,20,20,4.403979504172803,intermediate,0.5098703719187418,111.39321477706221,5000
14,niche,creation,21,21,4.5083637444636935,intermediate,0.08635162988937761,158.53730104167116,5000
14,niche,creation,22,22,4.0703703703703695,intermediate,0.19544968065414492,65.26569093926344,5000
14,niche,creation,23,23,2.925925925925926,intermediate,0.9830589787173345,50.16127920060212,5000
14,niche,creation,24,24,3.9058940844378984,intermediate,0.3030322540213688,82.15095296894123,5000
14,niche,creation,25,25,2.6111111111111107,intermediate,0.7992755181485074,43.43610569169016,5000
14,niche,creation,26,26,3.0416666666666665,intermediate,0.500530490595869,9.10394099149007,5000
14,niche,creation,27,27,3.558333333333333,intermediate,0.1802382442073761,58.196797583743226,5000
14,niche,creation,28,28,4.59106590574374,intermediate,0.9123170435211329,83.84546548041419,5000
14,niche,creation,29,29,2.0,intermediate,0.27797433715459796,66.86443432103049,5000
14,niche,creation,30,30,4.403979504172803,intermediate,0.42999847931952795,65.59996948269803,5000
14,niche,creation,31,31,3.0833333333333326,intermediate,0.6185252346610426,23.778248158382144,5000
14,niche,creation,32,32,2.904761904761904,intermediate,0.4625390060675426,14.143120495429976,5000
14,niche,creation,33,33,4.563254786450662,intermediate,0.2973539912669231,68.53432485539345,5000
14,niche,creation,34,34,3.8513254786450655,intermediate,0.6743959049512065,83.57229391976426,5000
14,niche,creation,35,35,3.7026509572901327,intermediate,0.5488775576282003,59.190517474481126,5000
14,niche,creation,36,36,1.0,basal,0.6163268510551857,43.94665971239111,5000
14,niche,creation,37,37,4.22174766813942,intermediate,0.9415311241831938,0.6,5000
14,niche,creation,38,38,2.904761904761904,intermediate,0.2747353774298834,1.9,5000
14,niche,creation,39,39,3.65,intermediate,0.16843937849078383,6.0,5000
14,niche,creation,40,40,1.0,basal,0.8533940192608445,19.0,5000
14,niche,creation,41,41,2.916666666666667,intermediate,0.46730835397874804,60.0,5000
14,niche,creation,42,42,2.666666666666666,intermediate,0.38280970851787355,190.0,5000
14,niche,creation,43,43,2.0,intermediate,0.3087955256097529,600.0,5000
14,niche,creation,44,44,3.6666666666666665,intermediate,0.11428028602262585,1900.0,5000
14,niche,creation,45,45,2.0,intermediate,0.07075885862120357,0.6,5000
14,niche,creation,46,46,1.0,basal,0.5033837890246414,1.9,5000
14,niche,creation,47,47,2.6666666666666665,intermediate,0.3022063695629107,6.0,5000
14,niche,creation,48,48,1.0,basal,0.47390382373970585,19.0,5000
14,niche,creation,49,49,1.0,basal,0.350712797830281,60.0,5000
14,niche,creation,50,50,3.0,intermediate,0.7393632963534359,190.0,5000
14,niche,creation,51,51,1.0,basal,0.44488005219194715,600.0,5000
14,niche,creation,52,52,1.0,basal,0.6978107304557941,1900.0,5000
14,down_rand,creation,1,1,4.132689930662651,intermediate,0.9702579193887114,121.74929609855656,5000
14,down_rand,creation,2,2,3.653318254688954,intermediate,0.21912837271384722,55.58100046356896,5000
14,down_rand,creation,3,3,1.9999999999999998,intermediate,0.5403012722345859,98.85699209020207,5000
14,down_rand,creation,4,4,2.0,intermediate,0.28518444031034906,7.57833825759547,5000
14,down_rand,creation,5,5,3.6696740994854213,intermediate,0.09193454043723748,64.61989649446446,5000
14,down_rand,creation,6,6,1.9999999999999998,intermediate,0.6176388600308026,60.15930869714206,5000
14,down_rand,creation,7,7,1.9999999999999996,top,0.5614922627204717,47.80729295689593,5000
14,down_rand,creation,8,8,1.9999999999999998,intermediate,0.7619806253797126,22.992764694195092,5000
14,down_rand,creation,9,9,2.0,intermediate,0.2649563536760131,6.493215314370345,5000
14,down_rand,creation,10,10,2.0000000000000004,intermediate,0.985687146090002,1.0751925672956097,5000
14,down_rand,creation,11,11,1.9999999999999996,top,0.9350734252069016,40.732887873041854,5000
14,down_rand,creation,12,12,2.0,intermediate,0.4700329188755188,12.681833912774982,5000
14,down_rand,creation,13,13,2.999999999999999,intermediate,0.8581787998503098,16.05766710792032,5000
14,down_rand,creation,14,14,2.865909090909091,intermediate,0.3764762191503719,97.85642163120038,5000
14,down_rand,creation,15,15,2.0,intermediate,0.6851474911142803,39.65216044315522,5000
14,down_rand,creation,16,16,1.9999999999999996,top,0.5424492257054307,83.11748562185713,5000
14,down_rand,creation,17,17,2.0,intermediate,0.6972297913825494,63.28926912293574,5000
14,down_rand,creation,18,18,2.0000000000000004,intermediate,0.8237350837437797,16.45603278057691,5000
14,down_rand,creation,19,19,4.294565448303692,intermediate,0.7666350258215403,177.44391231667458,5000
14,down_rand,creation,20,20,4.018952795973942,intermediate,0.5098703719187418,111.39321477706221,5000
14,down_rand,creation,21,21,3.977516580966549,intermediate,0.08635162988937761,158.53730104167116,5000
14,down_rand,creation,22,22,3.6329712216504677,intermediate,0.19544968065414492,65.26569093926344,5000
14,down_rand,creation,23,23,3.6196740994854206,intermediate,0.9830589787173345,50.16127920060212,5000
14,down_rand,creation,24,24,3.633753405307235,intermediate,0.3030322540213688,82.15095296894123,5000
14,down_rand,creation,25,25,3.3181818181818175,intermediate,0.7992755181485074,43.43610569169016,5000
14,down_rand,creation,26,26,3.5,intermediate,0.500530490595869,9.10394099149007,5000
14,down_rand,creation,27,27,1.9999999999999996,top,0.1802382442073761,58.196797583743226,5000
14,down_rand,creation,28,28,2.0000000000000004,top,0.9123170435211329,83.84546548041419,5000
14,down_rand,creation,29,29,1.9999999999999996,intermediate,0.27797433715459796,66.86443432103049,5000
14,down_rand,creation,30,30,1.9999999999999998,intermediate,0.42999847931952795,65.59996948269803,5000
14,down_rand,creation,31,31,1.9999999999999998,intermediate,0.6185252346610426,23.778248158382144,5000
14,down_rand,creation,32,32,1.9999999999999998,intermediate,0.4625390060675426,14.143120495429976,5000
14,down_rand,creation,33,33,2.0000000000000004,top,0.2973539912669231,68.53432485539345,5000
14,down_rand,creation,34,34,1.9999999999999996,intermediate,0.6743959049512065,83.57229391976426,5000
14,down_rand,creation,35,35,2.9999999999999996,intermediate,0.5488775576282003,59.190517474481126,5000
14,down_rand,creation,36,36,2.999999999999999,intermediate,0.6163268510551857,43.94665971239111,5000
14,down_rand,creation,37,37,1.0,basal,0.9415311241831938,0.6,5000
14,down_rand,creation,38,38,1.0,basal,0.2747353774298834,1.9,5000
14,down_rand,creation,39,39,1.0,basal,0.16843937849078383,6.0,5000
14,down_rand,creation,40,40,1.0,basal,0.8533940192608445,19.0,5000
14,down_rand,creation,41,41,1.0,basal,0.46730835397874804,60.0,5000
14,down_rand,creation,42,42,1.0,basal,0.38280970851787355,190.0,5000
14,down_rand,creation,43,43,1.0,basal,0.3087955256097529,600.0,5000
14,down_rand,creation,44,44,1.0,basal,0.11428028602262585,1900.0,5000
14,down_rand,creation,45,45,2.0000000000000004,intermediate,0.07075885862120357,0.6,5000
14,down_rand,creation,46,46,1.9999999999999996,intermediate,0.5033837890246414,1.9,5000
14,down_rand,creation,47,47,1.9999999999999996,intermediate,0.3022063695629107,6.0,5000
14,down_rand,creation,48,48,2.0,intermediate,0.47390382373970585,19.0,5000
14,down_rand,creation,49,49,2.0,intermediate,0.350712797830281,60.0,5000
14,down_rand,creation,50,50,1.9999999999999996,intermediate,0.7393632963534359,190.0,5000
14,down_rand,creation,51,51,2.0,intermediate,0.44488005219194715,600.0,5000
14,down_rand,creation,52,52,2.0,intermediate,0.6978107304557941,1900.0,5000
14,down_link,creation,1,1,4.00159067701176,intermediate,0.9702579193887114,121.74929609855656,5000
14,down_link,creation,2,2,3.7107194134760975,intermediate,0.21912837271384722,55.58100046356896,5000
14,down_link,creation,3,3,2.0,intermediate,0.5403012722345859,98.85699209020207,5000
14,down_link,creation,4,4,1.9999999999999996,intermediate,0.28518444031034906,7.57833825759547,5000
14,down_link,creation,5,5,3.6137258527442873,intermediate,0.09193454043723748,64.61989649446446,5000
14,down_link,creation,6,6,2.0000000000000004,intermediate,0.6176388600308026,60.15930869714206,5000
14,down_link,creation,7,7,2.0000000000000004,top,0.5614922627204717,47.80729295689593,5000
14,down_link,creation,8,8,2.0,intermediate,0.7619806253797126,22.992764694195092,5000
14,down_link,creation,9,9,2.0,intermediate,0.2649563536760131,6.493215314370345,5000
14,down_link,creation,10,10,2.0000000000000004,intermediate,0.985687146090002,1.0751925672956097,5000
14,down_link,creation,11,11,2.0,top,0.9350734252069016,40.732887873041854,5000
14,down_link,creation,12,12,2.0000000000000004,intermediate,0.4700329188755188,12.681833912774982,5000
14,down_link,creation,13,13,3.0,intermediate,0.8581787998503098,16.05766710792032,5000
14,down_link,creation,14,14,2.907407407407406,intermediate,0.3764762191503719,97.85642163120038,5000
14,down_link,creation,15,15,2.0000000000000004,intermediate,0.6851474911142803,39.65216044315522,5000
14,down_link,creation,16,16,2.0,top,0.5424492257054307,83.11748562185713,5000
14,down_link,creation,17,17,2.0,intermediate,0.6972297913825494,63.28926912293574,5000
14,down_link,creation,18,18,1.9999999999999998,intermediate,0.8237350837437797,16.45603278057691,5000
14,down_link,creation,19,19,4.13572349704267,intermediate,0.7666350258215403,177.44391231667458,5000
14,down_link,creation,20,20,4.003496082173284,intermediate,0.5098703719187418,111.39321477706221,5000
14,down_link,creation,21,21,4.115638637910167,intermediate,0.08635162988937761,158.53730104167116,5000
14,down_link,creation,22,22,3.4369963840302167,intermediate,0.19544968065414492,65.26569093926344,5000
14,down_link,creation,23,23,3.5876691897367037,intermediate,0.9830589787173345,50.16127920060212,5000
14,down_link,creation,24,24,3.658608811150129,intermediate,0.3030322540213688,82.15095296894123,5000
14,down_link,creation,25,25,3.333333333333333,intermediate,0.7992755181485074,43.43610569169016,5000
14,down_link,creation,26,26,3.3333333333333335,intermediate,0.500530490595869,9.10394099149007,5000
14,down_link,creation,27,27,2.0000000000000004,top,0.1802382442073761,58.196797583743226,5000
14,down_link,creation,28,28,2.0000000000000004,top,0.9123170435211329,83.84546548041419,5000
14,down_link,creation,29,29,1.9999999999999996,intermediate,0.27797433715459796,66.86443432103049,5000
14,down_link,creation,30,30,2.0000000000000004,intermediate,0.42999847931952795,65.59996948269803,5000
14,down_link,creation,31,31,2.0000000000000004,intermediate,0.6185252346610426,23.778248158382144,5000
14,down_link,creation,32,32,1.9999999999999998,intermediate,0.4625390060675426,14.143120495429976,5000
14,down_link,creation,33,33,1.9999999999999996,top,0.2973539912669231,68.53432485539345,5000
14,down_link,creation,34,34,1.9999999999999996,intermediate,0.6743959049512065,83.57229391976426,5000
14,down_link,creation,35,35,2.999999999999999,intermediate,0.5488775576282003,59.190517474481126,5000
14,down_link,creation,36,36,3.0,intermediate,0.6163268510551857,43.94665971239111,5000
14,down_link,creation,37,37,1.0,basal,0.9415311241831938,0.6,5000
14,down_link,creation,38,38,1.0,basal,0.2747353774298834,1.9,5000
14,down_link,creation,39,39,1.0,basal,0.16843937849078383,6.0,5000
14,down_link,creation,40,40,1.0,basal,0.8533940192608445,19.0,5000
14,down_link,creation,41,41,1.0,basal,0.46730835397874804,60.0,5000
14,down_link,creation,42,42,1.0,basal,0.38280970851787355,190.0,5000
14,down_link,creation,43,43,1.0,basal,0.3087955256097529,600.0,5000
14,down_link,creation,44,44,1.0,basal,0.11428028602262585,1900.0,5000
14,down_link,creation,45,45,1.9999999999999996,intermediate,0.07075885862120357,0.6,5000
14,down_link,creation,46,46,2.0000000000000004,intermediate,0.5033837890246414,1.9,5000
14,down_link,creation,47,47,2.0000000000000004,intermediate,0.3022063695629107,6.0,5000
14,down_link,creation,48,48,2.0000000000000004,intermediate,0.47390382373970585,19.0,5000
14,down_link,creation,49,49,1.9999999999999996,intermediate,0.350712797830281,60.0,5000
14,down_link,creation,50,50,1.9999999999999998,intermediate,0.7393632963534359,190.0,5000
14,down_link,creation,51,51,1.9999999999999998,intermediate,0.44488005219194715,600.0,5000
14,down_link,creation,52,52,1.9999999999999998,intermediate,0.6978107304557941,1900.0,5000
14,down_niche,creation,1,1,3.9218149891926823,intermediate,0.9702579193887114,121.74929609855656,5000
14,down_niche,creation,2,2,3.599606359296221,intermediate,0.21912837271384722,55.58100046356896,5000
14,down_niche,creation,3,3,1.9999999999999996,intermediate,0.5403012722345859,98.85699209020207,5000
14,down_niche,creation,4,4,2.0,intermediate,0.28518444031034906,7.57833825759547,5000
14,down_niche,creation,5,5,3.547604096804758,intermediate,0.09193454043723748,64.61989649446446,5000
14,down_niche,creation,6,6,1.9999999999999996,intermediate,0.6176388600308026,60.15930869714206,5000
14,down_niche,creation,7,7,2.0,top,0.5614922627204717,47.80729295689593,5000
14,down_niche,creation,8,8,1.9999999999999996,intermediate,0.7619806253797126,22.992764694195092,5000
14,down_niche,creation,9,9,1.9999999999999996,intermediate,0.2649563536760131,6.493215314370345,5000
14,down_niche,creation,10,10,1.9999999999999996,intermediate,0.985687146090002,1.0751925672956097,5000
14,down_niche,creation,11,11,2.0,top,0.9350734252069016,40.732887873041854,5000
14,down_niche,creation,12,12,1.9999999999999996,intermediate,0.4700329188755188,12.681833912774982,5000
14,down_niche,creation,13,13,3.0,intermediate,0.8581787998503098,16.05766710792032,5000
14,down_niche,creation,14,14,2.8148148148148135,intermediate,0.3764762191503719,97.85642163120038,5000
14,down_niche,creation,15,15,1.9999999999999996,intermediate,0.6851474911142803,39.65216044315522,5000
14,down_niche,creation,16,16,1.9999999999999996,top,0.5424492257054307,83.11748562185713,5000
14,down_niche,creation,17,17,2.0,intermediate,0.6972297913825494,63.28926912293574,5000
14,down_niche,creation,18,18,2.0,intermediate,0.8237350837437797,16.45603278057691,5000
14,down_niche,creation,19,19,3.707618092714473,intermediate,0.7666350258215403,177.44391231667458,5000
14,down_niche,creation,20,20,3.958827234445932,intermediate,0.5098703719187418,111.39321477706221,5000
14,down_niche,creation,21,21,4.125198649394924,intermediate,0.08635162988937761,158.53730104167116,5000
14,down_niche,creation,22,22,3.3571774203006726,intermediate,0.19544968065414492,65.26569093926344,5000
14,down_niche,creation,23,23,3.431735378584168,intermediate,0.9830589787173345,50.16127920060212,5000
14,down_niche,creation,24,24,3.7044320843508376,intermediate,0.3030322540213688,82.15095296894123,5000
14,down_niche,creation,25,25,3.1111111111111125,intermediate,0.7992755181485074,43.43610569169016,5000
14,down_niche,creation,26,26,3.0000000000000013,top,0.500530490595869,9.10394099149007,5000
14,down_niche,creation,27,27,1.9999999999999996,top,0.1802382442073761,58.196797583743226,5000
14,down_niche,creation,28,28,2.0,top,0.9123170435211329,83.84546548041419,5000
14,down_niche,creation,29,29,1.9999999999999996,intermediate,0.27797433715459796,66.86443432103049,5000
14,down_niche,creation,30,30,1.9999999999999996,intermediate,0.42999847931952795,65.59996948269803,5000
14,down_niche,creation,31,31,2.0,intermediate,0.6185252346610426,23.778248158382144,5000
14,down_niche,creation,32,32,1.9999999999999996,intermediate,0.4625390060675426,14.143120495429976,5000
14,down_niche,creation,33,33,1.9999999999999996,top,0.2973539912669231,68.53432485539345,5000
14,down_niche,creation,34,34,2.0,intermediate,0.6743959049512065,83.57229391976426,5000
14,down_niche,creation,35,35,2.999999999999999,intermediate,0.5488775576282003,59.190517474481126,5000
14,down_niche,creation,36,36,3.0,intermediate,0.6163268510551857,43.94665971239111,5000
14,down_niche,creation,37,37,1.0,basal,0.9415311241831938,0.6,5000
14,down_niche,creation,38,38,1.0,basal,0.2747353774298834,1.9,5000
14,down_niche,creation,39,39,1.0,basal,0.16843937849078383,6.0,5000
14,down_niche,creation,40,40,1.0,basal,0.8533940192608445,19.0,5000
14,down_niche,creation,41,41,1.0,basal,0.46730835397874804,60.0,5000
14,down_niche,creation,42,42,1.0,basal,0.38280970851787355,190.0,5000
14,down_niche,creation,43,43,1.0,basal,0.3087955256097529,600.0,5000
14,down_niche,creation,44,44,1.0,basal,0.11428028602262585,1900.0,5000
14,down_niche,creation,45,45,1.9999999999999996,intermediate,0.07075885862120357,0.6,5000
14,down_niche,creation,46,46,2.0,intermediate,0.5033837890246414,1.9,5000
14,down_niche,creation,47,47,2.0,intermediate,0.3022063695629107,6.0,5000
14,down_niche,creation,48,48,2.0000000000000004,intermediate,0.47390382373970585,19.0,5000
14,down_niche,creation,49,49,2.0,intermediate,0.350712797830281,60.0,5000
14,down_niche,creation,50,50,2.0,intermediate,0.7393632963534359,190.0,5000
14,down_niche,creation,51,51,1.9999999999999996,intermediate,0.44488005219194715,600.0,5000
14,down_niche,creation,52,52,1.9999999999999996,intermediate,0.6978107304557941,1900.0,5000
14,atn,creation,1,1,2.400000000000001,intermediate,0.9702579193887114,121.74929609855656,5000
14,atn,creation,2,2,1.9999999999999998,intermediate,0.21912837271384722,55.58100046356896,5000
14,atn,creation,3,3,2.400000000000001,intermediate,0.5403012722345859,98.85699209020207,5000
14,atn,creation,4,4,2.0,intermediate,0.28518444031034906,7.57833825759547,5000
14,atn,creation,5,5,2.1428571428571423,intermediate,0.09193454043723748,64.61989649446446,5000
14,atn,creation,6,6,2.1428571428571423,intermediate,0.6176388600308026,60.15930869714206,5000
14,atn,creation,7,7,1.9999999999999998,intermediate,0.5614922627204717,47.80729295689593,5000
14,atn,creation,8,8,1.9999999999999998,intermediate,0.7619806253797126,22.992764694195092,5000
14,atn,creation,9,9,2.0,intermediate,0.2649563536760131,6.493215314370345,5000
14,atn,creation,10,10,1.0,basal,0.985687146090002,1.0751925672956097,5000
14,atn,creation,11,11,1.9999999999999998,intermediate,0.9350734252069016,40.732887873041854,5000
14,atn,creation,12,12,1.9999999999999998,intermediate,0.4700329188755188,12.681833912774982,5000
14,atn,creation,13,13,1.9999999999999998,intermediate,0.8581787998503098,16.05766710792032,5000
14,atn,creation,14,14,2.400000000000001,intermediate,0.3764762191503719,97.85642163120038,5000
14,atn,creation,15,15,1.9999999999999998,intermediate,0.6851474911142803,39.65216044315522,5000
14,atn,creation,16,16,2.333333333333334,intermediate,0.5424492257054307,83.11748562185713,5000
14,atn,creation,17,17,2.1428571428571423,intermediate,0.6972297913825494,63.28926912293574,5000
14,atn,creation,18,18,1.9999999999999998,intermediate,0.8237350837437797,16.45603278057691,5000
14,atn,creation,19,19,2.5714285714285707,intermediate,0.7666350258215403,177.44391231667458,5000
14,atn,creation,20,20,2.400000000000001,intermediate,0.5098703719187418,111.39321477706221,5000
14,atn,creation,21,21,2.499999999999999,intermediate,0.08635162988937761,158.53730104167116,5000
14,atn,creation,22,22,2.25,intermediate,0.19544968065414492,65.26569093926344,5000
14,atn,creation,23,23,1.9999999999999998,intermediate,0.9830589787173345,50.16127920060212,5000
14,atn,creation,24,24,2.333333333333334,intermediate,0.3030322540213688,82.15095296894123,5000
14,atn,creation,25,25,1.9999999999999998,intermediate,0.7992755181485074,43.43610569169016,5000
14,atn,creation,26,26,2.0,intermediate,0.500530490595869,9.10394099149007,5000
14,atn,creation,27,27,1.9999999999999998,intermediate,0.1802382442073761,58.196797583743226,5000
14,atn,creation,28,28,2.333333333333334,intermediate,0.9123170435211329,83.84546548041419,5000
14,atn,creation,29,29,2.25,intermediate,0.27797433715459796,66.86443432103049,5000
14,atn,creation,30,30,2.25,intermediate,0.42999847931952795,65.59996948269803,5000
14,atn,creation,31,31,1.9999999999999998,intermediate,0.6185252346610426,23.778248158382144,5000
14,atn,creation,32,32,1.9999999999999998,intermediate,0.4625390060675426,14.143120495429976,5000
14,atn,creation,33,33,2.25,intermediate,0.2973539912669231,68.53432485539345,5000
14,atn,creation,34,34,2.333333333333334,intermediate,0.6743959049512065,83.57229391976426,5000
14,atn,creation,35,35,1.9999999999999998,intermediate,0.5488775576282003,59.190517474481126,5000
14,atn,creation,36,36,1.9999999999999998,intermediate,0.6163268510551857,43.94665971239111,5000
14,atn,creation,37,37,1.0,basal,0.9415311241831938,0.6,5000
14,atn,creation,38,38,1.0,basal,0.2747353774298834,1.9,5000
14,atn,creation,39,39,1.0,basal,0.16843937849078383,6.0,5000
14,atn,creation,40,40,1.0,basal,0.8533940192608445,19.0,5000
14,atn,creation,41,41,1.0,basal,0.46730835397874804,60.0,5000
14,atn,creation,42,42,1.0,basal,0.38280970851787355,190.0,5000
14,atn,creation,43,43,1.0,isolated,0.3087955256097529,600.0,5000
14,atn,creation,44,44,1.0,isolated,0.11428028602262585,1900.0,5000
14,atn,creation,45,45,1.0,basal,0.07075885862120357,0.6,5000
14,atn,creation,46,46,1.0,basal,0.5033837890246414,1.9,5000
14,atn,creation,47,47,2.0,intermediate,0.3022063695629107,6.0,5000
14,atn,creation,48,48,1.9999999999999998,intermediate,0.47390382373970585,19.0,5000
14,atn,creation,49,49,2.1428571428571423,intermediate,0.350712797830281,60.0,5000
14,atn,creation,50,50,2.5624999999999996,intermediate,0.7393632963534359,190.0,5000
14,atn,creation,51,51,2.8253968253968256,top,0.44488005219194715,600.0,5000
14,atn,creation,52,52,3.0497369878183824,top,0.6978107304557941,1900.0,5000
14,down_power,post_burn_in,1,35,2.9999999999999987,top,3.030892892249958e-10,59.190517474481126,5000
14,down_power,post_burn_in,2,37,1.0,basal,0.1967343838430453,0.6,5000
14,down_power,post_burn_in,3,38,1.0,basal,0.12311230572782811,1.9,5000
14,down_power,post_burn_in,4,39,1.0,basal,0.09527136719554781,6.0,5000
14,down_power,post_burn_in,5,40,1.0,basal,0.0936075019320435,19.0,5000
14,down_power,post_burn_in,6,41,1.0,basal,0.2008146386353144,60.0,5000
14,down_power,post_burn_in,7,42,1.0,basal,0.15850777246330383,190.0,5000
14,down_power,post_burn_in,8,43,1.0,basal,0.12380887774970062,600.0,5000
14,down_power,post_burn_in,9,44,1.0,basal,0.024353821283039114,1900.0,5000
14,down_power,post_burn_in,10,45,2.0,intermediate,0.42296013642810554,0.6,5000
14,down_power,post_burn_in,11,46,2.0,intermediate,0.254061618047898,1.9,5000
14,metaweb,post_burn_in,1,1,3.3603537991060923,intermediate,1.6799782077204204e-12,121.74929609855656,5000
14,metaweb,post_burn_in,2,3,2.0,intermediate,0.054928704927616555,98.85699209020207,5000
14,metaweb,post_burn_in,3,4,2.0,top,0.03800611528480923,7.57833825759547,5000
14,metaweb,post_burn_in,4,6,2.0,intermediate,0.056194228455081596,60.15930869714206,5000
14,metaweb,post_burn_in,5,7,2.0,top,0.31741134588202446,47.80729295689593,5000
14,metaweb,post_burn_in,6,8,2.0,top,0.08521117345134063,22.992764694195092,5000
14,metaweb,post_burn_in,7,9,2.0,top,0.03733412972099195,6.493215314370345,5000
14,metaweb,post_burn_in,8,10,2.0,top,0.0456563426376642,1.0751925672956097,5000
14,metaweb,post_burn_in,9,11,2.0,top,0.5285966238526943,40.732887873041854,5000
14,metaweb,post_burn_in,10,12,2.0,top,0.0758864524202411,12.681833912774982,5000
14,metaweb,post_burn_in,11,15,2.0,top,0.08336177282364342,39.65216044315522,5000
14,metaweb,post_burn_in,12,16,2.0,top,0.3066463248658358,83.11748562185713,5000
14,metaweb,post_burn_in,13,17,2.0,intermediate,0.05724608193778827,63.28926912293574,5000
14,metaweb,post_burn_in,14,18,2.0,top,0.08649400341083237,16.45603278057691,5000
14,metaweb,post_burn_in,15,19,3.3603537991060923,intermediate,1.6798815634814983e-12,177.44391231667458,5000
14,metaweb,post_burn_in,16,20,3.360353799106092,intermediate,1.67964997020633e-12,111.39321477706221,5000
14,metaweb,post_burn_in,17,21,3.3603537991060923,intermediate,1.6762691564967032e-12,158.53730104167116,5000
14,metaweb,post_burn_in,18,27,2.0,top,0.10188860554569434,58.196797583743226,5000
14,metaweb,post_burn_in,19,28,2.0,top,0.5157324506167476,83.84546548041419,5000
14,metaweb,post_burn_in,20,29,2.0,intermediate,0.046958627142434844,66.86443432103049,5000
14,metaweb,post_burn_in,21,30,2.0,intermediate,0.05250629930210255,65.59996948269803,5000
14,metaweb,post_burn_in,22,31,2.0,top,0.08147290211109112,23.778248158382144,5000
14,metaweb,post_burn_in,23,32,2.0,top,0.0755369154358417,14.143120495429976,5000
14,metaweb,post_burn_in,24,33,2.0,top,0.16809408933639067,68.53432485539345,5000
14,metaweb,post_burn_in,25,34,2.0,intermediate,0.056965915100033106,83.57229391976426,5000
14,metaweb,post_burn_in,26,37,1.0,basal,0.21361727108474304,0.6,5000
14,metaweb,post_burn_in,27,38,1.0,basal,0.21361727108474307,1.9,5000
14,metaweb,post_burn_in,28,39,1.0,basal,0.21361727108474288,6.0,5000
14,metaweb,post_burn_in,29,40,1.0,basal,0.21361727108474304,19.0,5000
14,metaweb,post_burn_in,30,41,1.0,basal,0.21361727108474307,60.0,5000
14,metaweb,post_burn_in,31,42,1.0,basal,0.21361727108474307,190.0,5000
14,metaweb,post_burn_in,32,43,1.0,basal,0.21361727108474302,600.0,5000
14,metaweb,post_burn_in,33,44,1.0,basal,0.21361727108473993,1900.0,5000
14,metaweb,post_burn_in,34,45,2.0,top,0.02890423124659882,0.6,5000
14,metaweb,post_burn_in,35,46,2.0,top,0.07627202681395057,1.9,5000
14,metaweb,post_burn_in,36,47,2.0,top,0.06472329425651854,6.0,5000
14,metaweb,post_burn_in,37,48,2.0,top,0.07502112943551349,19.0,5000
14,metaweb,post_burn_in,38,49,2.0,top,0.06830236719733072,60.0,5000
14,metaweb,post_burn_in,39,50,2.0,top,0.08340756914512164,190.0,5000
14,metaweb,post_burn_in,40,51,2.0,top,0.07367508532958134,600.0,5000
14,metaweb,post_burn_in,41,52,2.0,top,0.08242802189226707,1900.0,5000
14,niche,post_burn_in,1,1,3.1560142827655167,intermediate,0.3986974970435746,121.74929609855656,5000
14,niche,post_burn_in,2,5,1.0,basal,0.999999999995402,64.61989649446446,5000
14,niche,post_burn_in,3,6,4.427229770393594,intermediate,0.26436845529467307,60.15930869714206,5000
14,niche,post_burn_in,4,7,3.7796566301151975,intermediate,0.11352939864115501,47.80729295689593,5000
14,niche,post_burn_in,5,8,4.04371571346884,intermediate,0.1478615690308676,22.992764694195092,5000
14,niche,post_burn_in,6,9,3.9503782469735236,intermediate,2.0397995735705938e-10,6.493215314370345,5000
14,niche,post_burn_in,7,10,3.1392749244712994,intermediate,0.0243318559831482,1.0751925672956097,5000
14,niche,post_burn_in,8,15,2.707792207792207,intermediate,0.4608651861851559,39.65216044315522,5000
14,niche,post_burn_in,9,16,3.5751158681714665,intermediate,0.0337233086424723,83.11748562185713,5000
14,niche,post_burn_in,10,18,3.817892659329592,intermediate,7.676112149728693e-5,16.45603278057691,5000
14,niche,post_burn_in,11,19,3.5943879658532265,intermediate,0.23986903843160987,177.44391231667458,5000
14,niche,post_burn_in,12,21,3.506704592731039,intermediate,0.03646110569559322,158.53730104167116,5000
14,niche,post_burn_in,13,22,3.6924603174603163,intermediate,0.28769152216391797,65.26569093926344,5000
14,niche,post_burn_in,14,23,2.555555555555556,intermediate,0.3773763383859786,50.16127920060212,5000
14,niche,post_burn_in,15,24,3.194189684937419,intermediate,0.013875202867180553,82.15095296894123,5000
14,niche,post_burn_in,16,25,2.166666666666667,intermediate,0.37440885269949703,43.43610569169016,5000
14,niche,post_burn_in,17,26,2.625,intermediate,0.09201527279092822,9.10394099149007,5000
14,niche,post_burn_in,18,27,3.2857142857142856,intermediate,0.030506485689105214,58.196797583743226,5000
14,niche,post_burn_in,19,29,2.0,intermediate,0.12321685770656109,66.86443432103049,5000
14,niche,post_burn_in,20,30,2.872894024404599,intermediate,0.0944593447221087,65.59996948269803,5000
14,niche,post_burn_in,21,31,2.707792207792207,intermediate,0.20170476755299818,23.778248158382144,5000
14,niche,post_burn_in,22,32,2.7142857142857135,intermediate,0.1409924862777804,14.143120495429976,5000
14,niche,post_burn_in,23,34,1.6950798446266726,intermediate,0.28131266115496906,83.57229391976426,5000
14,niche,post_burn_in,24,35,2.7803193785066904,intermediate,0.020359710183558418,59.190517474481126,5000
14,niche,post_burn_in,25,36,1.0,basal,0.490318607079654,43.94665971239111,5000
14,niche,post_burn_in,26,37,2.5066896849374194,intermediate,0.15661459809384598,0.6,5000
14,niche,post_burn_in,27,38,2.7142857142857135,intermediate,0.07617027310700444,1.9,5000
14,niche,post_burn_in,28,39,3.3571428571428563,intermediate,0.04391278507840177,6.0,5000
14,niche,post_burn_in,29,40,1.0,basal,0.9633072013376751,19.0,5000
14,niche,post_burn_in,30,41,2.5,intermediate,0.13878046641158215,60.0,5000
14,niche,post_burn_in,31,42,2.2857142857142856,intermediate,0.29934031775881015,190.0,5000
14,niche,post_burn_in,32,43,2.0,intermediate,0.02138558869639385,600.0,5000
14,niche,post_burn_in,33,45,2.0,intermediate,0.2293527339648455,0.6,5000
14,niche,post_burn_in,34,46,1.0,basal,0.5587415401384762,1.9,5000
14,niche,post_burn_in,35,47,2.0,intermediate,0.10455260714337164,6.0,5000
14,niche,post_burn_in,36,48,1.0,basal,0.5587415401384765,19.0,5000
14,niche,post_burn_in,37,49,1.0,basal,0.5587415401384765,60.0,5000
14,niche,post_burn_in,38,50,1.0,intermediate,0.07916216065330983,190.0,5000
14,niche,post_burn_in,39,51,1.0,basal,0.226098950803875,600.0,5000
14,niche,post_burn_in,40,52,1.0,basal,0.5657457477284271,1900.0,5000
14,down_rand,post_burn_in,1,4,2.0,top,0.3505926783527314,7.57833825759547,5000
14,down_rand,post_burn_in,2,9,2.0,intermediate,0.09538277880330447,6.493215314370345,5000
14,down_rand,post_burn_in,3,10,2.0000000000000004,intermediate,0.19712906381637202,1.0751925672956097,5000
14,down_rand,post_burn_in,4,13,2.9999999999999996,top,0.0454891384923198,16.05766710792032,5000
14,down_rand,post_burn_in,5,26,1.7500000000000004,intermediate,0.01736699749193745,9.10394099149007,5000
14,down_rand,post_burn_in,6,31,1.9999999999999998,top,4.4625428915785204e-10,23.778248158382144,5000
14,down_rand,post_burn_in,7,37,1.0,basal,0.2205609367247331,0.6,5000
14,down_rand,post_burn_in,8,38,1.0,basal,0.4021033026655303,1.9,5000
14,down_rand,post_burn_in,9,39,1.0,basal,0.1372824613498729,6.0,5000
14,down_rand,post_burn_in,10,40,1.0,basal,0.15620140616154124,19.0,5000
14,down_rand,post_burn_in,11,41,1.0,basal,0.09426285202402351,60.0,5000
14,down_rand,post_burn_in,12,42,1.0,basal,0.06286351877972927,190.0,5000
14,down_rand,post_burn_in,13,43,1.0,basal,0.04790981754370141,600.0,5000
14,down_rand,post_burn_in,14,44,1.0,basal,0.0532236283807622,1900.0,5000
14,down_rand,post_burn_in,15,45,2.0,top,0.1539099263285477,0.6,5000
14,down_rand,post_burn_in,16,47,1.9999999999999998,intermediate,0.28975711157059086,6.0,5000
14,down_link,post_burn_in,1,10,2.0000000000000004,top,0.17180718523123278,1.0751925672956097,5000
14,down_link,post_burn_in,2,13,3.0,top,0.05070943402410823,16.05766710792032,5000
14,down_link,post_burn_in,3,37,1.0,basal,0.23726293998274164,0.6,5000
14,down_link,post_burn_in,4,38,1.0,basal,0.24825266433648846,1.9,5000
14,down_link,post_burn_in,5,39,1.0,basal,0.15323263426718658,6.0,5000
14,down_link,post_burn_in,6,40,1.0,basal,0.11592888825357149,19.0,5000
14,down_link,post_burn_in,7,41,1.0,basal,0.06856102794107663,60.0,5000
14,down_link,post_burn_in,8,42,1.0,basal,0.05229332618107398,190.0,5000
14,down_link,post_burn_in,9,43,1.0,basal,0.039747372015771394,600.0,5000
14,down_link,post_burn_in,10,44,1.0,basal,0.04113341365852288,1900.0,5000
14,down_link,post_burn_in,11,45,1.9999999999999998,intermediate,0.2901752284641175,0.6,5000
14,down_link,post_burn_in,12,46,2.0,intermediate,0.2994391442172745,1.9,5000
14,down_niche,post_burn_in,1,3,1.9999999999999996,top,0.002263603646485067,98.85699209020207,5000
14,down_niche,post_burn_in,2,4,2.0,top,0.05761737479197867,7.57833825759547,5000
14,down_niche,post_burn_in,3,6,1.9999999999999996,top,0.0026114343881702517,60.15930869714206,5000
14,down_niche,post_burn_in,4,7,2.0,top,0.5232649525319959,47.80729295689593,5000
14,down_niche,post_burn_in,5,8,1.9999999999999996,top,0.005587808173702985,22.992764694195092,5000
14,down_niche,post_burn_in,6,9,1.9999999999999996,top,0.002039545521833107,6.493215314370345,5000
14,down_niche,post_burn_in,7,10,1.9999999999999996,top,0.011448320673525738,1.0751925672956097,5000
14,down_niche,post_burn_in,8,11,2.0,top,0.8714120994184847,40.732887873041854,5000
14,down_niche,post_burn_in,9,12,1.9999999999999996,top,0.006135665319258482,12.681833912774982,5000
14,down_niche,post_burn_in,10,15,1.9999999999999996,top,0.005311702878844263,39.65216044315522,5000
14,down_niche,post_burn_in,11,16,1.9999999999999996,top,0.019172405553046036,83.11748562185713,5000
14,down_niche,post_burn_in,12,17,2.0,top,0.039862207859693265,63.28926912293574,5000
14,down_niche,post_burn_in,13,18,2.0,top,0.1261282955337254,16.45603278057691,5000
14,down_niche,post_burn_in,14,27,1.9999999999999996,top,0.006370367124360578,58.196797583743226,5000
14,down_niche,post_burn_in,15,28,2.0,top,0.8502050093439724,83.84546548041419,5000
14,down_niche,post_burn_in,16,29,1.9999999999999996,top,0.00203585776078528,66.86443432103049,5000
14,down_niche,post_burn_in,17,30,1.9999999999999996,top,0.0025947327674761215,65.59996948269803,5000
14,down_niche,post_burn_in,18,31,2.0,top,0.1304912908723381,23.778248158382144,5000
14,down_niche,post_burn_in,19,32,1.9999999999999996,top,0.005308084378603083,14.143120495429976,5000
14,down_niche,post_burn_in,20,33,1.9999999999999996,top,0.010509723386483675,68.53432485539345,5000
14,down_niche,post_burn_in,21,34,2.0,top,0.09534619229031964,83.57229391976426,5000
14,down_niche,post_burn_in,22,37,1.0,basal,0.20993204391273101,0.6,5000
14,down_niche,post_burn_in,23,38,1.0,basal,0.2137803659262567,1.9,5000
14,down_niche,post_burn_in,24,39,1.0,basal,0.21466467523845703,6.0,5000
14,down_niche,post_burn_in,25,40,1.0,basal,0.2137803659262308,19.0,5000
14,down_niche,post_burn_in,26,41,1.0,basal,0.21378036592625732,60.0,5000
14,down_niche,post_burn_in,27,42,1.0,basal,0.21466941540087342,190.0,5000
14,down_niche,post_burn_in,28,43,1.0,basal,0.21378036592623592,600.0,5000
14,down_niche,post_burn_in,29,44,1.0,basal,0.21461216866669694,1900.0,5000
14,down_niche,post_burn_in,30,45,1.9999999999999998,top,0.0018074602324860962,0.6,5000
14,down_niche,post_burn_in,31,46,2.0,top,0.11880210880836115,1.9,5000
14,down_niche,post_burn_in,32,47,2.0,top,0.12261878170608079,6.0,5000
14,down_niche,post_burn_in,33,48,2.0,top,0.0019179893014248568,19.0,5000
14,down_niche,post_burn_in,34,49,2.0,top,0.10700539900608583,60.0,5000
14,down_niche,post_burn_in,35,50,2.0,top,0.1292492856362125,190.0,5000
14,down_niche,post_burn_in,36,51,1.9999999999999998,top,0.08227239256172299,600.0,5000
14,down_niche,post_burn_in,37,52,1.9999999999999998,top,0.08551974928859907,1900.0,5000
14,atn,post_burn_in,1,2,1.9999999999999998,intermediate,1.4077635612278603e-11,55.58100046356896,5000
14,atn,post_burn_in,2,4,2.0,intermediate,0.14272255712474438,7.57833825759547,5000
14,atn,post_burn_in,3,5,2.1428571428571423,intermediate,0.47145009086575407,64.61989649446446,5000
14,atn,post_burn_in,4,6,2.1428571428571423,intermediate,0.09935157686570029,60.15930869714206,5000
14,atn,post_burn_in,5,7,1.9999999999999998,intermediate,6.408851527556813e-5,47.80729295689593,5000
14,atn,post_burn_in,6,8,1.9999999999999998,intermediate,0.35675559905004495,22.992764694195092,5000
14,atn,post_burn_in,7,9,2.0,intermediate,0.09462967385137228,6.493215314370345,5000
14,atn,post_burn_in,8,10,1.0,basal,0.32010831593003763,1.0751925672956097,5000
14,atn,post_burn_in,9,11,1.9999999999999998,intermediate,0.048130203065998814,40.732887873041854,5000
14,atn,post_burn_in,10,12,1.9999999999999998,intermediate,0.13934283868045025,12.681833912774982,5000
14,atn,post_burn_in,11,13,1.9999999999999998,intermediate,0.05377676642332863,16.05766710792032,5000
14,atn,post_burn_in,12,15,1.9999999999999998,intermediate,0.05901118671116307,39.65216044315522,5000
14,atn,post_burn_in,13,16,2.3333333333333335,intermediate,1.1039913586657023e-10,83.11748562185713,5000
14,atn,post_burn_in,14,17,2.1428571428571423,intermediate,0.5198301849107305,63.28926912293574,5000
14,atn,post_burn_in,15,18,1.9999999999999998,intermediate,0.046017524638845314,16.45603278057691,5000
14,atn,post_burn_in,16,22,2.25,intermediate,0.14370885409955433,65.26569093926344,5000
14,atn,post_burn_in,17,23,1.9999999999999998,intermediate,2.643123650455526e-7,50.16127920060212,5000
14,atn,post_burn_in,18,24,2.3333333333333335,intermediate,1.907935857427302e-10,82.15095296894123,5000
14,atn,post_burn_in,19,25,1.9999999999999998,intermediate,0.023339863702683202,43.43610569169016,5000
14,atn,post_burn_in,20,26,2.0,intermediate,0.06222104004641181,9.10394099149007,5000
14,atn,post_burn_in,21,28,2.3333333333333335,intermediate,7.4302018841708e-11,83.84546548041419,5000
14,atn,post_burn_in,22,29,2.25,intermediate,0.09409435080703009,66.86443432103049,5000
14,atn,post_burn_in,23,30,2.25,intermediate,0.13314084782583716,65.59996948269803,5000
14,atn,post_burn_in,24,31,1.9999999999999998,intermediate,0.33348604999420994,23.778248158382144,5000
14,atn,post_burn_in,25,32,1.9999999999999998,intermediate,0.09726301981156688,14.143120495429976,5000
14,atn,post_burn_in,26,33,2.25,intermediate,0.04554087422480755,68.53432485539345,5000
14,atn,post_burn_in,27,34,2.3333333333333335,intermediate,8.236460776585747e-11,83.57229391976426,5000
14,atn,post_burn_in,28,36,1.9999999999999998,intermediate,0.019008706066304233,43.94665971239111,5000
14,atn,post_burn_in,29,37,1.0,basal,0.253742675763185,0.6,5000
14,atn,post_burn_in,30,38,1.0,basal,0.35336301022523653,1.9,5000
14,atn,post_burn_in,31,39,1.0,basal,0.4829784129176798,6.0,5000
14,atn,post_burn_in,32,40,1.0,basal,0.8228025612482975,19.0,5000
14,atn,post_burn_in,33,41,1.0,basal,0.866724133490011,60.0,5000
14,atn,post_burn_in,34,42,1.0,basal,0.9692399782590441,190.0,5000
14,atn,post_burn_in,35,45,1.0,basal,0.253742675763185,0.6,5000
14,atn,post_burn_in,36,46,1.0,basal,0.3533630102252389,1.9,5000
14,atn,post_burn_in,37,47,2.0,intermediate,0.04057437425957742,6.0,5000
14,atn,post_burn_in,38,48,2.0,intermediate,0.26980255253515006,19.0,5000
14,atn,post_burn_in,39,49,2.142857142857143,intermediate,0.10036818503627037,60.0,5000
14,atn,post_burn_in,40,50,2.5625,intermediate,0.4171907192703961,190.0,5000
14,atn,post_burn_in,41,51,2.8253968253968242,top,1.0344465190449719,600.0,5000
14,atn,post_burn_in,42,52,3.049736987818384,top,0.521248767257138,1900.0,5000
15,down_power,creation,1,1,3.955759483538798,intermediate,0.804502542867383,103.54095393481361,5000
15,down_power,creation,2,2,3.560791660657874,intermediate,0.24192677126430595,97.03927567388843,5000
15,down_power,creation,3,3,2.0,intermediate,0.4134887071306912,87.05709231564941,5000
15,down_power,creation,4,4,2.0000000000000004,intermediate,0.7000177485484252,8.260182846243177,5000
15,down_power,creation,5,5,3.631706917639183,intermediate,0.3663671179123076,54.16916498575102,5000
15,down_power,creation,6,6,1.9999999999999998,intermediate,0.16822790730595316,54.4444842179921,5000
15,down_power,creation,7,7,1.9999999999999998,top,0.22235293896752129,28.733807543259186,5000
15,down_power,creation,8,8,1.9999999999999998,intermediate,0.4203591026701823,15.110180091959181,5000
15,down_power,creation,9,9,2.0000000000000004,intermediate,0.7544268732273909,3.7451417176461606,5000
15,down_power,creation,10,10,2.0,intermediate,0.7743853050580228,9.122262116539765,5000
15,down_power,creation,11,11,2.0000000000000004,top,0.8521113863294836,15.789486114295178,5000
15,down_power,creation,12,12,2.0,intermediate,0.9270169162740103,31.171619785850574,5000
15,down_power,creation,13,13,3.0000000000000004,intermediate,0.68362785716741,16.630731418537195,5000
15,down_power,creation,14,14,2.845108695652175,intermediate,0.5661665657871205,73.85086028016129,5000
15,down_power,creation,15,15,1.9999999999999998,intermediate,0.17567081919757188,13.910804550509415,5000
15,down_power,creation,16,16,2.0,top,0.4920867289309776,98.9898000749006,5000
15,down_power,creation,17,17,2.0000000000000004,intermediate,0.7327234659874856,73.17538922926039,5000
15,down_power,creation,18,18,1.9999999999999998,intermediate,0.8891147115116609,23.192845791728494,5000
15,down_power,creation,19,19,3.9788193836205275,intermediate,0.33428352129228944,183.71133774171267,5000
15,down_power,creation,20,20,4.019674705585454,intermediate,0.296231593280196,112.28660682100698,5000
15,down_power,creation,21,21,3.9054634519444575,intermediate,0.30503965740386985,183.14164298094985,5000
15,down_power,creation,22,22,3.529694204621828,intermediate,0.5473305317390711,60.374874574118635,5000
15,down_power,creation,23,23,3.629325391102739,intermediate,0.7347651040446208,97.32068884284449,5000
15,down_power,creation,24,24,3.5817063434836895,intermediate,0.17889371146276367,51.529006786340254,5000
15,down_power,creation,25,25,3.437500000000001,intermediate,0.6475413468371859,23.087492503435495,5000
15,down_power,creation,26,26,3.499999999999999,intermediate,0.12172429765448123,2.630687571008498,5000
15,down_power,creation,27,27,2.0,top,0.7314019741445086,73.03011463261637,5000
15,down_power,creation,28,28,2.0,top,0.054036256372052116,67.66621462308748,5000
15,down_power,creation,29,29,2.0,intermediate,0.5845138171230394,70.56965512072676,5000
15,down_power,creation,30,30,1.9999999999999998,intermediate,0.6447326961685507,65.56489384975765,5000
15,down_power,creation,31,31,2.0,intermediate,0.5718024276910678,32.03318677629665,5000
15,down_power,creation,32,32,2.0000000000000004,intermediate,0.7330248602993306,16.24901789662207,5000
15,down_power,creation,33,33,2.0,top,0.8711626873357108,70.08422805047063,5000
15,down_power,creation,34,34,2.0,intermediate,0.1114118796587471,57.41806056391401,5000
15,down_power,creation,35,35,2.9999999999999996,intermediate,0.29349093453991626,54.39503362166128,5000
15,down_power,creation,36,36,3.0,intermediate,0.370900397739668,44.75203882413381,5000
15,down_power,creation,37,37,1.0,basal,0.4928676997054301,0.6,5000
15,down_power,creation,38,38,1.0,basal,0.8345391962462564,1.9,5000
15,down_power,creation,39,39,1.0,basal,0.7921748902649363,6.0,5000
15,down_power,creation,40,40,1.0,basal,0.036882687710563244,19.0,5000
15,down_power,creation,41,41,1.0,basal,0.16092982715368886,60.0,5000
15,down_power,creation,42,42,1.0,basal,0.15964015095758133,190.0,5000
15,down_power,creation,43,43,1.0,basal,0.6472751757255386,600.0,5000
15,down_power,creation,44,44,1.0,basal,0.43727704150064606,1900.0,5000
15,down_power,creation,45,45,1.9999999999999998,intermediate,0.9280553366347449,0.6,5000
15,down_power,creation,46,46,1.9999999999999998,intermediate,0.8519339657395095,1.9,5000
15,down_power,creation,47,47,2.0,intermediate,0.383743366077673,6.0,5000
15,down_power,creation,48,48,2.0000000000000004,intermediate,0.9766702357526375,19.0,5000
15,down_power,creation,49,49,1.9999999999999996,top,0.7830414747374037,60.0,5000
15,down_power,creation,50,50,1.9999999999999996,intermediate,0.7337026129149097,190.0,5000
15,down_power,creation,51,51,1.9999999999999998,intermediate,0.9566147598313078,600.0,5000
15,down_power,creation,52,52,1.9999999999999998,intermediate,0.9021067219038857,1900.0,5000
15,metaweb,creation,1,1,4.0613354240613635,intermediate,0.804502542867383,103.54095393481361,5000
15,metaweb,creation,2,2,3.5954723098103645,intermediate,0.24192677126430595,97.03927567388843,5000
15,metaweb,creation,3,3,2.0,intermediate,0.4134887071306912,87.05709231564941,5000
15,metaweb,creation,4,4,2.0,intermediate,0.7000177485484252,8.260182846243177,5000
15,metaweb,creation,5,5,3.5954723098103667,intermediate,0.3663671179123076,54.16916498575102,5000
15,metaweb,creation,6,6,2.0,intermediate,0.16822790730595316,54.4444842179921,5000
15,metaweb,creation,7,7,2.0,top,0.22235293896752129,28.733807543259186,5000
15,metaweb,creation,8,8,2.0,intermediate,0.4203591026701823,15.110180091959181,5000
15,metaweb,creation,9,9,2.0,intermediate,0.7544268732273909,3.7451417176461606,5000
15,metaweb,creation,10,10,2.0,intermediate,0.7743853050580228,9.122262116539765,5000
15,metaweb,creation,11,11,2.0,top,0.8521113863294836,15.789486114295178,5000
15,metaweb,creation,12,12,2.0,intermediate,0.9270169162740103,31.171619785850574,5000
15,metaweb,creation,13,13,3.0,intermediate,0.68362785716741,16.630731418537195,5000
15,metaweb,creation,14,14,2.8392621870882753,intermediate,0.5661665657871205,73.85086028016129,5000
15,metaweb,creation,15,15,2.0,intermediate,0.17567081919757188,13.910804550509415,5000
15,metaweb,creation,16,16,2.0,top,0.4920867289309776,98.9898000749006,5000
15,metaweb,creation,17,17,2.0,intermediate,0.7327234659874856,73.17538922926039,5000
15,metaweb,creation,18,18,2.0,intermediate,0.8891147115116609,23.192845791728494,5000
15,metaweb,creation,19,19,4.0613354240613635,intermediate,0.33428352129228944,183.71133774171267,5000
15,metaweb,creation,20,20,4.061335424061364,intermediate,0.296231593280196,112.28660682100698,5000
15,metaweb,creation,21,21,4.061335424061364,intermediate,0.30503965740386985,183.14164298094985,5000
15,metaweb,creation,22,22,3.5954723098103636,intermediate,0.5473305317390711,60.374874574118635,5000
15,metaweb,creation,23,23,3.5954723098103654,intermediate,0.7347651040446208,97.32068884284449,5000
15,metaweb,creation,24,24,3.5762090864680016,intermediate,0.17889371146276367,51.529006786340254,5000
15,metaweb,creation,25,25,3.303030303030302,intermediate,0.6475413468371859,23.087492503435495,5000
15,metaweb,creation,26,26,3.3333333333333335,intermediate,0.12172429765448123,2.630687571008498,5000
15,metaweb,creation,27,27,2.0,top,0.7314019741445086,73.03011463261637,5000
15,metaweb,creation,28,28,2.0,top,0.054036256372052116,67.66621462308748,5000
15,metaweb,creation,29,29,2.0,intermediate,0.5845138171230394,70.56965512072676,5000
15,metaweb,creation,30,30,2.0,intermediate,0.6447326961685507,65.56489384975765,5000
15,metaweb,creation,31,31,2.0,intermediate,0.5718024276910678,32.03318677629665,5000
15,metaweb,creation,32,32,2.0,intermediate,0.7330248602993306,16.24901789662207,5000
15,metaweb,creation,33,33,2.0,top,0.8711626873357108,70.08422805047063,5000
15,metaweb,creation,34,34,2.0,intermediate,0.1114118796587471,57.41806056391401,5000
15,metaweb,creation,35,35,3.0,intermediate,0.29349093453991626,54.39503362166128,5000
15,metaweb,creation,36,36,3.0,intermediate,0.370900397739668,44.75203882413381,5000
15,metaweb,creation,37,37,1.0,basal,0.4928676997054301,0.6,5000
15,metaweb,creation,38,38,1.0,basal,0.8345391962462564,1.9,5000
15,metaweb,creation,39,39,1.0,basal,0.7921748902649363,6.0,5000
15,metaweb,creation,40,40,1.0,basal,0.036882687710563244,19.0,5000
15,metaweb,creation,41,41,1.0,basal,0.16092982715368886,60.0,5000
15,metaweb,creation,42,42,1.0,basal,0.15964015095758133,190.0,5000
15,metaweb,creation,43,43,1.0,basal,0.6472751757255386,600.0,5000
15,metaweb,creation,44,44,1.0,basal,0.43727704150064606,1900.0,5000
15,metaweb,creation,45,45,2.0,intermediate,0.9280553366347449,0.6,5000
15,metaweb,creation,46,46,2.0,intermediate,0.8519339657395095,1.9,5000
15,metaweb,creation,47,47,2.0,intermediate,0.383743366077673,6.0,5000
15,metaweb,creation,48,48,2.0,intermediate,0.9766702357526375,19.0,5000
15,metaweb,creation,49,49,2.0,intermediate,0.7830414747374037,60.0,5000
15,metaweb,creation,50,50,2.0,intermediate,0.7337026129149097,190.0,5000
15,metaweb,creation,51,51,2.0,intermediate,0.9566147598313078,600.0,5000
15,metaweb,creation,52,52,2.0,intermediate,0.9021067219038857,1900.0,5000
15,niche,creation,1,1,4.043827780954757,intermediate,0.804502542867383,103.54095393481361,5000
15,niche,creation,2,2,4.593300832214621,intermediate,0.24192677126430595,97.03927567388843,5000
15,niche,creation,3,3,4.836370238095241,intermediate,0.4134887071306912,87.05709231564941,5000
15,niche,creation,4,4,3.927933807319222,intermediate,0.7000177485484252,8.260182846243177,5000
15,niche,creation,5,5,4.456125241723,intermediate,0.3663671179123076,54.16916498575102,5000
15,niche,creation,6,6,1.0000000000000044,basal,0.16822790730595316,54.4444842179921,5000
15,niche,creation,7,7,3.6466269841269847,intermediate,0.22235293896752129,28.733807543259186,5000
15,niche,creation,8,8,3.975959278155709,intermediate,0.4203591026701823,15.110180091959181,5000
15,niche,creation,9,9,2.000000000000002,intermediate,0.7544268732273909,3.7451417176461606,5000
15,niche,creation,10,10,4.549586173746883,intermediate,0.7743853050580228,9.122262116539765,5000
15,niche,creation,11,11,1.0000000000000067,basal,0.8521113863294836,15.789486114295178,5000
15,niche,creation,12,12,4.339457149146202,intermediate,0.9270169162740103,31.171619785850574,5000
15,niche,creation,13,13,4.34372333330699,intermediate,0.68362785716741,16.630731418537195,5000
15,niche,creation,14,14,3.887067099567101,intermediate,0.5661665657871205,73.85086028016129,5000
15,niche,creation,15,15,5.121853741496598,intermediate,0.17567081919757188,13.910804550509415,5000
15,niche,creation,16,16,4.92252752976191,intermediate,0.4920867289309776,98.9898000749006,5000
15,niche,creation,17,17,3.5595238095238084,intermediate,0.7327234659874856,73.17538922926039,5000
15,niche,creation,18,18,4.500953755641476,intermediate,0.8891147115116609,23.192845791728494,5000
15,niche,creation,19,19,3.6666666666666674,intermediate,0.33428352129228944,183.71133774171267,5000
15,niche,creation,20,20,3.333333333333332,intermediate,0.296231593280196,112.28660682100698,5000
15,niche,creation,21,21,4.183928571428575,intermediate,0.30503965740386985,183.14164298094985,5000
15,niche,creation,22,22,-1.5427018159302055,intermediate,0.5473305317390711,60.374874574118635,5000
15,niche,creation,23,23,3.635592185592191,intermediate,0.7347651040446208,97.32068884284449,5000
15,niche,creation,24,24,3.0555555555555594,intermediate,0.17889371146276367,51.529006786340254,5000
15,niche,creation,25,25,4.121853741496598,intermediate,0.6475413468371859,23.087492503435495,5000
15,niche,creation,26,26,4.144717261904768,intermediate,0.12172429765448123,2.630687571008498,5000
15,niche,creation,27,27,3.647619047619052,intermediate,0.7314019741445086,73.03011463261637,5000
15,niche,creation,28,28,3.875773809523812,intermediate,0.054036256372052116,67.66621462308748,5000
15,niche,creation,29,29,4.913741071428577,intermediate,0.5845138171230394,70.56965512072676,5000
15,niche,creation,30,30,2.6000000000000036,intermediate,0.6447326961685507,65.56489384975765,5000
15,niche,creation,31,31,4.300595238095243,intermediate,0.5718024276910678,32.03318677629665,5000
15,niche,creation,32,32,2.7500000000000036,intermediate,0.7330248602993306,16.24901789662207,5000
15,niche,creation,33,33,2.000000000000008,intermediate,0.8711626873357108,70.08422805047063,5000
15,niche,creation,34,34,3.307936507936512,intermediate,0.1114118796587471,57.41806056391401,5000
15,niche,creation,35,35,3.5611111111111162,intermediate,0.29349093453991626,54.39503362166128,5000
15,niche,creation,36,36,3.3333333333333393,intermediate,0.370900397739668,44.75203882413381,5000
15,niche,creation,37,37,3.0000000000000058,intermediate,0.4928676997054301,0.6,5000
15,niche,creation,38,38,2.904761904761912,intermediate,0.8345391962462564,1.9,5000
15,niche,creation,39,39,1.0000000000000098,basal,0.7921748902649363,6.0,5000
15,niche,creation,40,40,3.0000000000000098,intermediate,0.036882687710563244,19.0,5000
15,niche,creation,41,41,3.26666666666667,intermediate,0.16092982715368886,60.0,5000
15,niche,creation,42,42,1.0000000000000009,basal,0.15964015095758133,190.0,5000
15,niche,creation,43,43,3.666666666666665,intermediate,0.6472751757255386,600.0,5000
15,niche,creation,44,44,3.222222222222226,intermediate,0.43727704150064606,1900.0,5000
15,niche,creation,45,45,1.0000000000000004,basal,0.9280553366347449,0.6,5000
15,niche,creation,46,46,2.0000000000000053,intermediate,0.8519339657395095,1.9,5000
15,niche,creation,47,47,3.3333333333333353,intermediate,0.383743366077673,6.0,5000
15,niche,creation,48,48,1.999999999999998,intermediate,0.9766702357526375,19.0,5000
15,niche,creation,49,49,1.9999999999999996,intermediate,0.7830414747374037,60.0,5000
15,niche,creation,50,50,2.0000000000000013,intermediate,0.7337026129149097,190.0,5000
15,niche,creation,51,51,0.9999999999999908,basal,0.9566147598313078,600.0,5000
15,niche,creation,52,52,1.0000000000000036,basal,0.9021067219038857,1900.0,5000
15,down_rand,creation,1,1,4.34805056883009,intermediate,0.804502542867383,103.54095393481361,5000
15,down_rand,creation,2,2,3.5670041919125803,intermediate,0.24192677126430595,97.03927567388843,5000
15,down_rand,creation,3,3,2.0000000000000004,intermediate,0.4134887071306912,87.05709231564941,5000
15,down_rand,creation,4,4,2.0,intermediate,0.7000177485484252,8.260182846243177,5000
15,down_rand,creation,5,5,3.458029514428033,intermediate,0.3663671179123076,54.16916498575102,5000
15,down_rand,creation,6,6,1.9999999999999996,intermediate,0.16822790730595316,54.4444842179921,5000
15,down_rand,creation,7,7,2.0000000000000004,top,0.22235293896752129,28.733807543259186,5000
15,down_rand,creation,8,8,1.9999999999999998,intermediate,0.4203591026701823,15.110180091959181,5000
15,down_rand,creation,9,9,2.0000000000000004,intermediate,0.7544268732273909,3.7451417176461606,5000
15,down_rand,creation,10,10,2.0,top,0.7743853050580228,9.122262116539765,5000
15,down_rand,creation,11,11,2.0000000000000004,top,0.8521113863294836,15.789486114295178,5000
15,down_rand,creation,12,12,2.0000000000000004,intermediate,0.9270169162740103,31.171619785850574,5000
15,down_rand,creation,13,13,2.9999999999999996,intermediate,0.68362785716741,16.630731418537195,5000
15,down_rand,creation,14,14,2.865384615384615,intermediate,0.5661665657871205,73.85086028016129,5000
15,down_rand,creation,15,15,1.9999999999999996,intermediate,0.17567081919757188,13.910804550509415,5000
15,down_rand,creation,16,16,1.9999999999999998,top,0.4920867289309776,98.9898000749006,5000
15,down_rand,creation,17,17,1.9999999999999996,intermediate,0.7327234659874856,73.17538922926039,5000
15,down_rand,creation,18,18,1.9999999999999996,intermediate,0.8891147115116609,23.192845791728494,5000
15,down_rand,creation,19,19,4.229274199092496,intermediate,0.33428352129228944,183.71133774171267,5000
15,down_rand,creation,20,20,4.137124228728037,intermediate,0.296231593280196,112.28660682100698,5000
15,down_rand,creation,21,21,3.841528795413251,intermediate,0.30503965740386985,183.14164298094985,5000
15,down_rand,creation,22,22,3.5802951442803366,intermediate,0.5473305317390711,60.374874574118635,5000
15,down_rand,creation,23,23,3.4788481365720725,intermediate,0.7347651040446208,97.32068884284449,5000
15,down_rand,creation,24,24,3.3048942753208435,intermediate,0.17889371146276367,51.529006786340254,5000
15,down_rand,creation,25,25,3.25,intermediate,0.6475413468371859,23.087492503435495,5000
15,down_rand,creation,26,26,3.000000000000001,intermediate,0.12172429765448123,2.630687571008498,5000
15,down_rand,creation,27,27,2.0000000000000004,top,0.7314019741445086,73.03011463261637,5000
15,down_rand,creation,28,28,2.0,top,0.054036256372052116,67.66621462308748,5000
15,down_rand,creation,29,29,1.9999999999999996,intermediate,0.5845138171230394,70.56965512072676,5000
15,down_rand,creation,30,30,2.0000000000000004,intermediate,0.6447326961685507,65.56489384975765,5000
15,down_rand,creation,31,31,2.0000000000000004,intermediate,0.5718024276910678,32.03318677629665,5000
15,down_rand,creation,32,32,2.0,intermediate,0.7330248602993306,16.24901789662207,5000
15,down_rand,creation,33,33,1.9999999999999998,top,0.8711626873357108,70.08422805047063,5000
15,down_rand,creation,34,34,1.9999999999999996,intermediate,0.1114118796587471,57.41806056391401,5000
15,down_rand,creation,35,35,3.0,intermediate,0.29349093453991626,54.39503362166128,5000
15,down_rand,creation,36,36,3.0,intermediate,0.370900397739668,44.75203882413381,5000
15,down_rand,creation,37,37,1.0,basal,0.4928676997054301,0.6,5000
15,down_rand,creation,38,38,1.0,basal,0.8345391962462564,1.9,5000
15,down_rand,creation,39,39,1.0,basal,0.7921748902649363,6.0,5000
15,down_rand,creation,40,40,1.0,basal,0.036882687710563244,19.0,5000
15,down_rand,creation,41,41,1.0,basal,0.16092982715368886,60.0,5000
15,down_rand,creation,42,42,1.0,basal,0.15964015095758133,190.0,5000
15,down_rand,creation,43,43,1.0,basal,0.6472751757255386,600.0,5000
15,down_rand,creation,44,44,1.0,basal,0.43727704150064606,1900.0,5000
15,down_rand,creation,45,45,1.9999999999999998,intermediate,0.9280553366347449,0.6,5000
15,down_rand,creation,46,46,1.9999999999999996,intermediate,0.8519339657395095,1.9,5000
15,down_rand,creation,47,47,1.9999999999999998,intermediate,0.383743366077673,6.0,5000
15,down_rand,creation,48,48,2.0000000000000004,intermediate,0.9766702357526375,19.0,5000
15,down_rand,creation,49,49,2.0,intermediate,0.7830414747374037,60.0,5000
15,down_rand,creation,50,50,2.0,intermediate,0.7337026129149097,190.0,5000
15,down_rand,creation,51,51,1.9999999999999998,intermediate,0.9566147598313078,600.0,5000
15,down_rand,creation,52,52,2.0000000000000004,intermediate,0.9021067219038857,1900.0,5000
15,down_link,creation,1,1,4.421137167349066,intermediate,0.804502542867383,103.54095393481361,5000
15,down_link,creation,2,2,3.621865809228547,intermediate,0.24192677126430595,97.03927567388843,5000
15,down_link,creation,3,3,2.0000000000000004,intermediate,0.4134887071306912,87.05709231564941,5000
15,down_link,creation,4,4,1.9999999999999996,intermediate,0.7000177485484252,8.260182846243177,5000
15,down_link,creation,5,5,3.6411013076215615,intermediate,0.3663671179123076,54.16916498575102,5000
15,down_link,creation,6,6,2.0000000000000004,intermediate,0.16822790730595316,54.4444842179921,5000
15,down_link,creation,7,7,1.9999999999999998,top,0.22235293896752129,28.733807543259186,5000
15,down_link,creation,8,8,2.0000000000000004,intermediate,0.4203591026701823,15.110180091959181,5000
15,down_link,creation,9,9,2.0,intermediate,0.7544268732273909,3.7451417176461606,5000
15,down_link,creation,10,10,2.0,intermediate,0.7743853050580228,9.122262116539765,5000
15,down_link,creation,11,11,2.0000000000000004,top,0.8521113863294836,15.789486114295178,5000
15,down_link,creation,12,12,1.9999999999999998,intermediate,0.9270169162740103,31.171619785850574,5000
15,down_link,creation,13,13,2.999999999999999,intermediate,0.68362785716741,16.630731418537195,5000
15,down_link,creation,14,14,2.999999999999999,intermediate,0.5661665657871205,73.85086028016129,5000
15,down_link,creation,15,15,1.9999999999999996,intermediate,0.17567081919757188,13.910804550509415,5000
15,down_link,creation,16,16,1.9999999999999998,top,0.4920867289309776,98.9898000749006,5000
15,down_link,creation,17,17,2.0000000000000004,intermediate,0.7327234659874856,73.17538922926039,5000
15,down_link,creation,18,18,1.9999999999999998,intermediate,0.8891147115116609,23.192845791728494,5000
15,down_link,creation,19,19,4.403521985862367,intermediate,0.33428352129228944,183.71133774171267,5000
15,down_link,creation,20,20,4.203018845024887,intermediate,0.296231593280196,112.28660682100698,5000
15,down_link,creation,21,21,4.18948425535656,intermediate,0.30503965740386985,183.14164298094985,5000
15,down_link,creation,22,22,3.573086696678895,intermediate,0.5473305317390711,60.374874574118635,5000
15,down_link,creation,23,23,3.6325193451894435,intermediate,0.7347651040446208,97.32068884284449,5000
15,down_link,creation,24,24,3.7890477632265376,intermediate,0.17889371146276367,51.529006786340254,5000
15,down_link,creation,25,25,3.333333333333333,intermediate,0.6475413468371859,23.087492503435495,5000
15,down_link,creation,26,26,3.3333333333333335,intermediate,0.12172429765448123,2.630687571008498,5000
15,down_link,creation,27,27,1.9999999999999998,top,0.7314019741445086,73.03011463261637,5000
15,down_link,creation,28,28,2.0,top,0.054036256372052116,67.66621462308748,5000
15,down_link,creation,29,29,1.9999999999999998,intermediate,0.5845138171230394,70.56965512072676,5000
15,down_link,creation,30,30,1.9999999999999996,intermediate,0.6447326961685507,65.56489384975765,5000
15,down_link,creation,31,31,2.0000000000000004,intermediate,0.5718024276910678,32.03318677629665,5000
15,down_link,creation,32,32,2.0000000000000004,intermediate,0.7330248602993306,16.24901789662207,5000
15,down_link,creation,33,33,1.9999999999999998,top,0.8711626873357108,70.08422805047063,5000
15,down_link,creation,34,34,2.0,intermediate,0.1114118796587471,57.41806056391401,5000
15,down_link,creation,35,35,2.999999999999999,intermediate,0.29349093453991626,54.39503362166128,5000
15,down_link,creation,36,36,2.999999999999999,intermediate,0.370900397739668,44.75203882413381,5000
15,down_link,creation,37,37,1.0,basal,0.4928676997054301,0.6,5000
15,down_link,creation,38,38,1.0,basal,0.8345391962462564,1.9,5000
15,down_link,creation,39,39,1.0,basal,0.7921748902649363,6.0,5000
15,down_link,creation,40,40,1.0,basal,0.036882687710563244,19.0,5000
15,down_link,creation,41,41,1.0,basal,0.16092982715368886,60.0,5000
15,down_link,creation,42,42,1.0,basal,0.15964015095758133,190.0,5000
15,down_link,creation,43,43,1.0,basal,0.6472751757255386,600.0,5000
15,down_link,creation,44,44,1.0,basal,0.43727704150064606,1900.0,5000
15,down_link,creation,45,45,2.0000000000000004,intermediate,0.9280553366347449,0.6,5000
15,down_link,creation,46,46,1.9999999999999998,intermediate,0.8519339657395095,1.9,5000
15,down_link,creation,47,47,1.9999999999999998,intermediate,0.383743366077673,6.0,5000
15,down_link,creation,48,48,2.0,intermediate,0.9766702357526375,19.0,5000
15,down_link,creation,49,49,2.0000000000000004,intermediate,0.7830414747374037,60.0,5000
15,down_link,creation,50,50,2.0,intermediate,0.7337026129149097,190.0,5000
15,down_link,creation,51,51,2.0,intermediate,0.9566147598313078,600.0,5000
15,down_link,creation,52,52,1.9999999999999998,intermediate,0.9021067219038857,1900.0,5000
15,down_niche,creation,1,1,3.791544791544792,intermediate,0.804502542867383,103.54095393481361,5000
15,down_niche,creation,2,2,3.311111111111112,intermediate,0.24192677126430595,97.03927567388843,5000
15,down_niche,creation,3,3,2.0,intermediate,0.4134887071306912,87.05709231564941,5000
15,down_niche,creation,4,4,1.9999999999999996,intermediate,0.7000177485484252,8.260182846243177,5000
15,down_niche,creation,5,5,3.4444444444444438,intermediate,0.3663671179123076,54.16916498575102,5000
15,down_niche,creation,6,6,2.0,intermediate,0.16822790730595316,54.4444842179921,5000
15,down_niche,creation,7,7,1.9999999999999996,top,0.22235293896752129,28.733807543259186,5000
15,down_niche,creation,8,8,1.9999999999999996,intermediate,0.4203591026701823,15.110180091959181,5000
15,down_niche,creation,9,9,1.9999999999999996,intermediate,0.7544268732273909,3.7451417176461606,5000
15,down_niche,creation,10,10,1.9999999999999996,intermediate,0.7743853050580228,9.122262116539765,5000
15,down_niche,creation,11,11,1.9999999999999996,top,0.8521113863294836,15.789486114295178,5000
15,down_niche,creation,12,12,2.0,intermediate,0.9270169162740103,31.171619785850574,5000
15,down_niche,creation,13,13,3.0,top,0.68362785716741,16.630731418537195,5000
15,down_niche,creation,14,14,2.7272727272727266,intermediate,0.5661665657871205,73.85086028016129,5000
15,down_niche,creation,15,15,1.9999999999999996,intermediate,0.17567081919757188,13.910804550509415,5000
15,down_niche,creation,16,16,1.9999999999999996,top,0.4920867289309776,98.9898000749006,5000
15,down_niche,creation,17,17,1.9999999999999996,intermediate,0.7327234659874856,73.17538922926039,5000
15,down_niche,creation,18,18,1.9999999999999996,intermediate,0.8891147115116609,23.192845791728494,5000
15,down_niche,creation,19,19,3.8097890097890095,intermediate,0.33428352129228944,183.71133774171267,5000
15,down_niche,creation,20,20,4.323380523380523,intermediate,0.296231593280196,112.28660682100698,5000
15,down_niche,creation,21,21,4.424390624390625,intermediate,0.30503965740386985,183.14164298094985,5000
15,down_niche,creation,22,22,3.09090909090909,intermediate,0.5473305317390711,60.374874574118635,5000
15,down_niche,creation,23,23,3.6343434343434344,intermediate,0.7347651040446208,97.32068884284449,5000
15,down_niche,creation,24,24,3.111111111111111,intermediate,0.17889371146276367,51.529006786340254,5000
15,down_niche,creation,25,25,2.999999999999999,intermediate,0.6475413468371859,23.087492503435495,5000
15,down_niche,creation,26,26,2.9999999999999996,top,0.12172429765448123,2.630687571008498,5000
15,down_niche,creation,27,27,2.0,top,0.7314019741445086,73.03011463261637,5000
15,down_niche,creation,28,28,2.0,top,0.054036256372052116,67.66621462308748,5000
15,down_niche,creation,29,29,2.0,intermediate,0.5845138171230394,70.56965512072676,5000
15,down_niche,creation,30,30,2.0000000000000004,intermediate,0.6447326961685507,65.56489384975765,5000
15,down_niche,creation,31,31,1.9999999999999996,intermediate,0.5718024276910678,32.03318677629665,5000
15,down_niche,creation,32,32,1.9999999999999996,intermediate,0.7330248602993306,16.24901789662207,5000
15,down_niche,creation,33,33,2.0,top,0.8711626873357108,70.08422805047063,5000
15,down_niche,creation,34,34,1.9999999999999996,intermediate,0.1114118796587471,57.41806056391401,5000
15,down_niche,creation,35,35,3.0,intermediate,0.29349093453991626,54.39503362166128,5000
15,down_niche,creation,36,36,2.999999999999999,intermediate,0.370900397739668,44.75203882413381,5000
15,down_niche,creation,37,37,1.0,basal,0.4928676997054301,0.6,5000
15,down_niche,creation,38,38,1.0,basal,0.8345391962462564,1.9,5000
15,down_niche,creation,39,39,1.0,basal,0.7921748902649363,6.0,5000
15,down_niche,creation,40,40,1.0,basal,0.036882687710563244,19.0,5000
15,down_niche,creation,41,41,1.0,basal,0.16092982715368886,60.0,5000
15,down_niche,creation,42,42,1.0,basal,0.15964015095758133,190.0,5000
15,down_niche,creation,43,43,1.0,basal,0.6472751757255386,600.0,5000
15,down_niche,creation,44,44,1.0,basal,0.43727704150064606,1900.0,5000
15,down_niche,creation,45,45,1.9999999999999996,intermediate,0.9280553366347449,0.6,5000
15,down_niche,creation,46,46,1.9999999999999996,intermediate,0.8519339657395095,1.9,5000
15,down_niche,creation,47,47,1.9999999999999996,intermediate,0.383743366077673,6.0,5000
15,down_niche,creation,48,48,2.0,intermediate,0.9766702357526375,19.0,5000
15,down_niche,creation,49,49,1.9999999999999996,intermediate,0.7830414747374037,60.0,5000
15,down_niche,creation,50,50,1.9999999999999996,intermediate,0.7337026129149097,190.0,5000
15,down_niche,creation,51,51,1.9999999999999996,intermediate,0.9566147598313078,600.0,5000
15,down_niche,creation,52,52,2.0,intermediate,0.9021067219038857,1900.0,5000
15,atn,creation,1,1,2.3000000000000007,intermediate,0.804502542867383,103.54095393481361,5000
15,atn,creation,2,2,2.3000000000000007,intermediate,0.24192677126430595,97.03927567388843,5000
15,atn,creation,3,3,2.2222222222222228,intermediate,0.4134887071306912,87.05709231564941,5000
15,atn,creation,4,4,2.0,intermediate,0.7000177485484252,8.260182846243177,5000
15,atn,creation,5,5,2.0000000000000004,intermediate,0.3663671179123076,54.16916498575102,5000
15,atn,creation,6,6,2.0000000000000004,intermediate,0.16822790730595316,54.4444842179921,5000
15,atn,creation,7,7,1.9999999999999998,intermediate,0.22235293896752129,28.733807543259186,5000
15,atn,creation,8,8,2.0,intermediate,0.4203591026701823,15.110180091959181,5000
15,atn,creation,9,9,1.0,basal,0.7544268732273909,3.7451417176461606,5000
15,atn,creation,10,10,2.0,intermediate,0.7743853050580228,9.122262116539765,5000
15,atn,creation,11,11,2.0,intermediate,0.8521113863294836,15.789486114295178,5000
15,atn,creation,12,12,1.9999999999999998,intermediate,0.9270169162740103,31.171619785850574,5000
15,atn,creation,13,13,2.0,intermediate,0.68362785716741,16.630731418537195,5000
15,atn,creation,14,14,2.125,intermediate,0.5661665657871205,73.85086028016129,5000
15,atn,creation,15,15,2.0,intermediate,0.17567081919757188,13.910804550509415,5000
15,atn,creation,16,16,2.3000000000000007,intermediate,0.4920867289309776,98.9898000749006,5000
15,atn,creation,17,17,2.125,intermediate,0.7327234659874856,73.17538922926039,5000
15,atn,creation,18,18,2.0,intermediate,0.8891147115116609,23.192845791728494,5000
15,atn,creation,19,19,2.533333333333333,intermediate,0.33428352129228944,183.71133774171267,5000
15,atn,creation,20,20,2.3000000000000007,intermediate,0.296231593280196,112.28660682100698,5000
15,atn,creation,21,21,2.533333333333333,intermediate,0.30503965740386985,183.14164298094985,5000
15,atn,creation,22,22,2.125,intermediate,0.5473305317390711,60.374874574118635,5000
15,atn,creation,23,23,2.3000000000000007,intermediate,0.7347651040446208,97.32068884284449,5000
15,atn,creation,24,24,2.0000000000000004,intermediate,0.17889371146276367,51.529006786340254,5000
15,atn,creation,25,25,2.0,intermediate,0.6475413468371859,23.087492503435495,5000
15,atn,creation,26,26,1.0,basal,0.12172429765448123,2.630687571008498,5000
15,atn,creation,27,27,2.125,intermediate,0.7314019741445086,73.03011463261637,5000
15,atn,creation,28,28,2.125,intermediate,0.054036256372052116,67.66621462308748,5000
15,atn,creation,29,29,2.125,intermediate,0.5845138171230394,70.56965512072676,5000
15,atn,creation,30,30,2.125,intermediate,0.6447326961685507,65.56489384975765,5000
15,atn,creation,31,31,1.9999999999999998,intermediate,0.5718024276910678,32.03318677629665,5000
15,atn,creation,32,32,2.0,intermediate,0.7330248602993306,16.24901789662207,5000
15,atn,creation,33,33,2.125,intermediate,0.8711626873357108,70.08422805047063,5000
15,atn,creation,34,34,2.0000000000000004,intermediate,0.1114118796587471,57.41806056391401,5000
15,atn,creation,35,35,2.0000000000000004,intermediate,0.29349093453991626,54.39503362166128,5000
15,atn,creation,36,36,2.0000000000000004,intermediate,0.370900397739668,44.75203882413381,5000
15,atn,creation,37,37,1.0,basal,0.4928676997054301,0.6,5000
15,atn,creation,38,38,1.0,basal,0.8345391962462564,1.9,5000
15,atn,creation,39,39,1.0,basal,0.7921748902649363,6.0,5000
15,atn,creation,40,40,1.0,basal,0.036882687710563244,19.0,5000
15,atn,creation,41,41,1.0,basal,0.16092982715368886,60.0,5000
15,atn,creation,42,42,1.0,basal,0.15964015095758133,190.0,5000
15,atn,creation,43,43,1.0,isolated,0.6472751757255386,600.0,5000
15,atn,creation,44,44,1.0,isolated,0.43727704150064606,1900.0,5000
15,atn,creation,45,45,1.0,basal,0.9280553366347449,0.6,5000
15,atn,creation,46,46,1.0,basal,0.8519339657395095,1.9,5000
15,atn,creation,47,47,2.0,intermediate,0.383743366077673,6.0,5000
15,atn,creation,48,48,2.0,intermediate,0.9766702357526375,19.0,5000
15,atn,creation,49,49,2.125,intermediate,0.7830414747374037,60.0,5000
15,atn,creation,50,50,2.5294117647058822,intermediate,0.7337026129149097,190.0,5000
15,atn,creation,51,51,2.754464285714288,top,0.9566147598313078,600.0,5000
15,atn,creation,52,52,3.0105547774665395,top,0.9021067219038857,1900.0,5000
15,down_power,post_burn_in,1,4,2.0000000000000004,intermediate,0.02305264341125006,8.260182846243177,5000
15,down_power,post_burn_in,2,8,1.9999999999999998,intermediate,0.02081711423996975,15.110180091959181,5000
15,down_power,post_burn_in,3,9,2.0000000000000004,intermediate,0.16803686721282957,3.7451417176461606,5000
15,down_power,post_burn_in,4,13,2.999999999999999,top,0.08833851536325629,16.630731418537195,5000
15,down_power,post_burn_in,5,18,1.9999999999999998,intermediate,0.2869464956134917,23.192845791728494,5000
15,down_power,post_burn_in,6,25,2.5749999999999997,intermediate,0.04893769541428731,23.087492503435495,5000
15,down_power,post_burn_in,7,26,1.7499999999999998,intermediate,0.09685727572782708,2.630687571008498,5000
15,down_power,post_burn_in,8,31,2.0,intermediate,0.0652957634649523,32.03318677629665,5000
15,down_power,post_burn_in,9,36,3.0000000000000004,intermediate,0.1225766450659291,44.75203882413381,5000
15,down_power,post_burn_in,10,37,1.0,basal,0.44568661356974043,0.6,5000
15,down_power,post_burn_in,11,38,1.0,basal,0.19485614932290876,1.9,5000
15,down_power,post_burn_in,12,39,1.0,basal,0.1522561278634436,6.0,5000
15,down_power,post_burn_in,13,40,1.0,basal,0.3447637039492838,19.0,5000
15,down_power,post_burn_in,14,41,1.0,basal,0.18537806748678176,60.0,5000
15,down_power,post_burn_in,15,42,1.0,basal,0.07768740403440078,190.0,5000
15,down_power,post_burn_in,16,43,1.0,basal,0.04815688482254313,600.0,5000
15,down_power,post_burn_in,17,44,1.0,basal,0.041544932149545556,1900.0,5000
15,down_power,post_burn_in,18,45,2.0,intermediate,0.2535668426443675,0.6,5000
15,down_power,post_burn_in,19,47,2.0,intermediate,0.20649117774329048,6.0,5000
15,down_power,post_burn_in,20,48,2.0,intermediate,0.0874483707814026,19.0,5000
15,metaweb,post_burn_in,1,3,2.0,top,0.05267709138046768,87.05709231564941,5000
15,metaweb,post_burn_in,2,4,2.0,top,0.046996740320885175,8.260182846243177,5000
15,metaweb,post_burn_in,3,6,2.0,top,0.039785213018316515,54.4444842179921,5000
15,metaweb,post_burn_in,4,7,2.0,top,0.1274517161822826,28.733807543259186,5000
15,metaweb,post_burn_in,5,8,2.0,top,0.07432767535996045,15.110180091959181,5000
15,metaweb,post_burn_in,6,9,2.0,top,0.04739719679699233,3.7451417176461606,5000
15,metaweb,post_burn_in,7,10,2.0,top,0.04753149987552441,9.122262116539765,5000
15,metaweb,post_burn_in,8,11,2.0,top,0.48842645872105306,15.789486114295178,5000
15,metaweb,post_burn_in,9,12,2.0,top,0.08940097530737982,31.171619785850574,5000
15,metaweb,post_burn_in,10,15,2.0,top,0.05198904088239761,13.910804550509415,5000
15,metaweb,post_burn_in,11,16,2.0,top,0.28206192553154497,98.9898000749006,5000
15,metaweb,post_burn_in,12,17,2.0,top,0.05832520855109417,73.17538922926039,5000
15,metaweb,post_burn_in,13,18,2.0,top,0.08876430042333083,23.192845791728494,5000
15,metaweb,post_burn_in,14,27,2.0,top,0.4192363602508714,73.03011463261637,5000
15,metaweb,post_burn_in,15,28,2.0,top,0.030973341943046975,67.66621462308748,5000
15,metaweb,post_burn_in,16,29,2.0,top,0.05634117592440234,70.56965512072676,5000
15,metaweb,post_burn_in,17,30,2.0,top,0.05724027708051789,65.56489384975765,5000
15,metaweb,post_burn_in,18,31,2.0,top,0.08094081129026594,32.03318677629665,5000
15,metaweb,post_burn_in,19,32,2.0,top,0.08558981651411929,16.24901789662207,5000
15,metaweb,post_burn_in,20,33,2.0,top,0.4993465797684701,70.08422805047063,5000
15,metaweb,post_burn_in,21,34,2.0,top,0.032869228271832814,57.41806056391401,5000
15,metaweb,post_burn_in,22,37,1.0,basal,0.21361727108472717,0.6,5000
15,metaweb,post_burn_in,23,38,1.0,basal,0.21361727108472717,1.9,5000
15,metaweb,post_burn_in,24,39,1.0,basal,0.21361727108472717,6.0,5000
15,metaweb,post_burn_in,25,40,1.0,basal,0.2136172710847272,19.0,5000
15,metaweb,post_burn_in,26,41,1.0,basal,0.21361727108472717,60.0,5000
15,metaweb,post_burn_in,27,42,1.0,basal,0.21361727108472717,190.0,5000
15,metaweb,post_burn_in,28,43,1.0,basal,0.21361727108472717,600.0,5000
15,metaweb,post_burn_in,29,44,1.0,basal,0.21361727108472717,1900.0,5000
15,metaweb,post_burn_in,30,45,2.0,top,0.08623597379498919,0.6,5000
15,metaweb,post_burn_in,31,46,2.0,top,0.08500464012549079,1.9,5000
15,metaweb,post_burn_in,32,47,2.0,top,0.07011344580555166,6.0,5000
15,metaweb,post_burn_in,33,48,2.0,top,0.0869375310980543,19.0,5000
15,metaweb,post_burn_in,34,49,2.0,top,0.0837223653719356,60.0,5000
15,metaweb,post_burn_in,35,50,2.0,top,0.08268515333731512,190.0,5000
15,metaweb,post_burn_in,36,51,2.0,top,0.08665538691819463,600.0,5000
15,metaweb,post_burn_in,37,52,2.0,top,0.08583569973177041,1900.0,5000
15,niche,post_burn_in,1,2,3.788317960917418,intermediate,0.05814456422598762,97.03927567388843,5000
15,niche,post_burn_in,2,4,3.615101332199546,intermediate,3.20602925555458e-7,8.260182846243177,5000
15,niche,post_burn_in,3,6,1.0,basal,0.9968282328006607,54.4444842179921,5000
15,niche,post_burn_in,4,7,3.333482142857143,intermediate,0.46866885824729027,28.733807543259186,5000
15,niche,post_burn_in,5,9,2.0,intermediate,0.42588195052603545,3.7451417176461606,5000
15,niche,post_burn_in,6,10,4.2799219827791255,intermediate,0.13779454163854973,9.122262116539765,5000
15,niche,post_burn_in,7,11,1.0,basal,0.2155194931811267,15.789486114295178,5000
15,niche,post_burn_in,8,14,3.7412337662337665,top,2.966415039247625e-10,73.85086028016129,5000
15,niche,post_burn_in,9,15,4.919897959183673,top,0.03992909414986249,13.910804550509415,5000
15,niche,post_burn_in,10,21,3.967857142857142,top,5.89795829342936e-9,183.14164298094985,5000
15,niche,post_burn_in,11,23,3.3527472527472537,intermediate,0.36567403868448395,97.32068884284449,5000
15,niche,post_burn_in,12,24,2.833333333333333,intermediate,0.0646142526429943,51.529006786340254,5000
15,niche,post_burn_in,13,25,3.9198979591836722,intermediate,0.20255408291947874,23.087492503435495,5000
15,niche,post_burn_in,14,28,3.7153571428571444,intermediate,0.01853748876038963,67.66621462308748,5000
15,niche,post_burn_in,15,29,3.402895408163264,intermediate,3.0941520615649966e-7,70.56965512072676,5000
15,niche,post_burn_in,16,30,2.6,intermediate,0.3684911988025606,65.56489384975765,5000
15,niche,post_burn_in,17,32,2.75,intermediate,0.12228579120534454,16.24901789662207,5000
15,niche,post_burn_in,18,33,2.0,intermediate,0.3607653518962908,70.08422805047063,5000
15,niche,post_burn_in,19,34,2.9714285714285715,intermediate,0.17280410701878524,57.41806056391401,5000
15,niche,post_burn_in,20,35,3.0999999999999996,intermediate,0.10352193804020271,54.39503362166128,5000
15,niche,post_burn_in,21,36,2.9999999999999996,intermediate,1.4975358545638698e-12,44.75203882413381,5000
15,niche,post_burn_in,22,38,2.7142857142857144,intermediate,0.043420586908791026,1.9,5000
15,niche,post_burn_in,23,39,1.0,basal,0.2858387604761043,6.0,5000
15,niche,post_burn_in,24,42,1.0,basal,0.5605848498069322,190.0,5000
15,niche,post_burn_in,25,44,1.8000000000000003,intermediate,0.5042193208381476,1900.0,5000
15,niche,post_burn_in,26,45,1.0,basal,0.5605848498072387,0.6,5000
15,niche,post_burn_in,27,46,2.0,intermediate,0.11450402772086428,1.9,5000
15,niche,post_burn_in,28,47,2.0,intermediate,0.10671263779253078,6.0,5000
15,niche,post_burn_in,29,48,2.0,intermediate,0.1800890703773634,19.0,5000
15,niche,post_burn_in,30,49,2.0,intermediate,0.07416191819872248,60.0,5000
15,niche,post_burn_in,31,50,2.0,intermediate,0.14418049586310147,190.0,5000
15,niche,post_burn_in,32,51,1.0,basal,0.5296292593959147,600.0,5000
15,niche,post_burn_in,33,52,1.0,basal,0.29999759207205035,1900.0,5000
15,down_rand,post_burn_in,1,4,2.0,intermediate,0.08405295111819411,8.260182846243177,5000
15,down_rand,post_burn_in,2,9,2.0000000000000004,intermediate,0.09527720304865536,3.7451417176461606,5000
15,down_rand,post_burn_in,3,11,2.0000000000000004,top,0.5921566180989992,15.789486114295178,5000
15,down_rand,post_burn_in,4,26,3.000000000000001,top,0.049289587852071555,2.630687571008498,5000
15,down_rand,post_burn_in,5,28,2.0,top,6.387275252269461e-10,67.66621462308748,5000
15,down_rand,post_burn_in,6,37,1.0,basal,0.20239045436514766,0.6,5000
15,down_rand,post_burn_in,7,38,1.0,basal,0.3835637700396898,1.9,5000
15,down_rand,post_burn_in,8,39,1.0,basal,0.21834289214684338,6.0,5000
15,down_rand,post_burn_in,9,40,1.0,basal,0.17055872019171495,19.0,5000
15,down_rand,post_burn_in,10,41,1.0,basal,0.06637707345539459,60.0,5000
15,down_rand,post_burn_in,11,42,1.0,basal,0.09500790825902782,190.0,5000
15,down_rand,post_burn_in,12,43,1.0,basal,0.07300349574191063,600.0,5000
15,down_rand,post_burn_in,13,44,1.0,basal,0.0327191260908082,1900.0,5000
15,down_rand,post_burn_in,14,45,2.0,top,0.17587963610742702,0.6,5000
15,down_rand,post_burn_in,15,46,1.9999999999999998,top,0.2769941658912978,1.9,5000
15,down_link,post_burn_in,1,4,1.9999999999999996,intermediate,0.007250277144246614,8.260182846243177,5000
15,down_link,post_burn_in,2,9,2.0,intermediate,0.1720199013454166,3.7451417176461606,5000
15,down_link,post_burn_in,3,10,2.0,intermediate,0.07881948436687548,9.122262116539765,5000
15,down_link,post_burn_in,4,11,2.0000000000000004,top,0.1379665756009602,15.789486114295178,5000
15,down_link,post_burn_in,5,13,2.9999999999999996,top,0.11547888195766215,16.630731418537195,5000
15,down_link,post_burn_in,6,15,1.9999999999999996,top,2.5063540055062053e-9,13.910804550509415,5000
15,down_link,post_burn_in,7,26,1.9999999999999998,intermediate,0.09853989690057198,2.630687571008498,5000
15,down_link,post_burn_in,8,32,2.0000000000000004,top,0.2743990810587212,16.24901789662207,5000
15,down_link,post_burn_in,9,37,1.0,basal,0.3944226728638875,0.6,5000
15,down_link,post_burn_in,10,38,1.0,basal,0.3280695868952492,1.9,5000
15,down_link,post_burn_in,11,39,1.0,basal,0.18738484189632046,6.0,5000
15,down_link,post_burn_in,12,40,1.0,basal,0.12272979085446617,19.0,5000
15,down_link,post_burn_in,13,41,1.0,basal,0.1028867775076502,60.0,5000
15,down_link,post_burn_in,14,42,1.0,basal,0.08613479448986779,190.0,5000
15,down_link,post_burn_in,15,43,1.0,basal,0.06029792483629825,600.0,5000
15,down_link,post_burn_in,16,44,1.0,basal,0.050602363547022015,1900.0,5000
15,down_link,post_burn_in,17,45,2.0,top,0.2053476806298325,0.6,5000
15,down_link,post_burn_in,18,47,2.0,intermediate,0.3147390331124913,6.0,5000
15,down_niche,post_burn_in,1,3,2.0,top,0.10919843130045968,87.05709231564941,5000
15,down_niche,post_burn_in,2,4,1.9999999999999996,top,0.009605628431264291,8.260182846243177,5000
15,down_niche,post_burn_in,3,6,2.0,top,0.12771467907507858,54.4444842179921,5000
15,down_niche,post_burn_in,4,7,1.9999999999999996,top,0.023122066292951018,28.733807543259186,5000
15,down_niche,post_burn_in,5,8,1.9999999999999996,top,0.009333551578738518,15.110180091959181,5000
15,down_niche,post_burn_in,6,9,1.9999999999999996,top,0.11644051216721843,3.7451417176461606,5000
15,down_niche,post_burn_in,7,10,1.9999999999999996,top,0.00972891956563479,9.122262116539765,5000
15,down_niche,post_burn_in,8,11,1.9999999999999996,top,0.12486670464819312,15.789486114295178,5000
15,down_niche,post_burn_in,9,12,2.0,top,0.09163759680491841,31.171619785850574,5000
15,down_niche,post_burn_in,10,15,1.9999999999999996,top,0.00944727801608717,13.910804550509415,5000
15,down_niche,post_burn_in,11,16,1.9999999999999996,top,0.1248492268120931,98.9898000749006,5000
15,down_niche,post_burn_in,12,17,1.9999999999999996,top,0.00815993782877792,73.17538922926039,5000
15,down_niche,post_burn_in,13,18,1.9999999999999996,top,0.12476440832154602,23.192845791728494,5000
15,down_niche,post_burn_in,14,27,2.0,top,0.8827779224304607,73.03011463261637,5000
15,down_niche,post_burn_in,15,28,2.0,top,0.06521996907624514,67.66621462308748,5000
15,down_niche,post_burn_in,16,29,2.0,top,0.10173212103145249,70.56965512072676,5000
15,down_niche,post_burn_in,17,30,2.0000000000000004,top,0.005863814059029138,65.56489384975765,5000
15,down_niche,post_burn_in,18,31,1.9999999999999996,top,0.12455353535194194,32.03318677629665,5000
15,down_niche,post_burn_in,19,32,1.9999999999999996,top,0.01026881624420814,16.24901789662207,5000
15,down_niche,post_burn_in,20,33,2.0,top,1.0514644674372329,70.08422805047063,5000
15,down_niche,post_burn_in,21,34,1.9999999999999996,top,0.006310653135510283,57.41806056391401,5000
15,down_niche,post_burn_in,22,37,1.0,basal,0.21444716999730065,0.6,5000
15,down_niche,post_burn_in,23,38,1.0,basal,0.21453121749071397,1.9,5000
15,down_niche,post_burn_in,24,39,1.0,basal,0.21450758030615127,6.0,5000
15,down_niche,post_burn_in,25,40,1.0,basal,0.21453603626571136,19.0,5000
15,down_niche,post_burn_in,26,41,1.0,basal,0.21453702926130339,60.0,5000
15,down_niche,post_burn_in,27,42,1.0,basal,0.2145192382894594,190.0,5000
15,down_niche,post_burn_in,28,43,1.0,basal,0.2075051511147182,600.0,5000
15,down_niche,post_burn_in,29,44,1.0,basal,0.21447567169828277,1900.0,5000
15,down_niche,post_burn_in,30,45,1.9999999999999998,top,0.006131236119232791,0.6,5000
15,down_niche,post_burn_in,31,46,1.9999999999999998,top,0.0060966157613567,1.9,5000
15,down_niche,post_burn_in,32,47,1.9999999999999998,top,0.005624346147118344,6.0,5000
15,down_niche,post_burn_in,33,48,2.0,top,0.0664541150776794,19.0,5000
15,down_niche,post_burn_in,34,49,1.9999999999999998,top,0.006970767518394577,60.0,5000
15,down_niche,post_burn_in,35,50,1.9999999999999998,top,0.12434829082311587,190.0,5000
15,down_niche,post_burn_in,36,51,1.9999999999999998,top,0.006142892255939062,600.0,5000
15,down_niche,post_burn_in,37,52,2.0,top,0.06614577680359317,1900.0,5000
15,atn,post_burn_in,1,1,2.3000000000000007,intermediate,5.637983906967202e-10,103.54095393481361,5000
15,atn,post_burn_in,2,2,2.3000000000000007,intermediate,1.483088445270764e-7,97.03927567388843,5000
15,atn,post_burn_in,3,3,2.2222222222222228,intermediate,0.046879892793978944,87.05709231564941,5000
15,atn,post_burn_in,4,4,2.0,intermediate,0.17955380064288307,8.260182846243177,5000
15,atn,post_burn_in,5,5,2.0000000000000004,intermediate,0.08464036418818034,54.16916498575102,5000
15,atn,post_burn_in,6,6,2.0000000000000004,intermediate,0.08156137555905993,54.4444842179921,5000
15,atn,post_burn_in,7,7,1.9999999999999998,intermediate,0.23608353571387533,28.733807543259186,5000
15,atn,post_burn_in,8,9,1.0,basal,0.38186409966118595,3.7451417176461606,5000
15,atn,post_burn_in,9,10,2.0,intermediate,0.14342604951676888,9.122262116539765,5000
15,atn,post_burn_in,10,12,1.9999999999999998,intermediate,0.1680130175531547,31.171619785850574,5000
15,atn,post_burn_in,11,14,2.125,intermediate,0.14692337213317444,73.85086028016129,5000
15,atn,post_burn_in,12,16,2.3000000000000007,intermediate,2.7654344905777105e-8,98.9898000749006,5000
15,atn,post_burn_in,13,17,2.125,intermediate,0.16194151839614576,73.17538922926039,5000
15,atn,post_burn_in,14,18,2.0,intermediate,0.12069230352172598,23.192845791728494,5000
15,atn,post_burn_in,15,20,2.3000000000000007,intermediate,9.970882433845682e-12,112.28660682100698,5000
15,atn,post_burn_in,16,22,2.125,intermediate,0.5116814533514426,60.374874574118635,5000
15,atn,post_burn_in,17,23,2.3000000000000007,intermediate,1.7612204944441565e-7,97.32068884284449,5000
15,atn,post_burn_in,18,24,2.0000000000000004,intermediate,0.1158741639203452,51.529006786340254,5000
15,atn,post_burn_in,19,25,2.0,intermediate,0.12459066907470719,23.087492503435495,5000
15,atn,post_burn_in,20,26,1.0,basal,0.32998913824890413,2.630687571008498,5000
15,atn,post_burn_in,21,27,2.125,intermediate,0.16520888555541,73.03011463261637,5000
15,atn,post_burn_in,22,28,2.125,intermediate,0.29594267769094934,67.66621462308748,5000
15,atn,post_burn_in,23,29,2.125,intermediate,0.222649007886404,70.56965512072676,5000
15,atn,post_burn_in,24,30,2.125,intermediate,0.35312367128849087,65.56489384975765,5000
15,atn,post_burn_in,25,31,1.9999999999999998,intermediate,0.14646109667073795,32.03318677629665,5000
15,atn,post_burn_in,26,33,2.125,intermediate,0.23447048968139564,70.08422805047063,5000
15,atn,post_burn_in,27,34,2.0,intermediate,0.05023536942959283,57.41806056391401,5000
15,atn,post_burn_in,28,35,2.0,intermediate,0.08211204762420503,54.39503362166128,5000
15,atn,post_burn_in,29,36,2.0,intermediate,0.2131885214697999,44.75203882413381,5000
15,atn,post_burn_in,30,37,1.0,basal,0.25772050402399893,0.6,5000
15,atn,post_burn_in,31,38,1.0,basal,0.29009233809928503,1.9,5000
15,atn,post_burn_in,32,39,1.0,basal,0.42644472728675054,6.0,5000
15,atn,post_burn_in,33,40,1.0,basal,0.8933731001945017,19.0,5000
15,atn,post_burn_in,34,41,1.0,basal,0.9159473388793845,60.0,5000
15,atn,post_burn_in,35,42,1.0,basal,0.9622562435687528,190.0,5000
15,atn,post_burn_in,36,45,1.0,basal,0.25772050402399954,0.6,5000
15,atn,post_burn_in,37,46,1.0,basal,0.29009233809928436,1.9,5000
15,atn,post_burn_in,38,47,2.0,intermediate,0.03516081918611437,6.0,5000
15,atn,post_burn_in,39,48,2.0,intermediate,0.17867507254861695,19.0,5000
15,atn,post_burn_in,40,49,2.125,intermediate,0.16796794701866655,60.0,5000
15,atn,post_burn_in,41,50,2.5294117647058822,intermediate,0.21520402712437767,190.0,5000
15,atn,post_burn_in,42,51,2.7544642857142856,top,0.5204679635983311,600.0,5000
15,atn,post_burn_in,43,52,3.010554777466542,top,0.628687986300416,1900.0,5000
16,down_power,creation,1,1,3.971365612481884,intermediate,0.2700942966773736,237.06705038202026,5000
16,down_power,creation,2,2,3.605818867273645,intermediate,0.9151128182673087,70.19043969282241,5000
16,down_power,creation,3,3,2.0000000000000004,intermediate,0.1668228785365038,57.616104218510195,5000
16,down_power,creation,4,4,2.0000000000000004,intermediate,0.7114496294911874,1.8038788628314766,5000
16,down_power,creation,5,5,3.6346673847628668,intermediate,0.7254546081808583,81.27327430114546,5000
16,down_power,creation,6,6,2.0000000000000004,intermediate,0.7569636575888559,73.50516937172863,5000
16,down_power,creation,7,7,2.0,top,0.643286861182516,31.668964734164383,5000
16,down_power,creation,8,8,2.0000000000000004,intermediate,0.12565969688879775,13.407452147691977,5000
16,down_power,creation,9,9,2.0000000000000004,intermediate,0.9719943247917745,0.9464932382607323,5000
16,down_power,creation,10,10,1.9999999999999998,intermediate,0.8554552612823312,3.7224258273185744,5000
16,down_power,creation,11,11,2.0000000000000004,top,0.3113797339265646,38.89179348519068,5000
16,down_power,creation,12,12,2.0000000000000004,intermediate,0.22107254742598814,46.1621394304697,5000
16,down_power,creation,13,13,2.9999999999999996,intermediate,0.5381485307166005,35.286785900301616,5000
16,down_power,creation,14,14,2.8467908902691526,intermediate,0.33951189189103137,62.23751672666937,5000
16,down_power,creation,15,15,2.0,intermediate,0.6722317726185153,14.545272009885949,5000
16,down_power,creation,16,16,1.9999999999999998,top,0.4210039435519076,58.51612871128679,5000
16,down_power,creation,17,17,1.9999999999999996,intermediate,0.9983806743862731,88.19903250424625,5000
16,down_power,creation,18,18,2.0000000000000004,intermediate,0.9018775243763855,24.557509118948683,5000
16,down_power,creation,19,19,4.2216565009960805,intermediate,0.5303427674452503,120.35101704186701,5000
16,down_power,creation,20,20,4.050934794405985,intermediate,0.6342331396334105,113.75921289950948,5000
16,down_power,creation,21,21,4.14969867940812,intermediate,0.9508776392592669,115.99711098096282,5000
16,down_power,creation,22,22,3.6058188672736478,intermediate,0.7031357170744892,56.83656267639909,5000
16,down_power,creation,23,23,3.6240612094875546,intermediate,0.9848590522183992,60.664378800921355,5000
16,down_power,creation,24,24,3.534667384762867,intermediate,0.416093466806719,73.62395392640713,5000
16,down_power,creation,25,25,3.4761904761904767,intermediate,0.8227365652910719,24.13905203600693,5000
16,down_power,creation,26,26,3.333333333333334,intermediate,0.9425527008506192,7.192185880496894,5000
16,down_power,creation,27,27,1.9999999999999996,top,0.4515501608632715,71.74890659931128,5000
16,down_power,creation,28,28,1.9999999999999998,top,0.8832973708723246,80.74933492705328,5000
16,down_power,creation,29,29,1.9999999999999996,intermediate,0.6629055116820306,50.27471667266665,5000
16,down_power,creation,30,30,1.9999999999999998,intermediate,0.7167492074983643,78.97489055139359,5000
16,down_power,creation,31,31,1.9999999999999996,intermediate,0.6851505175455667,25.774678521142466,5000
16,down_power,creation,32,32,1.9999999999999998,intermediate,0.15930912089110494,11.636710923415535,5000
16,down_power,creation,33,33,2.0000000000000004,top,0.9654021173711377,50.62424753473253,5000
16,down_power,creation,34,34,1.9999999999999996,intermediate,0.7386648494232547,72.55739419918099,5000
16,down_power,creation,35,35,3.0,intermediate,0.8560819673949713,62.583509171196035,5000
16,down_power,creation,36,36,3.0,intermediate,0.23857592033603625,11.684838778826595,5000
16,down_power,creation,37,37,1.0,basal,0.6777615595519367,0.6,5000
16,down_power,creation,38,38,1.0,basal,0.16896998065991298,1.9,5000
16,down_power,creation,39,39,1.0,basal,0.22694033252514145,6.0,5000
16,down_power,creation,40,40,1.0,basal,0.5997994021716545,19.0,5000
16,down_power,creation,41,41,1.0,basal,0.8900821995229725,60.0,5000
16,down_power,creation,42,42,1.0,basal,0.15117731563476255,190.0,5000
16,down_power,creation,43,43,1.0,basal,0.829727282260004,600.0,5000
16,down_power,creation,44,44,1.0,basal,0.9601622980489697,1900.0,5000
16,down_power,creation,45,45,2.0000000000000004,intermediate,0.5500655816458926,0.6,5000
16,down_power,creation,46,46,1.9999999999999996,intermediate,0.22582007061379283,1.9,5000
16,down_power,creation,47,47,1.9999999999999996,intermediate,0.8233922459132479,6.0,5000
16,down_power,creation,48,48,1.9999999999999996,intermediate,0.21459551652073727,19.0,5000
16,down_power,creation,49,49,1.9999999999999996,intermediate,0.021341772905010936,60.0,5000
16,down_power,creation,50,50,2.0000000000000004,intermediate,0.8612279379504123,190.0,5000
16,down_power,creation,51,51,2.0000000000000004,intermediate,0.29975461275547044,600.0,5000
16,down_power,creation,52,52,2.0000000000000004,intermediate,0.6803534123968069,1900.0,5000
16,metaweb,creation,1,1,4.0613354240613635,intermediate,0.2700942966773736,237.06705038202026,5000
16,metaweb,creation,2,2,3.5954723098103645,intermediate,0.9151128182673087,70.19043969282241,5000
16,metaweb,creation,3,3,2.0,intermediate,0.1668228785365038,57.616104218510195,5000
16,metaweb,creation,4,4,2.0,intermediate,0.7114496294911874,1.8038788628314766,5000
16,metaweb,creation,5,5,3.5954723098103667,intermediate,0.7254546081808583,81.27327430114546,5000
16,metaweb,creation,6,6,2.0,intermediate,0.7569636575888559,73.50516937172863,5000
16,metaweb,creation,7,7,2.0,top,0.643286861182516,31.668964734164383,5000
16,metaweb,creation,8,8,2.0,intermediate,0.12565969688879775,13.407452147691977,5000
16,metaweb,creation,9,9,2.0,intermediate,0.9719943247917745,0.9464932382607323,5000
16,metaweb,creation,10,10,2.0,intermediate,0.8554552612823312,3.7224258273185744,5000
16,metaweb,creation,11,11,2.0,top,0.3113797339265646,38.89179348519068,5000
16,metaweb,creation,12,12,2.0,intermediate,0.22107254742598814,46.1621394304697,5000
16,metaweb,creation,13,13,3.0,intermediate,0.5381485307166005,35.286785900301616,5000
16,metaweb,creation,14,14,2.8392621870882753,intermediate,0.33951189189103137,62.23751672666937,5000
16,metaweb,creation,15,15,2.0,intermediate,0.6722317726185153,14.545272009885949,5000
16,metaweb,creation,16,16,2.0,top,0.4210039435519076,58.51612871128679,5000
16,metaweb,creation,17,17,2.0,intermediate,0.9983806743862731,88.19903250424625,5000
16,metaweb,creation,18,18,2.0,intermediate,0.9018775243763855,24.557509118948683,5000
16,metaweb,creation,19,19,4.0613354240613635,intermediate,0.5303427674452503,120.35101704186701,5000
16,metaweb,creation,20,20,4.061335424061364,intermediate,0.6342331396334105,113.75921289950948,5000
16,metaweb,creation,21,21,4.061335424061364,intermediate,0.9508776392592669,115.99711098096282,5000
16,metaweb,creation,22,22,3.5954723098103636,intermediate,0.7031357170744892,56.83656267639909,5000
16,metaweb,creation,23,23,3.5954723098103654,intermediate,0.9848590522183992,60.664378800921355,5000
16,metaweb,creation,24,24,3.5762090864680016,intermediate,0.416093466806719,73.62395392640713,5000
16,metaweb,creation,25,25,3.303030303030302,intermediate,0.8227365652910719,24.13905203600693,5000
16,metaweb,creation,26,26,3.3333333333333335,intermediate,0.9425527008506192,7.192185880496894,5000
16,metaweb,creation,27,27,2.0,top,0.4515501608632715,71.74890659931128,5000
16,metaweb,creation,28,28,2.0,top,0.8832973708723246,80.74933492705328,5000
16,metaweb,creation,29,29,2.0,intermediate,0.6629055116820306,50.27471667266665,5000
16,metaweb,creation,30,30,2.0,intermediate,0.7167492074983643,78.97489055139359,5000
16,metaweb,creation,31,31,2.0,intermediate,0.6851505175455667,25.774678521142466,5000
16,metaweb,creation,32,32,2.0,intermediate,0.15930912089110494,11.636710923415535,5000
16,metaweb,creation,33,33,2.0,top,0.9654021173711377,50.62424753473253,5000
16,metaweb,creation,34,34,2.0,intermediate,0.7386648494232547,72.55739419918099,5000
16,metaweb,creation,35,35,3.0,intermediate,0.8560819673949713,62.583509171196035,5000
16,metaweb,creation,36,36,3.0,intermediate,0.23857592033603625,11.684838778826595,5000
16,metaweb,creation,37,37,1.0,basal,0.6777615595519367,0.6,5000
16,metaweb,creation,38,38,1.0,basal,0.16896998065991298,1.9,5000
16,metaweb,creation,39,39,1.0,basal,0.22694033252514145,6.0,5000
16,metaweb,creation,40,40,1.0,basal,0.5997994021716545,19.0,5000
16,metaweb,creation,41,41,1.0,basal,0.8900821995229725,60.0,5000
16,metaweb,creation,42,42,1.0,basal,0.15117731563476255,190.0,5000
16,metaweb,creation,43,43,1.0,basal,0.829727282260004,600.0,5000
16,metaweb,creation,44,44,1.0,basal,0.9601622980489697,1900.0,5000
16,metaweb,creation,45,45,2.0,intermediate,0.5500655816458926,0.6,5000
16,metaweb,creation,46,46,2.0,intermediate,0.22582007061379283,1.9,5000
16,metaweb,creation,47,47,2.0,intermediate,0.8233922459132479,6.0,5000
16,metaweb,creation,48,48,2.0,intermediate,0.21459551652073727,19.0,5000
16,metaweb,creation,49,49,2.0,intermediate,0.021341772905010936,60.0,5000
16,metaweb,creation,50,50,2.0,intermediate,0.8612279379504123,190.0,5000
16,metaweb,creation,51,51,2.0,intermediate,0.29975461275547044,600.0,5000
16,metaweb,creation,52,52,2.0,intermediate,0.6803534123968069,1900.0,5000
16,niche,creation,1,1,4.329967139035055,intermediate,0.2700942966773736,237.06705038202026,5000
16,niche,creation,2,2,5.8333028059616625,intermediate,0.9151128182673087,70.19043969282241,5000
16,niche,creation,3,3,5.116725157189107,intermediate,0.1668228785365038,57.616104218510195,5000
16,niche,creation,4,4,3.8122260586419956,intermediate,0.7114496294911874,1.8038788628314766,5000
16,niche,creation,5,5,4.5709572020538864,intermediate,0.7254546081808583,81.27327430114546,5000
16,niche,creation,6,6,3.3888888888888884,intermediate,0.7569636575888559,73.50516937172863,5000
16,niche,creation,7,7,5.429231871059577,intermediate,0.643286861182516,31.668964734164383,5000
16,niche,creation,8,8,4.542242375221381,intermediate,0.12565969688879775,13.407452147691977,5000
16,niche,creation,9,9,3.7777777777777772,intermediate,0.9719943247917745,0.9464932382607323,5000
16,niche,creation,10,10,5.303651469979495,intermediate,0.8554552612823312,3.7224258273185744,5000
16,niche,creation,11,11,4.410180408538639,intermediate,0.3113797339265646,38.89179348519068,5000
16,niche,creation,12,12,4.340064846815661,intermediate,0.22107254742598814,46.1621394304697,5000
16,niche,creation,13,13,4.673233656823128,intermediate,0.5381485307166005,35.286785900301616,5000
16,niche,creation,14,14,5.12814797095788,intermediate,0.33951189189103137,62.23751672666937,5000
16,niche,creation,15,15,5.030518418829217,intermediate,0.6722317726185153,14.545272009885949,5000
16,niche,creation,16,16,4.462621859845181,intermediate,0.4210039435519076,58.51612871128679,5000
16,niche,creation,17,17,4.410180408538639,intermediate,0.9983806743862731,88.19903250424625,5000
16,niche,creation,18,18,4.518306519814997,intermediate,0.9018775243763855,24.557509118948683,5000
16,niche,creation,19,19,1.0,basal,0.5303427674452503,120.35101704186701,5000
16,niche,creation,20,20,4.347260618719252,intermediate,0.6342331396334105,113.75921289950948,5000
16,niche,creation,21,21,5.017615708619278,intermediate,0.9508776392592669,115.99711098096282,5000
16,niche,creation,22,22,3.9999999999999996,intermediate,0.7031357170744892,56.83656267639909,5000
16,niche,creation,23,23,5.177816141975513,intermediate,0.9848590522183992,60.664378800921355,5000
16,niche,creation,24,24,3.4061130293209976,intermediate,0.416093466806719,73.62395392640713,5000
16,niche,creation,25,25,4.683770580563465,intermediate,0.8227365652910719,24.13905203600693,5000
16,niche,creation,26,26,3.0,intermediate,0.9425527008506192,7.192185880496894,5000
16,niche,creation,27,27,4.632709787259928,intermediate,0.4515501608632715,71.74890659931128,5000
16,niche,creation,28,28,1.0,basal,0.8832973708723246,80.74933492705328,5000
16,niche,creation,29,29,3.8122260586419956,intermediate,0.6629055116820306,50.27471667266665,5000
16,niche,creation,30,30,4.6841348486823255,intermediate,0.7167492074983643,78.97489055139359,5000
16,niche,creation,31,31,3.8638984799383223,intermediate,0.6851505175455667,25.774678521142466,5000
16,niche,creation,32,32,4.4348615307323085,intermediate,0.15930912089110494,11.636710923415535,5000
16,niche,creation,33,33,3.458333333333333,intermediate,0.9654021173711377,50.62424753473253,5000
16,niche,creation,34,34,4.154179655185307,intermediate,0.7386648494232547,72.55739419918099,5000
16,niche,creation,35,35,4.431754427530325,intermediate,0.8560819673949713,62.583509171196035,5000
16,niche,creation,36,36,3.1999999999999997,intermediate,0.23857592033603625,11.684838778826595,5000
16,niche,creation,37,37,2.5,intermediate,0.6777615595519367,0.6,5000
16,niche,creation,38,38,2.5,intermediate,0.16896998065991298,1.9,5000
16,niche,creation,39,39,4.361374864970541,intermediate,0.22694033252514145,6.0,5000
16,niche,creation,40,40,4.116709826389119,intermediate,0.5997994021716545,19.0,5000
16,niche,creation,41,41,2.5,intermediate,0.8900821995229725,60.0,5000
16,niche,creation,42,42,3.7777777777777772,intermediate,0.15117731563476255,190.0,5000
16,niche,creation,43,43,1.0,basal,0.829727282260004,600.0,5000
16,niche,creation,44,44,4.177816141975513,intermediate,0.9601622980489697,1900.0,5000
16,niche,creation,45,45,3.666666666666666,intermediate,0.5500655816458926,0.6,5000
16,niche,creation,46,46,2.5,intermediate,0.22582007061379283,1.9,5000
16,niche,creation,47,47,2.5,intermediate,0.8233922459132479,6.0,5000
16,niche,creation,48,48,3.333333333333333,intermediate,0.21459551652073727,19.0,5000
16,niche,creation,49,49,3.6666666666666656,intermediate,0.021341772905010936,60.0,5000
16,niche,creation,50,50,1.0,basal,0.8612279379504123,190.0,5000
16,niche,creation,51,51,2.0,intermediate,0.29975461275547044,600.0,5000
16,niche,creation,52,52,1.0,basal,0.6803534123968069,1900.0,5000
16,down_rand,creation,1,1,3.837485391437312,intermediate,0.2700942966773736,237.06705038202026,5000
16,down_rand,creation,2,2,3.5878617224455875,intermediate,0.9151128182673087,70.19043969282241,5000
16,down_rand,creation,3,3,1.9999999999999996,intermediate,0.1668228785365038,57.616104218510195,5000
16,down_rand,creation,4,4,2.0000000000000004,intermediate,0.7114496294911874,1.8038788628314766,5000
16,down_rand,creation,5,5,3.604092244185125,intermediate,0.7254546081808583,81.27327430114546,5000
16,down_rand,creation,6,6,1.9999999999999996,intermediate,0.7569636575888559,73.50516937172863,5000
16,down_rand,creation,7,7,2.0,top,0.643286861182516,31.668964734164383,5000
16,down_rand,creation,8,8,2.0,intermediate,0.12565969688879775,13.407452147691977,5000
16,down_rand,creation,9,9,1.9999999999999996,top,0.9719943247917745,0.9464932382607323,5000
16,down_rand,creation,10,10,2.0,intermediate,0.8554552612823312,3.7224258273185744,5000
16,down_rand,creation,11,11,1.9999999999999996,top,0.3113797339265646,38.89179348519068,5000
16,down_rand,creation,12,12,2.0000000000000004,intermediate,0.22107254742598814,46.1621394304697,5000
16,down_rand,creation,13,13,2.9999999999999996,intermediate,0.5381485307166005,35.286785900301616,5000
16,down_rand,creation,14,14,2.750000000000001,intermediate,0.33951189189103137,62.23751672666937,5000
16,down_rand,creation,15,15,2.0000000000000004,intermediate,0.6722317726185153,14.545272009885949,5000
16,down_rand,creation,16,16,2.0000000000000004,top,0.4210039435519076,58.51612871128679,5000
16,down_rand,creation,17,17,1.9999999999999996,intermediate,0.9983806743862731,88.19903250424625,5000
16,down_rand,creation,18,18,1.9999999999999996,intermediate,0.9018775243763855,24.557509118948683,5000
16,down_rand,creation,19,19,4.023854376433305,intermediate,0.5303427674452503,120.35101704186701,5000
16,down_rand,creation,20,20,4.110971181605544,intermediate,0.6342331396334105,113.75921289950948,5000
16,down_rand,creation,21,21,3.9867964062169827,intermediate,0.9508776392592669,115.99711098096282,5000
16,down_rand,creation,22,22,3.5682538793083323,intermediate,0.7031357170744892,56.83656267639909,5000
16,down_rand,creation,23,23,3.7593603052080558,intermediate,0.9848590522183992,60.664378800921355,5000
16,down_rand,creation,24,24,3.5468633988484646,intermediate,0.416093466806719,73.62395392640713,5000
16,down_rand,creation,25,25,3.3333333333333326,intermediate,0.8227365652910719,24.13905203600693,5000
16,down_rand,creation,26,26,3.5,intermediate,0.9425527008506192,7.192185880496894,5000
16,down_rand,creation,27,27,1.9999999999999996,top,0.4515501608632715,71.74890659931128,5000
16,down_rand,creation,28,28,1.9999999999999996,top,0.8832973708723246,80.74933492705328,5000
16,down_rand,creation,29,29,1.9999999999999996,intermediate,0.6629055116820306,50.27471667266665,5000
16,down_rand,creation,30,30,2.0000000000000004,intermediate,0.7167492074983643,78.97489055139359,5000
16,down_rand,creation,31,31,1.9999999999999996,intermediate,0.6851505175455667,25.774678521142466,5000
16,down_rand,creation,32,32,2.0,intermediate,0.15930912089110494,11.636710923415535,5000
16,down_rand,creation,33,33,1.9999999999999996,top,0.9654021173711377,50.62424753473253,5000
16,down_rand,creation,34,34,1.9999999999999996,intermediate,0.7386648494232547,72.55739419918099,5000
16,down_rand,creation,35,35,3.0,intermediate,0.8560819673949713,62.583509171196035,5000
16,down_rand,creation,36,36,2.999999999999999,intermediate,0.23857592033603625,11.684838778826595,5000
16,down_rand,creation,37,37,1.0,basal,0.6777615595519367,0.6,5000
16,down_rand,creation,38,38,1.0,basal,0.16896998065991298,1.9,5000
16,down_rand,creation,39,39,1.0,basal,0.22694033252514145,6.0,5000
16,down_rand,creation,40,40,1.0,basal,0.5997994021716545,19.0,5000
16,down_rand,creation,41,41,1.0,basal,0.8900821995229725,60.0,5000
16,down_rand,creation,42,42,1.0,basal,0.15117731563476255,190.0,5000
16,down_rand,creation,43,43,1.0,basal,0.829727282260004,600.0,5000
16,down_rand,creation,44,44,1.0,basal,0.9601622980489697,1900.0,5000
16,down_rand,creation,45,45,2.0,intermediate,0.5500655816458926,0.6,5000
16,down_rand,creation,46,46,2.0000000000000004,intermediate,0.22582007061379283,1.9,5000
16,down_rand,creation,47,47,1.9999999999999996,intermediate,0.8233922459132479,6.0,5000
16,down_rand,creation,48,48,1.9999999999999996,intermediate,0.21459551652073727,19.0,5000
16,down_rand,creation,49,49,1.9999999999999998,intermediate,0.021341772905010936,60.0,5000
16,down_rand,creation,50,50,2.0,intermediate,0.8612279379504123,190.0,5000
16,down_rand,creation,51,51,1.9999999999999996,intermediate,0.29975461275547044,600.0,5000
16,down_rand,creation,52,52,2.0,intermediate,0.6803534123968069,1900.0,5000
16,down_link,creation,1,1,4.091045947953125,intermediate,0.2700942966773736,237.06705038202026,5000
16,down_link,creation,2,2,3.613576606877738,intermediate,0.9151128182673087,70.19043969282241,5000
16,down_link,creation,3,3,2.0000000000000004,intermediate,0.1668228785365038,57.616104218510195,5000
16,down_link,creation,4,4,2.0000000000000004,intermediate,0.7114496294911874,1.8038788628314766,5000
16,down_link,creation,5,5,3.7144506547676333,intermediate,0.7254546081808583,81.27327430114546,5000
16,down_link,creation,6,6,2.0000000000000004,intermediate,0.7569636575888559,73.50516937172863,5000
16,down_link,creation,7,7,1.9999999999999996,top,0.643286861182516,31.668964734164383,5000
16,down_link,creation,8,8,2.0000000000000004,intermediate,0.12565969688879775,13.407452147691977,5000
16,down_link,creation,9,9,1.9999999999999998,intermediate,0.9719943247917745,0.9464932382607323,5000
16,down_link,creation,10,10,2.0,intermediate,0.8554552612823312,3.7224258273185744,5000
16,down_link,creation,11,11,1.9999999999999998,top,0.3113797339265646,38.89179348519068,5000
16,down_link,creation,12,12,1.9999999999999996,intermediate,0.22107254742598814,46.1621394304697,5000
16,down_link,creation,13,13,3.0,intermediate,0.5381485307166005,35.286785900301616,5000
16,down_link,creation,14,14,2.95021645021645,intermediate,0.33951189189103137,62.23751672666937,5000
16,down_link,creation,15,15,2.0000000000000004,intermediate,0.6722317726185153,14.545272009885949,5000
16,down_link,creation,16,16,2.0000000000000004,top,0.4210039435519076,58.51612871128679,5000
16,down_link,creation,17,17,1.9999999999999996,intermediate,0.9983806743862731,88.19903250424625,5000
16,down_link,creation,18,18,2.0,intermediate,0.9018775243763855,24.557509118948683,5000
16,down_link,creation,19,19,4.487342636546612,intermediate,0.5303427674452503,120.35101704186701,5000
16,down_link,creation,20,20,4.196362298866044,intermediate,0.6342331396334105,113.75921289950948,5000
16,down_link,creation,21,21,4.0955137609361865,intermediate,0.9508776392592669,115.99711098096282,5000
16,down_link,creation,22,22,3.646407735265955,intermediate,0.7031357170744892,56.83656267639909,5000
16,down_link,creation,23,23,3.6618190758202647,intermediate,0.9848590522183992,60.664378800921355,5000
16,down_link,creation,24,24,3.6850616146067066,intermediate,0.416093466806719,73.62395392640713,5000
16,down_link,creation,25,25,3.303030303030302,intermediate,0.8227365652910719,24.13905203600693,5000
16,down_link,creation,26,26,3.3333333333333335,intermediate,0.9425527008506192,7.192185880496894,5000
16,down_link,creation,27,27,1.9999999999999996,top,0.4515501608632715,71.74890659931128,5000
16,down_link,creation,28,28,1.9999999999999996,top,0.8832973708723246,80.74933492705328,5000
16,down_link,creation,29,29,2.0000000000000004,intermediate,0.6629055116820306,50.27471667266665,5000
16,down_link,creation,30,30,2.0000000000000004,intermediate,0.7167492074983643,78.97489055139359,5000
16,down_link,creation,31,31,1.9999999999999998,intermediate,0.6851505175455667,25.774678521142466,5000
16,down_link,creation,32,32,2.0000000000000004,intermediate,0.15930912089110494,11.636710923415535,5000
16,down_link,creation,33,33,2.0,top,0.9654021173711377,50.62424753473253,5000
16,down_link,creation,34,34,1.9999999999999996,intermediate,0.7386648494232547,72.55739419918099,5000
16,down_link,creation,35,35,3.0,intermediate,0.8560819673949713,62.583509171196035,5000
16,down_link,creation,36,36,3.0,intermediate,0.23857592033603625,11.684838778826595,5000
16,down_link,creation,37,37,1.0,basal,0.6777615595519367,0.6,5000
16,down_link,creation,38,38,1.0,basal,0.16896998065991298,1.9,5000
16,down_link,creation,39,39,1.0,basal,0.22694033252514145,6.0,5000
16,down_link,creation,40,40,1.0,basal,0.5997994021716545,19.0,5000
16,down_link,creation,41,41,1.0,basal,0.8900821995229725,60.0,5000
16,down_link,creation,42,42,1.0,basal,0.15117731563476255,190.0,5000
16,down_link,creation,43,43,1.0,basal,0.829727282260004,600.0,5000
16,down_link,creation,44,44,1.0,basal,0.9601622980489697,1900.0,5000
16,down_link,creation,45,45,2.0000000000000004,intermediate,0.5500655816458926,0.6,5000
16,down_link,creation,46,46,2.0,intermediate,0.22582007061379283,1.9,5000
16,down_link,creation,47,47,1.9999999999999996,intermediate,0.8233922459132479,6.0,5000
16,down_link,creation,48,48,1.9999999999999996,intermediate,0.21459551652073727,19.0,5000
16,down_link,creation,49,49,2.0,intermediate,0.021341772905010936,60.0,5000
16,down_link,creation,50,50,1.9999999999999996,intermediate,0.8612279379504123,190.0,5000
16,down_link,creation,51,51,2.0,intermediate,0.29975461275547044,600.0,5000
16,down_link,creation,52,52,2.0000000000000004,intermediate,0.6803534123968069,1900.0,5000
16,down_niche,creation,1,1,4.138933040644077,intermediate,0.2700942966773736,237.06705038202026,5000
16,down_niche,creation,2,2,3.4880972099307694,intermediate,0.9151128182673087,70.19043969282241,5000
16,down_niche,creation,3,3,1.9999999999999996,intermediate,0.1668228785365038,57.616104218510195,5000
16,down_niche,creation,4,4,2.0,intermediate,0.7114496294911874,1.8038788628314766,5000
16,down_niche,creation,5,5,3.7062377123111654,intermediate,0.7254546081808583,81.27327430114546,5000
16,down_niche,creation,6,6,2.0,intermediate,0.7569636575888559,73.50516937172863,5000
16,down_niche,creation,7,7,1.9999999999999996,top,0.643286861182516,31.668964734164383,5000
16,down_niche,creation,8,8,2.0,intermediate,0.12565969688879775,13.407452147691977,5000
16,down_niche,creation,9,9,2.0,intermediate,0.9719943247917745,0.9464932382607323,5000
16,down_niche,creation,10,10,2.0,intermediate,0.8554552612823312,3.7224258273185744,5000
16,down_niche,creation,11,11,1.9999999999999996,top,0.3113797339265646,38.89179348519068,5000
16,down_niche,creation,12,12,2.0,intermediate,0.22107254742598814,46.1621394304697,5000
16,down_niche,creation,13,13,3.0,intermediate,0.5381485307166005,35.286785900301616,5000
16,down_niche,creation,14,14,2.736842105263159,intermediate,0.33951189189103137,62.23751672666937,5000
16,down_niche,creation,15,15,2.0,intermediate,0.6722317726185153,14.545272009885949,5000
16,down_niche,creation,16,16,2.0,top,0.4210039435519076,58.51612871128679,5000
16,down_niche,creation,17,17,2.0,intermediate,0.9983806743862731,88.19903250424625,5000
16,down_niche,creation,18,18,1.9999999999999996,intermediate,0.9018775243763855,24.557509118948683,5000
16,down_niche,creation,19,19,4.127260987465294,intermediate,0.5303427674452503,120.35101704186701,5000
16,down_niche,creation,20,20,4.161711784751989,intermediate,0.6342331396334105,113.75921289950948,5000
16,down_niche,creation,21,21,4.249103520424341,intermediate,0.9508776392592669,115.99711098096282,5000
16,down_niche,creation,22,22,3.4728607058951555,intermediate,0.7031357170744892,56.83656267639909,5000
16,down_niche,creation,23,23,3.5248307708530064,intermediate,0.9848590522183992,60.664378800921355,5000
16,down_niche,creation,24,24,3.461924566950218,intermediate,0.416093466806719,73.62395392640713,5000
16,down_niche,creation,25,25,3.125000000000001,intermediate,0.8227365652910719,24.13905203600693,5000
16,down_niche,creation,26,26,3.3333333333333335,intermediate,0.9425527008506192,7.192185880496894,5000
16,down_niche,creation,27,27,2.0,top,0.4515501608632715,71.74890659931128,5000
16,down_niche,creation,28,28,2.0,top,0.8832973708723246,80.74933492705328,5000
16,down_niche,creation,29,29,2.0,intermediate,0.6629055116820306,50.27471667266665,5000
16,down_niche,creation,30,30,1.9999999999999996,intermediate,0.7167492074983643,78.97489055139359,5000
16,down_niche,creation,31,31,2.0,intermediate,0.6851505175455667,25.774678521142466,5000
16,down_niche,creation,32,32,2.0,intermediate,0.15930912089110494,11.636710923415535,5000
16,down_niche,creation,33,33,2.0,top,0.9654021173711377,50.62424753473253,5000
16,down_niche,creation,34,34,2.0,intermediate,0.7386648494232547,72.55739419918099,5000
16,down_niche,creation,35,35,3.0,intermediate,0.8560819673949713,62.583509171196035,5000
16,down_niche,creation,36,36,3.0,intermediate,0.23857592033603625,11.684838778826595,5000
16,down_niche,creation,37,37,1.0,basal,0.6777615595519367,0.6,5000
16,down_niche,creation,38,38,1.0,basal,0.16896998065991298,1.9,5000
16,down_niche,creation,39,39,1.0,basal,0.22694033252514145,6.0,5000
16,down_niche,creation,40,40,1.0,basal,0.5997994021716545,19.0,5000
16,down_niche,creation,41,41,1.0,basal,0.8900821995229725,60.0,5000
16,down_niche,creation,42,42,1.0,basal,0.15117731563476255,190.0,5000
16,down_niche,creation,43,43,1.0,basal,0.829727282260004,600.0,5000
16,down_niche,creation,44,44,1.0,basal,0.9601622980489697,1900.0,5000
16,down_niche,creation,45,45,2.0,intermediate,0.5500655816458926,0.6,5000
16,down_niche,creation,46,46,2.0,intermediate,0.22582007061379283,1.9,5000
16,down_niche,creation,47,47,1.9999999999999996,intermediate,0.8233922459132479,6.0,5000
16,down_niche,creation,48,48,1.9999999999999996,intermediate,0.21459551652073727,19.0,5000
16,down_niche,creation,49,49,2.0,intermediate,0.021341772905010936,60.0,5000
16,down_niche,creation,50,50,2.0,intermediate,0.8612279379504123,190.0,5000
16,down_niche,creation,51,51,2.0,intermediate,0.29975461275547044,600.0,5000
16,down_niche,creation,52,52,2.0,intermediate,0.6803534123968069,1900.0,5000
16,atn,creation,1,1,2.5,top,0.2700942966773736,237.06705038202026,5000
16,atn,creation,2,2,2.1111111111111116,intermediate,0.9151128182673087,70.19043969282241,5000
16,atn,creation,3,3,1.9999999999999996,intermediate,0.1668228785365038,57.616104218510195,5000
16,atn,creation,4,4,1.0,basal,0.7114496294911874,1.8038788628314766,5000
16,atn,creation,5,5,2.2000000000000006,intermediate,0.7254546081808583,81.27327430114546,5000
16,atn,creation,6,6,2.2000000000000006,intermediate,0.7569636575888559,73.50516937172863,5000
16,atn,creation,7,7,2.0000000000000004,intermediate,0.643286861182516,31.668964734164383,5000
16,atn,creation,8,8,1.9999999999999998,intermediate,0.12565969688879775,13.407452147691977,5000
16,atn,creation,9,9,1.0,basal,0.9719943247917745,0.9464932382607323,5000
16,atn,creation,10,10,1.0,basal,0.8554552612823312,3.7224258273185744,5000
16,atn,creation,11,11,1.9999999999999996,intermediate,0.3113797339265646,38.89179348519068,5000
16,atn,creation,12,12,1.9999999999999996,intermediate,0.22107254742598814,46.1621394304697,5000
16,atn,creation,13,13,2.0000000000000004,intermediate,0.5381485307166005,35.286785900301616,5000
16,atn,creation,14,14,2.1111111111111116,intermediate,0.33951189189103137,62.23751672666937,5000
16,atn,creation,15,15,1.9999999999999998,intermediate,0.6722317726185153,14.545272009885949,5000
16,atn,creation,16,16,1.9999999999999996,intermediate,0.4210039435519076,58.51612871128679,5000
16,atn,creation,17,17,2.2000000000000006,intermediate,0.9983806743862731,88.19903250424625,5000
16,atn,creation,18,18,2.0000000000000004,intermediate,0.9018775243763855,24.557509118948683,5000
16,atn,creation,19,19,2.3333333333333326,intermediate,0.5303427674452503,120.35101704186701,5000
16,atn,creation,20,20,2.2000000000000006,intermediate,0.6342331396334105,113.75921289950948,5000
16,atn,creation,21,21,2.272727272727272,intermediate,0.9508776392592669,115.99711098096282,5000
16,atn,creation,22,22,1.9999999999999996,intermediate,0.7031357170744892,56.83656267639909,5000
16,atn,creation,23,23,2.1111111111111116,intermediate,0.9848590522183992,60.664378800921355,5000
16,atn,creation,24,24,2.2000000000000006,intermediate,0.416093466806719,73.62395392640713,5000
16,atn,creation,25,25,2.0000000000000004,intermediate,0.8227365652910719,24.13905203600693,5000
16,atn,creation,26,26,2.0,intermediate,0.9425527008506192,7.192185880496894,5000
16,atn,creation,27,27,2.2000000000000006,intermediate,0.4515501608632715,71.74890659931128,5000
16,atn,creation,28,28,2.2000000000000006,intermediate,0.8832973708723246,80.74933492705328,5000
16,atn,creation,29,29,1.9999999999999996,intermediate,0.6629055116820306,50.27471667266665,5000
16,atn,creation,30,30,2.2000000000000006,intermediate,0.7167492074983643,78.97489055139359,5000
16,atn,creation,31,31,2.0000000000000004,intermediate,0.6851505175455667,25.774678521142466,5000
16,atn,creation,32,32,1.9999999999999998,intermediate,0.15930912089110494,11.636710923415535,5000
16,atn,creation,33,33,1.9999999999999996,intermediate,0.9654021173711377,50.62424753473253,5000
16,atn,creation,34,34,2.2000000000000006,intermediate,0.7386648494232547,72.55739419918099,5000
16,atn,creation,35,35,2.1111111111111116,intermediate,0.8560819673949713,62.583509171196035,5000
16,atn,creation,36,36,1.9999999999999998,intermediate,0.23857592033603625,11.684838778826595,5000
16,atn,creation,37,37,1.0,basal,0.6777615595519367,0.6,5000
16,atn,creation,38,38,1.0,basal,0.16896998065991298,1.9,5000
16,atn,creation,39,39,1.0,basal,0.22694033252514145,6.0,5000
16,atn,creation,40,40,1.0,basal,0.5997994021716545,19.0,5000
16,atn,creation,41,41,1.0,basal,0.8900821995229725,60.0,5000
16,atn,creation,42,42,1.0,basal,0.15117731563476255,190.0,5000
16,atn,creation,43,43,1.0,isolated,0.829727282260004,600.0,5000
16,atn,creation,44,44,1.0,isolated,0.9601622980489697,1900.0,5000
16,atn,creation,45,45,1.0,basal,0.5500655816458926,0.6,5000
16,atn,creation,46,46,1.0,basal,0.22582007061379283,1.9,5000
16,atn,creation,47,47,2.0,intermediate,0.8233922459132479,6.0,5000
16,atn,creation,48,48,2.0000000000000004,intermediate,0.21459551652073727,19.0,5000
16,atn,creation,49,49,2.1111111111111116,intermediate,0.021341772905010936,60.0,5000
16,atn,creation,50,50,2.4374999999999996,intermediate,0.8612279379504123,190.0,5000
16,atn,creation,51,51,2.744855967078189,top,0.29975461275547044,600.0,5000
16,atn,creation,52,52,2.9849779040404036,top,0.6803534123968069,1900.0,5000
16,down_power,post_burn_in,1,4,2.0000000000000004,intermediate,2.8180983403169734e-8,1.8038788628314766,5000
16,down_power,post_burn_in,2,9,2.0000000000000004,intermediate,0.23058520749842515,0.9464932382607323,5000
16,down_power,post_burn_in,3,26,2.0,intermediate,2.327246201693876e-12,7.192185880496894,5000
16,down_power,post_burn_in,4,36,3.0000000000000004,top,0.13227708220329545,11.684838778826595,5000
16,down_power,post_burn_in,5,37,1.0,basal,0.18789234015284978,0.6,5000
16,down_power,post_burn_in,6,38,1.0,basal,0.14780347736318095,1.9,5000
16,down_power,post_burn_in,7,39,1.0,basal,0.16600338792852257,6.0,5000
16,down_power,post_burn_in,8,40,1.0,basal,0.08886441563699365,19.0,5000
16,down_power,post_burn_in,9,41,1.0,basal,0.10066409584523114,60.0,5000
16,down_power,post_burn_in,10,42,1.0,basal,0.13670495357619222,190.0,5000
16,down_power,post_burn_in,11,43,1.0,basal,0.1061762714567539,600.0,5000
16,down_power,post_burn_in,12,44,1.0,basal,0.02991938888180173,1900.0,5000
16,down_power,post_burn_in,13,45,2.0,intermediate,0.34550885155557676,0.6,5000
16,down_power,post_burn_in,14,46,1.9999999999999998,intermediate,1.0248097626036961e-10,1.9,5000
16,metaweb,post_burn_in,1,3,2.0,top,0.037155979601919464,57.616104218510195,5000
16,metaweb,post_burn_in,2,4,2.0,top,0.03970113758336034,1.8038788628314766,5000
16,metaweb,post_burn_in,3,6,2.0,top,0.05410822863054591,73.50516937172863,5000
16,metaweb,post_burn_in,4,7,2.0,top,0.3565369617315445,31.668964734164383,5000
16,metaweb,post_burn_in,5,8,2.0,top,0.041875836994579134,13.407452147691977,5000
16,metaweb,post_burn_in,6,9,2.0,top,0.04080261545022725,0.9464932382607323,5000
16,metaweb,post_burn_in,7,10,2.0,top,0.04038579135677104,3.7224258273185744,5000
16,metaweb,post_burn_in,8,11,2.0,top,0.17257990327187867,38.89179348519068,5000
16,metaweb,post_burn_in,9,12,2.0,top,0.05655094266214765,46.1621394304697,5000
16,metaweb,post_burn_in,10,15,2.0,top,0.08192902499156228,14.545272009885949,5000
16,metaweb,post_burn_in,11,16,2.0,top,0.2333383067004301,58.51612871128679,5000
16,metaweb,post_burn_in,12,17,2.0,top,0.05585012950924738,88.19903250424625,5000
16,metaweb,post_burn_in,13,18,2.0,top,0.08678869929449598,24.557509118948683,5000
16,metaweb,post_burn_in,14,27,2.0,top,0.2502683206177396,71.74890659931128,5000
16,metaweb,post_burn_in,15,28,2.0,top,0.489561002905151,80.74933492705328,5000
16,metaweb,post_burn_in,16,29,2.0,top,0.05313581965534064,50.27471667266665,5000
16,metaweb,post_burn_in,17,30,2.0,top,0.05371948317975656,78.97489055139359,5000
16,metaweb,post_burn_in,18,31,2.0,top,0.08227014487769325,25.774678521142466,5000
16,metaweb,post_burn_in,19,32,2.0,top,0.04796777627044218,11.636710923415535,5000
16,metaweb,post_burn_in,20,33,2.0,top,0.535066948427882,50.62424753473253,5000
16,metaweb,post_burn_in,21,34,2.0,top,0.05393589400064522,72.55739419918099,5000
16,metaweb,post_burn_in,22,37,1.0,basal,0.2136172710847326,0.6,5000
16,metaweb,post_burn_in,23,38,1.0,basal,0.21361727108473266,1.9,5000
16,metaweb,post_burn_in,24,39,1.0,basal,0.2136172710847326,6.0,5000
16,metaweb,post_burn_in,25,40,1.0,basal,0.2136172710847326,19.0,5000
16,metaweb,post_burn_in,26,41,1.0,basal,0.21361727108473264,60.0,5000
16,metaweb,post_burn_in,27,42,1.0,basal,0.21361727108473266,190.0,5000
16,metaweb,post_burn_in,28,43,1.0,basal,0.21361727108473264,600.0,5000
16,metaweb,post_burn_in,29,44,1.0,basal,0.21361727108473264,1900.0,5000
16,metaweb,post_burn_in,30,45,2.0,top,0.08480006219626088,0.6,5000
16,metaweb,post_burn_in,31,46,2.0,top,0.06059783783902122,1.9,5000
16,metaweb,post_burn_in,32,47,2.0,top,0.09342664364870883,6.0,5000
16,metaweb,post_burn_in,33,48,2.0,top,0.05910111384421257,19.0,5000
16,metaweb,post_burn_in,34,49,2.0,top,0.010746491382519053,60.0,5000
16,metaweb,post_burn_in,35,50,2.0,top,0.09427456729765453,190.0,5000
16,metaweb,post_burn_in,36,51,2.0,top,0.06881588089977816,600.0,5000
16,metaweb,post_burn_in,37,52,2.0,top,0.08957128475649005,1900.0,5000
16,niche,post_burn_in,1,6,3.03968253968254,intermediate,0.8137044301691579,73.50516937172863,5000
16,niche,post_burn_in,2,9,3.0793650793650795,intermediate,0.006911807731453016,0.9464932382607323,5000
16,niche,post_burn_in,3,10,4.209823257588171,intermediate,0.1346616702522002,3.7224258273185744,5000
16,niche,post_burn_in,4,18,3.8634730880236665,intermediate,2.349315593619739e-12,24.557509118948683,5000
16,niche,post_burn_in,5,19,1.0,basal,0.9967015518339544,120.35101704186701,5000
16,niche,post_burn_in,6,21,3.7257607184879213,intermediate,1.1769583110870973e-11,115.99711098096282,5000
16,niche,post_burn_in,7,24,3.100225618378285,intermediate,0.4948236484632307,73.62395392640713,5000
16,niche,post_burn_in,8,27,3.657048288734059,intermediate,0.054131396088293336,71.74890659931128,5000
16,niche,post_burn_in,9,28,1.0,basal,0.8694170107597116,80.74933492705328,5000
16,niche,post_burn_in,10,33,2.9345238095238098,intermediate,0.0010452926359375133,50.62424753473253,5000
16,niche,post_burn_in,11,36,2.5714285714285716,intermediate,0.3799805072132512,11.684838778826595,5000
16,niche,post_burn_in,12,37,2.5,intermediate,0.1359303378718623,0.6,5000
16,niche,post_burn_in,13,38,2.5,intermediate,0.13555923796907546,1.9,5000
16,niche,post_burn_in,14,41,2.5,intermediate,0.13912341999250386,60.0,5000
16,niche,post_burn_in,15,42,3.0793650793650795,intermediate,0.0002819853164176983,190.0,5000
16,niche,post_burn_in,16,43,1.0,basal,0.7502565621486964,600.0,5000
16,niche,post_burn_in,17,44,2.9489568120101355,intermediate,0.014101715174671549,1900.0,5000
16,niche,post_burn_in,18,45,2.619047619047619,intermediate,0.2660003503340633,0.6,5000
16,niche,post_burn_in,19,46,2.5,intermediate,0.07143062512236271,1.9,5000
16,niche,post_burn_in,20,47,2.5,intermediate,0.07150801098470538,6.0,5000
16,niche,post_burn_in,21,48,2.2857142857142856,intermediate,0.04154734406722422,19.0,5000
16,niche,post_burn_in,22,49,1.5714285714285714,intermediate,0.15234582135367172,60.0,5000
16,niche,post_burn_in,23,50,1.0,basal,0.44080752912855253,190.0,5000
16,niche,post_burn_in,24,51,2.0,intermediate,0.06868372146400578,600.0,5000
16,niche,post_burn_in,25,52,1.0,basal,0.3806648688626091,1900.0,5000
16,down_rand,post_burn_in,1,9,1.9999999999999996,top,0.2013008770234248,0.9464932382607323,5000
16,down_rand,post_burn_in,2,13,2.999999999999999,top,3.852283846689135e-12,35.286785900301616,5000
16,down_rand,post_burn_in,3,36,2.9999999999999996,top,0.06353489939445557,11.684838778826595,5000
16,down_rand,post_burn_in,4,37,1.0,basal,0.21646667788133267,0.6,5000
16,down_rand,post_burn_in,5,38,1.0,basal,0.17156916869915437,1.9,5000
16,down_rand,post_burn_in,6,39,1.0,basal,0.13446740097265167,6.0,5000
16,down_rand,post_burn_in,7,40,1.0,basal,0.10431317829096275,19.0,5000
16,down_rand,post_burn_in,8,41,1.0,basal,0.08034494257396224,60.0,5000
16,down_rand,post_burn_in,9,42,1.0,basal,0.08562858243814278,190.0,5000
16,down_rand,post_burn_in,10,43,1.0,basal,0.04682792268238597,600.0,5000
16,down_rand,post_burn_in,11,44,1.0,basal,0.03552025737470961,1900.0,5000
16,down_rand,post_burn_in,12,45,2.0,intermediate,0.408811586899804,0.6,5000
16,down_link,post_burn_in,1,4,2.0000000000000004,intermediate,0.2188765823857946,1.8038788628314766,5000
16,down_link,post_burn_in,2,9,1.9999999999999998,intermediate,0.0849782300140827,0.9464932382607323,5000
16,down_link,post_burn_in,3,26,2.0,intermediate,3.2815119541086847e-9,7.192185880496894,5000
16,down_link,post_burn_in,4,37,1.0,basal,0.1757360028107612,0.6,5000
16,down_link,post_burn_in,5,38,1.0,basal,0.15716297778274263,1.9,5000
16,down_link,post_burn_in,6,39,1.0,basal,0.10705767818476229,6.0,5000
16,down_link,post_burn_in,7,40,1.0,basal,0.10253833310318608,19.0,5000
16,down_link,post_burn_in,8,41,1.0,basal,0.15913375956124465,60.0,5000
16,down_link,post_burn_in,9,42,1.0,basal,0.07279547954967445,190.0,5000
16,down_link,post_burn_in,10,43,1.0,basal,0.1508827784226083,600.0,5000
16,down_link,post_burn_in,11,44,1.0,basal,0.027635846115728446,1900.0,5000
16,down_link,post_burn_in,12,45,2.0,top,0.3618449495822916,0.6,5000
16,down_niche,post_burn_in,1,3,1.9999999999999996,top,0.02736898987004358,57.616104218510195,5000
16,down_niche,post_burn_in,2,4,2.0,top,0.04034625094869816,1.8038788628314766,5000
16,down_niche,post_burn_in,3,6,2.0,top,0.08240495526265648,73.50516937172863,5000
16,down_niche,post_burn_in,4,7,1.9999999999999996,top,0.01701891266008838,31.668964734164383,5000
16,down_niche,post_burn_in,5,8,2.0,top,0.04569196362840686,13.407452147691977,5000
16,down_niche,post_burn_in,6,9,2.0,top,0.041236666284653056,0.9464932382607323,5000
16,down_niche,post_burn_in,7,10,2.0,top,0.04090086976611917,3.7224258273185744,5000
16,down_niche,post_burn_in,8,11,1.9999999999999996,top,0.008237918129188969,38.89179348519068,5000
16,down_niche,post_burn_in,9,12,2.0,top,0.0542284936372018,46.1621394304697,5000
16,down_niche,post_burn_in,10,15,2.0,top,0.07743077052993103,14.545272009885949,5000
16,down_niche,post_burn_in,11,16,2.0,top,0.29646920854355363,58.51612871128679,5000
16,down_niche,post_burn_in,12,17,2.0,top,0.1243828540520261,88.19903250424625,5000
16,down_niche,post_burn_in,13,18,1.9999999999999996,top,0.034165559154749954,24.557509118948683,5000
16,down_niche,post_burn_in,14,27,2.0,top,0.31797972645968486,71.74890659931128,5000
16,down_niche,post_burn_in,15,28,2.0,top,0.6220142981124525,80.74933492705328,5000
16,down_niche,post_burn_in,16,29,2.0,top,0.06982469509211481,50.27471667266665,5000
16,down_niche,post_burn_in,17,30,1.9999999999999996,top,0.002642648726949005,78.97489055139359,5000
16,down_niche,post_burn_in,18,31,2.0,top,0.09615806369047497,25.774678521142466,5000
16,down_niche,post_burn_in,19,32,2.0,top,0.054297334405349326,11.636710923415535,5000
16,down_niche,post_burn_in,20,33,2.0,top,0.6798321156927098,50.62424753473253,5000
16,down_niche,post_burn_in,21,34,2.0,top,0.16106128608070983,72.55739419918099,5000
16,down_niche,post_burn_in,22,37,1.0,basal,0.21293830150029427,0.6,5000
16,down_niche,post_burn_in,23,38,1.0,basal,0.21293830150029402,1.9,5000
16,down_niche,post_burn_in,24,39,1.0,basal,0.21293830150029625,6.0,5000
16,down_niche,post_burn_in,25,40,1.0,basal,0.21486003821350222,19.0,5000
16,down_niche,post_burn_in,26,41,1.0,basal,0.2144745883759427,60.0,5000
16,down_niche,post_burn_in,27,42,1.0,basal,0.21293830150029208,190.0,5000
16,down_niche,post_burn_in,28,43,1.0,basal,0.21293830150029636,600.0,5000
16,down_niche,post_burn_in,29,44,1.0,basal,0.21493479510065666,1900.0,5000
16,down_niche,post_burn_in,30,45,2.0,top,0.10866784295461118,0.6,5000
16,down_niche,post_burn_in,31,46,2.0,top,0.07746417385651766,1.9,5000
16,down_niche,post_burn_in,32,47,1.9999999999999998,top,0.004675211544874665,6.0,5000
16,down_niche,post_burn_in,33,48,1.9999999999999998,top,0.0029059071672672587,19.0,5000
16,down_niche,post_burn_in,34,49,2.0,top,0.013668726602393927,60.0,5000
16,down_niche,post_burn_in,35,50,2.0,top,0.12092470839173,190.0,5000
16,down_niche,post_burn_in,36,51,2.0,top,0.08804255039973646,600.0,5000
16,down_niche,post_burn_in,37,52,2.0,top,0.11483730037228271,1900.0,5000
16,atn,post_burn_in,1,1,2.5000000000000004,top,1.0551670542429958,237.06705038202026,5000
16,atn,post_burn_in,2,2,2.1111111111111116,intermediate,0.2558050111685501,70.19043969282241,5000
16,atn,post_burn_in,3,3,1.9999999999999996,intermediate,0.0482755945636255,57.616104218510195,5000
16,atn,post_burn_in,4,4,1.0,basal,0.32682303668081264,1.8038788628314766,5000
16,atn,post_burn_in,5,5,2.2000000000000006,intermediate,0.006145128463674034,81.27327430114546,5000
16,atn,post_burn_in,6,6,2.2000000000000006,intermediate,0.10872765840534386,73.50516937172863,5000
16,atn,post_burn_in,7,7,2.0000000000000004,intermediate,0.13577274980689383,31.668964734164383,5000
16,atn,post_burn_in,8,8,1.9999999999999998,intermediate,0.07748644604379049,13.407452147691977,5000
16,atn,post_burn_in,9,9,1.0,basal,0.3039027350060108,0.9464932382607323,5000
16,atn,post_burn_in,10,10,1.0,basal,0.40926142910588803,3.7224258273185744,5000
16,atn,post_burn_in,11,11,1.9999999999999998,intermediate,0.20824908152033886,38.89179348519068,5000
16,atn,post_burn_in,12,12,1.9999999999999998,intermediate,0.13072321409626483,46.1621394304697,5000
16,atn,post_burn_in,13,13,2.0,intermediate,0.08749077640248006,35.286785900301616,5000
16,atn,post_burn_in,14,14,2.111111111111111,intermediate,0.4163025864932645,62.23751672666937,5000
16,atn,post_burn_in,15,15,1.9999999999999998,intermediate,0.06006405078597106,14.545272009885949,5000
16,atn,post_burn_in,16,16,1.9999999999999998,intermediate,0.04318130041758182,58.51612871128679,5000
16,atn,post_burn_in,17,17,2.2000000000000006,intermediate,1.5278021108799127e-6,88.19903250424625,5000
16,atn,post_burn_in,18,18,2.0,intermediate,0.27200673713090445,24.557509118948683,5000
16,atn,post_burn_in,19,19,2.333333333333333,intermediate,3.6656738961434585e-12,120.35101704186701,5000
16,atn,post_burn_in,20,20,2.2000000000000006,intermediate,1.175931408102186e-10,113.75921289950948,5000
16,atn,post_burn_in,21,21,2.272727272727272,intermediate,2.3388285255560082e-11,115.99711098096282,5000
16,atn,post_burn_in,22,22,1.9999999999999998,intermediate,0.0528209461863845,56.83656267639909,5000
16,atn,post_burn_in,23,23,2.111111111111111,intermediate,0.4530602869288305,60.664378800921355,5000
16,atn,post_burn_in,24,24,2.2000000000000006,intermediate,0.10689097611413202,73.62395392640713,5000
16,atn,post_burn_in,25,25,2.0,intermediate,0.2824859684978199,24.13905203600693,5000
16,atn,post_burn_in,26,26,2.0,intermediate,0.11461601727430205,7.192185880496894,5000
16,atn,post_burn_in,27,27,2.2,intermediate,0.1366017062809053,71.74890659931128,5000
16,atn,post_burn_in,28,28,2.2,intermediate,0.009996061382965648,80.74933492705328,5000
16,atn,post_burn_in,29,29,1.9999999999999998,intermediate,0.09676121682548972,50.27471667266665,5000
16,atn,post_burn_in,30,30,2.2,intermediate,0.029985048998808727,78.97489055139359,5000
16,atn,post_burn_in,31,31,2.0,intermediate,0.24342405753718274,25.774678521142466,5000
16,atn,post_burn_in,32,32,1.9999999999999998,intermediate,0.11131090038653449,11.636710923415535,5000
16,atn,post_burn_in,33,33,1.9999999999999998,intermediate,0.09413017556704262,50.62424753473253,5000
16,atn,post_burn_in,34,34,2.2,intermediate,0.12359973060684719,72.55739419918099,5000
16,atn,post_burn_in,35,35,2.111111111111111,intermediate,0.4084663611446384,62.583509171196035,5000
16,atn,post_burn_in,36,36,1.9999999999999998,intermediate,0.11025814520129758,11.684838778826595,5000
16,atn,post_burn_in,37,37,1.0,basal,0.29051203789884134,0.6,5000
16,atn,post_burn_in,38,38,1.0,basal,0.3239740495154171,1.9,5000
16,atn,post_burn_in,39,39,1.0,basal,0.44820512380427024,6.0,5000
16,atn,post_burn_in,40,40,1.0,basal,0.7219057261502386,19.0,5000
16,atn,post_burn_in,41,41,1.0,basal,0.8588267054354971,60.0,5000
16,atn,post_burn_in,42,42,1.0,basal,0.946761409473741,190.0,5000
16,atn,post_burn_in,43,45,1.0,basal,0.2905120378988415,0.6,5000
16,atn,post_burn_in,44,46,1.0,basal,0.3239740495154183,1.9,5000
16,atn,post_burn_in,45,47,2.0,intermediate,0.061973106016058904,6.0,5000
16,atn,post_burn_in,46,48,2.0,intermediate,0.14328861652367544,19.0,5000
16,atn,post_burn_in,47,49,2.111111111111111,intermediate,0.12030706358493906,60.0,5000
16,atn,post_burn_in,48,50,2.4375,intermediate,4.106672598538437e-8,190.0,5000
16,atn,post_burn_in,49,51,2.7448559670781885,top,1.0002460552678223,600.0,5000
16,atn,post_burn_in,50,52,2.984977904040404,top,0.856757175287332,1900.0,5000
17,down_power,creation,1,1,4.000204468932712,intermediate,0.49898044332371816,186.11730692015811,5000
17,down_power,creation,2,2,3.627421995088272,intermediate,0.313597594334068,83.14381496238754,5000
17,down_power,creation,3,3,2.0000000000000004,intermediate,0.7668925303935217,67.38383870003506,5000
17,down_power,creation,4,4,1.9999999999999996,intermediate,0.2115791019383786,7.687315060870382,5000
17,down_power,creation,5,5,3.5798029474692235,intermediate,0.4113188891669297,55.51917756672962,5000
17,down_power,creation,6,6,2.0,intermediate,0.8284677594053301,68.44168354799803,5000
17,down_power,creation,7,7,1.9999999999999998,top,0.09782495418168247,19.157810935263253,5000
17,down_power,creation,8,8,1.9999999999999998,intermediate,0.29584310000752656,42.9973888810993,5000
17,down_power,creation,9,9,1.9999999999999998,intermediate,0.7548951892156333,0.5912405149091546,5000
17,down_power,creation,10,10,2.0000000000000004,intermediate,0.018492255755064302,0.8971755886495236,5000
17,down_power,creation,11,11,1.9999999999999998,top,0.2013758868621337,10.581855187692472,5000
17,down_power,creation,12,12,2.0000000000000004,intermediate,0.19746676003347252,44.138889430903575,5000
17,down_power,creation,13,13,3.0,intermediate,0.6636836323379945,11.164035885067669,5000
17,down_power,creation,14,14,2.844202898550726,intermediate,0.38294873140894037,80.03464211016872,5000
17,down_power,creation,15,15,2.0,intermediate,0.36928441878562757,29.86069681165968,5000
17,down_power,creation,16,16,1.9999999999999998,top,0.43415285827312744,57.517937629138906,5000
17,down_power,creation,17,17,1.9999999999999996,intermediate,0.9550625947933242,55.461269833526785,5000
17,down_power,creation,18,18,1.9999999999999998,intermediate,0.9135239159032249,14.15423138657796,5000
17,down_power,creation,19,19,4.101690930313349,intermediate,0.5531550083992933,120.00428565490735,5000
17,down_power,creation,20,20,4.0961252430963,intermediate,0.6734251349813477,134.24583042184673,5000
17,down_power,creation,21,21,4.046260099326705,intermediate,0.14471421664276196,168.3303383442045,5000
17,down_power,creation,22,22,3.5702771284840917,intermediate,0.30617921250396973,98.43652819673838,5000
17,down_power,creation,23,23,3.5798029474692235,intermediate,0.452390646558157,67.19461392701898,5000
17,down_power,creation,24,24,3.557687313125499,intermediate,0.7557334687496047,83.84666519118676,5000
17,down_power,creation,25,25,3.4166666666666674,intermediate,0.49346345674568237,42.523434739062296,5000
17,down_power,creation,26,26,3.3333333333333335,intermediate,0.4518502556873568,9.551568683284637,5000
17,down_power,creation,27,27,1.9999999999999998,top,0.6962316823047505,68.50273160353363,5000
17,down_power,creation,28,28,1.9999999999999998,top,0.6121390487470341,77.74083748830827,5000
17,down_power,creation,29,29,1.9999999999999998,intermediate,0.38285299214891366,79.0747117556006,5000
17,down_power,creation,30,30,1.9999999999999996,intermediate,0.6627925623191402,52.66898068045117,5000
17,down_power,creation,31,31,1.9999999999999998,intermediate,0.03268473313835518,20.95018746084075,5000
17,down_power,creation,32,32,2.0000000000000004,intermediate,0.05879194400067467,25.32664671169629,5000
17,down_power,creation,33,33,2.0000000000000004,top,0.00793504469002948,69.67158929533154,5000
17,down_power,creation,34,34,1.9999999999999998,intermediate,0.30204017495467494,52.177316608083984,5000
17,down_power,creation,35,35,3.0,intermediate,0.3402279586295046,99.23847389181715,5000
17,down_power,creation,36,36,3.0,intermediate,0.8824786860266095,14.974551016975068,5000
17,down_power,creation,37,37,1.0,basal,0.3149579266445822,0.6,5000
17,down_power,creation,38,38,1.0,basal,0.44217407658213614,1.9,5000
17,down_power,creation,39,39,1.0,basal,0.9663807656447587,6.0,5000
17,down_power,creation,40,40,1.0,basal,0.5737579942262655,19.0,5000
17,down_power,creation,41,41,1.0,basal,0.7846139758419424,60.0,5000
17,down_power,creation,42,42,1.0,basal,0.9248673167418876,190.0,5000
17,down_power,creation,43,43,1.0,basal,0.9234833939277581,600.0,5000
17,down_power,creation,44,44,1.0,basal,0.9307775630426901,1900.0,5000
17,down_power,creation,45,45,1.9999999999999998,intermediate,0.645313830149258,0.6,5000
17,down_power,creation,46,46,2.0000000000000004,intermediate,0.7884380125674633,1.9,5000
17,down_power,creation,47,47,1.9999999999999998,intermediate,0.15380856115940034,6.0,5000
17,down_power,creation,48,48,1.9999999999999998,intermediate,0.1360987772830038,19.0,5000
17,down_power,creation,49,49,2.0000000000000004,intermediate,0.944660608843859,60.0,5000
17,down_power,creation,50,50,1.9999999999999998,intermediate,0.3592675780650173,190.0,5000
17,down_power,creation,51,51,2.0000000000000004,intermediate,0.25248938126738407,600.0,5000
17,down_power,creation,52,52,1.9999999999999998,intermediate,0.04025435171466474,1900.0,5000
17,metaweb,creation,1,1,4.0613354240613635,intermediate,0.49898044332371816,186.11730692015811,5000
17,metaweb,creation,2,2,3.5954723098103645,intermediate,0.313597594334068,83.14381496238754,5000
17,metaweb,creation,3,3,2.0,intermediate,0.7668925303935217,67.38383870003506,5000
17,metaweb,creation,4,4,2.0,intermediate,0.2115791019383786,7.687315060870382,5000
17,metaweb,creation,5,5,3.5954723098103667,intermediate,0.4113188891669297,55.51917756672962,5000
17,metaweb,creation,6,6,2.0,intermediate,0.8284677594053301,68.44168354799803,5000
17,metaweb,creation,7,7,2.0,top,0.09782495418168247,19.157810935263253,5000
17,metaweb,creation,8,8,2.0,intermediate,0.29584310000752656,42.9973888810993,5000
17,metaweb,creation,9,9,2.0,intermediate,0.7548951892156333,0.5912405149091546,5000
17,metaweb,creation,10,10,2.0,intermediate,0.018492255755064302,0.8971755886495236,5000
17,metaweb,creation,11,11,2.0,top,0.2013758868621337,10.581855187692472,5000
17,metaweb,creation,12,12,2.0,intermediate,0.19746676003347252,44.138889430903575,5000
17,metaweb,creation,13,13,3.0,intermediate,0.6636836323379945,11.164035885067669,5000
17,metaweb,creation,14,14,2.8392621870882753,intermediate,0.38294873140894037,80.03464211016872,5000
17,metaweb,creation,15,15,2.0,intermediate,0.36928441878562757,29.86069681165968,5000
17,metaweb,creation,16,16,2.0,top,0.43415285827312744,57.517937629138906,5000
17,metaweb,creation,17,17,2.0,intermediate,0.9550625947933242,55.461269833526785,5000
17,metaweb,creation,18,18,2.0,intermediate,0.9135239159032249,14.15423138657796,5000
17,metaweb,creation,19,19,4.0613354240613635,intermediate,0.5531550083992933,120.00428565490735,5000
17,metaweb,creation,20,20,4.061335424061364,intermediate,0.6734251349813477,134.24583042184673,5000
17,metaweb,creation,21,21,4.061335424061364,intermediate,0.14471421664276196,168.3303383442045,5000
17,metaweb,creation,22,22,3.5954723098103636,intermediate,0.30617921250396973,98.43652819673838,5000
17,metaweb,creation,23,23,3.5954723098103654,intermediate,0.452390646558157,67.19461392701898,5000
17,metaweb,creation,24,24,3.5762090864680016,intermediate,0.7557334687496047,83.84666519118676,5000
17,metaweb,creation,25,25,3.303030303030302,intermediate,0.49346345674568237,42.523434739062296,5000
17,metaweb,creation,26,26,3.3333333333333335,intermediate,0.4518502556873568,9.551568683284637,5000
17,metaweb,creation,27,27,2.0,top,0.6962316823047505,68.50273160353363,5000
17,metaweb,creation,28,28,2.0,top,0.6121390487470341,77.74083748830827,5000
17,metaweb,creation,29,29,2.0,intermediate,0.38285299214891366,79.0747117556006,5000
17,metaweb,creation,30,30,2.0,intermediate,0.6627925623191402,52.66898068045117,5000
17,metaweb,creation,31,31,2.0,intermediate,0.03268473313835518,20.95018746084075,5000
17,metaweb,creation,32,32,2.0,intermediate,0.05879194400067467,25.32664671169629,5000
17,metaweb,creation,33,33,2.0,top,0.00793504469002948,69.67158929533154,5000
17,metaweb,creation,34,34,2.0,intermediate,0.30204017495467494,52.177316608083984,5000
17,metaweb,creation,35,35,3.0,intermediate,0.3402279586295046,99.23847389181715,5000
17,metaweb,creation,36,36,3.0,intermediate,0.8824786860266095,14.974551016975068,5000
17,metaweb,creation,37,37,1.0,basal,0.3149579266445822,0.6,5000
17,metaweb,creation,38,38,1.0,basal,0.44217407658213614,1.9,5000
17,metaweb,creation,39,39,1.0,basal,0.9663807656447587,6.0,5000
17,metaweb,creation,40,40,1.0,basal,0.5737579942262655,19.0,5000
17,metaweb,creation,41,41,1.0,basal,0.7846139758419424,60.0,5000
17,metaweb,creation,42,42,1.0,basal,0.9248673167418876,190.0,5000
17,metaweb,creation,43,43,1.0,basal,0.9234833939277581,600.0,5000
17,metaweb,creation,44,44,1.0,basal,0.9307775630426901,1900.0,5000
17,metaweb,creation,45,45,2.0,intermediate,0.645313830149258,0.6,5000
17,metaweb,creation,46,46,2.0,intermediate,0.7884380125674633,1.9,5000
17,metaweb,creation,47,47,2.0,intermediate,0.15380856115940034,6.0,5000
17,metaweb,creation,48,48,2.0,intermediate,0.1360987772830038,19.0,5000
17,metaweb,creation,49,49,2.0,intermediate,0.944660608843859,60.0,5000
17,metaweb,creation,50,50,2.0,intermediate,0.3592675780650173,190.0,5000
17,metaweb,creation,51,51,2.0,intermediate,0.25248938126738407,600.0,5000
17,metaweb,creation,52,52,2.0,intermediate,0.04025435171466474,1900.0,5000
17,niche,creation,1,1,4.023560545963177,intermediate,0.49898044332371816,186.11730692015811,5000
17,niche,creation,2,2,4.458436320100956,intermediate,0.313597594334068,83.14381496238754,5000
17,niche,creation,3,3,4.940125187925979,intermediate,0.7668925303935217,67.38383870003506,5000
17,niche,creation,4,4,4.732075647576739,intermediate,0.2115791019383786,7.687315060870382,5000
17,niche,creation,5,5,5.122963370871238,intermediate,0.4113188891669297,55.51917756672962,5000
17,niche,creation,6,6,4.326577205882353,intermediate,0.8284677594053301,68.44168354799803,5000
17,niche,creation,7,7,3.886067708333333,intermediate,0.09782495418168247,19.157810935263253,5000
17,niche,creation,8,8,4.181423611111111,intermediate,0.29584310000752656,42.9973888810993,5000
17,niche,creation,9,9,1.0,basal,0.7548951892156333,0.5912405149091546,5000
17,niche,creation,10,10,3.4734953703703706,intermediate,0.018492255755064302,0.8971755886495236,5000
17,niche,creation,11,11,4.873765784079214,intermediate,0.2013758868621337,10.581855187692472,5000
17,niche,creation,12,12,3.1689236111111105,intermediate,0.19746676003347252,44.138889430903575,5000
17,niche,creation,13,13,3.812723141339869,intermediate,0.6636836323379945,11.164035885067669,5000
17,niche,creation,14,14,4.812570684523809,intermediate,0.38294873140894037,80.03464211016872,5000
17,niche,creation,15,15,4.700417833800186,intermediate,0.36928441878562757,29.86069681165968,5000
17,niche,creation,16,16,4.454287910950365,intermediate,0.43415285827312744,57.517937629138906,5000
17,niche,creation,17,17,4.458436320100956,intermediate,0.9550625947933242,55.461269833526785,5000
17,niche,creation,18,18,4.620250204248365,intermediate,0.9135239159032249,14.15423138657796,5000
17,niche,creation,19,19,5.812570684523809,intermediate,0.5531550083992933,120.00428565490735,5000
17,niche,creation,20,20,3.412803819444444,intermediate,0.6734251349813477,134.24583042184673,5000
17,niche,creation,21,21,1.0,basal,0.14471421664276196,168.3303383442045,5000
17,niche,creation,22,22,3.0883928571428565,intermediate,0.30617921250396973,98.43652819673838,5000
17,niche,creation,23,23,4.593045507265406,intermediate,0.452390646558157,67.19461392701898,5000
17,niche,creation,24,24,3.1905637254901955,intermediate,0.7557334687496047,83.84666519118676,5000
17,niche,creation,25,25,3.2806547619047617,intermediate,0.49346345674568237,42.523434739062296,5000
17,niche,creation,26,26,3.0883928571428565,intermediate,0.4518502556873568,9.551568683284637,5000
17,niche,creation,27,27,4.812570684523809,intermediate,0.6962316823047505,68.50273160353363,5000
17,niche,creation,28,28,4.34931919642857,intermediate,0.6121390487470341,77.74083748830827,5000
17,niche,creation,29,29,3.0,intermediate,0.38285299214891366,79.0747117556006,5000
17,niche,creation,30,30,4.181423611111111,intermediate,0.6627925623191402,52.66898068045117,5000
17,niche,creation,31,31,3.025,intermediate,0.03268473313835518,20.95018746084075,5000
17,niche,creation,32,32,3.337847222222221,intermediate,0.05879194400067467,25.32664671169629,5000
17,niche,creation,33,33,1.0,basal,0.00793504469002948,69.67158929533154,5000
17,niche,creation,34,34,2.3125,intermediate,0.30204017495467494,52.177316608083984,5000
17,niche,creation,35,35,2.939583333333333,intermediate,0.3402279586295046,99.23847389181715,5000
17,niche,creation,36,36,2.75,intermediate,0.8824786860266095,14.974551016975068,5000
17,niche,creation,37,37,1.0,basal,0.3149579266445822,0.6,5000
17,niche,creation,38,38,3.4624999999999995,intermediate,0.44217407658213614,1.9,5000
17,niche,creation,39,39,2.5,intermediate,0.9663807656447587,6.0,5000
17,niche,creation,40,40,3.025,intermediate,0.5737579942262655,19.0,5000
17,niche,creation,41,41,2.4999999999999996,intermediate,0.7846139758419424,60.0,5000
17,niche,creation,42,42,3.0,intermediate,0.9248673167418876,190.0,5000
17,niche,creation,43,43,3.25,intermediate,0.9234833939277581,600.0,5000
17,niche,creation,44,44,2.0,intermediate,0.9307775630426901,1900.0,5000
17,niche,creation,45,45,1.0,basal,0.645313830149258,0.6,5000
17,niche,creation,46,46,2.5,intermediate,0.7884380125674633,1.9,5000
17,niche,creation,47,47,2.0,intermediate,0.15380856115940034,6.0,5000
17,niche,creation,48,48,1.0,basal,0.1360987772830038,19.0,5000
17,niche,creation,49,49,1.0,basal,0.944660608843859,60.0,5000
17,niche,creation,50,50,1.0,basal,0.3592675780650173,190.0,5000
17,niche,creation,51,51,1.0,basal,0.25248938126738407,600.0,5000
17,niche,creation,52,52,1.0,basal,0.04025435171466474,1900.0,5000
17,down_rand,creation,1,1,4.2104562470285645,intermediate,0.49898044332371816,186.11730692015811,5000
17,down_rand,creation,2,2,3.711436170212766,intermediate,0.313597594334068,83.14381496238754,5000
17,down_rand,creation,3,3,1.9999999999999998,intermediate,0.7668925303935217,67.38383870003506,5000
17,down_rand,creation,4,4,1.9999999999999998,top,0.2115791019383786,7.687315060870382,5000
17,down_rand,creation,5,5,3.6809655909599917,intermediate,0.4113188891669297,55.51917756672962,5000
17,down_rand,creation,6,6,1.9999999999999996,intermediate,0.8284677594053301,68.44168354799803,5000
17,down_rand,creation,7,7,1.9999999999999998,top,0.09782495418168247,19.157810935263253,5000
17,down_rand,creation,8,8,2.0,intermediate,0.29584310000752656,42.9973888810993,5000
17,down_rand,creation,9,9,1.9999999999999996,top,0.7548951892156333,0.5912405149091546,5000
17,down_rand,creation,10,10,2.0000000000000004,intermediate,0.018492255755064302,0.8971755886495236,5000
17,down_rand,creation,11,11,2.0000000000000004,top,0.2013758868621337,10.581855187692472,5000
17,down_rand,creation,12,12,1.9999999999999998,intermediate,0.19746676003347252,44.138889430903575,5000
17,down_rand,creation,13,13,2.9999999999999996,intermediate,0.6636836323379945,11.164035885067669,5000
17,down_rand,creation,14,14,2.7499999999999996,intermediate,0.38294873140894037,80.03464211016872,5000
17,down_rand,creation,15,15,1.9999999999999996,intermediate,0.36928441878562757,29.86069681165968,5000
17,down_rand,creation,16,16,2.0000000000000004,top,0.43415285827312744,57.517937629138906,5000
17,down_rand,creation,17,17,1.9999999999999998,intermediate,0.9550625947933242,55.461269833526785,5000
17,down_rand,creation,18,18,2.0000000000000004,intermediate,0.9135239159032249,14.15423138657796,5000
17,down_rand,creation,19,19,4.009202236432857,intermediate,0.5531550083992933,120.00428565490735,5000
17,down_rand,creation,20,20,3.8331624058472777,intermediate,0.6734251349813477,134.24583042184673,5000
17,down_rand,creation,21,21,4.009607922502754,intermediate,0.14471421664276196,168.3303383442045,5000
17,down_rand,creation,22,22,3.7715259308510647,intermediate,0.30617921250396973,98.43652819673838,5000
17,down_rand,creation,23,23,3.6195905814160647,intermediate,0.452390646558157,67.19461392701898,5000
17,down_rand,creation,24,24,3.560896620177135,intermediate,0.7557334687496047,83.84666519118676,5000
17,down_rand,creation,25,25,3.25,intermediate,0.49346345674568237,42.523434739062296,5000
17,down_rand,creation,26,26,3.999999999999999,intermediate,0.4518502556873568,9.551568683284637,5000
17,down_rand,creation,27,27,2.0000000000000004,top,0.6962316823047505,68.50273160353363,5000
17,down_rand,creation,28,28,2.0000000000000004,top,0.6121390487470341,77.74083748830827,5000
17,down_rand,creation,29,29,1.9999999999999998,intermediate,0.38285299214891366,79.0747117556006,5000
17,down_rand,creation,30,30,1.9999999999999996,intermediate,0.6627925623191402,52.66898068045117,5000
17,down_rand,creation,31,31,1.9999999999999998,intermediate,0.03268473313835518,20.95018746084075,5000
17,down_rand,creation,32,32,1.9999999999999998,intermediate,0.05879194400067467,25.32664671169629,5000
17,down_rand,creation,33,33,1.9999999999999998,top,0.00793504469002948,69.67158929533154,5000
17,down_rand,creation,34,34,1.9999999999999996,intermediate,0.30204017495467494,52.177316608083984,5000
17,down_rand,creation,35,35,3.0,intermediate,0.3402279586295046,99.23847389181715,5000
17,down_rand,creation,36,36,2.9999999999999996,intermediate,0.8824786860266095,14.974551016975068,5000
17,down_rand,creation,37,37,1.0,basal,0.3149579266445822,0.6,5000
17,down_rand,creation,38,38,1.0,basal,0.44217407658213614,1.9,5000
17,down_rand,creation,39,39,1.0,basal,0.9663807656447587,6.0,5000
17,down_rand,creation,40,40,1.0,basal,0.5737579942262655,19.0,5000
17,down_rand,creation,41,41,1.0,basal,0.7846139758419424,60.0,5000
17,down_rand,creation,42,42,1.0,basal,0.9248673167418876,190.0,5000
17,down_rand,creation,43,43,1.0,basal,0.9234833939277581,600.0,5000
17,down_rand,creation,44,44,1.0,basal,0.9307775630426901,1900.0,5000
17,down_rand,creation,45,45,1.9999999999999996,intermediate,0.645313830149258,0.6,5000
17,down_rand,creation,46,46,2.0000000000000004,intermediate,0.7884380125674633,1.9,5000
17,down_rand,creation,47,47,1.9999999999999996,top,0.15380856115940034,6.0,5000
17,down_rand,creation,48,48,2.0000000000000004,intermediate,0.1360987772830038,19.0,5000
17,down_rand,creation,49,49,2.0,intermediate,0.944660608843859,60.0,5000
17,down_rand,creation,50,50,1.9999999999999996,intermediate,0.3592675780650173,190.0,5000
17,down_rand,creation,51,51,1.9999999999999996,intermediate,0.25248938126738407,600.0,5000
17,down_rand,creation,52,52,2.0,intermediate,0.04025435171466474,1900.0,5000
17,down_link,creation,1,1,4.396764776275611,intermediate,0.49898044332371816,186.11730692015811,5000
17,down_link,creation,2,2,3.431528415488447,intermediate,0.313597594334068,83.14381496238754,5000
17,down_link,creation,3,3,2.0000000000000004,intermediate,0.7668925303935217,67.38383870003506,5000
17,down_link,creation,4,4,2.0000000000000004,intermediate,0.2115791019383786,7.687315060870382,5000
17,down_link,creation,5,5,3.626684736072061,intermediate,0.4113188891669297,55.51917756672962,5000
17,down_link,creation,6,6,1.9999999999999996,intermediate,0.8284677594053301,68.44168354799803,5000
17,down_link,creation,7,7,1.9999999999999998,top,0.09782495418168247,19.157810935263253,5000
17,down_link,creation,8,8,2.0,intermediate,0.29584310000752656,42.9973888810993,5000
17,down_link,creation,9,9,1.9999999999999998,intermediate,0.7548951892156333,0.5912405149091546,5000
17,down_link,creation,10,10,1.9999999999999998,intermediate,0.018492255755064302,0.8971755886495236,5000
17,down_link,creation,11,11,1.9999999999999996,top,0.2013758868621337,10.581855187692472,5000
17,down_link,creation,12,12,1.9999999999999996,intermediate,0.19746676003347252,44.138889430903575,5000
17,down_link,creation,13,13,3.0,intermediate,0.6636836323379945,11.164035885067669,5000
17,down_link,creation,14,14,2.999999999999999,intermediate,0.38294873140894037,80.03464211016872,5000
17,down_link,creation,15,15,1.9999999999999996,intermediate,0.36928441878562757,29.86069681165968,5000
17,down_link,creation,16,16,2.0,top,0.43415285827312744,57.517937629138906,5000
17,down_link,creation,17,17,1.9999999999999996,intermediate,0.9550625947933242,55.461269833526785,5000
17,down_link,creation,18,18,1.9999999999999998,intermediate,0.9135239159032249,14.15423138657796,5000
17,down_link,creation,19,19,4.301798701359497,intermediate,0.5531550083992933,120.00428565490735,5000
17,down_link,creation,20,20,4.187959533771608,intermediate,0.6734251349813477,134.24583042184673,5000
17,down_link,creation,21,21,4.041438961087599,intermediate,0.14471421664276196,168.3303383442045,5000
17,down_link,creation,22,22,3.626684736072061,intermediate,0.30617921250396973,98.43652819673838,5000
17,down_link,creation,23,23,3.6354092922591468,intermediate,0.452390646558157,67.19461392701898,5000
17,down_link,creation,24,24,3.5129081629213097,intermediate,0.7557334687496047,83.84666519118676,5000
17,down_link,creation,25,25,3.333333333333333,intermediate,0.49346345674568237,42.523434739062296,5000
17,down_link,creation,26,26,3.333333333333334,intermediate,0.4518502556873568,9.551568683284637,5000
17,down_link,creation,27,27,2.0000000000000004,top,0.6962316823047505,68.50273160353363,5000
17,down_link,creation,28,28,2.0000000000000004,top,0.6121390487470341,77.74083748830827,5000
17,down_link,creation,29,29,2.0,intermediate,0.38285299214891366,79.0747117556006,5000
17,down_link,creation,30,30,1.9999999999999998,intermediate,0.6627925623191402,52.66898068045117,5000
17,down_link,creation,31,31,2.0000000000000004,intermediate,0.03268473313835518,20.95018746084075,5000
17,down_link,creation,32,32,2.0000000000000004,intermediate,0.05879194400067467,25.32664671169629,5000
17,down_link,creation,33,33,2.0,top,0.00793504469002948,69.67158929533154,5000
17,down_link,creation,34,34,1.9999999999999996,intermediate,0.30204017495467494,52.177316608083984,5000
17,down_link,creation,35,35,3.0,intermediate,0.3402279586295046,99.23847389181715,5000
17,down_link,creation,36,36,3.0,intermediate,0.8824786860266095,14.974551016975068,5000
17,down_link,creation,37,37,1.0,basal,0.3149579266445822,0.6,5000
17,down_link,creation,38,38,1.0,basal,0.44217407658213614,1.9,5000
17,down_link,creation,39,39,1.0,basal,0.9663807656447587,6.0,5000
17,down_link,creation,40,40,1.0,basal,0.5737579942262655,19.0,5000
17,down_link,creation,41,41,1.0,basal,0.7846139758419424,60.0,5000
17,down_link,creation,42,42,1.0,basal,0.9248673167418876,190.0,5000
17,down_link,creation,43,43,1.0,basal,0.9234833939277581,600.0,5000
17,down_link,creation,44,44,1.0,basal,0.9307775630426901,1900.0,5000
17,down_link,creation,45,45,1.9999999999999998,intermediate,0.645313830149258,0.6,5000
17,down_link,creation,46,46,1.9999999999999996,intermediate,0.7884380125674633,1.9,5000
17,down_link,creation,47,47,1.9999999999999998,intermediate,0.15380856115940034,6.0,5000
17,down_link,creation,48,48,2.0000000000000004,intermediate,0.1360987772830038,19.0,5000
17,down_link,creation,49,49,2.0,intermediate,0.944660608843859,60.0,5000
17,down_link,creation,50,50,2.0000000000000004,intermediate,0.3592675780650173,190.0,5000
17,down_link,creation,51,51,2.0000000000000004,intermediate,0.25248938126738407,600.0,5000
17,down_link,creation,52,52,2.0000000000000004,intermediate,0.04025435171466474,1900.0,5000
17,down_niche,creation,1,1,4.0339986967352335,intermediate,0.49898044332371816,186.11730692015811,5000
17,down_niche,creation,2,2,3.2477568303256414,intermediate,0.313597594334068,83.14381496238754,5000
17,down_niche,creation,3,3,2.000000000000019,intermediate,0.7668925303935217,67.38383870003506,5000
17,down_niche,creation,4,4,2.000000000000002,intermediate,0.2115791019383786,7.687315060870382,5000
17,down_niche,creation,5,5,3.1905307994757535,intermediate,0.4113188891669297,55.51917756672962,5000
17,down_niche,creation,6,6,2.0000000000000053,intermediate,0.8284677594053301,68.44168354799803,5000
17,down_niche,creation,7,7,2.0,top,0.09782495418168247,19.157810935263253,5000
17,down_niche,creation,8,8,2.000000000000003,intermediate,0.29584310000752656,42.9973888810993,5000
17,down_niche,creation,9,9,2.000000000000001,top,0.7548951892156333,0.5912405149091546,5000
17,down_niche,creation,10,10,2.0000000000000036,intermediate,0.018492255755064302,0.8971755886495236,5000
17,down_niche,creation,11,11,2.000000000000001,top,0.2013758868621337,10.581855187692472,5000
17,down_niche,creation,12,12,2.0000000000000004,intermediate,0.19746676003347252,44.138889430903575,5000
17,down_niche,creation,13,13,3.000000000000005,top,0.6636836323379945,11.164035885067669,5000
17,down_niche,creation,14,14,2.785714285714291,intermediate,0.38294873140894037,80.03464211016872,5000
17,down_niche,creation,15,15,2.0000000000000013,intermediate,0.36928441878562757,29.86069681165968,5000
17,down_niche,creation,16,16,2.000000000000002,top,0.43415285827312744,57.517937629138906,5000
17,down_niche,creation,17,17,2.0000000000000018,intermediate,0.9550625947933242,55.461269833526785,5000
17,down_niche,creation,18,18,2.000000000000004,intermediate,0.9135239159032249,14.15423138657796,5000
17,down_niche,creation,19,19,3.924263112838344,intermediate,0.5531550083992933,120.00428565490735,5000
17,down_niche,creation,20,20,4.153051776682808,intermediate,0.6734251349813477,134.24583042184673,5000
17,down_niche,creation,21,21,3.7846317115248187,intermediate,0.14471421664276196,168.3303383442045,5000
17,down_niche,creation,22,22,3.310124508519013,intermediate,0.30617921250396973,98.43652819673838,5000
17,down_niche,creation,23,23,3.2095838794233367,intermediate,0.452390646558157,67.19461392701898,5000
17,down_niche,creation,24,24,3.385471275666233,intermediate,0.7557334687496047,83.84666519118676,5000
17,down_niche,creation,25,25,3.1249999999999987,intermediate,0.49346345674568237,42.523434739062296,5000
17,down_niche,creation,26,26,7.55826571026256e-17,intermediate,0.4518502556873568,9.551568683284637,5000
17,down_niche,creation,27,27,2.000000000000001,top,0.6962316823047505,68.50273160353363,5000
17,down_niche,creation,28,28,2.0000000000000004,top,0.6121390487470341,77.74083748830827,5000
17,down_niche,creation,29,29,2.000000000000005,intermediate,0.38285299214891366,79.0747117556006,5000
17,down_niche,creation,30,30,2.0000000000000018,intermediate,0.6627925623191402,52.66898068045117,5000
17,down_niche,creation,31,31,2.0000000000000036,intermediate,0.03268473313835518,20.95018746084075,5000
17,down_niche,creation,32,32,2.000000000000004,intermediate,0.05879194400067467,25.32664671169629,5000
17,down_niche,creation,33,33,2.0000000000000004,top,0.00793504469002948,69.67158929533154,5000
17,down_niche,creation,34,34,2.0000000000000018,intermediate,0.30204017495467494,52.177316608083984,5000
17,down_niche,creation,35,35,3.000000000000005,intermediate,0.3402279586295046,99.23847389181715,5000
17,down_niche,creation,36,36,3.0000000000000036,intermediate,0.8824786860266095,14.974551016975068,5000
17,down_niche,creation,37,37,1.000000000000003,basal,0.3149579266445822,0.6,5000
17,down_niche,creation,38,38,1.0000000000000024,basal,0.44217407658213614,1.9,5000
17,down_niche,creation,39,39,1.000000000000004,basal,0.9663807656447587,6.0,5000
17,down_niche,creation,40,40,1.0000000000000002,basal,0.5737579942262655,19.0,5000
17,down_niche,creation,41,41,0.999999999999999,basal,0.7846139758419424,60.0,5000
17,down_niche,creation,42,42,1.0000000000000018,basal,0.9248673167418876,190.0,5000
17,down_niche,creation,43,43,1.0000000000000009,basal,0.9234833939277581,600.0,5000
17,down_niche,creation,44,44,1.000000000000002,basal,0.9307775630426901,1900.0,5000
17,down_niche,creation,45,45,2.0000000000000013,intermediate,0.645313830149258,0.6,5000
17,down_niche,creation,46,46,2.0,intermediate,0.7884380125674633,1.9,5000
17,down_niche,creation,47,47,1.999999999999998,intermediate,0.15380856115940034,6.0,5000
17,down_niche,creation,48,48,1.9999999999999976,intermediate,0.1360987772830038,19.0,5000
17,down_niche,creation,49,49,1.9999999999999982,intermediate,0.944660608843859,60.0,5000
17,down_niche,creation,50,50,1.9999999999999976,intermediate,0.3592675780650173,190.0,5000
17,down_niche,creation,51,51,2.0,top,0.25248938126738407,600.0,5000
17,down_niche,creation,52,52,1.9999999999999976,intermediate,0.04025435171466474,1900.0,5000
17,atn,creation,1,1,2.5,intermediate,0.49898044332371816,186.11730692015811,5000
17,atn,creation,2,2,2.2222222222222223,intermediate,0.313597594334068,83.14381496238754,5000
17,atn,creation,3,3,2.125,intermediate,0.7668925303935217,67.38383870003506,5000
17,atn,creation,4,4,1.9999999999999998,intermediate,0.2115791019383786,7.687315060870382,5000
17,atn,creation,5,5,2.0000000000000004,intermediate,0.4113188891669297,55.51917756672962,5000
17,atn,creation,6,6,2.125,intermediate,0.8284677594053301,68.44168354799803,5000
17,atn,creation,7,7,2.0000000000000004,intermediate,0.09782495418168247,19.157810935263253,5000
17,atn,creation,8,8,2.0000000000000004,intermediate,0.29584310000752656,42.9973888810993,5000
17,atn,creation,9,9,1.0,basal,0.7548951892156333,0.5912405149091546,5000
17,atn,creation,10,10,1.0,basal,0.018492255755064302,0.8971755886495236,5000
17,atn,creation,11,11,2.0,intermediate,0.2013758868621337,10.581855187692472,5000
17,atn,creation,12,12,2.0000000000000004,intermediate,0.19746676003347252,44.138889430903575,5000
17,atn,creation,13,13,2.0,intermediate,0.6636836323379945,11.164035885067669,5000
17,atn,creation,14,14,2.2222222222222223,intermediate,0.38294873140894037,80.03464211016872,5000
17,atn,creation,15,15,2.0000000000000004,intermediate,0.36928441878562757,29.86069681165968,5000
17,atn,creation,16,16,2.0000000000000004,intermediate,0.43415285827312744,57.517937629138906,5000
17,atn,creation,17,17,2.0000000000000004,intermediate,0.9550625947933242,55.461269833526785,5000
17,atn,creation,18,18,2.0,intermediate,0.9135239159032249,14.15423138657796,5000
17,atn,creation,19,19,2.4166666666666665,intermediate,0.5531550083992933,120.00428565490735,5000
17,atn,creation,20,20,2.4166666666666665,intermediate,0.6734251349813477,134.24583042184673,5000
17,atn,creation,21,21,2.4999999999999996,intermediate,0.14471421664276196,168.3303383442045,5000
17,atn,creation,22,22,2.3000000000000007,intermediate,0.30617921250396973,98.43652819673838,5000
17,atn,creation,23,23,2.125,intermediate,0.452390646558157,67.19461392701898,5000
17,atn,creation,24,24,2.2222222222222223,intermediate,0.7557334687496047,83.84666519118676,5000
17,atn,creation,25,25,2.0000000000000004,intermediate,0.49346345674568237,42.523434739062296,5000
17,atn,creation,26,26,2.0,intermediate,0.4518502556873568,9.551568683284637,5000
17,atn,creation,27,27,2.125,intermediate,0.6962316823047505,68.50273160353363,5000
17,atn,creation,28,28,2.2222222222222223,intermediate,0.6121390487470341,77.74083748830827,5000
17,atn,creation,29,29,2.2222222222222223,intermediate,0.38285299214891366,79.0747117556006,5000
17,atn,creation,30,30,2.0000000000000004,intermediate,0.6627925623191402,52.66898068045117,5000
17,atn,creation,31,31,2.0000000000000004,intermediate,0.03268473313835518,20.95018746084075,5000
17,atn,creation,32,32,2.0000000000000004,intermediate,0.05879194400067467,25.32664671169629,5000
17,atn,creation,33,33,2.125,intermediate,0.00793504469002948,69.67158929533154,5000
17,atn,creation,34,34,2.0000000000000004,intermediate,0.30204017495467494,52.177316608083984,5000
17,atn,creation,35,35,2.3000000000000003,intermediate,0.3402279586295046,99.23847389181715,5000
17,atn,creation,36,36,2.0,intermediate,0.8824786860266095,14.974551016975068,5000
17,atn,creation,37,37,1.0,basal,0.3149579266445822,0.6,5000
17,atn,creation,38,38,1.0,basal,0.44217407658213614,1.9,5000
17,atn,creation,39,39,1.0,basal,0.9663807656447587,6.0,5000
17,atn,creation,40,40,1.0,basal,0.5737579942262655,19.0,5000
17,atn,creation,41,41,1.0,basal,0.7846139758419424,60.0,5000
17,atn,creation,42,42,1.0,basal,0.9248673167418876,190.0,5000
17,atn,creation,43,43,1.0,isolated,0.9234833939277581,600.0,5000
17,atn,creation,44,44,1.0,isolated,0.9307775630426901,1900.0,5000
17,atn,creation,45,45,1.0,basal,0.645313830149258,0.6,5000
17,atn,creation,46,46,1.0,basal,0.7884380125674633,1.9,5000
17,atn,creation,47,47,1.9999999999999998,intermediate,0.15380856115940034,6.0,5000
17,atn,creation,48,48,2.0000000000000004,intermediate,0.1360987772830038,19.0,5000
17,atn,creation,49,49,2.125,intermediate,0.944660608843859,60.0,5000
17,atn,creation,50,50,2.5,intermediate,0.3592675780650173,190.0,5000
17,atn,creation,51,51,2.812500000000001,top,0.25248938126738407,600.0,5000
17,atn,creation,52,52,3.018915343915343,top,0.04025435171466474,1900.0,5000
17,down_power,post_burn_in,1,9,1.9999999999999998,intermediate,0.26380718533306247,0.5912405149091546,5000
17,down_power,post_burn_in,2,26,2.0,intermediate,9.439127513086707e-12,9.551568683284637,5000
17,down_power,post_burn_in,3,37,1.0,basal,0.247587693882842,0.6,5000
17,down_power,post_burn_in,4,38,1.0,basal,0.2101647910037818,1.9,5000
17,down_power,post_burn_in,5,39,1.0,basal,0.08761165044406592,6.0,5000
17,down_power,post_burn_in,6,40,1.0,basal,0.10120368805140259,19.0,5000
17,down_power,post_burn_in,7,41,1.0,basal,0.05123209500377066,60.0,5000
17,down_power,post_burn_in,8,42,1.0,basal,0.20372278220281134,190.0,5000
17,down_power,post_burn_in,9,43,1.0,basal,0.02947072175366374,600.0,5000
17,down_power,post_burn_in,10,44,1.0,basal,0.05936004942368237,1900.0,5000
17,down_power,post_burn_in,11,45,2.0,top,0.2300547619521376,0.6,5000
17,down_power,post_burn_in,12,46,2.0,top,0.2200278598249934,1.9,5000
17,metaweb,post_burn_in,1,3,2.0,top,0.07015112898527584,67.38383870003506,5000
17,metaweb,post_burn_in,2,4,2.0,top,0.048952311340292154,7.687315060870382,5000
17,metaweb,post_burn_in,3,6,2.0,top,0.07069041930119642,68.44168354799803,5000
17,metaweb,post_burn_in,4,7,2.0,top,0.08719002342095601,19.157810935263253,5000
17,metaweb,post_burn_in,5,8,2.0,top,0.08912021161369599,42.9973888810993,5000
17,metaweb,post_burn_in,6,9,2.0,top,0.06019998854946721,0.5912405149091546,5000
17,metaweb,post_burn_in,7,10,2.0,top,0.013193214881834987,0.8971755886495236,5000
17,metaweb,post_burn_in,8,11,2.0,top,0.17948353197591468,10.581855187692472,5000
17,metaweb,post_burn_in,9,12,2.0,top,0.0762765928611577,44.138889430903575,5000
17,metaweb,post_burn_in,10,15,2.0,top,0.09554230690488598,29.86069681165968,5000
17,metaweb,post_burn_in,11,16,2.0,top,0.3869544146252702,57.517937629138906,5000
17,metaweb,post_burn_in,12,17,2.0,top,0.07159911029274461,55.461269833526785,5000
17,metaweb,post_burn_in,13,18,2.0,top,0.11552047989394068,14.15423138657796,5000
17,metaweb,post_burn_in,14,27,2.0,top,0.6205416316763314,68.50273160353363,5000
17,metaweb,post_burn_in,15,28,2.0,top,0.5455910349622553,77.74083748830827,5000
17,metaweb,post_burn_in,16,29,2.0,top,0.06360278079686632,79.0747117556006,5000
17,metaweb,post_burn_in,17,30,2.0,top,0.06903815032360013,52.66898068045117,5000
17,metaweb,post_burn_in,18,31,2.0,top,0.023949801862887626,20.95018746084075,5000
17,metaweb,post_burn_in,19,32,2.0,top,0.03771878669455018,25.32664671169629,5000
17,metaweb,post_burn_in,20,33,2.0,top,0.0070723951588573175,69.67158929533154,5000
17,metaweb,post_burn_in,21,34,2.0,top,0.060581446935987826,52.177316608083984,5000
17,metaweb,post_burn_in,22,37,1.0,basal,0.2136172710847341,0.6,5000
17,metaweb,post_burn_in,23,38,1.0,basal,0.2136172710847341,1.9,5000
17,metaweb,post_burn_in,24,39,1.0,basal,0.2136172710847341,6.0,5000
17,metaweb,post_burn_in,25,40,1.0,basal,0.2136172710847341,19.0,5000
17,metaweb,post_burn_in,26,41,1.0,basal,0.2136172710847341,60.0,5000
17,metaweb,post_burn_in,27,42,1.0,basal,0.21361727108473408,190.0,5000
17,metaweb,post_burn_in,28,43,1.0,basal,0.2136172710847341,600.0,5000
17,metaweb,post_burn_in,29,44,1.0,basal,0.2136172710847341,1900.0,5000
17,metaweb,post_burn_in,30,45,2.0,top,0.10068273599212368,0.6,5000
17,metaweb,post_burn_in,31,46,2.0,top,0.10398729649810308,1.9,5000
17,metaweb,post_burn_in,32,47,2.0,top,0.0645651167775868,6.0,5000
17,metaweb,post_burn_in,33,48,2.0,top,0.060836690860189946,19.0,5000
17,metaweb,post_burn_in,34,49,2.0,top,0.10659603592212584,60.0,5000
17,metaweb,post_burn_in,35,50,2.0,top,0.08836630110508965,190.0,5000
17,metaweb,post_burn_in,36,51,2.0,top,0.07913111832236012,600.0,5000
17,metaweb,post_burn_in,37,52,2.0,top,0.027727771042449945,1900.0,5000
17,niche,post_burn_in,1,1,3.7483907506570957,intermediate,0.39343773927967773,186.11730692015811,5000
17,niche,post_burn_in,2,2,3.9010663427616725,intermediate,0.005106528076256653,83.14381496238754,5000
17,niche,post_burn_in,3,3,4.311687548716119,intermediate,0.0637359134823482,67.38383870003506,5000
17,niche,post_burn_in,4,4,4.080464917878327,intermediate,1.0392469344134975e-6,7.687315060870382,5000
17,niche,post_burn_in,5,5,4.081336226503112,intermediate,0.8845163597887229,55.51917756672962,5000
17,niche,post_burn_in,6,8,3.6196667192760943,intermediate,0.006224208398290081,42.9973888810993,5000
17,niche,post_burn_in,7,9,1.0,basal,0.969729253562211,0.5912405149091546,5000
17,niche,post_burn_in,8,10,3.25196746733205,intermediate,0.4334236543203812,0.8971755886495236,5000
17,niche,post_burn_in,9,11,4.316878348955416,intermediate,6.984639058203123e-11,10.581855187692472,5000
17,niche,post_burn_in,10,12,2.697498609607983,intermediate,0.6495385304311224,44.138889430903575,5000
17,niche,post_burn_in,11,13,3.4428144628005155,intermediate,0.163146503912421,11.164035885067669,5000
17,niche,post_burn_in,12,16,3.9249937666539383,intermediate,0.115569983132276,57.517937629138906,5000
17,niche,post_burn_in,13,17,3.9010663427616725,intermediate,0.0539838878501502,55.461269833526785,5000
17,niche,post_burn_in,14,18,3.9269502852148097,intermediate,0.0019821619700236795,14.15423138657796,5000
17,niche,post_burn_in,15,20,3.1642680055766,intermediate,0.37922214331322895,134.24583042184673,5000
17,niche,post_burn_in,16,21,1.0,basal,0.9516210850205772,168.3303383442045,5000
17,niche,post_burn_in,17,22,2.920800264550264,intermediate,0.34708929666287547,98.43652819673838,5000
17,niche,post_burn_in,18,23,3.908494732501515,intermediate,0.2157937328569392,67.19461392701898,5000
17,niche,post_burn_in,19,24,3.0121673669467786,intermediate,0.253462384643822,83.84666519118676,5000
17,niche,post_burn_in,20,25,3.1313066893424035,intermediate,0.24920760594808147,42.523434739062296,5000
17,niche,post_burn_in,21,26,2.920800264550264,intermediate,0.20964017049862,9.551568683284637,5000
17,niche,post_burn_in,22,28,2.9277227812827946,intermediate,0.0005094140041492771,77.74083748830827,5000
17,niche,post_burn_in,23,30,3.6196667192760943,intermediate,0.0088498291658431,52.66898068045117,5000
17,niche,post_burn_in,24,31,2.844336219336219,intermediate,0.1795743266111298,20.95018746084075,5000
17,niche,post_burn_in,25,32,2.3949972192159694,intermediate,0.14556076575333912,25.32664671169629,5000
17,niche,post_burn_in,26,33,1.0,basal,0.5392330271350774,69.67158929533154,5000
17,niche,post_burn_in,27,34,2.208333333333333,intermediate,0.36945296016873796,52.177316608083984,5000
17,niche,post_burn_in,28,35,2.7739748677248675,intermediate,0.10705409657967944,99.23847389181715,5000
17,niche,post_burn_in,29,36,2.333333333333334,intermediate,0.27727633069250907,14.974551016975068,5000
17,niche,post_burn_in,30,37,1.0,basal,0.7646566847679723,0.6,5000
17,niche,post_burn_in,31,38,3.270171957671958,intermediate,0.04716783358091361,1.9,5000
17,niche,post_burn_in,32,39,2.3333333333333335,intermediate,0.23917765450250197,6.0,5000
17,niche,post_burn_in,33,40,2.406746031746032,intermediate,0.25484171678441014,19.0,5000
17,niche,post_burn_in,34,41,2.380952380952381,intermediate,0.23882933209931956,60.0,5000
17,niche,post_burn_in,35,43,2.833333333333334,intermediate,0.037004216752463105,600.0,5000
17,niche,post_burn_in,36,44,2.0,intermediate,0.2940497094512169,1900.0,5000
17,niche,post_burn_in,37,45,1.0,basal,0.5212325162706257,0.6,5000
17,niche,post_burn_in,38,46,1.666666666666667,intermediate,0.19300644580010368,1.9,5000
17,niche,post_burn_in,39,47,2.0,intermediate,0.13110452366671438,6.0,5000
17,niche,post_burn_in,40,48,1.0,basal,0.5517610084882197,19.0,5000
17,niche,post_burn_in,41,49,1.0,basal,0.5517610084882196,60.0,5000
17,niche,post_burn_in,42,50,1.0,basal,0.4249190736956471,190.0,5000
17,niche,post_burn_in,43,51,1.0,basal,0.4729785993296317,600.0,5000
17,niche,post_burn_in,44,52,1.0,basal,0.9031538980389203,1900.0,5000
17,down_rand,post_burn_in,1,9,1.9999999999999996,top,0.5127581174430759,0.5912405149091546,5000
17,down_rand,post_burn_in,2,32,1.9999999999999998,top,0.33489539102049254,25.32664671169629,5000
17,down_rand,post_burn_in,3,37,1.0,basal,0.21585918718932953,0.6,5000
17,down_rand,post_burn_in,4,38,1.0,basal,0.14607944419990326,1.9,5000
17,down_rand,post_burn_in,5,39,1.0,basal,0.1137330722195378,6.0,5000
17,down_rand,post_burn_in,6,40,1.0,basal,0.10397866607745279,19.0,5000
17,down_rand,post_burn_in,7,41,1.0,basal,0.2967512286665604,60.0,5000
17,down_rand,post_burn_in,8,42,1.0,basal,0.06125923504376499,190.0,5000
17,down_rand,post_burn_in,9,43,1.0,basal,0.046668149719961936,600.0,5000
17,down_rand,post_burn_in,10,44,1.0,basal,0.03539763248564167,1900.0,5000
17,down_rand,post_burn_in,11,45,1.9999999999999998,top,4.578809152086609e-5,0.6,5000
17,down_link,post_burn_in,1,9,1.9999999999999998,intermediate,0.32999618018313787,0.5912405149091546,5000
17,down_link,post_burn_in,2,10,1.9999999999999998,intermediate,0.09574363356342809,0.8971755886495236,5000
17,down_link,post_burn_in,3,25,2.6666666666666656,intermediate,3.0542891419651135e-12,42.523434739062296,5000
17,down_link,post_burn_in,4,26,2.0,intermediate,0.25636906646915747,9.551568683284637,5000
17,down_link,post_burn_in,5,37,1.0,basal,0.2602760911035386,0.6,5000
17,down_link,post_burn_in,6,38,1.0,basal,0.16982437699929756,1.9,5000
17,down_link,post_burn_in,7,39,1.0,basal,0.13303932677889482,6.0,5000
17,down_link,post_burn_in,8,40,1.0,basal,0.17720274179914358,19.0,5000
17,down_link,post_burn_in,9,41,1.0,basal,0.06181555272105077,60.0,5000
17,down_link,post_burn_in,10,42,1.0,basal,0.056253803379064986,190.0,5000
17,down_link,post_burn_in,11,43,1.0,basal,0.135464443056153,600.0,5000
17,down_link,post_burn_in,12,44,1.0,basal,0.06376226594850841,1900.0,5000
17,down_link,post_burn_in,13,45,2.0,top,0.09889249212759502,0.6,5000
17,down_niche,post_burn_in,1,3,1.9999999999999996,top,0.022598369063515922,67.38383870003506,5000
17,down_niche,post_burn_in,2,4,1.9999999999999996,top,0.017566256483950854,7.687315060870382,5000
17,down_niche,post_burn_in,3,6,1.9999999999999996,top,0.010239412833442117,68.44168354799803,5000
17,down_niche,post_burn_in,4,7,1.9999999999999996,top,0.04734591050340655,19.157810935263253,5000
17,down_niche,post_burn_in,5,8,2.0,top,0.08608726190869315,42.9973888810993,5000
17,down_niche,post_burn_in,6,9,2.0,top,0.6922818345003007,0.5912405149091546,5000
17,down_niche,post_burn_in,7,10,2.0000000000000004,top,0.0008514185602317827,0.8971755886495236,5000
17,down_niche,post_burn_in,8,11,1.9999999999999996,top,0.0974631145665933,10.581855187692472,5000
17,down_niche,post_burn_in,9,12,2.0,top,0.07530029687090373,44.138889430903575,5000
17,down_niche,post_burn_in,10,15,2.0,top,0.10120357961993495,29.86069681165968,5000
17,down_niche,post_burn_in,11,16,1.9999999999999996,top,0.06599134375620558,57.517937629138906,5000
17,down_niche,post_burn_in,12,17,2.0,top,0.06552488767590402,55.461269833526785,5000
17,down_niche,post_burn_in,13,18,1.9999999999999996,top,0.14422050075447512,14.15423138657796,5000
17,down_niche,post_burn_in,14,27,2.0,top,0.6384840612958301,68.50273160353363,5000
17,down_niche,post_burn_in,15,28,2.0,top,0.561366332284353,77.74083748830827,5000
17,down_niche,post_burn_in,16,29,2.0,top,0.05756451107097523,79.0747117556006,5000
17,down_niche,post_burn_in,17,30,2.0000000000000004,top,0.11436726602659197,52.66898068045117,5000
17,down_niche,post_burn_in,18,31,2.0,top,0.024339757159634736,20.95018746084075,5000
17,down_niche,post_burn_in,19,32,2.0,top,0.03776746118746485,25.32664671169629,5000
17,down_niche,post_burn_in,20,33,2.0,top,0.007276887405442999,69.67158929533154,5000
17,down_niche,post_burn_in,21,34,1.9999999999999996,top,0.14436099359633206,52.177316608083984,5000
17,down_niche,post_burn_in,22,37,1.0,basal,0.2136365789534502,0.6,5000
17,down_niche,post_burn_in,23,38,1.0,basal,0.21364449895680776,1.9,5000
17,down_niche,post_burn_in,24,39,1.0,basal,0.21357127141411195,6.0,5000
17,down_niche,post_burn_in,25,40,1.0,basal,0.21357926550208028,19.0,5000
17,down_niche,post_burn_in,26,41,1.0,basal,0.21303297526068823,60.0,5000
17,down_niche,post_burn_in,27,42,1.0,basal,0.21366976000798937,190.0,5000
17,down_niche,post_burn_in,28,43,1.0,basal,0.21363118648377682,600.0,5000
17,down_niche,post_burn_in,29,44,1.0,basal,0.2141750157348467,1900.0,5000
17,down_niche,post_burn_in,30,45,2.0,top,0.004154140703670862,0.6,5000
17,down_niche,post_burn_in,31,46,1.9999999999999998,top,0.14320343582634365,1.9,5000
17,down_niche,post_burn_in,32,47,1.9999999999999998,top,0.006289452652521049,6.0,5000
17,down_niche,post_burn_in,33,48,2.0,top,0.035074131492239986,19.0,5000
17,down_niche,post_burn_in,34,49,1.9999999999999998,top,0.14412483696317283,60.0,5000
17,down_niche,post_burn_in,35,50,2.0,top,0.04635074924604443,190.0,5000
17,down_niche,post_burn_in,36,51,2.0,top,0.01245271227735306,600.0,5000
17,down_niche,post_burn_in,37,52,2.0,top,0.021013713410063483,1900.0,5000
17,atn,post_burn_in,1,2,2.2222222222222223,intermediate,0.01238020093002597,83.14381496238754,5000
17,atn,post_burn_in,2,3,2.125,intermediate,0.320165078659089,67.38383870003506,5000
17,atn,post_burn_in,3,4,1.9999999999999998,intermediate,0.1617576676234334,7.687315060870382,5000
17,atn,post_burn_in,4,5,2.0000000000000004,intermediate,5.749648783638749e-10,55.51917756672962,5000
17,atn,post_burn_in,5,6,2.125,intermediate,0.2907698148971302,68.44168354799803,5000
17,atn,post_burn_in,6,7,2.0000000000000004,intermediate,0.32207362931804007,19.157810935263253,5000
17,atn,post_burn_in,7,8,2.0000000000000004,intermediate,0.023146263586901205,42.9973888810993,5000
17,atn,post_burn_in,8,9,1.0,basal,0.2987339319191173,0.5912405149091546,5000
17,atn,post_burn_in,9,10,1.0,basal,0.3208382482338049,0.8971755886495236,5000
17,atn,post_burn_in,10,11,2.0,intermediate,0.19009006262896194,10.581855187692472,5000
17,atn,post_burn_in,11,12,2.0,intermediate,0.016926686558119325,44.138889430903575,5000
17,atn,post_burn_in,12,13,2.0,intermediate,0.17006480476028754,11.164035885067669,5000
17,atn,post_burn_in,13,14,2.2222222222222223,intermediate,0.06811565839033504,80.03464211016872,5000
17,atn,post_burn_in,14,15,2.0,intermediate,0.12953264374475243,29.86069681165968,5000
17,atn,post_burn_in,15,16,2.0,intermediate,1.6625495364196834e-10,57.517937629138906,5000
17,atn,post_burn_in,16,17,2.0,intermediate,7.143171132694899e-10,55.461269833526785,5000
17,atn,post_burn_in,17,18,2.0,intermediate,0.09278129028579828,14.15423138657796,5000
17,atn,post_burn_in,18,19,2.416666666666667,intermediate,0.0001293649644803578,120.00428565490735,5000
17,atn,post_burn_in,19,20,2.416666666666667,intermediate,6.5785377342432065e-9,134.24583042184673,5000
17,atn,post_burn_in,20,22,2.3000000000000003,intermediate,0.03338449012951704,98.43652819673838,5000
17,atn,post_burn_in,21,23,2.125,intermediate,0.32552254562239824,67.19461392701898,5000
17,atn,post_burn_in,22,24,2.2222222222222223,intermediate,0.007181774558123496,83.84666519118676,5000
17,atn,post_burn_in,23,25,2.0,intermediate,0.025829096371657388,42.523434739062296,5000
17,atn,post_burn_in,24,26,2.0,intermediate,0.2139292263212165,9.551568683284637,5000
17,atn,post_burn_in,25,27,2.125,intermediate,0.289101626897911,68.50273160353363,5000
17,atn,post_burn_in,26,28,2.2222222222222223,intermediate,0.11637143809793604,77.74083748830827,5000
17,atn,post_burn_in,27,29,2.2222222222222223,intermediate,0.08799305286560334,79.0747117556006,5000
17,atn,post_burn_in,28,30,2.0,intermediate,2.399842102706006e-8,52.66898068045117,5000
17,atn,post_burn_in,29,31,2.0,intermediate,0.27657229211312,20.95018746084075,5000
17,atn,post_burn_in,30,32,2.0,intermediate,0.19173147085705197,25.32664671169629,5000
17,atn,post_burn_in,31,33,2.125,intermediate,0.25773486813049185,69.67158929533154,5000
17,atn,post_burn_in,32,34,2.0,intermediate,5.2595277878491176e-8,52.177316608083984,5000
17,atn,post_burn_in,33,35,2.3000000000000003,intermediate,0.022451196065431295,99.23847389181715,5000
17,atn,post_burn_in,34,36,2.0,intermediate,0.0769267109583934,14.974551016975068,5000
17,atn,post_burn_in,35,37,1.0,basal,0.2979642654217897,0.6,5000
17,atn,post_burn_in,36,38,1.0,basal,0.3895356404710621,1.9,5000
17,atn,post_burn_in,37,39,1.0,basal,0.501519660795618,6.0,5000
17,atn,post_burn_in,38,40,1.0,basal,0.7798188439778192,19.0,5000
17,atn,post_burn_in,39,41,1.0,basal,0.8042195037335726,60.0,5000
17,atn,post_burn_in,40,42,1.0,basal,0.9648689663279513,190.0,5000
17,atn,post_burn_in,41,45,1.0,basal,0.29796426542178506,0.6,5000
17,atn,post_burn_in,42,46,1.0,basal,0.3895356404710629,1.9,5000
17,atn,post_burn_in,43,47,2.0,intermediate,0.08226218320784918,6.0,5000
17,atn,post_burn_in,44,48,2.0,intermediate,0.2111566120972016,19.0,5000
17,atn,post_burn_in,45,49,2.125,intermediate,0.06218017384045932,60.0,5000
17,atn,post_burn_in,46,50,2.5,intermediate,0.4730731770521663,190.0,5000
17,atn,post_burn_in,47,51,2.8125,top,1.6964672816149113,600.0,5000
17,atn,post_burn_in,48,52,3.018915343915343,top,0.5857906450773696,1900.0,5000
18,down_power,creation,1,1,3.4746092244248734,intermediate,0.2933416502283067,107.00730882375707,5000
18,down_power,creation,2,2,3.2711278955192027,intermediate,0.9266196830964325,91.38812531052767,5000
18,down_power,creation,3,3,2.0,intermediate,0.492244720252361,68.95020880895854,5000
18,down_power,creation,4,4,2.0,top,0.13876650578053362,3.6745943666711427,5000
18,down_power,creation,5,5,3.1447397195974167,intermediate,0.8612679309552373,98.56722579601572,5000
18,down_power,creation,6,6,1.0,basal,0.1182927400128243,62.769124073508856,5000
18,down_power,creation,7,7,2.0,top,0.7293438333938009,16.055375523841402,5000
18,down_power,creation,8,8,1.9999999999999998,intermediate,0.615409256739114,18.096900673465377,5000
18,down_power,creation,9,9,2.0,top,0.6903353877622055,1.881391599446672,5000
18,down_power,creation,10,10,2.0,intermediate,0.08690565333905598,3.7121271526245385,5000
18,down_power,creation,11,11,2.0,top,0.7695689158619634,45.078209539612416,5000
18,down_power,creation,12,12,2.0,intermediate,0.7650347520486726,13.262984002138547,5000
18,down_power,creation,13,13,1.0,basal,0.7816024058684087,16.63430968134784,5000
18,down_power,creation,14,14,2.6956521739130435,intermediate,0.794820385424729,52.713381734920326,5000
18,down_power,creation,15,15,2.0,intermediate,0.5121641548211461,35.14828261855613,5000
18,down_power,creation,16,16,2.0,top,0.542582646951988,89.59985789868469,5000
18,down_power,creation,17,17,1.0,basal,0.056911370193582056,67.97869142301715,5000
18,down_power,creation,18,18,1.9999999999999998,intermediate,0.9850169049175679,43.54462834425296,5000
18,down_power,creation,19,19,4.008619799616486,intermediate,0.9929315832284386,118.76895455679569,5000
18,down_power,creation,20,20,3.648412806590249,top,0.7352147450178889,187.52456028341268,5000
18,down_power,creation,21,21,2.8197719884193004,intermediate,0.18301340542322508,115.41027476291634,5000
18,down_power,creation,22,22,3.0990556737043904,intermediate,0.8882196600193641,90.92030120449299,5000
18,down_power,creation,23,23,3.0699674904492293,intermediate,0.41762623545638244,70.69526395330797,5000
18,down_power,creation,24,24,3.279087953677202,intermediate,0.01851183541445145,57.54395567360662,5000
18,down_power,creation,25,25,2.9999999999999996,intermediate,0.43615497868528585,11.101823286454938,5000
18,down_power,creation,26,26,1.0,isolated,0.2814589084096739,8.500059826426028,5000
18,down_power,creation,27,27,2.0,top,0.6723193468569408,52.08412376326318,5000
18,down_power,creation,28,28,1.0,isolated,0.8188284274299747,77.7013940425253,5000
18,down_power,creation,29,29,1.0,basal,0.428644753887085,76.01005440271237,5000
18,down_power,creation,30,30,2.0,intermediate,0.0051394610344186464,50.88726905493694,5000
18,down_power,creation,31,31,2.0,intermediate,0.8338184850828743,40.06620755457889,5000
18,down_power,creation,32,32,2.0,intermediate,0.5602986144818444,18.87465157768354,5000
18,down_power,creation,33,33,2.0,top,0.8953620155069296,66.29524093729741,5000
18,down_power,creation,34,34,2.0,intermediate,0.8370782738165885,75.86984497125204,5000
18,down_power,creation,35,35,3.0,intermediate,0.539933098934993,85.68494521681554,5000
18,down_power,creation,36,36,2.9999999999999996,intermediate,0.5061795322456811,23.06707558238187,5000
18,down_power,creation,37,37,1.0,basal,0.9163552877406961,0.6,5000
18,down_power,creation,38,38,1.0,basal,0.3772364954953391,1.9,5000
18,down_power,creation,39,39,1.0,basal,0.31144596668773117,6.0,5000
18,down_power,creation,40,40,1.0,basal,0.5137777218809457,19.0,5000
18,down_power,creation,41,41,1.0,basal,0.7283914667726294,60.0,5000
18,down_power,creation,42,42,1.0,basal,0.737545685555738,190.0,5000
18,down_power,creation,43,43,1.0,basal,0.39704169470988204,600.0,5000
18,down_power,creation,44,44,1.0,basal,0.24738125797935506,1900.0,5000
18,down_power,creation,45,45,2.0,intermediate,0.40042583813154686,0.6,5000
18,down_power,creation,46,46,2.0,intermediate,0.06253776780308418,1.9,5000
18,down_power,creation,47,47,2.0,top,0.5892078339695117,6.0,5000
18,down_power,creation,48,48,2.0,intermediate,0.8037892468811625,19.0,5000
18,down_power,creation,49,49,2.0,intermediate,0.9932275477982702,60.0,5000
18,down_power,creation,50,50,1.9999999999999998,intermediate,0.4485032311927596,190.0,5000
18,down_power,creation,51,51,2.0,top,0.4367066924661481,600.0,5000
18,down_power,creation,52,52,1.9999999999999998,top,0.4789121716029462,1900.0,5000
18,metaweb,creation,1,1,4.0613354240613635,intermediate,0.2933416502283067,107.00730882375707,5000
18,metaweb,creation,2,2,3.5954723098103645,intermediate,0.9266196830964325,91.38812531052767,5000
18,metaweb,creation,3,3,2.0,intermediate,0.492244720252361,68.95020880895854,5000
18,metaweb,creation,4,4,2.0,intermediate,0.13876650578053362,3.6745943666711427,5000
18,metaweb,creation,5,5,3.5954723098103667,intermediate,0.8612679309552373,98.56722579601572,5000
18,metaweb,creation,6,6,2.0,intermediate,0.1182927400128243,62.769124073508856,5000
18,metaweb,creation,7,7,2.0,top,0.7293438333938009,16.055375523841402,5000
18,metaweb,creation,8,8,2.0,intermediate,0.615409256739114,18.096900673465377,5000
18,metaweb,creation,9,9,2.0,intermediate,0.6903353877622055,1.881391599446672,5000
18,metaweb,creation,10,10,2.0,intermediate,0.08690565333905598,3.7121271526245385,5000
18,metaweb,creation,11,11,2.0,top,0.7695689158619634,45.078209539612416,5000
18,metaweb,creation,12,12,2.0,intermediate,0.7650347520486726,13.262984002138547,5000
18,metaweb,creation,13,13,3.0,intermediate,0.7816024058684087,16.63430968134784,5000
18,metaweb,creation,14,14,2.8392621870882753,intermediate,0.794820385424729,52.713381734920326,5000
18,metaweb,creation,15,15,2.0,intermediate,0.5121641548211461,35.14828261855613,5000
18,metaweb,creation,16,16,2.0,top,0.542582646951988,89.59985789868469,5000
18,metaweb,creation,17,17,2.0,intermediate,0.056911370193582056,67.97869142301715,5000
18,metaweb,creation,18,18,2.0,intermediate,0.9850169049175679,43.54462834425296,5000
18,metaweb,creation,19,19,4.0613354240613635,intermediate,0.9929315832284386,118.76895455679569,5000
18,metaweb,creation,20,20,4.061335424061364,intermediate,0.7352147450178889,187.52456028341268,5000
18,metaweb,creation,21,21,4.061335424061364,intermediate,0.18301340542322508,115.41027476291634,5000
18,metaweb,creation,22,22,3.5954723098103636,intermediate,0.8882196600193641,90.92030120449299,5000
18,metaweb,creation,23,23,3.5954723098103654,intermediate,0.41762623545638244,70.69526395330797,5000
18,metaweb,creation,24,24,3.5762090864680016,intermediate,0.01851183541445145,57.54395567360662,5000
18,metaweb,creation,25,25,3.303030303030302,intermediate,0.43615497868528585,11.101823286454938,5000
18,metaweb,creation,26,26,3.3333333333333335,intermediate,0.2814589084096739,8.500059826426028,5000
18,metaweb,creation,27,27,2.0,top,0.6723193468569408,52.08412376326318,5000
18,metaweb,creation,28,28,2.0,top,0.8188284274299747,77.7013940425253,5000
18,metaweb,creation,29,29,2.0,intermediate,0.428644753887085,76.01005440271237,5000
18,metaweb,creation,30,30,2.0,intermediate,0.0051394610344186464,50.88726905493694,5000
18,metaweb,creation,31,31,2.0,intermediate,0.8338184850828743,40.06620755457889,5000
18,metaweb,creation,32,32,2.0,intermediate,0.5602986144818444,18.87465157768354,5000
18,metaweb,creation,33,33,2.0,top,0.8953620155069296,66.29524093729741,5000
18,metaweb,creation,34,34,2.0,intermediate,0.8370782738165885,75.86984497125204,5000
18,metaweb,creation,35,35,3.0,intermediate,0.539933098934993,85.68494521681554,5000
18,metaweb,creation,36,36,3.0,intermediate,0.5061795322456811,23.06707558238187,5000
18,metaweb,creation,37,37,1.0,basal,0.9163552877406961,0.6,5000
18,metaweb,creation,38,38,1.0,basal,0.3772364954953391,1.9,5000
18,metaweb,creation,39,39,1.0,basal,0.31144596668773117,6.0,5000
18,metaweb,creation,40,40,1.0,basal,0.5137777218809457,19.0,5000
18,metaweb,creation,41,41,1.0,basal,0.7283914667726294,60.0,5000
18,metaweb,creation,42,42,1.0,basal,0.737545685555738,190.0,5000
18,metaweb,creation,43,43,1.0,basal,0.39704169470988204,600.0,5000
18,metaweb,creation,44,44,1.0,basal,0.24738125797935506,1900.0,5000
18,metaweb,creation,45,45,2.0,intermediate,0.40042583813154686,0.6,5000
18,metaweb,creation,46,46,2.0,intermediate,0.06253776780308418,1.9,5000
18,metaweb,creation,47,47,2.0,intermediate,0.5892078339695117,6.0,5000
18,metaweb,creation,48,48,2.0,intermediate,0.8037892468811625,19.0,5000
18,metaweb,creation,49,49,2.0,intermediate,0.9932275477982702,60.0,5000
18,metaweb,creation,50,50,2.0,intermediate,0.4485032311927596,190.0,5000
18,metaweb,creation,51,51,2.0,intermediate,0.4367066924661481,600.0,5000
18,metaweb,creation,52,52,2.0,intermediate,0.4789121716029462,1900.0,5000
18,niche,creation,1,1,4.238932980599648,top,0.2933416502283067,107.00730882375707,5000
18,niche,creation,2,2,3.0833333333333335,intermediate,0.9266196830964325,91.38812531052767,5000
18,niche,creation,3,3,4.547079504316346,intermediate,0.492244720252361,68.95020880895854,5000
18,niche,creation,4,4,3.0269904257999496,intermediate,0.13876650578053362,3.6745943666711427,5000
18,niche,creation,5,5,3.8531369760379786,intermediate,0.8612679309552373,98.56722579601572,5000
18,niche,creation,6,6,2.761111111111111,intermediate,0.1182927400128243,62.769124073508856,5000
18,niche,creation,7,7,2.0,intermediate,0.7293438333938009,16.055375523841402,5000
18,niche,creation,8,8,3.416666666666667,intermediate,0.615409256739114,18.096900673465377,5000
18,niche,creation,9,9,3.1416666666666666,intermediate,0.6903353877622055,1.881391599446672,5000
18,niche,creation,10,10,3.125,intermediate,0.08690565333905598,3.7121271526245385,5000
18,niche,creation,11,11,2.0,intermediate,0.7695689158619634,45.078209539612416,5000
18,niche,creation,12,12,2.25,intermediate,0.7650347520486726,13.262984002138547,5000
18,niche,creation,13,13,3.238932980599648,intermediate,0.7816024058684087,16.63430968134784,5000
18,niche,creation,14,14,1.0,basal,0.794820385424729,52.713381734920326,5000
18,niche,creation,15,15,2.5,intermediate,0.5121641548211461,35.14828261855613,5000
18,niche,creation,16,16,1.0,basal,0.542582646951988,89.59985789868469,5000
18,niche,creation,17,17,2.2,intermediate,0.056911370193582056,67.97869142301715,5000
18,niche,creation,18,18,4.0,intermediate,0.9850169049175679,43.54462834425296,5000
18,niche,creation,19,19,1.0,basal,0.9929315832284386,118.76895455679569,5000
18,niche,creation,20,20,3.2003968253968247,intermediate,0.7352147450178889,187.52456028341268,5000
18,niche,creation,21,21,1.0,basal,0.18301340542322508,115.41027476291634,5000
18,niche,creation,22,22,2.9524999999999997,intermediate,0.8882196600193641,90.92030120449299,5000
18,niche,creation,23,23,3.0666666666666664,intermediate,0.41762623545638244,70.69526395330797,5000
18,niche,creation,24,24,1.0,basal,0.01851183541445145,57.54395567360662,5000
18,niche,creation,25,25,2.0,intermediate,0.43615497868528585,11.101823286454938,5000
18,niche,creation,26,26,2.5,intermediate,0.2814589084096739,8.500059826426028,5000
18,niche,creation,27,27,1.0,basal,0.6723193468569408,52.08412376326318,5000
18,niche,creation,28,28,1.0,basal,0.8188284274299747,77.7013940425253,5000
18,niche,creation,29,29,2.9583333333333335,intermediate,0.428644753887085,76.01005440271237,5000
18,niche,creation,30,30,2.0,intermediate,0.0051394610344186464,50.88726905493694,5000
18,niche,creation,31,31,1.9999999999999998,intermediate,0.8338184850828743,40.06620755457889,5000
18,niche,creation,32,32,2.9444444444444446,intermediate,0.5602986144818444,18.87465157768354,5000
18,niche,creation,33,33,2.4999999999999996,intermediate,0.8953620155069296,66.29524093729741,5000
18,niche,creation,34,34,1.9999999999999998,intermediate,0.8370782738165885,75.86984497125204,5000
18,niche,creation,35,35,1.0,basal,0.539933098934993,85.68494521681554,5000
18,niche,creation,36,36,1.0,basal,0.5061795322456811,23.06707558238187,5000
18,niche,creation,37,37,1.0,basal,0.9163552877406961,0.6,5000
18,niche,creation,38,38,3.0,intermediate,0.3772364954953391,1.9,5000
18,niche,creation,39,39,2.0,intermediate,0.31144596668773117,6.0,5000
18,niche,creation,40,40,1.0,basal,0.5137777218809457,19.0,5000
18,niche,creation,41,41,2.5,intermediate,0.7283914667726294,60.0,5000
18,niche,creation,42,42,2.5,intermediate,0.737545685555738,190.0,5000
18,niche,creation,43,43,2.3333333333333335,intermediate,0.39704169470988204,600.0,5000
18,niche,creation,44,44,1.0,basal,0.24738125797935506,1900.0,5000
18,niche,creation,45,45,2.0,intermediate,0.40042583813154686,0.6,5000
18,niche,creation,46,46,1.0,basal,0.06253776780308418,1.9,5000
18,niche,creation,47,47,1.0,basal,0.5892078339695117,6.0,5000
18,niche,creation,48,48,1.0,basal,0.8037892468811625,19.0,5000
18,niche,creation,49,49,2.0,intermediate,0.9932275477982702,60.0,5000
18,niche,creation,50,50,1.0,basal,0.4485032311927596,190.0,5000
18,niche,creation,51,51,1.0,basal,0.4367066924661481,600.0,5000
18,niche,creation,52,52,1.0,basal,0.4789121716029462,1900.0,5000
18,down_rand,creation,1,1,4.319726811040371,intermediate,0.2933416502283067,107.00730882375707,5000
18,down_rand,creation,2,2,3.186207691666713,intermediate,0.9266196830964325,91.38812531052767,5000
18,down_rand,creation,3,3,2.0000000000000084,intermediate,0.492244720252361,68.95020880895854,5000
18,down_rand,creation,4,4,1.9999999999999998,top,0.13876650578053362,3.6745943666711427,5000
18,down_rand,creation,5,5,3.4166198016426144,intermediate,0.8612679309552373,98.56722579601572,5000
18,down_rand,creation,6,6,2.000000000000002,intermediate,0.1182927400128243,62.769124073508856,5000
18,down_rand,creation,7,7,2.0000000000000013,top,0.7293438333938009,16.055375523841402,5000
18,down_rand,creation,8,8,2.0000000000000004,intermediate,0.615409256739114,18.096900673465377,5000
18,down_rand,creation,9,9,2.000000000000006,top,0.6903353877622055,1.881391599446672,5000
18,down_rand,creation,10,10,2.0000000000000058,intermediate,0.08690565333905598,3.7121271526245385,5000
18,down_rand,creation,11,11,2.0000000000000027,top,0.7695689158619634,45.078209539612416,5000
18,down_rand,creation,12,12,2.000000000000002,intermediate,0.7650347520486726,13.262984002138547,5000
18,down_rand,creation,13,13,3.0000000000000013,intermediate,0.7816024058684087,16.63430968134784,5000
18,down_rand,creation,14,14,2.8868340400243597,intermediate,0.794820385424729,52.713381734920326,5000
18,down_rand,creation,15,15,2.0000000000000018,intermediate,0.5121641548211461,35.14828261855613,5000
18,down_rand,creation,16,16,2.0,top,0.542582646951988,89.59985789868469,5000
18,down_rand,creation,17,17,1.9999999999999993,intermediate,0.056911370193582056,67.97869142301715,5000
18,down_rand,creation,18,18,1.9999999999999998,intermediate,0.9850169049175679,43.54462834425296,5000
18,down_rand,creation,19,19,3.611558165340936,intermediate,0.9929315832284386,118.76895455679569,5000
18,down_rand,creation,20,20,3.858880561228858,intermediate,0.7352147450178889,187.52456028341268,5000
18,down_rand,creation,21,21,4.358512904924442,top,0.18301340542322508,115.41027476291634,5000
18,down_rand,creation,22,22,4.146750721474264,intermediate,0.8882196600193641,90.92030120449299,5000
18,down_rand,creation,23,23,3.288683404002435,intermediate,0.41762623545638244,70.69526395330797,5000
18,down_rand,creation,24,24,3.2732759614583373,intermediate,0.01851183541445145,57.54395567360662,5000
18,down_rand,creation,25,25,2.7551744402679352,intermediate,0.43615497868528585,11.101823286454938,5000
18,down_rand,creation,26,26,-0.7137789181244588,intermediate,0.2814589084096739,8.500059826426028,5000
18,down_rand,creation,27,27,2.0000000000000027,top,0.6723193468569408,52.08412376326318,5000
18,down_rand,creation,28,28,2.0000000000000004,top,0.8188284274299747,77.7013940425253,5000
18,down_rand,creation,29,29,1.9999999999999998,intermediate,0.428644753887085,76.01005440271237,5000
18,down_rand,creation,30,30,2.0000000000000004,intermediate,0.0051394610344186464,50.88726905493694,5000
18,down_rand,creation,31,31,1.9999999999999978,intermediate,0.8338184850828743,40.06620755457889,5000
18,down_rand,creation,32,32,2.0000000000000027,intermediate,0.5602986144818444,18.87465157768354,5000
18,down_rand,creation,33,33,2.000000000000001,top,0.8953620155069296,66.29524093729741,5000
18,down_rand,creation,34,34,2.000000000000002,intermediate,0.8370782738165885,75.86984497125204,5000
18,down_rand,creation,35,35,0.9999999999999994,basal,0.539933098934993,85.68494521681554,5000
18,down_rand,creation,36,36,2.9999999999999996,intermediate,0.5061795322456811,23.06707558238187,5000
18,down_rand,creation,37,37,0.9999999999999978,basal,0.9163552877406961,0.6,5000
18,down_rand,creation,38,38,0.9999999999999991,basal,0.3772364954953391,1.9,5000
18,down_rand,creation,39,39,1.0000000000000013,basal,0.31144596668773117,6.0,5000
18,down_rand,creation,40,40,1.0,basal,0.5137777218809457,19.0,5000
18,down_rand,creation,41,41,0.9999999999999988,basal,0.7283914667726294,60.0,5000
18,down_rand,creation,42,42,0.9999999999999938,basal,0.737545685555738,190.0,5000
18,down_rand,creation,43,43,1.0000000000000004,basal,0.39704169470988204,600.0,5000
18,down_rand,creation,44,44,1.0000000000000058,basal,0.24738125797935506,1900.0,5000
18,down_rand,creation,45,45,2.0000000000000036,intermediate,0.40042583813154686,0.6,5000
18,down_rand,creation,46,46,1.9999999999999987,top,0.06253776780308418,1.9,5000
18,down_rand,creation,47,47,2.0000000000000013,top,0.5892078339695117,6.0,5000
18,down_rand,creation,48,48,2.0000000000000013,top,0.8037892468811625,19.0,5000
18,down_rand,creation,49,49,2.000000000000002,top,0.9932275477982702,60.0,5000
18,down_rand,creation,50,50,2.0,intermediate,0.4485032311927596,190.0,5000
18,down_rand,creation,51,51,2.0000000000000036,intermediate,0.4367066924661481,600.0,5000
18,down_rand,creation,52,52,2.0000000000000027,top,0.4789121716029462,1900.0,5000
18,down_link,creation,1,1,4.012625931644555,intermediate,0.2933416502283067,107.00730882375707,5000
18,down_link,creation,2,2,3.690459556321734,intermediate,0.9266196830964325,91.38812531052767,5000
18,down_link,creation,3,3,2.0,intermediate,0.492244720252361,68.95020880895854,5000
18,down_link,creation,4,4,2.0,intermediate,0.13876650578053362,3.6745943666711427,5000
18,down_link,creation,5,5,3.6706800344780657,intermediate,0.8612679309552373,98.56722579601572,5000
18,down_link,creation,6,6,1.9999999999999998,intermediate,0.1182927400128243,62.769124073508856,5000
18,down_link,creation,7,7,2.0,top,0.7293438333938009,16.055375523841402,5000
18,down_link,creation,8,8,2.0,intermediate,0.615409256739114,18.096900673465377,5000
18,down_link,creation,9,9,1.9999999999999998,intermediate,0.6903353877622055,1.881391599446672,5000
18,down_link,creation,10,10,2.0,intermediate,0.08690565333905598,3.7121271526245385,5000
18,down_link,creation,11,11,2.0,top,0.7695689158619634,45.078209539612416,5000
18,down_link,creation,12,12,1.9999999999999998,intermediate,0.7650347520486726,13.262984002138547,5000
18,down_link,creation,13,13,3.0,intermediate,0.7816024058684087,16.63430968134784,5000
18,down_link,creation,14,14,3.4285714285714284,intermediate,0.794820385424729,52.713381734920326,5000
18,down_link,creation,15,15,2.0,intermediate,0.5121641548211461,35.14828261855613,5000
18,down_link,creation,16,16,2.0,top,0.542582646951988,89.59985789868469,5000
18,down_link,creation,17,17,1.9999999999999998,intermediate,0.056911370193582056,67.97869142301715,5000
18,down_link,creation,18,18,1.9999999999999998,intermediate,0.9850169049175679,43.54462834425296,5000
18,down_link,creation,19,19,5.028270297108112,intermediate,0.9929315832284386,118.76895455679569,5000
18,down_link,creation,20,20,4.162613095651486,intermediate,0.7352147450178889,187.52456028341268,5000
18,down_link,creation,21,21,4.2218382401816905,intermediate,0.18301340542322508,115.41027476291634,5000
18,down_link,creation,22,22,3.614142811776981,intermediate,0.8882196600193641,90.92030120449299,5000
18,down_link,creation,23,23,3.4845710656444226,intermediate,0.41762623545638244,70.69526395330797,5000
18,down_link,creation,24,24,3.4522977816086735,intermediate,0.01851183541445145,57.54395567360662,5000
18,down_link,creation,25,25,3.4000000000000004,intermediate,0.43615497868528585,11.101823286454938,5000
18,down_link,creation,26,26,3.3333333333333335,intermediate,0.2814589084096739,8.500059826426028,5000
18,down_link,creation,27,27,1.9999999999999998,top,0.6723193468569408,52.08412376326318,5000
18,down_link,creation,28,28,1.9999999999999998,top,0.8188284274299747,77.7013940425253,5000
18,down_link,creation,29,29,2.0,intermediate,0.428644753887085,76.01005440271237,5000
18,down_link,creation,30,30,1.9999999999999998,intermediate,0.0051394610344186464,50.88726905493694,5000
18,down_link,creation,31,31,1.9999999999999998,intermediate,0.8338184850828743,40.06620755457889,5000
18,down_link,creation,32,32,2.0,intermediate,0.5602986144818444,18.87465157768354,5000
18,down_link,creation,33,33,2.0,top,0.8953620155069296,66.29524093729741,5000
18,down_link,creation,34,34,1.9999999999999998,intermediate,0.8370782738165885,75.86984497125204,5000
18,down_link,creation,35,35,2.999999999999999,intermediate,0.539933098934993,85.68494521681554,5000
18,down_link,creation,36,36,2.9999999999999996,intermediate,0.5061795322456811,23.06707558238187,5000
18,down_link,creation,37,37,1.0,basal,0.9163552877406961,0.6,5000
18,down_link,creation,38,38,1.0,basal,0.3772364954953391,1.9,5000
18,down_link,creation,39,39,1.0,basal,0.31144596668773117,6.0,5000
18,down_link,creation,40,40,1.0,basal,0.5137777218809457,19.0,5000
18,down_link,creation,41,41,1.0,basal,0.7283914667726294,60.0,5000
18,down_link,creation,42,42,1.0,basal,0.737545685555738,190.0,5000
18,down_link,creation,43,43,1.0,basal,0.39704169470988204,600.0,5000
18,down_link,creation,44,44,1.0,basal,0.24738125797935506,1900.0,5000
18,down_link,creation,45,45,2.0,intermediate,0.40042583813154686,0.6,5000
18,down_link,creation,46,46,1.9999999999999998,intermediate,0.06253776780308418,1.9,5000
18,down_link,creation,47,47,2.0,intermediate,0.5892078339695117,6.0,5000
18,down_link,creation,48,48,2.0,intermediate,0.8037892468811625,19.0,5000
18,down_link,creation,49,49,1.9999999999999998,intermediate,0.9932275477982702,60.0,5000
18,down_link,creation,50,50,2.0,intermediate,0.4485032311927596,190.0,5000
18,down_link,creation,51,51,1.9999999999999998,intermediate,0.4367066924661481,600.0,5000
18,down_link,creation,52,52,1.9999999999999998,intermediate,0.4789121716029462,1900.0,5000
18,down_niche,creation,1,1,4.393939393939394,intermediate,0.2933416502283067,107.00730882375707,5000
18,down_niche,creation,2,2,2.9999999999999996,intermediate,0.9266196830964325,91.38812531052767,5000
18,down_niche,creation,3,3,1.9999999999999998,intermediate,0.492244720252361,68.95020880895854,5000
18,down_niche,creation,4,4,2.0,intermediate,0.13876650578053362,3.6745943666711427,5000
18,down_niche,creation,5,5,2.9999999999999996,intermediate,0.8612679309552373,98.56722579601572,5000
18,down_niche,creation,6,6,1.9999999999999998,intermediate,0.1182927400128243,62.769124073508856,5000
18,down_niche,creation,7,7,2.0,top,0.7293438333938009,16.055375523841402,5000
18,down_niche,creation,8,8,1.9999999999999998,intermediate,0.615409256739114,18.096900673465377,5000
18,down_niche,creation,9,9,1.9999999999999998,intermediate,0.6903353877622055,1.881391599446672,5000
18,down_niche,creation,10,10,1.9999999999999998,intermediate,0.08690565333905598,3.7121271526245385,5000
18,down_niche,creation,11,11,2.0,top,0.7695689158619634,45.078209539612416,5000
18,down_niche,creation,12,12,1.9999999999999998,intermediate,0.7650347520486726,13.262984002138547,5000
18,down_niche,creation,13,13,3.0,top,0.7816024058684087,16.63430968134784,5000
18,down_niche,creation,14,14,2.9999999999999996,intermediate,0.794820385424729,52.713381734920326,5000
18,down_niche,creation,15,15,2.0000000000000004,intermediate,0.5121641548211461,35.14828261855613,5000
18,down_niche,creation,16,16,1.9999999999999998,top,0.542582646951988,89.59985789868469,5000
18,down_niche,creation,17,17,2.0,intermediate,0.056911370193582056,67.97869142301715,5000
18,down_niche,creation,18,18,2.0,intermediate,0.9850169049175679,43.54462834425296,5000
18,down_niche,creation,19,19,4.969696969696969,intermediate,0.9929315832284386,118.76895455679569,5000
18,down_niche,creation,20,20,4.75084175084175,intermediate,0.7352147450178889,187.52456028341268,5000
18,down_niche,creation,21,21,5.454545454545454,intermediate,0.18301340542322508,115.41027476291634,5000
18,down_niche,creation,22,22,3.0000000000000004,intermediate,0.8882196600193641,90.92030120449299,5000
18,down_niche,creation,23,23,4.333333333333333,intermediate,0.41762623545638244,70.69526395330797,5000
18,down_niche,creation,24,24,3.0,intermediate,0.01851183541445145,57.54395567360662,5000
18,down_niche,creation,25,25,2.9999999999999996,intermediate,0.43615497868528585,11.101823286454938,5000
18,down_niche,creation,26,26,3.0000000000000004,top,0.2814589084096739,8.500059826426028,5000
18,down_niche,creation,27,27,2.0,top,0.6723193468569408,52.08412376326318,5000
18,down_niche,creation,28,28,2.0000000000000004,top,0.8188284274299747,77.7013940425253,5000
18,down_niche,creation,29,29,1.9999999999999998,intermediate,0.428644753887085,76.01005440271237,5000
18,down_niche,creation,30,30,1.9999999999999998,intermediate,0.0051394610344186464,50.88726905493694,5000
18,down_niche,creation,31,31,2.0,intermediate,0.8338184850828743,40.06620755457889,5000
18,down_niche,creation,32,32,2.0,intermediate,0.5602986144818444,18.87465157768354,5000
18,down_niche,creation,33,33,2.0,top,0.8953620155069296,66.29524093729741,5000
18,down_niche,creation,34,34,2.0,intermediate,0.8370782738165885,75.86984497125204,5000
18,down_niche,creation,35,35,2.9999999999999996,intermediate,0.539933098934993,85.68494521681554,5000
18,down_niche,creation,36,36,3.0,top,0.5061795322456811,23.06707558238187,5000
18,down_niche,creation,37,37,1.0,basal,0.9163552877406961,0.6,5000
18,down_niche,creation,38,38,1.0,basal,0.3772364954953391,1.9,5000
18,down_niche,creation,39,39,1.0,basal,0.31144596668773117,6.0,5000
18,down_niche,creation,40,40,1.0,basal,0.5137777218809457,19.0,5000
18,down_niche,creation,41,41,1.0,basal,0.7283914667726294,60.0,5000
18,down_niche,creation,42,42,1.0,basal,0.737545685555738,190.0,5000
18,down_niche,creation,43,43,1.0,basal,0.39704169470988204,600.0,5000
18,down_niche,creation,44,44,1.0,basal,0.24738125797935506,1900.0,5000
18,down_niche,creation,45,45,2.0,top,0.40042583813154686,0.6,5000
18,down_niche,creation,46,46,2.0,intermediate,0.06253776780308418,1.9,5000
18,down_niche,creation,47,47,2.0,intermediate,0.5892078339695117,6.0,5000
18,down_niche,creation,48,48,2.0,intermediate,0.8037892468811625,19.0,5000
18,down_niche,creation,49,49,2.0,top,0.9932275477982702,60.0,5000
18,down_niche,creation,50,50,1.9999999999999998,top,0.4485032311927596,190.0,5000
18,down_niche,creation,51,51,2.0,intermediate,0.4367066924661481,600.0,5000
18,down_niche,creation,52,52,1.9999999999999998,top,0.4789121716029462,1900.0,5000
18,atn,creation,1,1,2.2000000000000006,intermediate,0.2933416502283067,107.00730882375707,5000
18,atn,creation,2,2,2.2000000000000006,intermediate,0.9266196830964325,91.38812531052767,5000
18,atn,creation,3,3,2.1111111111111116,intermediate,0.492244720252361,68.95020880895854,5000
18,atn,creation,4,4,1.0,basal,0.13876650578053362,3.6745943666711427,5000
18,atn,creation,5,5,2.2000000000000006,intermediate,0.8612679309552373,98.56722579601572,5000
18,atn,creation,6,6,2.1111111111111116,intermediate,0.1182927400128243,62.769124073508856,5000
18,atn,creation,7,7,2.0,intermediate,0.7293438333938009,16.055375523841402,5000
18,atn,creation,8,8,2.0,intermediate,0.615409256739114,18.096900673465377,5000
18,atn,creation,9,9,1.0,basal,0.6903353877622055,1.881391599446672,5000
18,atn,creation,10,10,1.0,basal,0.08690565333905598,3.7121271526245385,5000
18,atn,creation,11,11,1.9999999999999996,intermediate,0.7695689158619634,45.078209539612416,5000
18,atn,creation,12,12,2.0,intermediate,0.7650347520486726,13.262984002138547,5000
18,atn,creation,13,13,2.0,intermediate,0.7816024058684087,16.63430968134784,5000
18,atn,creation,14,14,1.9999999999999996,intermediate,0.794820385424729,52.713381734920326,5000
18,atn,creation,15,15,1.9999999999999998,intermediate,0.5121641548211461,35.14828261855613,5000
18,atn,creation,16,16,2.2000000000000006,intermediate,0.542582646951988,89.59985789868469,5000
18,atn,creation,17,17,2.1111111111111116,intermediate,0.056911370193582056,67.97869142301715,5000
18,atn,creation,18,18,1.9999999999999996,intermediate,0.9850169049175679,43.54462834425296,5000
18,atn,creation,19,19,2.272727272727272,intermediate,0.9929315832284386,118.76895455679569,5000
18,atn,creation,20,20,2.4666666666666663,intermediate,0.7352147450178889,187.52456028341268,5000
18,atn,creation,21,21,2.272727272727272,intermediate,0.18301340542322508,115.41027476291634,5000
18,atn,creation,22,22,2.2000000000000006,intermediate,0.8882196600193641,90.92030120449299,5000
18,atn,creation,23,23,2.1111111111111116,intermediate,0.41762623545638244,70.69526395330797,5000
18,atn,creation,24,24,1.9999999999999996,intermediate,0.01851183541445145,57.54395567360662,5000
18,atn,creation,25,25,2.0,intermediate,0.43615497868528585,11.101823286454938,5000
18,atn,creation,26,26,2.0,intermediate,0.2814589084096739,8.500059826426028,5000
18,atn,creation,27,27,1.9999999999999996,intermediate,0.6723193468569408,52.08412376326318,5000
18,atn,creation,28,28,2.1111111111111116,intermediate,0.8188284274299747,77.7013940425253,5000
18,atn,creation,29,29,2.1111111111111116,intermediate,0.428644753887085,76.01005440271237,5000
18,atn,creation,30,30,1.9999999999999996,intermediate,0.0051394610344186464,50.88726905493694,5000
18,atn,creation,31,31,1.9999999999999996,intermediate,0.8338184850828743,40.06620755457889,5000
18,atn,creation,32,32,1.9999999999999998,intermediate,0.5602986144818444,18.87465157768354,5000
18,atn,creation,33,33,2.1111111111111116,intermediate,0.8953620155069296,66.29524093729741,5000
18,atn,creation,34,34,2.1111111111111116,intermediate,0.8370782738165885,75.86984497125204,5000
18,atn,creation,35,35,2.2000000000000006,intermediate,0.539933098934993,85.68494521681554,5000
18,atn,creation,36,36,1.9999999999999998,intermediate,0.5061795322456811,23.06707558238187,5000
18,atn,creation,37,37,1.0,basal,0.9163552877406961,0.6,5000
18,atn,creation,38,38,1.0,basal,0.3772364954953391,1.9,5000
18,atn,creation,39,39,1.0,basal,0.31144596668773117,6.0,5000
18,atn,creation,40,40,1.0,basal,0.5137777218809457,19.0,5000
18,atn,creation,41,41,1.0,basal,0.7283914667726294,60.0,5000
18,atn,creation,42,42,1.0,basal,0.737545685555738,190.0,5000
18,atn,creation,43,43,1.0,isolated,0.39704169470988204,600.0,5000
18,atn,creation,44,44,1.0,isolated,0.24738125797935506,1900.0,5000
18,atn,creation,45,45,1.0,basal,0.40042583813154686,0.6,5000
18,atn,creation,46,46,1.0,basal,0.06253776780308418,1.9,5000
18,atn,creation,47,47,2.0,intermediate,0.5892078339695117,6.0,5000
18,atn,creation,48,48,1.9999999999999998,intermediate,0.8037892468811625,19.0,5000
18,atn,creation,49,49,2.1111111111111116,intermediate,0.9932275477982702,60.0,5000
18,atn,creation,50,50,2.5,intermediate,0.4485032311927596,190.0,5000
18,atn,creation,51,51,2.7078189300411517,top,0.4367066924661481,600.0,5000
18,atn,creation,52,52,2.992978566149297,top,0.4789121716029462,1900.0,5000
18,down_power,post_burn_in,1,1,3.1443178039708957,intermediate,0.11533615598787313,107.00730882375707,5000
18,down_power,post_burn_in,2,2,2.530193426474566,intermediate,0.18638322258739168,91.38812531052767,5000
18,down_power,post_burn_in,3,4,2.0,top,0.1626644284563649,3.6745943666711427,5000
18,down_power,post_burn_in,4,5,2.6897356622891326,intermediate,0.05179263111295269,98.56722579601572,5000
18,down_power,post_burn_in,5,6,1.0,basal,0.4793461027397375,62.769124073508856,5000
18,down_power,post_burn_in,6,7,2.0,top,1.1308727468379517e-10,16.055375523841402,5000
18,down_power,post_burn_in,7,8,1.9999999999999998,intermediate,1.1157102886788889e-10,18.096900673465377,5000
18,down_power,post_burn_in,8,11,2.0,top,0.22395579216844086,45.078209539612416,5000
18,down_power,post_burn_in,9,12,2.0,intermediate,0.03164945734675734,13.262984002138547,5000
18,down_power,post_burn_in,10,13,1.0,basal,0.8150185227060915,16.63430968134784,5000
18,down_power,post_burn_in,11,15,2.0,intermediate,0.014486184457172115,35.14828261855613,5000
18,down_power,post_burn_in,12,17,1.0,basal,0.45427756446739237,67.97869142301715,5000
18,down_power,post_burn_in,13,19,2.5062284741335468,intermediate,0.1572388824087817,118.76895455679569,5000
18,down_power,post_burn_in,14,20,3.3940411487890993,top,0.30162099101313183,187.52456028341268,5000
18,down_power,post_burn_in,15,21,2.685804437405889,intermediate,0.26476472901943615,115.41027476291634,5000
18,down_power,post_burn_in,16,22,2.640103519639409,intermediate,0.3292289971169112,90.92030120449299,5000
18,down_power,post_burn_in,17,23,2.6618307451062613,intermediate,0.10143638119940575,70.69526395330797,5000
18,down_power,post_burn_in,18,29,1.0,basal,0.44736574128314627,76.01005440271237,5000
18,down_power,post_burn_in,19,32,2.0,intermediate,0.16154107649795435,18.87465157768354,5000
18,down_power,post_burn_in,20,36,3.0000000000000004,intermediate,0.1128891463006904,23.06707558238187,5000
18,down_power,post_burn_in,21,37,1.0,basal,0.20128263698592333,0.6,5000
18,down_power,post_burn_in,22,38,1.0,basal,0.13560163095221653,1.9,5000
18,down_power,post_burn_in,23,39,1.0,basal,0.10528929018374975,6.0,5000
18,down_power,post_burn_in,24,40,1.0,basal,0.21243498922403944,19.0,5000
18,down_power,post_burn_in,25,41,1.0,basal,0.21338464308585386,60.0,5000
18,down_power,post_burn_in,26,42,1.0,basal,0.22096586395000584,190.0,5000
18,down_power,post_burn_in,27,43,1.0,basal,0.04289179553441844,600.0,5000
18,down_power,post_burn_in,28,44,1.0,basal,0.12010663600846097,1900.0,5000
18,down_power,post_burn_in,29,45,2.0,intermediate,0.3472455374646883,0.6,5000
18,metaweb,post_burn_in,1,1,3.3603537991060923,intermediate,2.075391862077543e-12,107.00730882375707,5000
18,metaweb,post_burn_in,2,3,2.0,intermediate,0.0472931335294387,68.95020880895854,5000
18,metaweb,post_burn_in,3,4,2.0,top,0.02906614498504069,3.6745943666711427,5000
18,metaweb,post_burn_in,4,6,2.0,intermediate,0.029063325718795885,62.769124073508856,5000
18,metaweb,post_burn_in,5,7,2.0,top,0.3531643419099138,16.055375523841402,5000
18,metaweb,post_burn_in,6,8,2.0,top,0.07468624898101739,18.096900673465377,5000
18,metaweb,post_burn_in,7,9,2.0,top,0.04441835374579637,1.881391599446672,5000
18,metaweb,post_burn_in,8,10,2.0,top,0.02310250257242208,3.7121271526245385,5000
18,metaweb,post_burn_in,9,11,2.0,top,0.37264221246654006,45.078209539612416,5000
18,metaweb,post_burn_in,10,12,2.0,top,0.07853605043180634,13.262984002138547,5000
18,metaweb,post_burn_in,11,13,3.0,top,1.3216902333813921e-12,16.63430968134784,5000
18,metaweb,post_burn_in,12,15,2.0,top,0.07109424795254136,35.14828261855613,5000
18,metaweb,post_burn_in,13,16,2.0,top,0.26273046356047164,89.59985789868469,5000
18,metaweb,post_burn_in,14,17,2.0,intermediate,0.01878391742816763,67.97869142301715,5000
18,metaweb,post_burn_in,15,18,2.0,top,0.08243942373917564,43.54462834425296,5000
18,metaweb,post_burn_in,16,19,3.3603537991060923,intermediate,2.075920128567317e-12,118.76895455679569,5000
18,metaweb,post_burn_in,17,20,3.360353799106092,intermediate,2.0758424340834197e-12,187.52456028341268,5000
18,metaweb,post_burn_in,18,21,3.3603537991060923,intermediate,2.0749404689894426e-12,115.41027476291634,5000
18,metaweb,post_burn_in,19,27,2.0,top,0.32555183003490906,52.08412376326318,5000
18,metaweb,post_burn_in,20,28,2.0,top,0.39649475250213595,77.7013940425253,5000
18,metaweb,post_burn_in,21,29,2.0,intermediate,0.045940611461697645,76.01005440271237,5000
18,metaweb,post_burn_in,22,30,2.0,intermediate,0.002387914022189541,50.88726905493694,5000
18,metaweb,post_burn_in,23,31,2.0,top,0.07993404439211405,40.06620755457889,5000
18,metaweb,post_burn_in,24,32,2.0,top,0.07288935537122683,18.87465157768354,5000
18,metaweb,post_burn_in,25,33,2.0,top,0.43355400086984824,66.29524093729741,5000
18,metaweb,post_burn_in,26,34,2.0,intermediate,0.05150305489172428,75.86984497125204,5000
18,metaweb,post_burn_in,27,37,1.0,basal,0.21361727108475229,0.6,5000
18,metaweb,post_burn_in,28,38,1.0,basal,0.2136172710847521,1.9,5000
18,metaweb,post_burn_in,29,39,1.0,basal,0.21361727108475156,6.0,5000
18,metaweb,post_burn_in,30,40,1.0,basal,0.21361727108475229,19.0,5000
18,metaweb,post_burn_in,31,41,1.0,basal,0.2136172710847523,60.0,5000
18,metaweb,post_burn_in,32,42,1.0,basal,0.21361727108475226,190.0,5000
18,metaweb,post_burn_in,33,43,1.0,basal,0.21361727108475206,600.0,5000
18,metaweb,post_burn_in,34,44,1.0,basal,0.21361727108474732,1900.0,5000
18,metaweb,post_burn_in,35,45,2.0,intermediate,0.06571349218557347,0.6,5000
18,metaweb,post_burn_in,36,46,2.0,intermediate,0.023211017838204333,1.9,5000
18,metaweb,post_burn_in,37,47,2.0,intermediate,0.07371856069404253,6.0,5000
18,metaweb,post_burn_in,38,48,2.0,intermediate,0.0791804747290811,19.0,5000
18,metaweb,post_burn_in,39,49,2.0,intermediate,0.08237697728264728,60.0,5000
18,metaweb,post_burn_in,40,50,2.0,intermediate,0.06819089475541967,190.0,5000
18,metaweb,post_burn_in,41,51,2.0,intermediate,0.06761737723798214,600.0,5000
18,metaweb,post_burn_in,42,52,2.0,intermediate,0.06957810428783688,1900.0,5000
18,niche,post_burn_in,1,1,3.6500360750360747,top,0.7459437724281512,107.00730882375707,5000
18,niche,post_burn_in,2,2,3.0833333333333335,intermediate,0.0657017588301782,91.38812531052767,5000
18,niche,post_burn_in,3,3,2.573382125167842,intermediate,0.3099159990042523,68.95020880895854,5000
18,niche,post_burn_in,4,4,2.942862296433728,intermediate,0.2273185711200399,3.6745943666711427,5000
18,niche,post_burn_in,5,5,3.1629372182943594,intermediate,0.10559311494614335,98.56722579601572,5000
18,niche,post_burn_in,6,6,2.76111111111111,intermediate,0.04348969276929479,62.769124073508856,5000
18,niche,post_burn_in,7,7,2.0,intermediate,0.41623222859324116,16.055375523841402,5000
18,niche,post_burn_in,8,8,3.4166666666666665,intermediate,0.11455008946769728,18.096900673465377,5000
18,niche,post_burn_in,9,9,3.1416666666666666,intermediate,0.2418758545316065,1.881391599446672,5000
18,niche,post_burn_in,10,10,3.125,intermediate,0.41279457677880993,3.7121271526245385,5000
18,niche,post_burn_in,11,11,2.0,intermediate,0.21797776415551462,45.078209539612416,5000
18,niche,post_burn_in,12,12,2.25,intermediate,0.08876577139956035,13.262984002138547,5000
18,niche,post_burn_in,13,13,2.6500360750360743,intermediate,0.1653683825540738,16.63430968134784,5000
18,niche,post_burn_in,14,14,1.0,basal,0.934804500437886,52.713381734920326,5000
18,niche,post_burn_in,15,15,2.5,intermediate,0.469546123558382,35.14828261855613,5000
18,niche,post_burn_in,16,16,1.0,basal,0.6820825592639413,89.59985789868469,5000
18,niche,post_burn_in,17,17,2.2,intermediate,0.9377443027039648,67.97869142301715,5000
18,niche,post_burn_in,18,19,1.0,basal,0.9777580280083874,118.76895455679569,5000
18,niche,post_burn_in,19,20,3.2003968253968247,intermediate,0.7704599874818019,187.52456028341268,5000
18,niche,post_burn_in,20,21,1.0,basal,0.8224078964370023,115.41027476291634,5000
18,niche,post_burn_in,21,22,2.4604166666666663,intermediate,1.1782243082501518,90.92030120449299,5000
18,niche,post_burn_in,22,23,3.066666666666667,intermediate,0.0017245472683368353,70.69526395330797,5000
18,niche,post_burn_in,23,24,1.0,basal,0.7739197160227148,57.54395567360662,5000
18,niche,post_burn_in,24,25,2.0,intermediate,0.26611023298745834,11.101823286454938,5000
18,niche,post_burn_in,25,26,2.5,intermediate,0.01097728907098851,8.500059826426028,5000
18,niche,post_burn_in,26,27,1.0,basal,0.8160623228971047,52.08412376326318,5000
18,niche,post_burn_in,27,28,1.0,basal,0.3504089588979545,77.7013940425253,5000
18,niche,post_burn_in,28,29,2.9583333333333335,intermediate,0.01777856696179334,76.01005440271237,5000
18,niche,post_burn_in,29,30,2.0,intermediate,0.029785004619473004,50.88726905493694,5000
18,niche,post_burn_in,30,31,1.9999999999999998,intermediate,0.2385762947127706,40.06620755457889,5000
18,niche,post_burn_in,31,32,2.9444444444444438,intermediate,0.04330854465452816,18.87465157768354,5000
18,niche,post_burn_in,32,33,2.5,intermediate,0.24623464489912322,66.29524093729741,5000
18,niche,post_burn_in,33,34,1.9999999999999998,intermediate,0.3813944331814904,75.86984497125204,5000
18,niche,post_burn_in,34,35,1.0,basal,0.9602849601948593,85.68494521681554,5000
18,niche,post_burn_in,35,36,1.0,basal,0.9602849601948593,23.06707558238187,5000
18,niche,post_burn_in,36,37,1.0,basal,0.22098183966142027,0.6,5000
18,niche,post_burn_in,37,38,3.0,intermediate,7.209472058949151e-10,1.9,5000
18,niche,post_burn_in,38,39,2.0,intermediate,0.3349571606904723,6.0,5000
18,niche,post_burn_in,39,40,1.0,basal,0.9602849601948593,19.0,5000
18,niche,post_burn_in,40,41,2.5,intermediate,0.09769490576957568,60.0,5000
18,niche,post_burn_in,41,42,2.5,intermediate,0.16528908578188653,190.0,5000
18,niche,post_burn_in,42,43,2.333333333333333,intermediate,0.16112665421239522,600.0,5000
18,niche,post_burn_in,43,44,1.0,basal,0.4938414769694425,1900.0,5000
18,niche,post_burn_in,44,45,2.0,intermediate,0.14474473209573688,0.6,5000
18,niche,post_burn_in,45,46,1.0,basal,0.5798488512398104,1.9,5000
18,niche,post_burn_in,46,47,1.0,basal,0.2335615443659199,6.0,5000
18,niche,post_burn_in,47,48,1.0,basal,0.4539483939370241,19.0,5000
18,niche,post_burn_in,48,49,2.0,intermediate,0.08845963519806206,60.0,5000
18,niche,post_burn_in,49,50,1.0,basal,0.3736194767049015,190.0,5000
18,niche,post_burn_in,50,51,1.0,basal,0.4054947492586479,600.0,5000
18,niche,post_burn_in,51,52,1.0,basal,0.40549474925864787,1900.0,5000
18,down_rand,post_burn_in,1,2,3.1871087382053314,intermediate,0.16335386919986147,91.38812531052767,5000
18,down_rand,post_burn_in,2,4,1.9999999999999998,top,0.16978316866082227,3.6745943666711427,5000
18,down_rand,post_burn_in,3,5,3.4071637648399196,intermediate,0.15998462222276894,98.56722579601572,5000
18,down_rand,post_burn_in,4,7,2.0,top,5.151700534218878e-10,16.055375523841402,5000
18,down_rand,post_burn_in,5,8,1.9999999999999998,intermediate,0.2303847265675557,18.096900673465377,5000
18,down_rand,post_burn_in,6,20,3.7707477510157323,top,0.06844762085331328,187.52456028341268,5000
18,down_rand,post_burn_in,7,34,2.0,top,0.2803385950681894,75.86984497125204,5000
18,down_rand,post_burn_in,8,35,1.0,basal,0.6272433962601559,85.68494521681554,5000
18,down_rand,post_burn_in,9,37,1.0,basal,0.213597854870128,0.6,5000
18,down_rand,post_burn_in,10,38,1.0,basal,0.3362216284744008,1.9,5000
18,down_rand,post_burn_in,11,39,1.0,basal,0.22196289315011955,6.0,5000
18,down_rand,post_burn_in,12,40,1.0,basal,0.12074106229954529,19.0,5000
18,down_rand,post_burn_in,13,41,1.0,basal,0.09532155130665568,60.0,5000
18,down_rand,post_burn_in,14,42,1.0,basal,0.05620953763514383,190.0,5000
18,down_rand,post_burn_in,15,43,1.0,basal,0.08373450997726972,600.0,5000
18,down_rand,post_burn_in,16,44,1.0,basal,0.042527749939988424,1900.0,5000
18,down_rand,post_burn_in,17,45,2.0,top,0.20257198162354312,0.6,5000
18,down_rand,post_burn_in,18,46,2.0,top,0.168737099317758,1.9,5000
18,down_rand,post_burn_in,19,47,2.0,top,0.23466477015493922,6.0,5000
18,down_link,post_burn_in,1,4,2.0,intermediate,0.1682532615984866,3.6745943666711427,5000
18,down_link,post_burn_in,2,7,2.0,top,0.44030233053981527,16.055375523841402,5000
18,down_link,post_burn_in,3,9,1.9999999999999998,intermediate,0.08353361657242452,1.881391599446672,5000
18,down_link,post_burn_in,4,10,2.0,intermediate,0.1552859210312069,3.7121271526245385,5000
18,down_link,post_burn_in,5,13,2.999999999999999,top,0.06587814560889313,16.63430968134784,5000
18,down_link,post_burn_in,6,26,2.0000000000000004,intermediate,0.1701559340712046,8.500059826426028,5000
18,down_link,post_burn_in,7,37,1.0,basal,0.39049761905058655,0.6,5000
18,down_link,post_burn_in,8,38,1.0,basal,0.2775459680204926,1.9,5000
18,down_link,post_burn_in,9,39,1.0,basal,0.17168192910414962,6.0,5000
18,down_link,post_burn_in,10,40,1.0,basal,0.1492372976949354,19.0,5000
18,down_link,post_burn_in,11,41,1.0,basal,0.08075401679824656,60.0,5000
18,down_link,post_burn_in,12,42,1.0,basal,0.16610209753675273,190.0,5000
18,down_link,post_burn_in,13,43,1.0,basal,0.19455610991526637,600.0,5000
18,down_link,post_burn_in,14,44,1.0,basal,0.05255602067075702,1900.0,5000
18,down_link,post_burn_in,15,45,2.0,intermediate,0.07160438937419,0.6,5000
18,down_link,post_burn_in,16,46,2.0,intermediate,0.03625860423656342,1.9,5000
18,down_link,post_burn_in,17,47,2.0,intermediate,0.1297965805515081,6.0,5000
18,down_link,post_burn_in,18,48,2.0,intermediate,0.228129417394435,19.0,5000
18,down_niche,post_burn_in,1,3,1.9999999999999998,top,5.653739843702046e-12,68.95020880895854,5000
18,down_niche,post_burn_in,2,5,2.9999999999999996,top,0.04416217260483228,98.56722579601572,5000
18,down_niche,post_burn_in,3,6,1.9999999999999998,intermediate,4.161682997342722e-6,62.769124073508856,5000
18,down_niche,post_burn_in,4,7,2.0,top,0.2011460669812622,16.055375523841402,5000
18,down_niche,post_burn_in,5,8,1.9999999999999998,top,0.33169635563540983,18.096900673465377,5000
18,down_niche,post_burn_in,6,11,2.0,top,0.0495548732697741,45.078209539612416,5000
18,down_niche,post_burn_in,7,12,1.9999999999999998,intermediate,1.5130002837509448e-10,13.262984002138547,5000
18,down_niche,post_burn_in,8,15,2.0000000000000004,top,1.0869970137196e-12,35.14828261855613,5000
18,down_niche,post_burn_in,9,16,1.9999999999999998,top,3.834211630780932e-6,89.59985789868469,5000
18,down_niche,post_burn_in,10,17,2.0,intermediate,0.3342501714053051,67.97869142301715,5000
18,down_niche,post_burn_in,11,27,2.0,top,1.444033292055866e-9,52.08412376326318,5000
18,down_niche,post_burn_in,12,28,2.0000000000000004,top,2.006956245703946,77.7013940425253,5000
18,down_niche,post_burn_in,13,29,1.9999999999999998,top,0.10265538119353855,76.01005440271237,5000
18,down_niche,post_burn_in,14,30,1.9999999999999998,intermediate,0.044135354229358395,50.88726905493694,5000
18,down_niche,post_burn_in,15,33,2.0,top,0.2021235402752144,66.29524093729741,5000
18,down_niche,post_burn_in,16,37,1.0,basal,0.1889341944608328,0.6,5000
18,down_niche,post_burn_in,17,38,1.0,basal,0.22780825562515183,1.9,5000
18,down_niche,post_burn_in,18,39,1.0,basal,0.20486581810773655,6.0,5000
18,down_niche,post_burn_in,19,40,1.0,basal,0.23013744274420853,19.0,5000
18,down_niche,post_burn_in,20,41,1.0,basal,0.19838217484005216,60.0,5000
18,down_niche,post_burn_in,21,42,1.0,basal,0.2048905070893607,190.0,5000
18,down_niche,post_burn_in,22,43,1.0,basal,0.2579793324469293,600.0,5000
18,down_niche,post_burn_in,23,44,1.0,basal,0.21963361265986972,1900.0,5000
18,down_niche,post_burn_in,24,45,2.0,top,0.0003526898287981472,0.6,5000
18,down_niche,post_burn_in,25,46,2.0,top,6.057952765180894e-11,1.9,5000
18,down_niche,post_burn_in,26,47,2.0,top,2.0006001576025926e-9,6.0,5000
18,down_niche,post_burn_in,27,48,2.0,top,4.1912600048464225e-9,19.0,5000
18,down_niche,post_burn_in,28,50,2.0,top,7.862898134131338e-12,190.0,5000
18,down_niche,post_burn_in,29,52,2.0,top,0.14850204870638797,1900.0,5000
18,atn,post_burn_in,1,1,2.2000000000000006,intermediate,7.81969035999592e-7,107.00730882375707,5000
18,atn,post_burn_in,2,2,2.2000000000000006,intermediate,0.050397216106591834,91.38812531052767,5000
18,atn,post_burn_in,3,3,2.1111111111111116,intermediate,0.30354722853835336,68.95020880895854,5000
18,atn,post_burn_in,4,4,1.0,basal,0.36833140625495703,3.6745943666711427,5000
18,atn,post_burn_in,5,5,2.2000000000000006,intermediate,0.003117728976438326,98.56722579601572,5000
18,atn,post_burn_in,6,6,2.1111111111111116,intermediate,0.40099196102181295,62.769124073508856,5000
18,atn,post_burn_in,7,7,2.0,intermediate,1.8864493035221207e-7,16.055375523841402,5000
18,atn,post_burn_in,8,9,1.0,basal,0.3111570662443208,1.881391599446672,5000
18,atn,post_burn_in,9,10,1.0,basal,0.3677405043417397,3.7121271526245385,5000
18,atn,post_burn_in,10,11,1.9999999999999998,intermediate,0.16381800504677804,45.078209539612416,5000
18,atn,post_burn_in,11,12,2.0,intermediate,0.04375869451454012,13.262984002138547,5000
18,atn,post_burn_in,12,13,2.0,intermediate,1.612141714129418e-9,16.63430968134784,5000
18,atn,post_burn_in,13,14,1.9999999999999998,intermediate,0.11186002101176651,52.713381734920326,5000
18,atn,post_burn_in,14,15,1.9999999999999998,intermediate,0.07471583849640162,35.14828261855613,5000
18,atn,post_burn_in,15,16,2.2000000000000006,intermediate,0.06509264233568075,89.59985789868469,5000
18,atn,post_burn_in,16,17,2.111111111111111,intermediate,0.31769276172074873,67.97869142301715,5000
18,atn,post_burn_in,17,18,1.9999999999999998,intermediate,0.17641020020499354,43.54462834425296,5000
18,atn,post_burn_in,18,19,2.2727272727272725,intermediate,2.7594352229834757e-12,118.76895455679569,5000
18,atn,post_burn_in,19,21,2.2727272727272725,intermediate,4.740666701234598e-12,115.41027476291634,5000
18,atn,post_burn_in,20,22,2.2000000000000006,intermediate,0.05418517743728995,90.92030120449299,5000
18,atn,post_burn_in,21,23,2.111111111111111,intermediate,0.27911592046577577,70.69526395330797,5000
18,atn,post_burn_in,22,24,1.9999999999999998,intermediate,0.08604603621548368,57.54395567360662,5000
18,atn,post_burn_in,23,25,2.0,intermediate,0.11414592792664754,11.101823286454938,5000
18,atn,post_burn_in,24,26,2.0,intermediate,0.14723810116208316,8.500059826426028,5000
18,atn,post_burn_in,25,27,1.9999999999999998,intermediate,0.11557314530438328,52.08412376326318,5000
18,atn,post_burn_in,26,28,2.111111111111111,intermediate,0.1921275228162837,77.7013940425253,5000
18,atn,post_burn_in,27,29,2.111111111111111,intermediate,0.2116469060996619,76.01005440271237,5000
18,atn,post_burn_in,28,30,1.9999999999999998,intermediate,0.1228865995942433,50.88726905493694,5000
18,atn,post_burn_in,29,31,1.9999999999999998,intermediate,0.20845080616537526,40.06620755457889,5000
18,atn,post_burn_in,30,32,1.9999999999999998,intermediate,0.1001053377393555,18.87465157768354,5000
18,atn,post_burn_in,31,33,2.111111111111111,intermediate,0.3431846338374289,66.29524093729741,5000
18,atn,post_burn_in,32,34,2.111111111111111,intermediate,0.2133045174775643,75.86984497125204,5000
18,atn,post_burn_in,33,35,2.2,intermediate,0.09944566879903552,85.68494521681554,5000
18,atn,post_burn_in,34,36,1.9999999999999998,intermediate,0.2428938288558121,23.06707558238187,5000
18,atn,post_burn_in,35,37,1.0,basal,0.2843936816567055,0.6,5000
18,atn,post_burn_in,36,38,1.0,basal,0.3276366890867184,1.9,5000
18,atn,post_burn_in,37,39,1.0,basal,0.4309190105593447,6.0,5000
18,atn,post_burn_in,38,40,1.0,basal,0.8343133810500931,19.0,5000
18,atn,post_burn_in,39,41,1.0,basal,0.8191548724854145,60.0,5000
18,atn,post_burn_in,40,42,1.0,basal,0.927275875860052,190.0,5000
18,atn,post_burn_in,41,45,1.0,basal,0.2843936816567051,0.6,5000
18,atn,post_burn_in,42,46,1.0,basal,0.32763668908671506,1.9,5000
18,atn,post_burn_in,43,47,2.0,intermediate,0.05394972905598924,6.0,5000
18,atn,post_burn_in,44,48,2.0,intermediate,0.2888089990422949,19.0,5000
18,atn,post_burn_in,45,49,2.111111111111111,intermediate,0.12013202028456206,60.0,5000
18,atn,post_burn_in,46,50,2.5,intermediate,0.15525758203409207,190.0,5000
18,atn,post_burn_in,47,51,2.7078189300411513,top,1.3467127146026894,600.0,5000
18,atn,post_burn_in,48,52,2.992978566149298,top,1.2234991557686683,1900.0,5000
19,down_power,creation,1,1,3.957188423487303,intermediate,0.9730483466361026,116.07843650722289,5000
19,down_power,creation,2,2,3.6363805557562667,intermediate,0.10881975409464184,53.58887028545587,5000
19,down_power,creation,3,3,2.0000000000000004,intermediate,0.18064118063200008,56.917897605405855,5000
19,down_power,creation,4,4,1.9999999999999998,intermediate,0.9964685680332328,1.1263522832051944,5000
19,down_power,creation,5,5,3.607454166858253,intermediate,0.746423025991131,54.23514562192448,5000
19,down_power,creation,6,6,1.9999999999999998,intermediate,0.9560475894173286,82.22731006812542,5000
19,down_power,creation,7,7,2.0000000000000004,top,0.36776236561181774,19.122679090734895,5000
19,down_power,creation,8,8,1.9999999999999998,intermediate,0.5518908929067908,29.082400131003837,5000
19,down_power,creation,9,9,1.9999999999999996,intermediate,0.2753298688584762,2.7882101052415864,5000
19,down_power,creation,10,10,2.0,intermediate,0.8659375424659643,2.550165856129097,5000
19,down_power,creation,11,11,1.9999999999999996,top,0.563809149687799,49.40222527653174,5000
19,down_power,creation,12,12,2.0,intermediate,0.7975401586793202,24.24339087962233,5000
19,down_power,creation,13,13,3.0,intermediate,0.6842793186296993,19.51233001942045,5000
19,down_power,creation,14,14,2.840579710144929,intermediate,0.8241686686718698,87.26693323147481,5000
19,down_power,creation,15,15,2.0,intermediate,0.5199617731555602,48.04473956264312,5000
19,down_power,creation,16,16,1.9999999999999998,top,0.2827807697912015,75.71205199358236,5000
19,down_power,creation,17,17,2.0,intermediate,0.44603775723393435,74.4733402480792,5000
19,down_power,creation,18,18,2.0,intermediate,0.6727792550940251,44.812122523144076,5000
19,down_power,creation,19,19,4.031038932527701,intermediate,0.4380003080054701,213.5467620786227,5000
19,down_power,creation,20,20,3.9342550424824028,intermediate,0.0028206610458600956,136.27311879132145,5000
19,down_power,creation,21,21,4.021000985053123,intermediate,0.04570842657621976,110.83379466569609,5000
19,down_power,creation,22,22,3.6591269453019306,intermediate,0.22240463891288875,79.17046478524352,5000
19,down_power,creation,23,23,3.6363805557562663,intermediate,0.5937563963301914,59.448514404227495,5000
19,down_power,creation,24,24,3.6507364037306105,intermediate,0.7698524275720989,63.899465145003795,5000
19,down_power,creation,25,25,3.3333333333333326,intermediate,0.4317096986198379,33.47046003408886,5000
19,down_power,creation,26,26,3.333333333333334,intermediate,0.10222980046437014,0.4825270181938187,5000
19,down_power,creation,27,27,1.9999999999999998,top,0.04877721424320691,80.92290548805502,5000
19,down_power,creation,28,28,1.9999999999999998,top,0.5724338938695539,52.96360122059737,5000
19,down_power,creation,29,29,2.0000000000000004,intermediate,0.472034598852772,69.61445577907823,5000
19,down_power,creation,30,30,2.0,intermediate,0.9315709476075267,56.00701014958225,5000
19,down_power,creation,31,31,1.9999999999999996,intermediate,0.9110759515218495,45.457402766576955,5000
19,down_power,creation,32,32,1.9999999999999996,intermediate,0.1866236537278525,17.459994161558303,5000
19,down_power,creation,33,33,1.9999999999999996,top,0.2157513943428585,58.07245070238401,5000
19,down_power,creation,34,34,1.9999999999999996,intermediate,0.022359238260549863,56.28906464737932,5000
19,down_power,creation,35,35,3.0,intermediate,0.7376501848049605,60.282830712141006,5000
19,down_power,creation,36,36,3.0,intermediate,0.37037876648227586,25.300238506617905,5000
19,down_power,creation,37,37,1.0,basal,0.6631949779464852,0.6,5000
19,down_power,creation,38,38,1.0,basal,0.5042590257730891,1.9,5000
19,down_power,creation,39,39,1.0,basal,0.8482447912110567,6.0,5000
19,down_power,creation,40,40,1.0,basal,0.9904649318098634,19.0,5000
19,down_power,creation,41,41,1.0,basal,0.7644562925230209,60.0,5000
19,down_power,creation,42,42,1.0,basal,0.11702472138660025,190.0,5000
19,down_power,creation,43,43,1.0,basal,0.9349050559976348,600.0,5000
19,down_power,creation,44,44,1.0,basal,0.10882944592961385,1900.0,5000
19,down_power,creation,45,45,2.0000000000000004,intermediate,0.6368687424045902,0.6,5000
19,down_power,creation,46,46,2.0000000000000004,intermediate,0.422225430899826,1.9,5000
19,down_power,creation,47,47,2.0000000000000004,intermediate,0.7766529574708282,6.0,5000
19,down_power,creation,48,48,1.9999999999999996,intermediate,0.5743510896596509,19.0,5000
19,down_power,creation,49,49,1.9999999999999996,intermediate,0.828127780326416,60.0,5000
19,down_power,creation,50,50,2.0000000000000004,intermediate,0.4073759826378611,190.0,5000
19,down_power,creation,51,51,1.9999999999999996,intermediate,0.6702626700704548,600.0,5000
19,down_power,creation,52,52,2.0000000000000004,intermediate,0.17236354096873663,1900.0,5000
19,metaweb,creation,1,1,4.0613354240613635,intermediate,0.9730483466361026,116.07843650722289,5000
19,metaweb,creation,2,2,3.5954723098103645,intermediate,0.10881975409464184,53.58887028545587,5000
19,metaweb,creation,3,3,2.0,intermediate,0.18064118063200008,56.917897605405855,5000
19,metaweb,creation,4,4,2.0,intermediate,0.9964685680332328,1.1263522832051944,5000
19,metaweb,creation,5,5,3.5954723098103667,intermediate,0.746423025991131,54.23514562192448,5000
19,metaweb,creation,6,6,2.0,intermediate,0.9560475894173286,82.22731006812542,5000
19,metaweb,creation,7,7,2.0,top,0.36776236561181774,19.122679090734895,5000
19,metaweb,creation,8,8,2.0,intermediate,0.5518908929067908,29.082400131003837,5000
19,metaweb,creation,9,9,2.0,intermediate,0.2753298688584762,2.7882101052415864,5000
19,metaweb,creation,10,10,2.0,intermediate,0.8659375424659643,2.550165856129097,5000
19,metaweb,creation,11,11,2.0,top,0.563809149687799,49.40222527653174,5000
19,metaweb,creation,12,12,2.0,intermediate,0.7975401586793202,24.24339087962233,5000
19,metaweb,creation,13,13,3.0,intermediate,0.6842793186296993,19.51233001942045,5000
19,metaweb,creation,14,14,2.8392621870882753,intermediate,0.8241686686718698,87.26693323147481,5000
19,metaweb,creation,15,15,2.0,intermediate,0.5199617731555602,48.04473956264312,5000
19,metaweb,creation,16,16,2.0,top,0.2827807697912015,75.71205199358236,5000
19,metaweb,creation,17,17,2.0,intermediate,0.44603775723393435,74.4733402480792,5000
19,metaweb,creation,18,18,2.0,intermediate,0.6727792550940251,44.812122523144076,5000
19,metaweb,creation,19,19,4.0613354240613635,intermediate,0.4380003080054701,213.5467620786227,5000
19,metaweb,creation,20,20,4.061335424061364,intermediate,0.0028206610458600956,136.27311879132145,5000
19,metaweb,creation,21,21,4.061335424061364,intermediate,0.04570842657621976,110.83379466569609,5000
19,metaweb,creation,22,22,3.5954723098103636,intermediate,0.22240463891288875,79.17046478524352,5000
19,metaweb,creation,23,23,3.5954723098103654,intermediate,0.5937563963301914,59.448514404227495,5000
19,metaweb,creation,24,24,3.5762090864680016,intermediate,0.7698524275720989,63.899465145003795,5000
19,metaweb,creation,25,25,3.303030303030302,intermediate,0.4317096986198379,33.47046003408886,5000
19,metaweb,creation,26,26,3.3333333333333335,intermediate,0.10222980046437014,0.4825270181938187,5000
19,metaweb,creation,27,27,2.0,top,0.04877721424320691,80.92290548805502,5000
19,metaweb,creation,28,28,2.0,top,0.5724338938695539,52.96360122059737,5000
19,metaweb,creation,29,29,2.0,intermediate,0.472034598852772,69.61445577907823,5000
19,metaweb,creation,30,30,2.0,intermediate,0.9315709476075267,56.00701014958225,5000
19,metaweb,creation,31,31,2.0,intermediate,0.9110759515218495,45.457402766576955,5000
19,metaweb,creation,32,32,2.0,intermediate,0.1866236537278525,17.459994161558303,5000
19,metaweb,creation,33,33,2.0,top,0.2157513943428585,58.07245070238401,5000
19,metaweb,creation,34,34,2.0,intermediate,0.022359238260549863,56.28906464737932,5000
19,metaweb,creation,35,35,3.0,intermediate,0.7376501848049605,60.282830712141006,5000
19,metaweb,creation,36,36,3.0,intermediate,0.37037876648227586,25.300238506617905,5000
19,metaweb,creation,37,37,1.0,basal,0.6631949779464852,0.6,5000
19,metaweb,creation,38,38,1.0,basal,0.5042590257730891,1.9,5000
19,metaweb,creation,39,39,1.0,basal,0.8482447912110567,6.0,5000
19,metaweb,creation,40,40,1.0,basal,0.9904649318098634,19.0,5000
19,metaweb,creation,41,41,1.0,basal,0.7644562925230209,60.0,5000
19,metaweb,creation,42,42,1.0,basal,0.11702472138660025,190.0,5000
19,metaweb,creation,43,43,1.0,basal,0.9349050559976348,600.0,5000
19,metaweb,creation,44,44,1.0,basal,0.10882944592961385,1900.0,5000
19,metaweb,creation,45,45,2.0,intermediate,0.6368687424045902,0.6,5000
19,metaweb,creation,46,46,2.0,intermediate,0.422225430899826,1.9,5000
19,metaweb,creation,47,47,2.0,intermediate,0.7766529574708282,6.0,5000
19,metaweb,creation,48,48,2.0,intermediate,0.5743510896596509,19.0,5000
19,metaweb,creation,49,49,2.0,intermediate,0.828127780326416,60.0,5000
19,metaweb,creation,50,50,2.0,intermediate,0.4073759826378611,190.0,5000
19,metaweb,creation,51,51,2.0,intermediate,0.6702626700704548,600.0,5000
19,metaweb,creation,52,52,2.0,intermediate,0.17236354096873663,1900.0,5000
19,niche,creation,1,1,3.586741464466753,intermediate,0.9730483466361026,116.07843650722289,5000
19,niche,creation,2,2,3.4819204922037676,intermediate,0.10881975409464184,53.58887028545587,5000
19,niche,creation,3,3,-4.812378807895932,intermediate,0.18064118063200008,56.917897605405855,5000
19,niche,creation,4,4,2.7138861731367925,intermediate,0.9964685680332328,1.1263522832051944,5000
19,niche,creation,5,5,3.26769666998764,intermediate,0.746423025991131,54.23514562192448,5000
19,niche,creation,6,6,2.8099380424619396,intermediate,0.9560475894173286,82.22731006812542,5000
19,niche,creation,7,7,3.2141573359901185,intermediate,0.36776236561181774,19.122679090734895,5000
19,niche,creation,8,8,3.392316939821512,intermediate,0.5518908929067908,29.082400131003837,5000
19,niche,creation,9,9,3.0165352077290546,intermediate,0.2753298688584762,2.7882101052415864,5000
19,niche,creation,10,10,4.129136570493887,intermediate,0.8659375424659643,2.550165856129097,5000
19,niche,creation,11,11,3.576492578079543,intermediate,0.563809149687799,49.40222527653174,5000
19,niche,creation,12,12,2.0626825267541693,intermediate,0.7975401586793202,24.24339087962233,5000
19,niche,creation,13,13,3.269081913277815,intermediate,0.6842793186296993,19.51233001942045,5000
19,niche,creation,14,14,3.374779379318626,intermediate,0.8241686686718698,87.26693323147481,5000
19,niche,creation,15,15,3.6144312649259254,intermediate,0.5199617731555602,48.04473956264312,5000
19,niche,creation,16,16,3.2851115225763072,intermediate,0.2827807697912015,75.71205199358236,5000
19,niche,creation,17,17,2.4389678070738676,intermediate,0.44603775723393435,74.4733402480792,5000
19,niche,creation,18,18,2.9857207989178733,intermediate,0.6727792550940251,44.812122523144076,5000
19,niche,creation,19,19,2.5000000000000004,intermediate,0.4380003080054701,213.5467620786227,5000
19,niche,creation,20,20,-1.4061894039479652,intermediate,0.0028206610458600956,136.27311879132145,5000
19,niche,creation,21,21,2.0582052034145812,intermediate,0.04570842657621976,110.83379466569609,5000
19,niche,creation,22,22,2.5223358562028664,intermediate,0.22240463891288875,79.17046478524352,5000
19,niche,creation,23,23,2.49446239883023,intermediate,0.5937563963301914,59.448514404227495,5000
19,niche,creation,24,24,4.259789940089632,intermediate,0.7698524275720989,63.899465145003795,5000
19,niche,creation,25,25,3.245560411709139,intermediate,0.4317096986198379,33.47046003408886,5000
19,niche,creation,26,26,2.9171608793748938,intermediate,0.10222980046437014,0.4825270181938187,5000
19,niche,creation,27,27,3.259789940089634,intermediate,0.04877721424320691,80.92290548805502,5000
19,niche,creation,28,28,0.9999999999999982,basal,0.5724338938695539,52.96360122059737,5000
19,niche,creation,29,29,2.000000000000001,intermediate,0.472034598852772,69.61445577907823,5000
19,niche,creation,30,30,1.999999999999997,intermediate,0.9315709476075267,56.00701014958225,5000
19,niche,creation,31,31,3.0779486629960977,intermediate,0.9110759515218495,45.457402766576955,5000
19,niche,creation,32,32,3.107164810408124,intermediate,0.1866236537278525,17.459994161558303,5000
19,niche,creation,33,33,0.9999999999999973,basal,0.2157513943428585,58.07245070238401,5000
19,niche,creation,34,34,2.515635099342012,intermediate,0.022359238260549863,56.28906464737932,5000
19,niche,creation,35,35,2.232464522242872,intermediate,0.7376501848049605,60.282830712141006,5000
19,niche,creation,36,36,2.0312701986840143,intermediate,0.37037876648227586,25.300238506617905,5000
19,niche,creation,37,37,1.0000000000000038,basal,0.6631949779464852,0.6,5000
19,niche,creation,38,38,3.17709006622801,intermediate,0.5042590257730891,1.9,5000
19,niche,creation,39,39,0.06254039736802113,intermediate,0.8482447912110567,6.0,5000
19,niche,creation,40,40,2.73127019868401,intermediate,0.9904649318098634,19.0,5000
19,niche,creation,41,41,-1.4061894039479628,intermediate,0.7644562925230209,60.0,5000
19,niche,creation,42,42,0.9999999999999979,basal,0.11702472138660025,190.0,5000
19,niche,creation,43,43,0.06254039736802294,intermediate,0.9349050559976348,600.0,5000
19,niche,creation,44,44,3.0000000000000018,intermediate,0.10882944592961385,1900.0,5000
19,niche,creation,45,45,4.999999999999998,intermediate,0.6368687424045902,0.6,5000
19,niche,creation,46,46,2.0000000000000058,intermediate,0.422225430899826,1.9,5000
19,niche,creation,47,47,0.9999999999999999,basal,0.7766529574708282,6.0,5000
19,niche,creation,48,48,2.000000000000002,intermediate,0.5743510896596509,19.0,5000
19,niche,creation,49,49,1.0000000000000069,basal,0.828127780326416,60.0,5000
19,niche,creation,50,50,-5.812378807895932,intermediate,0.4073759826378611,190.0,5000
19,niche,creation,51,51,0.9999999999999999,basal,0.6702626700704548,600.0,5000
19,niche,creation,52,52,1.0000000000000002,basal,0.17236354096873663,1900.0,5000
19,down_rand,creation,1,1,3.934899816785721,intermediate,0.9730483466361026,116.07843650722289,5000
19,down_rand,creation,2,2,3.502637363887936,intermediate,0.10881975409464184,53.58887028545587,5000
19,down_rand,creation,3,3,2.0000000000000004,intermediate,0.18064118063200008,56.917897605405855,5000
19,down_rand,creation,4,4,2.0,intermediate,0.9964685680332328,1.1263522832051944,5000
19,down_rand,creation,5,5,3.401309546163509,intermediate,0.746423025991131,54.23514562192448,5000
19,down_rand,creation,6,6,2.0,intermediate,0.9560475894173286,82.22731006812542,5000
19,down_rand,creation,7,7,1.9999999999999996,top,0.36776236561181774,19.122679090734895,5000
19,down_rand,creation,8,8,2.0000000000000004,intermediate,0.5518908929067908,29.082400131003837,5000
19,down_rand,creation,9,9,1.9999999999999996,intermediate,0.2753298688584762,2.7882101052415864,5000
19,down_rand,creation,10,10,1.9999999999999996,intermediate,0.8659375424659643,2.550165856129097,5000
19,down_rand,creation,11,11,1.9999999999999996,top,0.563809149687799,49.40222527653174,5000
19,down_rand,creation,12,12,1.9999999999999996,intermediate,0.7975401586793202,24.24339087962233,5000
19,down_rand,creation,13,13,2.9999999999999996,intermediate,0.6842793186296993,19.51233001942045,5000
19,down_rand,creation,14,14,2.798245614035088,intermediate,0.8241686686718698,87.26693323147481,5000
19,down_rand,creation,15,15,1.9999999999999998,intermediate,0.5199617731555602,48.04473956264312,5000
19,down_rand,creation,16,16,1.9999999999999996,top,0.2827807697912015,75.71205199358236,5000
19,down_rand,creation,17,17,1.9999999999999996,intermediate,0.44603775723393435,74.4733402480792,5000
19,down_rand,creation,18,18,1.9999999999999996,intermediate,0.6727792550940251,44.812122523144076,5000
19,down_rand,creation,19,19,4.135996794728569,intermediate,0.4380003080054701,213.5467620786227,5000
19,down_rand,creation,20,20,3.9210107552559115,intermediate,0.0028206610458600956,136.27311879132145,5000
19,down_rand,creation,21,21,3.9231298384143676,intermediate,0.04570842657621976,110.83379466569609,5000
19,down_rand,creation,22,22,3.4973072366129205,intermediate,0.22240463891288875,79.17046478524352,5000
19,down_rand,creation,23,23,3.5799783048922906,intermediate,0.5937563963301914,59.448514404227495,5000
19,down_rand,creation,24,24,3.6534213655873806,intermediate,0.7698524275720989,63.899465145003795,5000
19,down_rand,creation,25,25,3.1666666666666665,intermediate,0.4317096986198379,33.47046003408886,5000
19,down_rand,creation,26,26,3.499999999999999,intermediate,0.10222980046437014,0.4825270181938187,5000
19,down_rand,creation,27,27,2.0,top,0.04877721424320691,80.92290548805502,5000
19,down_rand,creation,28,28,2.0,top,0.5724338938695539,52.96360122059737,5000
19,down_rand,creation,29,29,2.0,intermediate,0.472034598852772,69.61445577907823,5000
19,down_rand,creation,30,30,2.0,intermediate,0.9315709476075267,56.00701014958225,5000
19,down_rand,creation,31,31,2.0000000000000004,intermediate,0.9110759515218495,45.457402766576955,5000
19,down_rand,creation,32,32,2.0,intermediate,0.1866236537278525,17.459994161558303,5000
19,down_rand,creation,33,33,2.0000000000000004,top,0.2157513943428585,58.07245070238401,5000
19,down_rand,creation,34,34,2.0000000000000004,intermediate,0.022359238260549863,56.28906464737932,5000
19,down_rand,creation,35,35,3.0,intermediate,0.7376501848049605,60.282830712141006,5000
19,down_rand,creation,36,36,3.0,intermediate,0.37037876648227586,25.300238506617905,5000
19,down_rand,creation,37,37,1.0,basal,0.6631949779464852,0.6,5000
19,down_rand,creation,38,38,1.0,basal,0.5042590257730891,1.9,5000
19,down_rand,creation,39,39,1.0,basal,0.8482447912110567,6.0,5000
19,down_rand,creation,40,40,1.0,basal,0.9904649318098634,19.0,5000
19,down_rand,creation,41,41,1.0,basal,0.7644562925230209,60.0,5000
19,down_rand,creation,42,42,1.0,basal,0.11702472138660025,190.0,5000
19,down_rand,creation,43,43,1.0,basal,0.9349050559976348,600.0,5000
19,down_rand,creation,44,44,1.0,basal,0.10882944592961385,1900.0,5000
19,down_rand,creation,45,45,2.0,intermediate,0.6368687424045902,0.6,5000
19,down_rand,creation,46,46,1.9999999999999996,intermediate,0.422225430899826,1.9,5000
19,down_rand,creation,47,47,1.9999999999999996,intermediate,0.7766529574708282,6.0,5000
19,down_rand,creation,48,48,2.0000000000000004,intermediate,0.5743510896596509,19.0,5000
19,down_rand,creation,49,49,2.0000000000000004,intermediate,0.828127780326416,60.0,5000
19,down_rand,creation,50,50,1.9999999999999996,intermediate,0.4073759826378611,190.0,5000
19,down_rand,creation,51,51,2.0000000000000004,intermediate,0.6702626700704548,600.0,5000
19,down_rand,creation,52,52,2.0000000000000004,intermediate,0.17236354096873663,1900.0,5000
19,down_link,creation,1,1,4.287698515423912,intermediate,0.9730483466361026,116.07843650722289,5000
19,down_link,creation,2,2,3.492933133269545,intermediate,0.10881975409464184,53.58887028545587,5000
19,down_link,creation,3,3,2.0000000000000004,intermediate,0.18064118063200008,56.917897605405855,5000
19,down_link,creation,4,4,2.0,intermediate,0.9964685680332328,1.1263522832051944,5000
19,down_link,creation,5,5,3.601215846598434,intermediate,0.746423025991131,54.23514562192448,5000
19,down_link,creation,6,6,1.9999999999999998,intermediate,0.9560475894173286,82.22731006812542,5000
19,down_link,creation,7,7,1.9999999999999998,top,0.36776236561181774,19.122679090734895,5000
19,down_link,creation,8,8,2.0,intermediate,0.5518908929067908,29.082400131003837,5000
19,down_link,creation,9,9,2.0000000000000004,intermediate,0.2753298688584762,2.7882101052415864,5000
19,down_link,creation,10,10,2.0000000000000004,intermediate,0.8659375424659643,2.550165856129097,5000
19,down_link,creation,11,11,1.9999999999999998,top,0.563809149687799,49.40222527653174,5000
19,down_link,creation,12,12,2.0000000000000004,intermediate,0.7975401586793202,24.24339087962233,5000
19,down_link,creation,13,13,3.0,intermediate,0.6842793186296993,19.51233001942045,5000
19,down_link,creation,14,14,2.9523809523809517,intermediate,0.8241686686718698,87.26693323147481,5000
19,down_link,creation,15,15,1.9999999999999996,intermediate,0.5199617731555602,48.04473956264312,5000
19,down_link,creation,16,16,2.0000000000000004,top,0.2827807697912015,75.71205199358236,5000
19,down_link,creation,17,17,2.0,intermediate,0.44603775723393435,74.4733402480792,5000
19,down_link,creation,18,18,1.9999999999999996,intermediate,0.6727792550940251,44.812122523144076,5000
19,down_link,creation,19,19,4.175397620307323,intermediate,0.4380003080054701,213.5467620786227,5000
19,down_link,creation,20,20,4.391857585984602,intermediate,0.0028206610458600956,136.27311879132145,5000
19,down_link,creation,21,21,4.209810211129972,intermediate,0.04570842657621976,110.83379466569609,5000
19,down_link,creation,22,22,3.7920719891366326,intermediate,0.22240463891288875,79.17046478524352,5000
19,down_link,creation,23,23,3.7890957986604437,intermediate,0.5937563963301914,59.448514404227495,5000
19,down_link,creation,24,24,3.664501725187741,intermediate,0.7698524275720989,63.899465145003795,5000
19,down_link,creation,25,25,3.333333333333333,intermediate,0.4317096986198379,33.47046003408886,5000
19,down_link,creation,26,26,3.3333333333333335,intermediate,0.10222980046437014,0.4825270181938187,5000
19,down_link,creation,27,27,2.0000000000000004,top,0.04877721424320691,80.92290548805502,5000
19,down_link,creation,28,28,2.0000000000000004,top,0.5724338938695539,52.96360122059737,5000
19,down_link,creation,29,29,1.9999999999999998,intermediate,0.472034598852772,69.61445577907823,5000
19,down_link,creation,30,30,2.0000000000000004,intermediate,0.9315709476075267,56.00701014958225,5000
19,down_link,creation,31,31,1.9999999999999996,intermediate,0.9110759515218495,45.457402766576955,5000
19,down_link,creation,32,32,1.9999999999999996,intermediate,0.1866236537278525,17.459994161558303,5000
19,down_link,creation,33,33,2.0000000000000004,top,0.2157513943428585,58.07245070238401,5000
19,down_link,creation,34,34,1.9999999999999996,intermediate,0.022359238260549863,56.28906464737932,5000
19,down_link,creation,35,35,3.0,intermediate,0.7376501848049605,60.282830712141006,5000
19,down_link,creation,36,36,3.0,intermediate,0.37037876648227586,25.300238506617905,5000
19,down_link,creation,37,37,1.0,basal,0.6631949779464852,0.6,5000
19,down_link,creation,38,38,1.0,basal,0.5042590257730891,1.9,5000
19,down_link,creation,39,39,1.0,basal,0.8482447912110567,6.0,5000
19,down_link,creation,40,40,1.0,basal,0.9904649318098634,19.0,5000
19,down_link,creation,41,41,1.0,basal,0.7644562925230209,60.0,5000
19,down_link,creation,42,42,1.0,basal,0.11702472138660025,190.0,5000
19,down_link,creation,43,43,1.0,basal,0.9349050559976348,600.0,5000
19,down_link,creation,44,44,1.0,basal,0.10882944592961385,1900.0,5000
19,down_link,creation,45,45,2.0000000000000004,intermediate,0.6368687424045902,0.6,5000
19,down_link,creation,46,46,2.0000000000000004,intermediate,0.422225430899826,1.9,5000
19,down_link,creation,47,47,1.9999999999999996,intermediate,0.7766529574708282,6.0,5000
19,down_link,creation,48,48,1.9999999999999998,intermediate,0.5743510896596509,19.0,5000
19,down_link,creation,49,49,2.0,intermediate,0.828127780326416,60.0,5000
19,down_link,creation,50,50,1.9999999999999998,intermediate,0.4073759826378611,190.0,5000
19,down_link,creation,51,51,2.0000000000000004,intermediate,0.6702626700704548,600.0,5000
19,down_link,creation,52,52,1.9999999999999998,intermediate,0.17236354096873663,1900.0,5000
19,down_niche,creation,1,1,4.875089445362319,intermediate,0.9730483466361026,116.07843650722289,5000
19,down_niche,creation,2,2,3.4361364951343054,intermediate,0.10881975409464184,53.58887028545587,5000
19,down_niche,creation,3,3,2.0000000000000004,intermediate,0.18064118063200008,56.917897605405855,5000
19,down_niche,creation,4,4,1.9999999999999996,intermediate,0.9964685680332328,1.1263522832051944,5000
19,down_niche,creation,5,5,3.3161851526531927,intermediate,0.746423025991131,54.23514562192448,5000
19,down_niche,creation,6,6,1.9999999999999996,intermediate,0.9560475894173286,82.22731006812542,5000
19,down_niche,creation,7,7,1.9999999999999996,top,0.36776236561181774,19.122679090734895,5000
19,down_niche,creation,8,8,1.9999999999999996,intermediate,0.5518908929067908,29.082400131003837,5000
19,down_niche,creation,9,9,1.9999999999999996,intermediate,0.2753298688584762,2.7882101052415864,5000
19,down_niche,creation,10,10,2.0,intermediate,0.8659375424659643,2.550165856129097,5000
19,down_niche,creation,11,11,2.0,top,0.563809149687799,49.40222527653174,5000
19,down_niche,creation,12,12,2.0,intermediate,0.7975401586793202,24.24339087962233,5000
19,down_niche,creation,13,13,3.0,intermediate,0.6842793186296993,19.51233001942045,5000
19,down_niche,creation,14,14,2.90432098765432,intermediate,0.8241686686718698,87.26693323147481,5000
19,down_niche,creation,15,15,1.9999999999999996,intermediate,0.5199617731555602,48.04473956264312,5000
19,down_niche,creation,16,16,1.9999999999999996,top,0.2827807697912015,75.71205199358236,5000
19,down_niche,creation,17,17,2.0,intermediate,0.44603775723393435,74.4733402480792,5000
19,down_niche,creation,18,18,2.0,intermediate,0.6727792550940251,44.812122523144076,5000
19,down_niche,creation,19,19,4.406743782558442,intermediate,0.4380003080054701,213.5467620786227,5000
19,down_niche,creation,20,20,4.534809211258421,intermediate,0.0028206610458600956,136.27311879132145,5000
19,down_niche,creation,21,21,4.227536605803791,intermediate,0.04570842657621976,110.83379466569609,5000
19,down_niche,creation,22,22,3.599296826571637,intermediate,0.22240463891288875,79.17046478524352,5000
19,down_niche,creation,23,23,3.5625546999602853,intermediate,0.5937563963301914,59.448514404227495,5000
19,down_niche,creation,24,24,3.3293169539573504,intermediate,0.7698524275720989,63.899465145003795,5000
19,down_niche,creation,25,25,3.2777777777777777,intermediate,0.4317096986198379,33.47046003408886,5000
19,down_niche,creation,26,26,3.5000000000000004,intermediate,0.10222980046437014,0.4825270181938187,5000
19,down_niche,creation,27,27,1.9999999999999996,top,0.04877721424320691,80.92290548805502,5000
19,down_niche,creation,28,28,2.0,top,0.5724338938695539,52.96360122059737,5000
19,down_niche,creation,29,29,1.9999999999999996,intermediate,0.472034598852772,69.61445577907823,5000
19,down_niche,creation,30,30,2.0,intermediate,0.9315709476075267,56.00701014958225,5000
19,down_niche,creation,31,31,1.9999999999999996,intermediate,0.9110759515218495,45.457402766576955,5000
19,down_niche,creation,32,32,2.0000000000000004,intermediate,0.1866236537278525,17.459994161558303,5000
19,down_niche,creation,33,33,1.9999999999999996,top,0.2157513943428585,58.07245070238401,5000
19,down_niche,creation,34,34,1.9999999999999996,intermediate,0.022359238260549863,56.28906464737932,5000
19,down_niche,creation,35,35,3.0,intermediate,0.7376501848049605,60.282830712141006,5000
19,down_niche,creation,36,36,3.0,intermediate,0.37037876648227586,25.300238506617905,5000
19,down_niche,creation,37,37,1.0,basal,0.6631949779464852,0.6,5000
19,down_niche,creation,38,38,1.0,basal,0.5042590257730891,1.9,5000
19,down_niche,creation,39,39,1.0,basal,0.8482447912110567,6.0,5000
19,down_niche,creation,40,40,1.0,basal,0.9904649318098634,19.0,5000
19,down_niche,creation,41,41,1.0,basal,0.7644562925230209,60.0,5000
19,down_niche,creation,42,42,1.0,basal,0.11702472138660025,190.0,5000
19,down_niche,creation,43,43,1.0,basal,0.9349050559976348,600.0,5000
19,down_niche,creation,44,44,1.0,basal,0.10882944592961385,1900.0,5000
19,down_niche,creation,45,45,2.0,intermediate,0.6368687424045902,0.6,5000
19,down_niche,creation,46,46,2.0,intermediate,0.422225430899826,1.9,5000
19,down_niche,creation,47,47,2.0,intermediate,0.7766529574708282,6.0,5000
19,down_niche,creation,48,48,2.0,intermediate,0.5743510896596509,19.0,5000
19,down_niche,creation,49,49,1.9999999999999996,intermediate,0.828127780326416,60.0,5000
19,down_niche,creation,50,50,2.0,intermediate,0.4073759826378611,190.0,5000
19,down_niche,creation,51,51,2.0,intermediate,0.6702626700704548,600.0,5000
19,down_niche,creation,52,52,1.9999999999999996,intermediate,0.17236354096873663,1900.0,5000
19,atn,creation,1,1,2.1000000000000005,intermediate,0.9730483466361026,116.07843650722289,5000
19,atn,creation,2,2,2.0,intermediate,0.10881975409464184,53.58887028545587,5000
19,atn,creation,3,3,2.0,intermediate,0.18064118063200008,56.917897605405855,5000
19,atn,creation,4,4,1.0,basal,0.9964685680332328,1.1263522832051944,5000
19,atn,creation,5,5,2.0,intermediate,0.746423025991131,54.23514562192448,5000
19,atn,creation,6,6,2.1000000000000005,intermediate,0.9560475894173286,82.22731006812542,5000
19,atn,creation,7,7,2.0000000000000004,intermediate,0.36776236561181774,19.122679090734895,5000
19,atn,creation,8,8,2.0,intermediate,0.5518908929067908,29.082400131003837,5000
19,atn,creation,9,9,1.0,basal,0.2753298688584762,2.7882101052415864,5000
19,atn,creation,10,10,1.0,basal,0.8659375424659643,2.550165856129097,5000
19,atn,creation,11,11,2.0,intermediate,0.563809149687799,49.40222527653174,5000
19,atn,creation,12,12,2.0000000000000004,intermediate,0.7975401586793202,24.24339087962233,5000
19,atn,creation,13,13,2.0000000000000004,intermediate,0.6842793186296993,19.51233001942045,5000
19,atn,creation,14,14,2.1000000000000005,intermediate,0.8241686686718698,87.26693323147481,5000
19,atn,creation,15,15,2.0,intermediate,0.5199617731555602,48.04473956264312,5000
19,atn,creation,16,16,2.1000000000000005,intermediate,0.2827807697912015,75.71205199358236,5000
19,atn,creation,17,17,2.1000000000000005,intermediate,0.44603775723393435,74.4733402480792,5000
19,atn,creation,18,18,2.0,intermediate,0.6727792550940251,44.812122523144076,5000
19,atn,creation,19,19,2.3571428571428568,top,0.4380003080054701,213.5467620786227,5000
19,atn,creation,20,20,2.1000000000000005,intermediate,0.0028206610458600956,136.27311879132145,5000
19,atn,creation,21,21,2.1000000000000005,intermediate,0.04570842657621976,110.83379466569609,5000
19,atn,creation,22,22,2.1000000000000005,intermediate,0.22240463891288875,79.17046478524352,5000
19,atn,creation,23,23,2.0,intermediate,0.5937563963301914,59.448514404227495,5000
19,atn,creation,24,24,2.1000000000000005,intermediate,0.7698524275720989,63.899465145003795,5000
19,atn,creation,25,25,2.0,intermediate,0.4317096986198379,33.47046003408886,5000
19,atn,creation,26,26,1.0,basal,0.10222980046437014,0.4825270181938187,5000
19,atn,creation,27,27,2.1000000000000005,intermediate,0.04877721424320691,80.92290548805502,5000
19,atn,creation,28,28,2.0,intermediate,0.5724338938695539,52.96360122059737,5000
19,atn,creation,29,29,2.1000000000000005,intermediate,0.472034598852772,69.61445577907823,5000
19,atn,creation,30,30,2.0,intermediate,0.9315709476075267,56.00701014958225,5000
19,atn,creation,31,31,2.0,intermediate,0.9110759515218495,45.457402766576955,5000
19,atn,creation,32,32,2.0,intermediate,0.1866236537278525,17.459994161558303,5000
19,atn,creation,33,33,2.0,intermediate,0.2157513943428585,58.07245070238401,5000
19,atn,creation,34,34,2.0,intermediate,0.022359238260549863,56.28906464737932,5000
19,atn,creation,35,35,2.1000000000000005,intermediate,0.7376501848049605,60.282830712141006,5000
19,atn,creation,36,36,2.0000000000000004,intermediate,0.37037876648227586,25.300238506617905,5000
19,atn,creation,37,37,1.0,basal,0.6631949779464852,0.6,5000
19,atn,creation,38,38,1.0,basal,0.5042590257730891,1.9,5000
19,atn,creation,39,39,1.0,basal,0.8482447912110567,6.0,5000
19,atn,creation,40,40,1.0,basal,0.9904649318098634,19.0,5000
19,atn,creation,41,41,1.0,basal,0.7644562925230209,60.0,5000
19,atn,creation,42,42,1.0,basal,0.11702472138660025,190.0,5000
19,atn,creation,43,43,1.0,isolated,0.9349050559976348,600.0,5000
19,atn,creation,44,44,1.0,isolated,0.10882944592961385,1900.0,5000
19,atn,creation,45,45,1.0,basal,0.6368687424045902,0.6,5000
19,atn,creation,46,46,1.0,basal,0.422225430899826,1.9,5000
19,atn,creation,47,47,1.9999999999999998,intermediate,0.7766529574708282,6.0,5000
19,atn,creation,48,48,2.0000000000000004,intermediate,0.5743510896596509,19.0,5000
19,atn,creation,49,49,2.100000000000001,intermediate,0.828127780326416,60.0,5000
19,atn,creation,50,50,2.2499999999999996,intermediate,0.4073759826378611,190.0,5000
19,atn,creation,51,51,2.76206896551724,top,0.6702626700704548,600.0,5000
19,atn,creation,52,52,2.937179487179487,top,0.17236354096873663,1900.0,5000
19,down_power,post_burn_in,1,4,1.9999999999999998,intermediate,0.16010321261093782,1.1263522832051944,5000
19,down_power,post_burn_in,2,13,2.9999999999999987,top,3.679430459205329e-8,19.51233001942045,5000
19,down_power,post_burn_in,3,26,1.9999999999999998,intermediate,0.022659320979534315,0.4825270181938187,5000
19,down_power,post_burn_in,4,37,1.0,basal,0.2161588406824827,0.6,5000
19,down_power,post_burn_in,5,38,1.0,basal,0.1496134062441623,1.9,5000
19,down_power,post_burn_in,6,39,1.0,basal,0.24184706362419342,6.0,5000
19,down_power,post_burn_in,7,40,1.0,basal,0.0803486972234347,19.0,5000
19,down_power,post_burn_in,8,41,1.0,basal,0.06150869196236725,60.0,5000
19,down_power,post_burn_in,9,42,1.0,basal,0.07185312007885099,190.0,5000
19,down_power,post_burn_in,10,43,1.0,basal,0.04674693574883151,600.0,5000
19,down_power,post_burn_in,11,44,1.0,basal,0.07030314772668965,1900.0,5000
19,down_power,post_burn_in,12,45,2.0,intermediate,0.3804550693767701,0.6,5000
19,down_power,post_burn_in,13,46,2.0,intermediate,0.1321996550744377,1.9,5000
19,metaweb,post_burn_in,1,3,2.0,top,0.05066704130607654,56.917897605405855,5000
19,metaweb,post_burn_in,2,4,2.0,top,0.057588577255664505,1.1263522832051944,5000
19,metaweb,post_burn_in,3,6,2.0,top,0.07087475234635832,82.22731006812542,5000
19,metaweb,post_burn_in,4,7,2.0,top,0.29344183855409056,19.122679090734895,5000
19,metaweb,post_burn_in,5,8,2.0,top,0.09755723523026401,29.082400131003837,5000
19,metaweb,post_burn_in,6,9,2.0,top,0.04840469551615811,2.7882101052415864,5000
19,metaweb,post_burn_in,7,10,2.0,top,0.056966379355422425,2.550165856129097,5000
19,metaweb,post_burn_in,8,11,2.0,top,0.44986983157663923,49.40222527653174,5000
19,metaweb,post_burn_in,9,12,2.0,top,0.10470198680677922,24.24339087962233,5000
19,metaweb,post_burn_in,10,15,2.0,top,0.09624783509206432,48.04473956264312,5000
19,metaweb,post_burn_in,11,16,2.0,top,0.2256340418554282,75.71205199358236,5000
19,metaweb,post_burn_in,12,17,2.0,top,0.06406798028965828,74.4733402480792,5000
19,metaweb,post_burn_in,13,18,2.0,top,0.1016018907853153,44.812122523144076,5000
19,metaweb,post_burn_in,14,27,2.0,top,0.03891990253887794,80.92290548805502,5000
19,metaweb,post_burn_in,15,28,2.0,top,0.45675161456026936,52.96360122059737,5000
19,metaweb,post_burn_in,16,29,2.0,top,0.06470956848700093,69.61445577907823,5000
19,metaweb,post_burn_in,17,30,2.0,top,0.07070213716843779,56.00701014958225,5000
19,metaweb,post_burn_in,18,31,2.0,top,0.10689379104300484,45.457402766576955,5000
19,metaweb,post_burn_in,19,32,2.0,top,0.06804984346750993,17.459994161558303,5000
19,metaweb,post_burn_in,20,33,2.0,top,0.17215052910940626,58.07245070238401,5000
19,metaweb,post_burn_in,21,34,2.0,top,0.014524185127966393,56.28906464737932,5000
19,metaweb,post_burn_in,22,37,1.0,basal,0.21361727108472792,0.6,5000
19,metaweb,post_burn_in,23,38,1.0,basal,0.21361727108472786,1.9,5000
19,metaweb,post_burn_in,24,39,1.0,basal,0.21361727108472786,6.0,5000
19,metaweb,post_burn_in,25,40,1.0,basal,0.21361727108472792,19.0,5000
19,metaweb,post_burn_in,26,41,1.0,basal,0.21361727108472792,60.0,5000
19,metaweb,post_burn_in,27,42,1.0,basal,0.2136172710847278,190.0,5000
19,metaweb,post_burn_in,28,43,1.0,basal,0.21361727108472792,600.0,5000
19,metaweb,post_burn_in,29,44,1.0,basal,0.2136172710847278,1900.0,5000
19,metaweb,post_burn_in,30,45,2.0,top,0.09459498583714047,0.6,5000
19,metaweb,post_burn_in,31,46,2.0,top,0.0864168699269156,1.9,5000
19,metaweb,post_burn_in,32,47,2.0,top,0.09787432931468981,6.0,5000
19,metaweb,post_burn_in,33,48,2.0,top,0.09271625140113235,19.0,5000
19,metaweb,post_burn_in,34,49,2.0,top,0.0988447598078339,60.0,5000
19,metaweb,post_burn_in,35,50,2.0,top,0.0856163240654644,190.0,5000
19,metaweb,post_burn_in,36,51,2.0,top,0.09548055618135236,600.0,5000
19,metaweb,post_burn_in,37,52,2.0,top,0.06299309557112892,1900.0,5000
19,niche,post_burn_in,1,1,3.68395721983884,intermediate,0.3652330727174252,116.07843650722289,5000
19,niche,post_burn_in,2,2,4.186506202786495,intermediate,3.2559428616607157e-10,53.58887028545587,5000
19,niche,post_burn_in,3,4,3.262944164495838,intermediate,0.15606596998205588,1.1263522832051944,5000
19,niche,post_burn_in,4,6,3.2516753272567227,intermediate,0.27348043241046155,82.22731006812542,5000
19,niche,post_burn_in,5,7,3.312892211148025,intermediate,0.28275914560482723,19.122679090734895,5000
19,niche,post_burn_in,6,9,3.5355624246103328,intermediate,0.12208270200843072,2.7882101052415864,5000
19,niche,post_burn_in,7,10,3.9685248667278468,intermediate,0.35041518569390545,2.550165856129097,5000
19,niche,post_burn_in,8,11,4.006649107952128,intermediate,0.19330884062650142,49.40222527653174,5000
19,niche,post_burn_in,9,12,2.803724053724053,intermediate,0.07025532131132492,24.24339087962233,5000
19,niche,post_burn_in,10,13,3.634649988332973,intermediate,0.26546835254799567,19.51233001942045,5000
19,niche,post_burn_in,11,14,3.8010850223666846,intermediate,0.04003725844914165,87.26693323147481,5000
19,niche,post_burn_in,12,15,3.6669230439531106,intermediate,0.1133725274062845,48.04473956264312,5000
19,niche,post_burn_in,13,16,3.904615651170031,intermediate,0.00023538312338690885,75.71205199358236,5000
19,niche,post_burn_in,14,17,2.980255629383536,intermediate,0.0016421831872659425,74.4733402480792,5000
19,niche,post_burn_in,15,19,2.5,intermediate,0.4850689604468758,213.5467620786227,5000
19,niche,post_burn_in,16,20,1.75,intermediate,0.159272597373149,136.27311879132145,5000
19,niche,post_burn_in,17,21,2.746315192743764,intermediate,0.20088225916478536,110.83379466569609,5000
19,niche,post_burn_in,18,22,2.797619047619047,intermediate,0.12333597515805196,79.17046478524352,5000
19,niche,post_burn_in,19,23,2.8862433862433865,intermediate,0.07975232918375608,59.448514404227495,5000
19,niche,post_burn_in,20,25,3.3945874861572536,intermediate,0.24925218759985462,33.47046003408886,5000
19,niche,post_burn_in,21,26,3.18265368162769,intermediate,0.11192898928721054,0.4825270181938187,5000
19,niche,post_burn_in,22,28,1.0,basal,0.9484981122825742,52.96360122059737,5000
19,niche,post_burn_in,23,29,2.0,intermediate,0.2934697455521032,69.61445577907823,5000
19,niche,post_burn_in,24,30,2.0,intermediate,0.455825177778228,56.00701014958225,5000
19,niche,post_burn_in,25,31,2.8229842324526713,intermediate,0.14373442146986895,45.457402766576955,5000
19,niche,post_burn_in,26,32,2.6506090808416385,intermediate,0.24629514444012873,17.459994161558303,5000
19,niche,post_burn_in,27,33,1.0,basal,0.3679100694687203,58.07245070238401,5000
19,niche,post_burn_in,28,34,2.8333333333333335,intermediate,0.05578559230580568,56.28906464737932,5000
19,niche,post_burn_in,29,36,2.6666666666666665,intermediate,5.646436602800526e-6,25.300238506617905,5000
19,niche,post_burn_in,30,37,1.0,basal,0.8023672230115176,0.6,5000
19,niche,post_burn_in,31,39,2.1666666666666665,intermediate,0.09022672350647698,6.0,5000
19,niche,post_burn_in,32,40,2.226190476190476,intermediate,0.212390753562096,19.0,5000
19,niche,post_burn_in,33,41,1.75,intermediate,0.029350431376281485,60.0,5000
19,niche,post_burn_in,34,42,1.0,basal,0.8006124397615363,190.0,5000
19,niche,post_burn_in,35,43,2.1666666666666665,intermediate,0.050176810363056656,600.0,5000
19,niche,post_burn_in,36,44,3.0,intermediate,0.02531152522668007,1900.0,5000
19,niche,post_burn_in,37,46,2.0,intermediate,0.10457805426542219,1.9,5000
19,niche,post_burn_in,38,47,1.0,basal,0.7211744691549903,6.0,5000
19,niche,post_burn_in,39,48,2.0,intermediate,0.160981660574364,19.0,5000
19,niche,post_burn_in,40,49,1.0,basal,0.2758979252444833,60.0,5000
19,niche,post_burn_in,41,51,1.0,basal,0.5362756446836558,600.0,5000
19,niche,post_burn_in,42,52,1.0,basal,0.5362756446836558,1900.0,5000
19,down_rand,post_burn_in,1,4,2.0,top,0.12486640356255671,1.1263522832051944,5000
19,down_rand,post_burn_in,2,13,2.9999999999999996,top,0.18909551607786543,19.51233001942045,5000
19,down_rand,post_burn_in,3,37,1.0,basal,0.2328698904330125,0.6,5000
19,down_rand,post_burn_in,4,38,1.0,basal,0.18520046282541658,1.9,5000
19,down_rand,post_burn_in,5,39,1.0,basal,0.14573677285545125,6.0,5000
19,down_rand,post_burn_in,6,40,1.0,basal,0.11339387625793527,19.0,5000
19,down_rand,post_burn_in,7,41,1.0,basal,0.087545572692307,60.0,5000
19,down_rand,post_burn_in,8,42,1.0,basal,0.06709886976316873,190.0,5000
19,down_rand,post_burn_in,9,43,1.0,basal,0.051193184330668044,600.0,5000
19,down_rand,post_burn_in,10,44,1.0,basal,0.03887464217927253,1900.0,5000
19,down_rand,post_burn_in,11,45,2.0,intermediate,0.456374267213505,0.6,5000
19,down_link,post_burn_in,1,3,2.0000000000000004,top,3.588828574938473e-11,56.917897605405855,5000
19,down_link,post_burn_in,2,4,2.0,intermediate,0.1622680382209482,1.1263522832051944,5000
19,down_link,post_burn_in,3,7,1.9999999999999998,top,5.624430560244541e-10,19.122679090734895,5000
19,down_link,post_burn_in,4,8,2.0,top,2.505798695983976e-10,29.082400131003837,5000
19,down_link,post_burn_in,5,9,2.0000000000000004,intermediate,3.987357667180146e-9,2.7882101052415864,5000
19,down_link,post_burn_in,6,10,2.0000000000000004,intermediate,1.9435508771743512e-8,2.550165856129097,5000
19,down_link,post_burn_in,7,11,1.9999999999999998,top,1.6738687971972896e-10,49.40222527653174,5000
19,down_link,post_burn_in,8,12,2.0000000000000004,top,4.987407236607839e-10,24.24339087962233,5000
19,down_link,post_burn_in,9,13,3.0,top,4.8502434923002425e-9,19.51233001942045,5000
19,down_link,post_burn_in,10,15,1.9999999999999996,top,4.67648846577259e-10,48.04473956264312,5000
19,down_link,post_burn_in,11,16,2.0000000000000004,top,1.8063894524725678e-10,75.71205199358236,5000
19,down_link,post_burn_in,12,17,2.0,top,1.415865404133739e-10,74.4733402480792,5000
19,down_link,post_burn_in,13,18,1.9999999999999996,top,2.9188691725266176e-10,44.812122523144076,5000
19,down_link,post_burn_in,14,26,1.9999999999999996,intermediate,0.05249311292464891,0.4825270181938187,5000
19,down_link,post_burn_in,15,27,2.0000000000000004,top,2.980756203383687e-11,80.92290548805502,5000
19,down_link,post_burn_in,16,28,2.0000000000000004,top,2.6146314992502912e-9,52.96360122059737,5000
19,down_link,post_burn_in,17,29,1.9999999999999998,top,1.4592401816016067e-11,69.61445577907823,5000
19,down_link,post_burn_in,18,30,2.0000000000000004,top,9.402162525470268e-12,56.00701014958225,5000
19,down_link,post_burn_in,19,31,1.9999999999999996,top,3.3434785109554434e-10,45.457402766576955,5000
19,down_link,post_burn_in,20,32,1.9999999999999996,top,6.033787882864479e-10,17.459994161558303,5000
19,down_link,post_burn_in,21,33,2.0000000000000004,top,8.729199917330302e-11,58.07245070238401,5000
19,down_link,post_burn_in,22,34,1.9999999999999996,top,4.6694710220908005e-11,56.28906464737932,5000
19,down_link,post_burn_in,23,35,3.0,top,2.211809852768462e-10,60.282830712141006,5000
19,down_link,post_burn_in,24,36,3.0,top,1.4566997137642555e-9,25.300238506617905,5000
19,down_link,post_burn_in,25,37,1.0,basal,0.23989646255180014,0.6,5000
19,down_link,post_burn_in,26,38,1.0,basal,0.29512757032013726,1.9,5000
19,down_link,post_burn_in,27,39,1.0,basal,0.11630689555218804,6.0,5000
19,down_link,post_burn_in,28,40,1.0,basal,0.08980261682051628,19.0,5000
19,down_link,post_burn_in,29,41,1.0,basal,0.06891198148305172,60.0,5000
19,down_link,post_burn_in,30,42,1.0,basal,0.05256570800108768,190.0,5000
19,down_link,post_burn_in,31,43,1.0,basal,0.2058059392829583,600.0,5000
19,down_link,post_burn_in,32,44,1.0,basal,0.030445313691152207,1900.0,5000
19,down_link,post_burn_in,33,45,2.0,intermediate,0.3115560436145601,0.6,5000
19,down_link,post_burn_in,34,46,2.0,intermediate,0.2472533153940136,1.9,5000
19,down_link,post_burn_in,35,47,1.9999999999999998,intermediate,0.015094336024707701,6.0,5000
19,down_link,post_burn_in,36,48,2.0,intermediate,8.469467218396268e-9,19.0,5000
19,down_link,post_burn_in,37,49,2.0,intermediate,1.0569002526552473e-10,60.0,5000
19,down_link,post_burn_in,38,50,2.0,intermediate,7.13556543088637e-11,190.0,5000
19,down_link,post_burn_in,39,51,2.0,intermediate,8.110228066873249e-11,600.0,5000
19,down_link,post_burn_in,40,52,2.0,intermediate,1.537053388030801e-10,1900.0,5000
19,down_niche,post_burn_in,1,3,2.0000000000000004,top,0.0019510258983643524,56.917897605405855,5000
19,down_niche,post_burn_in,2,4,1.9999999999999996,top,0.001072846053326598,1.1263522832051944,5000
19,down_niche,post_burn_in,3,6,1.9999999999999996,top,0.0029483899935264742,82.22731006812542,5000
19,down_niche,post_burn_in,4,7,1.9999999999999996,top,0.006461408076699833,19.122679090734895,5000
19,down_niche,post_burn_in,5,8,1.9999999999999996,top,0.0017387446985235534,29.082400131003837,5000
19,down_niche,post_burn_in,6,9,1.9999999999999996,top,0.0009244518952900916,2.7882101052415864,5000
19,down_niche,post_burn_in,7,10,2.0,top,0.29510726273702825,2.550165856129097,5000
19,down_niche,post_burn_in,8,11,2.0,top,0.8321923615039192,49.40222527653174,5000
19,down_niche,post_burn_in,9,12,2.0,top,0.13796222868065183,24.24339087962233,5000
19,down_niche,post_burn_in,10,15,1.9999999999999996,top,0.0017970284917690404,48.04473956264312,5000
19,down_niche,post_burn_in,11,16,1.9999999999999996,top,0.00496832226653887,75.71205199358236,5000
19,down_niche,post_burn_in,12,17,2.0,top,0.13890866428124624,74.4733402480792,5000
19,down_niche,post_burn_in,13,18,2.0,top,0.14980749081729047,44.812122523144076,5000
19,down_niche,post_burn_in,14,27,1.9999999999999996,top,0.0008569922198144367,80.92290548805502,5000
19,down_niche,post_burn_in,15,28,2.0,top,0.8449226377541703,52.96360122059737,5000
19,down_niche,post_burn_in,16,29,1.9999999999999996,top,0.0018594627076739764,69.61445577907823,5000
19,down_niche,post_burn_in,17,30,2.0,top,0.14112216617011125,56.00701014958225,5000
19,down_niche,post_burn_in,18,31,1.9999999999999996,top,0.031067014102110838,45.457402766576955,5000
19,down_niche,post_burn_in,19,32,2.0000000000000004,top,5.6574385792583166e-5,17.459994161558303,5000
19,down_niche,post_burn_in,20,33,1.9999999999999996,top,0.003790648343385983,58.07245070238401,5000
19,down_niche,post_burn_in,21,34,1.9999999999999996,top,0.0003404679124184526,56.28906464737932,5000
19,down_niche,post_burn_in,22,37,1.0,basal,0.21316519458995872,0.6,5000
19,down_niche,post_burn_in,23,38,1.0,basal,0.21316519458995872,1.9,5000
19,down_niche,post_burn_in,24,39,1.0,basal,0.2149184571068305,6.0,5000
19,down_niche,post_burn_in,25,40,1.0,basal,0.21489784349568328,19.0,5000
19,down_niche,post_burn_in,26,41,1.0,basal,0.21316519458995858,60.0,5000
19,down_niche,post_burn_in,27,42,1.0,basal,0.21316519458995872,190.0,5000
19,down_niche,post_burn_in,28,43,1.0,basal,0.2132925304772087,600.0,5000
19,down_niche,post_burn_in,29,44,1.0,basal,0.21316519458995858,1900.0,5000
19,down_niche,post_burn_in,30,45,2.0,top,0.13995282626967467,0.6,5000
19,down_niche,post_burn_in,31,46,2.0,top,0.13010563401244152,1.9,5000
19,down_niche,post_burn_in,32,47,2.0,top,0.14380632243463737,6.0,5000
19,down_niche,post_burn_in,33,48,2.0,top,0.1377209528973876,19.0,5000
19,down_niche,post_burn_in,34,49,1.9999999999999998,top,0.001990580174589533,60.0,5000
19,down_niche,post_burn_in,35,50,2.0,top,0.12912302440816734,190.0,5000
19,down_niche,post_burn_in,36,51,2.0,top,0.14099870807092246,600.0,5000
19,down_niche,post_burn_in,37,52,1.9999999999999998,top,0.0013091563399975803,1900.0,5000
19,atn,post_burn_in,1,1,2.1000000000000005,intermediate,0.0005492870166635998,116.07843650722289,5000
19,atn,post_burn_in,2,2,2.0,intermediate,0.09682295675078824,53.58887028545587,5000
19,atn,post_burn_in,3,3,2.0,intermediate,0.0816813583617777,56.917897605405855,5000
19,atn,post_burn_in,4,4,1.0,basal,0.408011235448398,1.1263522832051944,5000
19,atn,post_burn_in,5,5,2.0,intermediate,0.09373945712598582,54.23514562192448,5000
19,atn,post_burn_in,6,6,2.1000000000000005,intermediate,0.17193304440943027,82.22731006812542,5000
19,atn,post_burn_in,7,7,2.0000000000000004,intermediate,0.1281921757645065,19.122679090734895,5000
19,atn,post_burn_in,8,8,2.0,intermediate,0.3108245743437899,29.082400131003837,5000
19,atn,post_burn_in,9,9,1.0,basal,0.4224986409592717,2.7882101052415864,5000
19,atn,post_burn_in,10,10,1.0,basal,0.42795142790609797,2.550165856129097,5000
19,atn,post_burn_in,11,11,2.0,intermediate,0.11872437116248787,49.40222527653174,5000
19,atn,post_burn_in,12,12,2.0000000000000004,intermediate,0.25283904108163097,24.24339087962233,5000
19,atn,post_burn_in,13,13,2.0000000000000004,intermediate,0.12443365584782744,19.51233001942045,5000
19,atn,post_burn_in,14,14,2.1,intermediate,0.1356444607431095,87.26693323147481,5000
19,atn,post_burn_in,15,15,2.0,intermediate,0.12663073145769785,48.04473956264312,5000
19,atn,post_burn_in,16,16,2.1,intermediate,0.2260206442497953,75.71205199358236,5000
19,atn,post_burn_in,17,17,2.1,intermediate,0.23737111201409192,74.4733402480792,5000
19,atn,post_burn_in,18,18,2.0,intermediate,0.1473428710979703,44.812122523144076,5000
19,atn,post_burn_in,19,19,2.357142857142857,top,1.9142811475230597,213.5467620786227,5000
19,atn,post_burn_in,20,20,2.1,intermediate,1.9697870729145065e-11,136.27311879132145,5000
19,atn,post_burn_in,21,21,2.1,intermediate,0.010531341150956735,110.83379466569609,5000
19,atn,post_burn_in,22,22,2.1,intermediate,0.1962029282845478,79.17046478524352,5000
19,atn,post_burn_in,23,23,2.0,intermediate,0.07129844809920623,59.448514404227495,5000
19,atn,post_burn_in,24,24,2.1,intermediate,0.3519578387886699,63.899465145003795,5000
19,atn,post_burn_in,25,25,2.0,intermediate,0.2504435302060529,33.47046003408886,5000
19,atn,post_burn_in,26,26,1.0,basal,0.4618644775639578,0.4825270181938187,5000
19,atn,post_burn_in,27,27,2.1,intermediate,0.1820649412380401,80.92290548805502,5000
19,atn,post_burn_in,28,28,2.0,intermediate,0.09987701676984377,52.96360122059737,5000
19,atn,post_burn_in,29,29,2.1,intermediate,0.28575955337223236,69.61445577907823,5000
19,atn,post_burn_in,30,30,2.0,intermediate,0.08564702908010566,56.00701014958225,5000
19,atn,post_burn_in,31,31,2.0,intermediate,0.1429787440661912,45.457402766576955,5000
19,atn,post_burn_in,32,32,2.0,intermediate,0.09443842243477736,17.459994161558303,5000
19,atn,post_burn_in,33,33,2.0,intermediate,0.07683255894489391,58.07245070238401,5000
19,atn,post_burn_in,34,34,2.0,intermediate,0.08440544580435973,56.28906464737932,5000
19,atn,post_burn_in,35,35,2.1,intermediate,0.40020416568975864,60.282830712141006,5000
19,atn,post_burn_in,36,36,2.0,intermediate,0.23461527956106365,25.300238506617905,5000
19,atn,post_burn_in,37,37,1.0,basal,0.4184036691885007,0.6,5000
19,atn,post_burn_in,38,38,1.0,basal,0.3756391894366717,1.9,5000
19,atn,post_burn_in,39,39,1.0,basal,0.4924703149484308,6.0,5000
19,atn,post_burn_in,40,40,1.0,basal,0.6362579678979194,19.0,5000
19,atn,post_burn_in,41,41,1.0,basal,0.7954338796091126,60.0,5000
19,atn,post_burn_in,42,42,1.0,basal,0.9013063525414855,190.0,5000
19,atn,post_burn_in,43,45,1.0,basal,0.41840366918849936,0.6,5000
19,atn,post_burn_in,44,46,1.0,basal,0.37563918943667246,1.9,5000
19,atn,post_burn_in,45,47,2.0,intermediate,0.13631226557054127,6.0,5000
19,atn,post_burn_in,46,48,2.0,intermediate,0.12542553415230878,19.0,5000
19,atn,post_burn_in,47,49,2.0999999999999996,intermediate,0.1290176032583079,60.0,5000
19,atn,post_burn_in,48,50,2.25,intermediate,0.08124196938334316,190.0,5000
19,atn,post_burn_in,49,51,2.762068965517241,top,1.5669150628879145,600.0,5000
19,atn,post_burn_in,50,52,2.9371794871794865,top,1.624261234593956,1900.0,5000
20,down_power,creation,1,1,4.196263979103683,intermediate,0.9607648900054377,244.542697640799,5000
20,down_power,creation,2,2,3.824002887554606,intermediate,0.9484518467809623,95.01006685368891,5000
20,down_power,creation,3,3,1.9999999999999998,intermediate,0.3525822843855131,79.20242365476706,5000
20,down_power,creation,4,4,2.0,intermediate,0.5230120351885998,4.130596626949408,5000
20,down_power,creation,5,5,3.6072746960599575,intermediate,0.24437232921816743,78.35571597817645,5000
20,down_power,creation,6,6,2.0000000000000004,intermediate,0.849891526386908,81.45209046926153,5000
20,down_power,creation,7,7,1.9999999999999996,top,0.9255373562496658,36.431826604230665,5000
20,down_power,creation,8,8,1.9999999999999998,intermediate,0.1385780112717656,40.501898803719065,5000
20,down_power,creation,9,9,2.0,intermediate,0.07995777501029355,3.04225873334817,5000
20,down_power,creation,10,10,1.9999999999999998,intermediate,0.259560098076703,5.5263661517354645,5000
20,down_power,creation,11,11,2.0,top,0.5929466304640253,36.303087977481184,5000
20,down_power,creation,12,12,1.9999999999999998,intermediate,0.9038220496058331,13.79270271446748,5000
20,down_power,creation,13,13,3.0,intermediate,0.880153023056704,24.67177981871714,5000
20,down_power,creation,14,14,2.8357487922705324,intermediate,0.6015856053095683,53.368928925671675,5000
20,down_power,creation,15,15,1.9999999999999998,intermediate,0.9305160653569312,21.361237758851217,5000
20,down_power,creation,16,16,1.9999999999999998,top,0.378602594835752,71.0567084594721,5000
20,down_power,creation,17,17,2.0000000000000004,intermediate,0.47948688926556693,70.61521846226172,5000
20,down_power,creation,18,18,1.9999999999999998,intermediate,0.4105711155687164,29.416358305947135,5000
20,down_power,creation,19,19,4.248795567330895,intermediate,0.5014933396803667,202.53973688382322,5000
20,down_power,creation,20,20,4.455860422785478,intermediate,0.6351399523291857,285.23604308777954,5000
20,down_power,creation,21,21,4.038858709168765,intermediate,0.2039939167950362,193.2481111875856,5000
20,down_power,creation,22,22,3.638832689005098,intermediate,0.49813789628669836,57.205137880606046,5000
20,down_power,creation,23,23,3.636192538729482,intermediate,0.6518691850340551,81.45845016287475,5000
20,down_power,creation,24,24,3.595769487477201,intermediate,0.5886169049649137,75.24589156589738,5000
20,down_power,creation,25,25,3.2222222222222223,intermediate,0.3409744963744653,23.819469103784723,5000
20,down_power,creation,26,26,3.3333333333333326,intermediate,0.4712791432014647,7.176836162479697,5000
20,down_power,creation,27,27,2.0,top,0.33292513214391983,68.14458459265786,5000
20,down_power,creation,28,28,2.0,top,0.06708220700173428,89.91091978800948,5000
20,down_power,creation,29,29,1.9999999999999996,intermediate,0.4069598460460466,67.5623906149204,5000
20,down_power,creation,30,30,1.9999999999999996,intermediate,0.7546505156636678,95.51102546761412,5000
20,down_power,creation,31,31,1.9999999999999996,intermediate,0.2138574753549829,22.96227719471559,5000
20,down_power,creation,32,32,1.9999999999999996,intermediate,0.3675679734323255,15.432281134462054,5000
20,down_power,creation,33,33,1.9999999999999998,top,0.6614868750337425,77.0549127917717,5000
20,down_power,creation,34,34,1.9999999999999996,intermediate,0.8782588607767057,53.51769438641681,5000
20,down_power,creation,35,35,2.9999999999999996,intermediate,0.9729391034689158,60.61008150568732,5000
20,down_power,creation,36,36,3.0,intermediate,0.3177877937886966,44.1189643266358,5000
20,down_power,creation,37,37,1.0,basal,0.5923595206893068,0.6,5000
20,down_power,creation,38,38,1.0,basal,0.062159224734217866,1.9,5000
20,down_power,creation,39,39,1.0,basal,0.2467257381204735,6.0,5000
20,down_power,creation,40,40,1.0,basal,0.7829298789181051,19.0,5000
20,down_power,creation,41,41,1.0,basal,0.8988893332422061,60.0,5000
20,down_power,creation,42,42,1.0,basal,0.934948282217023,190.0,5000
20,down_power,creation,43,43,1.0,basal,0.4686609429081794,600.0,5000
20,down_power,creation,44,44,1.0,basal,0.6053739613793835,1900.0,5000
20,down_power,creation,45,45,2.0000000000000004,intermediate,0.31435073164844873,0.6,5000
20,down_power,creation,46,46,2.0,intermediate,0.6383148633426519,1.9,5000
20,down_power,creation,47,47,1.9999999999999998,intermediate,0.5631102963369289,6.0,5000
20,down_power,creation,48,48,2.0,intermediate,0.509209904209984,19.0,5000
20,down_power,creation,49,49,1.9999999999999998,intermediate,0.7817851163809695,60.0,5000
20,down_power,creation,50,50,1.9999999999999998,intermediate,0.5741090664770063,190.0,5000
20,down_power,creation,51,51,2.0000000000000004,intermediate,0.3498792446258734,600.0,5000
20,down_power,creation,52,52,1.9999999999999996,intermediate,0.406091905995694,1900.0,5000
20,metaweb,creation,1,1,4.0613354240613635,intermediate,0.9607648900054377,244.542697640799,5000
20,metaweb,creation,2,2,3.5954723098103645,intermediate,0.9484518467809623,95.01006685368891,5000
20,metaweb,creation,3,3,2.0,intermediate,0.3525822843855131,79.20242365476706,5000
20,metaweb,creation,4,4,2.0,intermediate,0.5230120351885998,4.130596626949408,5000
20,metaweb,creation,5,5,3.5954723098103667,intermediate,0.24437232921816743,78.35571597817645,5000
20,metaweb,creation,6,6,2.0,intermediate,0.849891526386908,81.45209046926153,5000
20,metaweb,creation,7,7,2.0,top,0.9255373562496658,36.431826604230665,5000
20,metaweb,creation,8,8,2.0,intermediate,0.1385780112717656,40.501898803719065,5000
20,metaweb,creation,9,9,2.0,intermediate,0.07995777501029355,3.04225873334817,5000
20,metaweb,creation,10,10,2.0,intermediate,0.259560098076703,5.5263661517354645,5000
20,metaweb,creation,11,11,2.0,top,0.5929466304640253,36.303087977481184,5000
20,metaweb,creation,12,12,2.0,intermediate,0.9038220496058331,13.79270271446748,5000
20,metaweb,creation,13,13,3.0,intermediate,0.880153023056704,24.67177981871714,5000
20,metaweb,creation,14,14,2.8392621870882753,intermediate,0.6015856053095683,53.368928925671675,5000
20,metaweb,creation,15,15,2.0,intermediate,0.9305160653569312,21.361237758851217,5000
20,metaweb,creation,16,16,2.0,top,0.378602594835752,71.0567084594721,5000
20,metaweb,creation,17,17,2.0,intermediate,0.47948688926556693,70.61521846226172,5000
20,metaweb,creation,18,18,2.0,intermediate,0.4105711155687164,29.416358305947135,5000
20,metaweb,creation,19,19,4.0613354240613635,intermediate,0.5014933396803667,202.53973688382322,5000
20,metaweb,creation,20,20,4.061335424061364,intermediate,0.6351399523291857,285.23604308777954,5000
20,metaweb,creation,21,21,4.061335424061364,intermediate,0.2039939167950362,193.2481111875856,5000
20,metaweb,creation,22,22,3.5954723098103636,intermediate,0.49813789628669836,57.205137880606046,5000
20,metaweb,creation,23,23,3.5954723098103654,intermediate,0.6518691850340551,81.45845016287475,5000
20,metaweb,creation,24,24,3.5762090864680016,intermediate,0.5886169049649137,75.24589156589738,5000
20,metaweb,creation,25,25,3.303030303030302,intermediate,0.3409744963744653,23.819469103784723,5000
20,metaweb,creation,26,26,3.3333333333333335,intermediate,0.4712791432014647,7.176836162479697,5000
20,metaweb,creation,27,27,2.0,top,0.33292513214391983,68.14458459265786,5000
20,metaweb,creation,28,28,2.0,top,0.06708220700173428,89.91091978800948,5000
20,metaweb,creation,29,29,2.0,intermediate,0.4069598460460466,67.5623906149204,5000
20,metaweb,creation,30,30,2.0,intermediate,0.7546505156636678,95.51102546761412,5000
20,metaweb,creation,31,31,2.0,intermediate,0.2138574753549829,22.96227719471559,5000
20,metaweb,creation,32,32,2.0,intermediate,0.3675679734323255,15.432281134462054,5000
20,metaweb,creation,33,33,2.0,top,0.6614868750337425,77.0549127917717,5000
20,metaweb,creation,34,34,2.0,intermediate,0.8782588607767057,53.51769438641681,5000
20,metaweb,creation,35,35,3.0,intermediate,0.9729391034689158,60.61008150568732,5000
20,metaweb,creation,36,36,3.0,intermediate,0.3177877937886966,44.1189643266358,5000
20,metaweb,creation,37,37,1.0,basal,0.5923595206893068,0.6,5000
20,metaweb,creation,38,38,1.0,basal,0.062159224734217866,1.9,5000
20,metaweb,creation,39,39,1.0,basal,0.2467257381204735,6.0,5000
20,metaweb,creation,40,40,1.0,basal,0.7829298789181051,19.0,5000
20,metaweb,creation,41,41,1.0,basal,0.8988893332422061,60.0,5000
20,metaweb,creation,42,42,1.0,basal,0.934948282217023,190.0,5000
20,metaweb,creation,43,43,1.0,basal,0.4686609429081794,600.0,5000
20,metaweb,creation,44,44,1.0,basal,0.6053739613793835,1900.0,5000
20,metaweb,creation,45,45,2.0,intermediate,0.31435073164844873,0.6,5000
20,metaweb,creation,46,46,2.0,intermediate,0.6383148633426519,1.9,5000
20,metaweb,creation,47,47,2.0,intermediate,0.5631102963369289,6.0,5000
20,metaweb,creation,48,48,2.0,intermediate,0.509209904209984,19.0,5000
20,metaweb,creation,49,49,2.0,intermediate,0.7817851163809695,60.0,5000
20,metaweb,creation,50,50,2.0,intermediate,0.5741090664770063,190.0,5000
20,metaweb,creation,51,51,2.0,intermediate,0.3498792446258734,600.0,5000
20,metaweb,creation,52,52,2.0,intermediate,0.406091905995694,1900.0,5000
20,niche,creation,1,1,3.843408772445381,intermediate,0.9607648900054377,244.542697640799,5000
20,niche,creation,2,2,2.4149158224303076,intermediate,0.9484518467809623,95.01006685368891,5000
20,niche,creation,3,3,3.347454778480122,intermediate,0.3525822843855131,79.20242365476706,5000
20,niche,creation,4,4,2.676412805385456,intermediate,0.5230120351885998,4.130596626949408,5000
20,niche,creation,5,5,3.1949270143957373,intermediate,0.24437232921816743,78.35571597817645,5000
20,niche,creation,6,6,3.000000000000007,intermediate,0.849891526386908,81.45209046926153,5000
20,niche,creation,7,7,3.3721874881296103,intermediate,0.9255373562496658,36.431826604230665,5000
20,niche,creation,8,8,3.586973820607027,intermediate,0.1385780112717656,40.501898803719065,5000
20,niche,creation,9,9,0.9999999999999971,basal,0.07995777501029355,3.04225873334817,5000
20,niche,creation,10,10,1.997807222580168,intermediate,0.259560098076703,5.5263661517354645,5000
20,niche,creation,11,11,0.6370808615709241,intermediate,0.5929466304640253,36.303087977481184,5000
20,niche,creation,12,12,2.0000000000000067,intermediate,0.9038220496058331,13.79270271446748,5000
20,niche,creation,13,13,1.9979362094872188,intermediate,0.880153023056704,24.67177981871714,5000
20,niche,creation,14,14,3.1652637291805066,intermediate,0.6015856053095683,53.368928925671675,5000
20,niche,creation,15,15,2.1537038488965567,intermediate,0.9305160653569312,21.361237758851217,5000
20,niche,creation,16,16,2.4419538837440484,intermediate,0.378602594835752,71.0567084594721,5000
20,niche,creation,17,17,2.441953883744049,intermediate,0.47948688926556693,70.61521846226172,5000
20,niche,creation,18,18,2.426822234269054,intermediate,0.4105711155687164,29.416358305947135,5000
20,niche,creation,19,19,0.709938311118297,intermediate,0.5014933396803667,202.53973688382322,5000
20,niche,creation,20,20,2.8228829278994914,intermediate,0.6351399523291857,285.23604308777954,5000
20,niche,creation,21,21,2.164795559467817,intermediate,0.2039939167950362,193.2481111875856,5000
20,niche,creation,22,22,3.1652637291805052,intermediate,0.49813789628669836,57.205137880606046,5000
20,niche,creation,23,23,2.1742549358779115,intermediate,0.6518691850340551,81.45845016287475,5000
20,niche,creation,24,24,2.992958764976915,intermediate,0.5886169049649137,75.24589156589738,5000
20,niche,creation,25,25,2.000000000000005,intermediate,0.3409744963744653,23.819469103784723,5000
20,niche,creation,26,26,2.0000000000000067,intermediate,0.4712791432014647,7.176836162479697,5000
20,niche,creation,27,27,2.4957911875415,intermediate,0.33292513214391983,68.14458459265786,5000
20,niche,creation,28,28,1.0000000000000004,basal,0.06708220700173428,89.91091978800948,5000
20,niche,creation,29,29,0.7794617117217965,intermediate,0.4069598460460466,67.5623906149204,5000
20,niche,creation,30,30,1.7511212498326263,intermediate,0.7546505156636678,95.51102546761412,5000
20,niche,creation,31,31,1.1723725607306676,intermediate,0.2138574753549829,22.96227719471559,5000
20,niche,creation,32,32,1.7897231832699665,intermediate,0.3675679734323255,15.432281134462054,5000
20,niche,creation,33,33,0.6206209345511123,intermediate,0.6614868750337425,77.0549127917717,5000
20,niche,creation,34,34,1.9827328504566735,intermediate,0.8782588607767057,53.51769438641681,5000
20,niche,creation,35,35,2.3922048714802866,intermediate,0.9729391034689158,60.61008150568732,5000
20,niche,creation,36,36,1.0000000000000022,basal,0.3177877937886966,44.1189643266358,5000
20,niche,creation,37,37,0.9654657009133363,intermediate,0.5923595206893068,0.6,5000
20,niche,creation,38,38,1.1723725607306679,intermediate,0.062159224734217866,1.9,5000
20,niche,creation,39,39,1.4769771339422202,intermediate,0.2467257381204735,6.0,5000
20,niche,creation,40,40,1.0,basal,0.7829298789181051,19.0,5000
20,niche,creation,41,41,1.0,basal,0.8988893332422061,60.0,5000
20,niche,creation,42,42,1.604969155559157,intermediate,0.934948282217023,190.0,5000
20,niche,creation,43,43,1.0000000000000036,basal,0.4686609429081794,600.0,5000
20,niche,creation,44,44,-3.743106351905825,intermediate,0.6053739613793835,1900.0,5000
20,niche,creation,45,45,1.0000000000000022,basal,0.31435073164844873,0.6,5000
20,niche,creation,46,46,2.000000000000007,intermediate,0.6383148633426519,1.9,5000
20,niche,creation,47,47,1.000000000000006,basal,0.5631102963369289,6.0,5000
20,niche,creation,48,48,-1.5801233777634032,intermediate,0.509209904209984,19.0,5000
20,niche,creation,49,49,-4.743106351905826,intermediate,0.7817851163809695,60.0,5000
20,niche,creation,50,50,1.0000000000000007,basal,0.5741090664770063,190.0,5000
20,niche,creation,51,51,-2.5801233777634036,intermediate,0.3498792446258734,600.0,5000
20,niche,creation,52,52,1.0000000000000009,basal,0.406091905995694,1900.0,5000
20,down_rand,creation,1,1,3.990730065830473,intermediate,0.9607648900054377,244.542697640799,5000
20,down_rand,creation,2,2,3.7253048352368463,intermediate,0.9484518467809623,95.01006685368891,5000
20,down_rand,creation,3,3,2.0,intermediate,0.3525822843855131,79.20242365476706,5000
20,down_rand,creation,4,4,2.0000000000000004,intermediate,0.5230120351885998,4.130596626949408,5000
20,down_rand,creation,5,5,3.6317607891780557,intermediate,0.24437232921816743,78.35571597817645,5000
20,down_rand,creation,6,6,2.0000000000000004,intermediate,0.849891526386908,81.45209046926153,5000
20,down_rand,creation,7,7,1.9999999999999998,top,0.9255373562496658,36.431826604230665,5000
20,down_rand,creation,8,8,2.0,intermediate,0.1385780112717656,40.501898803719065,5000
20,down_rand,creation,9,9,2.0000000000000004,intermediate,0.07995777501029355,3.04225873334817,5000
20,down_rand,creation,10,10,2.0000000000000004,intermediate,0.259560098076703,5.5263661517354645,5000
20,down_rand,creation,11,11,2.0,top,0.5929466304640253,36.303087977481184,5000
20,down_rand,creation,12,12,2.0000000000000004,intermediate,0.9038220496058331,13.79270271446748,5000
20,down_rand,creation,13,13,3.0,intermediate,0.880153023056704,24.67177981871714,5000
20,down_rand,creation,14,14,2.8071428571428574,intermediate,0.6015856053095683,53.368928925671675,5000
20,down_rand,creation,15,15,2.0,intermediate,0.9305160653569312,21.361237758851217,5000
20,down_rand,creation,16,16,1.9999999999999998,top,0.378602594835752,71.0567084594721,5000
20,down_rand,creation,17,17,2.0,intermediate,0.47948688926556693,70.61521846226172,5000
20,down_rand,creation,18,18,2.0000000000000004,intermediate,0.4105711155687164,29.416358305947135,5000
20,down_rand,creation,19,19,4.325180853320251,intermediate,0.5014933396803667,202.53973688382322,5000
20,down_rand,creation,20,20,4.230525078083089,intermediate,0.6351399523291857,285.23604308777954,5000
20,down_rand,creation,21,21,4.113970735998944,intermediate,0.2039939167950362,193.2481111875856,5000
20,down_rand,creation,22,22,3.8207129985021515,intermediate,0.49813789628669836,57.205137880606046,5000
20,down_rand,creation,23,23,3.582022879870603,intermediate,0.6518691850340551,81.45845016287475,5000
20,down_rand,creation,24,24,3.5873233333853416,intermediate,0.5886169049649137,75.24589156589738,5000
20,down_rand,creation,25,25,3.1428571428571415,intermediate,0.3409744963744653,23.819469103784723,5000
20,down_rand,creation,26,26,3.3333333333333335,intermediate,0.4712791432014647,7.176836162479697,5000
20,down_rand,creation,27,27,2.0000000000000004,top,0.33292513214391983,68.14458459265786,5000
20,down_rand,creation,28,28,2.0000000000000004,top,0.06708220700173428,89.91091978800948,5000
20,down_rand,creation,29,29,2.0000000000000004,intermediate,0.4069598460460466,67.5623906149204,5000
20,down_rand,creation,30,30,2.0,intermediate,0.7546505156636678,95.51102546761412,5000
20,down_rand,creation,31,31,1.9999999999999996,intermediate,0.2138574753549829,22.96227719471559,5000
20,down_rand,creation,32,32,1.9999999999999996,intermediate,0.3675679734323255,15.432281134462054,5000
20,down_rand,creation,33,33,1.9999999999999998,top,0.6614868750337425,77.0549127917717,5000
20,down_rand,creation,34,34,2.0,intermediate,0.8782588607767057,53.51769438641681,5000
20,down_rand,creation,35,35,3.0,intermediate,0.9729391034689158,60.61008150568732,5000
20,down_rand,creation,36,36,2.9999999999999996,intermediate,0.3177877937886966,44.1189643266358,5000
20,down_rand,creation,37,37,1.0,basal,0.5923595206893068,0.6,5000
20,down_rand,creation,38,38,1.0,basal,0.062159224734217866,1.9,5000
20,down_rand,creation,39,39,1.0,basal,0.2467257381204735,6.0,5000
20,down_rand,creation,40,40,1.0,basal,0.7829298789181051,19.0,5000
20,down_rand,creation,41,41,1.0,basal,0.8988893332422061,60.0,5000
20,down_rand,creation,42,42,1.0,basal,0.934948282217023,190.0,5000
20,down_rand,creation,43,43,1.0,basal,0.4686609429081794,600.0,5000
20,down_rand,creation,44,44,1.0,basal,0.6053739613793835,1900.0,5000
20,down_rand,creation,45,45,2.0,intermediate,0.31435073164844873,0.6,5000
20,down_rand,creation,46,46,1.9999999999999998,top,0.6383148633426519,1.9,5000
20,down_rand,creation,47,47,1.9999999999999996,intermediate,0.5631102963369289,6.0,5000
20,down_rand,creation,48,48,2.0000000000000004,intermediate,0.509209904209984,19.0,5000
20,down_rand,creation,49,49,1.9999999999999998,intermediate,0.7817851163809695,60.0,5000
20,down_rand,creation,50,50,1.9999999999999998,intermediate,0.5741090664770063,190.0,5000
20,down_rand,creation,51,51,2.0000000000000004,intermediate,0.3498792446258734,600.0,5000
20,down_rand,creation,52,52,1.9999999999999998,intermediate,0.406091905995694,1900.0,5000
20,down_link,creation,1,1,4.136170841858207,intermediate,0.9607648900054377,244.542697640799,5000
20,down_link,creation,2,2,3.5848391913097797,intermediate,0.9484518467809623,95.01006685368891,5000
20,down_link,creation,3,3,1.9999999999999998,intermediate,0.3525822843855131,79.20242365476706,5000
20,down_link,creation,4,4,2.0000000000000004,intermediate,0.5230120351885998,4.130596626949408,5000
20,down_link,creation,5,5,3.7867902440696573,intermediate,0.24437232921816743,78.35571597817645,5000
20,down_link,creation,6,6,1.9999999999999996,intermediate,0.849891526386908,81.45209046926153,5000
20,down_link,creation,7,7,2.0000000000000004,top,0.9255373562496658,36.431826604230665,5000
20,down_link,creation,8,8,1.9999999999999996,intermediate,0.1385780112717656,40.501898803719065,5000
20,down_link,creation,9,9,2.0000000000000004,intermediate,0.07995777501029355,3.04225873334817,5000
20,down_link,creation,10,10,1.9999999999999998,intermediate,0.259560098076703,5.5263661517354645,5000
20,down_link,creation,11,11,1.9999999999999998,top,0.5929466304640253,36.303087977481184,5000
20,down_link,creation,12,12,1.9999999999999996,intermediate,0.9038220496058331,13.79270271446748,5000
20,down_link,creation,13,13,2.999999999999999,intermediate,0.880153023056704,24.67177981871714,5000
20,down_link,creation,14,14,3.076923076923076,intermediate,0.6015856053095683,53.368928925671675,5000
20,down_link,creation,15,15,2.0000000000000004,intermediate,0.9305160653569312,21.361237758851217,5000
20,down_link,creation,16,16,2.0000000000000004,top,0.378602594835752,71.0567084594721,5000
20,down_link,creation,17,17,2.0,intermediate,0.47948688926556693,70.61521846226172,5000
20,down_link,creation,18,18,1.9999999999999998,intermediate,0.4105711155687164,29.416358305947135,5000
20,down_link,creation,19,19,4.4752871899793325,intermediate,0.5014933396803667,202.53973688382322,5000
20,down_link,creation,20,20,4.176015286096516,intermediate,0.6351399523291857,285.23604308777954,5000
20,down_link,creation,21,21,4.172986617053141,intermediate,0.2039939167950362,193.2481111875856,5000
20,down_link,creation,22,22,3.53850417828359,intermediate,0.49813789628669836,57.205137880606046,5000
20,down_link,creation,23,23,3.5839342139342145,intermediate,0.6518691850340551,81.45845016287475,5000
20,down_link,creation,24,24,3.6472826302238066,intermediate,0.5886169049649137,75.24589156589738,5000
20,down_link,creation,25,25,3.3703703703703707,intermediate,0.3409744963744653,23.819469103784723,5000
20,down_link,creation,26,26,3.3333333333333335,intermediate,0.4712791432014647,7.176836162479697,5000
20,down_link,creation,27,27,1.9999999999999998,top,0.33292513214391983,68.14458459265786,5000
20,down_link,creation,28,28,2.0000000000000004,top,0.06708220700173428,89.91091978800948,5000
20,down_link,creation,29,29,1.9999999999999998,intermediate,0.4069598460460466,67.5623906149204,5000
20,down_link,creation,30,30,2.0000000000000004,intermediate,0.7546505156636678,95.51102546761412,5000
20,down_link,creation,31,31,2.0,intermediate,0.2138574753549829,22.96227719471559,5000
20,down_link,creation,32,32,1.9999999999999998,intermediate,0.3675679734323255,15.432281134462054,5000
20,down_link,creation,33,33,1.9999999999999996,top,0.6614868750337425,77.0549127917717,5000
20,down_link,creation,34,34,2.0000000000000004,intermediate,0.8782588607767057,53.51769438641681,5000
20,down_link,creation,35,35,2.999999999999999,intermediate,0.9729391034689158,60.61008150568732,5000
20,down_link,creation,36,36,3.0,intermediate,0.3177877937886966,44.1189643266358,5000
20,down_link,creation,37,37,1.0,basal,0.5923595206893068,0.6,5000
20,down_link,creation,38,38,1.0,basal,0.062159224734217866,1.9,5000
20,down_link,creation,39,39,1.0,basal,0.2467257381204735,6.0,5000
20,down_link,creation,40,40,1.0,basal,0.7829298789181051,19.0,5000
20,down_link,creation,41,41,1.0,basal,0.8988893332422061,60.0,5000
20,down_link,creation,42,42,1.0,basal,0.934948282217023,190.0,5000
20,down_link,creation,43,43,1.0,basal,0.4686609429081794,600.0,5000
20,down_link,creation,44,44,1.0,basal,0.6053739613793835,1900.0,5000
20,down_link,creation,45,45,1.9999999999999998,intermediate,0.31435073164844873,0.6,5000
20,down_link,creation,46,46,2.0000000000000004,intermediate,0.6383148633426519,1.9,5000
20,down_link,creation,47,47,1.9999999999999998,intermediate,0.5631102963369289,6.0,5000
20,down_link,creation,48,48,1.9999999999999996,intermediate,0.509209904209984,19.0,5000
20,down_link,creation,49,49,1.9999999999999996,intermediate,0.7817851163809695,60.0,5000
20,down_link,creation,50,50,1.9999999999999998,intermediate,0.5741090664770063,190.0,5000
20,down_link,creation,51,51,2.0,intermediate,0.3498792446258734,600.0,5000
20,down_link,creation,52,52,1.9999999999999998,intermediate,0.406091905995694,1900.0,5000
20,down_niche,creation,1,1,4.533412843200028,intermediate,0.9607648900054377,244.542697640799,5000
20,down_niche,creation,2,2,3.5576202639421037,intermediate,0.9484518467809623,95.01006685368891,5000
20,down_niche,creation,3,3,2.0,intermediate,0.3525822843855131,79.20242365476706,5000
20,down_niche,creation,4,4,2.0,intermediate,0.5230120351885998,4.130596626949408,5000
20,down_niche,creation,5,5,3.100000000000001,intermediate,0.24437232921816743,78.35571597817645,5000
20,down_niche,creation,6,6,2.0,intermediate,0.849891526386908,81.45209046926153,5000
20,down_niche,creation,7,7,1.9999999999999996,top,0.9255373562496658,36.431826604230665,5000
20,down_niche,creation,8,8,2.0,intermediate,0.1385780112717656,40.501898803719065,5000
20,down_niche,creation,9,9,2.0,intermediate,0.07995777501029355,3.04225873334817,5000
20,down_niche,creation,10,10,2.0,intermediate,0.259560098076703,5.5263661517354645,5000
20,down_niche,creation,11,11,1.9999999999999996,top,0.5929466304640253,36.303087977481184,5000
20,down_niche,creation,12,12,2.0,intermediate,0.9038220496058331,13.79270271446748,5000
20,down_niche,creation,13,13,3.0,intermediate,0.880153023056704,24.67177981871714,5000
20,down_niche,creation,14,14,2.9481481481481486,intermediate,0.6015856053095683,53.368928925671675,5000
20,down_niche,creation,15,15,2.0,intermediate,0.9305160653569312,21.361237758851217,5000
20,down_niche,creation,16,16,2.0,top,0.378602594835752,71.0567084594721,5000
20,down_niche,creation,17,17,2.0,intermediate,0.47948688926556693,70.61521846226172,5000
20,down_niche,creation,18,18,2.0,intermediate,0.4105711155687164,29.416358305947135,5000
20,down_niche,creation,19,19,4.748593738684211,intermediate,0.5014933396803667,202.53973688382322,5000
20,down_niche,creation,20,20,3.6892950094817922,intermediate,0.6351399523291857,285.23604308777954,5000
20,down_niche,creation,21,21,4.298115759851848,intermediate,0.2039939167950362,193.2481111875856,5000
20,down_niche,creation,22,22,3.856739811912226,intermediate,0.49813789628669836,57.205137880606046,5000
20,down_niche,creation,23,23,3.512813963388675,intermediate,0.6518691850340551,81.45845016287475,5000
20,down_niche,creation,24,24,3.083333333333332,intermediate,0.5886169049649137,75.24589156589738,5000
20,down_niche,creation,25,25,3.222222222222223,intermediate,0.3409744963744653,23.819469103784723,5000
20,down_niche,creation,26,26,3.0,top,0.4712791432014647,7.176836162479697,5000
20,down_niche,creation,27,27,1.9999999999999996,top,0.33292513214391983,68.14458459265786,5000
20,down_niche,creation,28,28,1.9999999999999996,top,0.06708220700173428,89.91091978800948,5000
20,down_niche,creation,29,29,2.0,intermediate,0.4069598460460466,67.5623906149204,5000
20,down_niche,creation,30,30,1.9999999999999996,intermediate,0.7546505156636678,95.51102546761412,5000
20,down_niche,creation,31,31,2.0,intermediate,0.2138574753549829,22.96227719471559,5000
20,down_niche,creation,32,32,2.0,intermediate,0.3675679734323255,15.432281134462054,5000
20,down_niche,creation,33,33,2.0000000000000004,top,0.6614868750337425,77.0549127917717,5000
20,down_niche,creation,34,34,2.0,intermediate,0.8782588607767057,53.51769438641681,5000
20,down_niche,creation,35,35,2.999999999999999,intermediate,0.9729391034689158,60.61008150568732,5000
20,down_niche,creation,36,36,3.0,intermediate,0.3177877937886966,44.1189643266358,5000
20,down_niche,creation,37,37,1.0,basal,0.5923595206893068,0.6,5000
20,down_niche,creation,38,38,1.0,basal,0.062159224734217866,1.9,5000
20,down_niche,creation,39,39,1.0,basal,0.2467257381204735,6.0,5000
20,down_niche,creation,40,40,1.0,basal,0.7829298789181051,19.0,5000
20,down_niche,creation,41,41,1.0,basal,0.8988893332422061,60.0,5000
20,down_niche,creation,42,42,1.0,basal,0.934948282217023,190.0,5000
20,down_niche,creation,43,43,1.0,basal,0.4686609429081794,600.0,5000
20,down_niche,creation,44,44,1.0,basal,0.6053739613793835,1900.0,5000
20,down_niche,creation,45,45,1.9999999999999996,intermediate,0.31435073164844873,0.6,5000
20,down_niche,creation,46,46,2.0,intermediate,0.6383148633426519,1.9,5000
20,down_niche,creation,47,47,2.0,intermediate,0.5631102963369289,6.0,5000
20,down_niche,creation,48,48,2.0,intermediate,0.509209904209984,19.0,5000
20,down_niche,creation,49,49,2.0,intermediate,0.7817851163809695,60.0,5000
20,down_niche,creation,50,50,1.9999999999999996,intermediate,0.5741090664770063,190.0,5000
20,down_niche,creation,51,51,2.0,intermediate,0.3498792446258734,600.0,5000
20,down_niche,creation,52,52,2.0,intermediate,0.406091905995694,1900.0,5000
20,atn,creation,1,1,2.5333333333333337,top,0.9607648900054377,244.542697640799,5000
20,atn,creation,2,2,2.2000000000000006,intermediate,0.9484518467809623,95.01006685368891,5000
20,atn,creation,3,3,2.2000000000000006,intermediate,0.3525822843855131,79.20242365476706,5000
20,atn,creation,4,4,1.0,basal,0.5230120351885998,4.130596626949408,5000
20,atn,creation,5,5,2.2000000000000006,intermediate,0.24437232921816743,78.35571597817645,5000
20,atn,creation,6,6,2.2000000000000006,intermediate,0.849891526386908,81.45209046926153,5000
20,atn,creation,7,7,1.9999999999999998,intermediate,0.9255373562496658,36.431826604230665,5000
20,atn,creation,8,8,1.9999999999999998,intermediate,0.1385780112717656,40.501898803719065,5000
20,atn,creation,9,9,1.0,basal,0.07995777501029355,3.04225873334817,5000
20,atn,creation,10,10,1.0,basal,0.259560098076703,5.5263661517354645,5000
20,atn,creation,11,11,1.9999999999999998,intermediate,0.5929466304640253,36.303087977481184,5000
20,atn,creation,12,12,2.0,intermediate,0.9038220496058331,13.79270271446748,5000
20,atn,creation,13,13,2.0,intermediate,0.880153023056704,24.67177981871714,5000
20,atn,creation,14,14,2.0000000000000004,intermediate,0.6015856053095683,53.368928925671675,5000
20,atn,creation,15,15,2.0,intermediate,0.9305160653569312,21.361237758851217,5000
20,atn,creation,16,16,2.1111111111111116,intermediate,0.378602594835752,71.0567084594721,5000
20,atn,creation,17,17,2.1111111111111116,intermediate,0.47948688926556693,70.61521846226172,5000
20,atn,creation,18,18,2.0,intermediate,0.4105711155687164,29.416358305947135,5000
20,atn,creation,19,19,2.3571428571428568,top,0.5014933396803667,202.53973688382322,5000
20,atn,creation,20,20,2.5625,top,0.6351399523291857,285.23604308777954,5000
20,atn,creation,21,21,2.3571428571428568,top,0.2039939167950362,193.2481111875856,5000
20,atn,creation,22,22,1.9999999999999996,intermediate,0.49813789628669836,57.205137880606046,5000
20,atn,creation,23,23,2.2000000000000006,intermediate,0.6518691850340551,81.45845016287475,5000
20,atn,creation,24,24,2.2000000000000006,intermediate,0.5886169049649137,75.24589156589738,5000
20,atn,creation,25,25,2.0,intermediate,0.3409744963744653,23.819469103784723,5000
20,atn,creation,26,26,2.0,intermediate,0.4712791432014647,7.176836162479697,5000
20,atn,creation,27,27,2.1111111111111116,intermediate,0.33292513214391983,68.14458459265786,5000
20,atn,creation,28,28,2.2000000000000006,intermediate,0.06708220700173428,89.91091978800948,5000
20,atn,creation,29,29,2.1111111111111116,intermediate,0.4069598460460466,67.5623906149204,5000
20,atn,creation,30,30,2.2000000000000006,intermediate,0.7546505156636678,95.51102546761412,5000
20,atn,creation,31,31,2.0,intermediate,0.2138574753549829,22.96227719471559,5000
20,atn,creation,32,32,2.0,intermediate,0.3675679734323255,15.432281134462054,5000
20,atn,creation,33,33,2.2000000000000006,intermediate,0.6614868750337425,77.0549127917717,5000
20,atn,creation,34,34,2.0000000000000004,intermediate,0.8782588607767057,53.51769438641681,5000
20,atn,creation,35,35,2.1111111111111116,intermediate,0.9729391034689158,60.61008150568732,5000
20,atn,creation,36,36,2.0000000000000004,intermediate,0.3177877937886966,44.1189643266358,5000
20,atn,creation,37,37,1.0,basal,0.5923595206893068,0.6,5000
20,atn,creation,38,38,1.0,basal,0.062159224734217866,1.9,5000
20,atn,creation,39,39,1.0,basal,0.2467257381204735,6.0,5000
20,atn,creation,40,40,1.0,basal,0.7829298789181051,19.0,5000
20,atn,creation,41,41,1.0,basal,0.8988893332422061,60.0,5000
20,atn,creation,42,42,1.0,basal,0.934948282217023,190.0,5000
20,atn,creation,43,43,1.0,isolated,0.4686609429081794,600.0,5000
20,atn,creation,44,44,1.0,isolated,0.6053739613793835,1900.0,5000
20,atn,creation,45,45,1.0,basal,0.31435073164844873,0.6,5000
20,atn,creation,46,46,1.0,basal,0.6383148633426519,1.9,5000
20,atn,creation,47,47,2.0,intermediate,0.5631102963369289,6.0,5000
20,atn,creation,48,48,2.0,intermediate,0.509209904209984,19.0,5000
20,atn,creation,49,49,2.1111111111111116,intermediate,0.7817851163809695,60.0,5000
20,atn,creation,50,50,2.3571428571428568,intermediate,0.5741090664770063,190.0,5000
20,atn,creation,51,51,2.6965811965811977,top,0.3498792446258734,600.0,5000
20,atn,creation,52,52,2.942731829573937,top,0.406091905995694,1900.0,5000
20,down_power,post_burn_in,1,4,2.0,top,0.15802364586468656,4.130596626949408,5000
20,down_power,post_burn_in,2,9,2.0,top,0.09241450678447026,3.04225873334817,5000
20,down_power,post_burn_in,3,13,2.999999999999999,top,0.03607562556375785,24.67177981871714,5000
20,down_power,post_burn_in,4,35,3.000000000000001,top,1.570667978010997e-11,60.61008150568732,5000
20,down_power,post_burn_in,5,37,1.0,basal,0.25167871960611593,0.6,5000
20,down_power,post_burn_in,6,38,1.0,basal,0.1302386085095935,1.9,5000
20,down_power,post_burn_in,7,39,1.0,basal,0.2336759392638775,6.0,5000
20,down_power,post_burn_in,8,40,1.0,basal,0.24868325240532596,19.0,5000
20,down_power,post_burn_in,9,41,1.0,basal,0.0647027038854975,60.0,5000
20,down_power,post_burn_in,10,42,1.0,basal,0.07384033774193959,190.0,5000
20,down_power,post_burn_in,11,43,1.0,basal,0.04958677051382605,600.0,5000
20,down_power,post_burn_in,12,44,1.0,basal,0.025937402957434498,1900.0,5000
20,down_power,post_burn_in,13,45,2.0,intermediate,0.34210424105631426,0.6,5000
20,down_power,post_burn_in,14,46,2.0,intermediate,0.15478846200278149,1.9,5000
20,down_power,post_burn_in,15,47,2.0,intermediate,0.1462613456189421,6.0,5000
20,metaweb,post_burn_in,1,3,2.0,top,0.05134543070624487,79.20242365476706,5000
20,metaweb,post_burn_in,2,4,2.0,top,0.04848833034217388,4.130596626949408,5000
20,metaweb,post_burn_in,3,6,2.0,top,0.059388736078924094,81.45209046926153,5000
20,metaweb,post_burn_in,4,7,2.0,top,0.5823404158775777,36.431826604230665,5000
20,metaweb,post_burn_in,5,8,2.0,top,0.05106421568917294,40.501898803719065,5000
20,metaweb,post_burn_in,6,9,2.0,top,0.026693690430447996,3.04225873334817,5000
20,metaweb,post_burn_in,7,10,2.0,top,0.04217991499155017,5.5263661517354645,5000
20,metaweb,post_burn_in,8,11,2.0,top,0.37307709412916745,36.303087977481184,5000
20,metaweb,post_burn_in,9,12,2.0,top,0.10128937515168754,13.79270271446748,5000
20,metaweb,post_burn_in,10,15,2.0,top,0.10180959414296802,21.361237758851217,5000
20,metaweb,post_burn_in,11,16,2.0,top,0.23821360752241372,71.0567084594721,5000
20,metaweb,post_burn_in,12,17,2.0,top,0.05469600043499835,70.61521846226172,5000
20,metaweb,post_burn_in,13,18,2.0,top,0.08343551600749109,29.416358305947135,5000
20,metaweb,post_burn_in,14,27,2.0,top,0.20947372745107032,68.14458459265786,5000
20,metaweb,post_burn_in,15,28,2.0,top,0.042207567376504385,89.91091978800948,5000
20,metaweb,post_burn_in,16,29,2.0,top,0.052984037569938656,67.5623906149204,5000
20,metaweb,post_burn_in,17,30,2.0,top,0.058567785499178376,95.51102546761412,5000
20,metaweb,post_burn_in,18,31,2.0,top,0.06432508262516859,22.96227719471559,5000
20,metaweb,post_burn_in,19,32,2.0,top,0.08039752882149948,15.432281134462054,5000
20,metaweb,post_burn_in,20,33,2.0,top,0.4162020466311527,77.0549127917717,5000
20,metaweb,post_burn_in,21,34,2.0,top,0.05960255446927029,53.51769438641681,5000
20,metaweb,post_burn_in,22,37,1.0,basal,0.2136172710847267,0.6,5000
20,metaweb,post_burn_in,23,38,1.0,basal,0.21361727108472664,1.9,5000
20,metaweb,post_burn_in,24,39,1.0,basal,0.2136172710847267,6.0,5000
20,metaweb,post_burn_in,25,40,1.0,basal,0.2136172710847267,19.0,5000
20,metaweb,post_burn_in,26,41,1.0,basal,0.2136172710847267,60.0,5000
20,metaweb,post_burn_in,27,42,1.0,basal,0.2136172710847267,190.0,5000
20,metaweb,post_burn_in,28,43,1.0,basal,0.2136172710847267,600.0,5000
20,metaweb,post_burn_in,29,44,1.0,basal,0.2136172710847267,1900.0,5000
20,metaweb,post_burn_in,30,45,2.0,top,0.06875882899867068,0.6,5000
20,metaweb,post_burn_in,31,46,2.0,top,0.08348971443843523,1.9,5000
20,metaweb,post_burn_in,32,47,2.0,top,0.08123438069628879,6.0,5000
20,metaweb,post_burn_in,33,48,2.0,top,0.07930956914624641,19.0,5000
20,metaweb,post_burn_in,34,49,2.0,top,0.0868011960585387,60.0,5000
20,metaweb,post_burn_in,35,50,2.0,top,0.08159278195681234,190.0,5000
20,metaweb,post_burn_in,36,51,2.0,top,0.07127493117328768,600.0,5000
20,metaweb,post_burn_in,37,52,2.0,top,0.07461917516117736,1900.0,5000
20,niche,post_burn_in,1,1,3.5048993649591487,intermediate,0.7607478290656445,244.542697640799,5000
20,niche,post_burn_in,2,2,3.1905656837139724,intermediate,0.05559114127453631,95.01006685368891,5000
20,niche,post_burn_in,3,3,3.5907860400962908,intermediate,0.5019582036977777,79.20242365476706,5000
20,niche,post_burn_in,4,4,3.315387873684113,intermediate,0.009653296428945161,4.130596626949408,5000
20,niche,post_burn_in,5,6,3.0,intermediate,0.1516134970067175,81.45209046926153,5000
20,niche,post_burn_in,6,7,3.4906067854340246,intermediate,0.02515987131813628,36.431826604230665,5000
20,niche,post_burn_in,7,9,1.0,basal,0.9159893413088104,3.04225873334817,5000
20,niche,post_burn_in,8,10,3.036024305555555,intermediate,0.06974620957270002,5.5263661517354645,5000
20,niche,post_burn_in,9,11,2.0625,intermediate,1.6132684416965744,36.303087977481184,5000
20,niche,post_burn_in,10,12,2.0,intermediate,0.23720830837980506,13.79270271446748,5000
20,niche,post_burn_in,11,13,2.975081699346405,intermediate,0.6168996583813744,24.67177981871714,5000
20,niche,post_burn_in,12,14,3.2524928774928763,intermediate,0.0970465468890987,53.368928925671675,5000
20,niche,post_burn_in,13,15,3.080729166666666,intermediate,0.022958971435573686,21.361237758851217,5000
20,niche,post_burn_in,14,16,3.2334349603237973,intermediate,0.12513881418245576,71.0567084594721,5000
20,niche,post_burn_in,15,17,3.2334349603237973,intermediate,0.05648399673462416,70.61521846226172,5000
20,niche,post_burn_in,16,18,3.2483084045584043,intermediate,0.11404139226533794,29.416358305947135,5000
20,niche,post_burn_in,17,20,3.245732559283364,intermediate,0.017295566117641003,285.23604308777954,5000
20,niche,post_burn_in,18,21,2.9682794057794064,intermediate,0.19332896842692399,193.2481111875856,5000
20,niche,post_burn_in,19,22,3.2524928774928763,intermediate,0.03279422266568673,57.205137880606046,5000
20,niche,post_burn_in,20,23,2.813988095238095,intermediate,0.27770778901574433,81.45845016287475,5000
20,niche,post_burn_in,21,24,3.204948509257459,intermediate,0.1819509870302325,75.24589156589738,5000
20,niche,post_burn_in,22,25,2.0,intermediate,0.008692576960110724,23.819469103784723,5000
20,niche,post_burn_in,23,26,2.0,intermediate,0.24418921613944292,7.176836162479697,5000
20,niche,post_burn_in,24,27,2.7574786324786316,intermediate,0.13805086615340326,68.14458459265786,5000
20,niche,post_burn_in,25,28,1.0,basal,0.8626656940051325,89.91091978800948,5000
20,niche,post_burn_in,26,29,2.166666666666667,intermediate,0.0569997294677335,67.5623906149204,5000
20,niche,post_burn_in,27,30,2.5729166666666674,intermediate,0.17597394912517664,95.51102546761412,5000
20,niche,post_burn_in,28,31,2.3749999999999996,intermediate,0.3647464802068779,22.96227719471559,5000
20,niche,post_burn_in,29,32,2.599826388888889,intermediate,0.15001908065275413,15.432281134462054,5000
20,niche,post_burn_in,30,33,2.6249999999999996,intermediate,0.08439524600757968,77.0549127917717,5000
20,niche,post_burn_in,31,34,2.734375,intermediate,0.03791098749713639,53.51769438641681,5000
20,niche,post_burn_in,32,35,2.3046875,intermediate,0.000815587474017699,60.61008150568732,5000
20,niche,post_burn_in,33,36,1.0,basal,0.47979716090716423,44.1189643266358,5000
20,niche,post_burn_in,34,37,2.46875,intermediate,0.08546763213933332,0.6,5000
20,niche,post_burn_in,35,38,2.3749999999999996,intermediate,0.23214852664294736,1.9,5000
20,niche,post_burn_in,36,39,2.479166666666667,intermediate,0.047001384758872077,6.0,5000
20,niche,post_burn_in,37,40,1.0,basal,0.7021486681584895,19.0,5000
20,niche,post_burn_in,38,41,1.0,basal,0.7021486681584883,60.0,5000
20,niche,post_burn_in,39,43,1.0,basal,0.6655685835493761,600.0,5000
20,niche,post_burn_in,40,45,1.0,basal,0.39385865373214546,0.6,5000
20,niche,post_burn_in,41,46,2.0,intermediate,0.002618057222157399,1.9,5000
20,niche,post_burn_in,42,47,1.0,basal,0.21909751331078253,6.0,5000
20,niche,post_burn_in,43,50,1.0,basal,0.41996512986880413,190.0,5000
20,niche,post_burn_in,44,52,1.0,basal,0.4304136593751671,1900.0,5000
20,down_rand,post_burn_in,1,4,2.0000000000000004,intermediate,0.03191449975603418,4.130596626949408,5000
20,down_rand,post_burn_in,2,7,1.9999999999999998,top,1.092185788624866e-9,36.431826604230665,5000
20,down_rand,post_burn_in,3,9,2.0000000000000004,intermediate,0.06188456559317884,3.04225873334817,5000
20,down_rand,post_burn_in,4,10,2.0000000000000004,intermediate,0.20276223644669383,5.5263661517354645,5000
20,down_rand,post_burn_in,5,12,2.0000000000000004,intermediate,0.4879146026970925,13.79270271446748,5000
20,down_rand,post_burn_in,6,15,2.0,intermediate,1.5396044696087437e-11,21.361237758851217,5000
20,down_rand,post_burn_in,7,18,2.0000000000000004,top,1.110870107201032e-10,29.416358305947135,5000
20,down_rand,post_burn_in,8,22,3.2006134716732544,intermediate,1.8849645178872693e-12,57.205137880606046,5000
20,down_rand,post_burn_in,9,26,2.0000000000000004,intermediate,0.07641760779898299,7.176836162479697,5000
20,down_rand,post_burn_in,10,31,1.9999999999999996,top,1.6503294687120103e-11,22.96227719471559,5000
20,down_rand,post_burn_in,11,32,1.9999999999999996,intermediate,1.7994790124925233e-9,15.432281134462054,5000
20,down_rand,post_burn_in,12,35,2.999999999999999,intermediate,0.023440976566957275,60.61008150568732,5000
20,down_rand,post_burn_in,13,36,2.9999999999999996,top,8.399355933242244e-8,44.1189643266358,5000
20,down_rand,post_burn_in,14,37,1.0,basal,0.42050990621280604,0.6,5000
20,down_rand,post_burn_in,15,38,1.0,basal,0.16767163418508277,1.9,5000
20,down_rand,post_burn_in,16,39,1.0,basal,0.12721948567788294,6.0,5000
20,down_rand,post_burn_in,17,40,1.0,basal,0.2604247664959852,19.0,5000
20,down_rand,post_burn_in,18,41,1.0,basal,0.08405993886347651,60.0,5000
20,down_rand,post_burn_in,19,42,1.0,basal,0.16464659383158417,190.0,5000
20,down_rand,post_burn_in,20,43,1.0,basal,0.11508612921048843,600.0,5000
20,down_rand,post_burn_in,21,44,1.0,basal,0.03560874785414399,1900.0,5000
20,down_rand,post_burn_in,22,45,2.0,intermediate,0.16792301862241563,0.6,5000
20,down_rand,post_burn_in,23,47,1.9999999999999998,intermediate,0.34292422789556787,6.0,5000
20,down_link,post_burn_in,1,4,2.0000000000000004,intermediate,0.13179292903297848,4.130596626949408,5000
20,down_link,post_burn_in,2,9,2.0000000000000004,intermediate,0.1760482827195759,3.04225873334817,5000
20,down_link,post_burn_in,3,10,1.9999999999999998,intermediate,0.06909537527775077,5.5263661517354645,5000
20,down_link,post_burn_in,4,13,2.9999999999999996,top,6.829192317511384e-8,24.67177981871714,5000
20,down_link,post_burn_in,5,26,2.0,intermediate,0.13537103920903443,7.176836162479697,5000
20,down_link,post_burn_in,6,35,2.9999999999999996,top,0.22211779772372425,60.61008150568732,5000
20,down_link,post_burn_in,7,36,3.0,top,1.383590126035559e-6,44.1189643266358,5000
20,down_link,post_burn_in,8,37,1.0,basal,0.4163363017250829,0.6,5000
20,down_link,post_burn_in,9,38,1.0,basal,0.2316595412906567,1.9,5000
20,down_link,post_burn_in,10,39,1.0,basal,0.17821169079579335,6.0,5000
20,down_link,post_burn_in,11,40,1.0,basal,0.17794868769776817,19.0,5000
20,down_link,post_burn_in,12,41,1.0,basal,0.1384523473165298,60.0,5000
20,down_link,post_burn_in,13,42,1.0,basal,0.08005224797642718,190.0,5000
20,down_link,post_burn_in,14,43,1.0,basal,0.05763051313480264,600.0,5000
20,down_link,post_burn_in,15,44,1.0,basal,0.05407942690579147,1900.0,5000
20,down_link,post_burn_in,16,45,2.0,intermediate,0.07355170481756003,0.6,5000
20,down_link,post_burn_in,17,46,2.0,intermediate,0.23740980150208213,1.9,5000
20,down_link,post_burn_in,18,47,2.0,intermediate,0.32773722994399473,6.0,5000
20,down_niche,post_burn_in,1,3,2.0,top,0.08821690453306574,79.20242365476706,5000
20,down_niche,post_burn_in,2,4,2.0,top,0.24968692559865915,4.130596626949408,5000
20,down_niche,post_burn_in,3,5,3.100000000000002,top,0.00011634962219964326,78.35571597817645,5000
20,down_niche,post_burn_in,4,6,2.0,intermediate,0.08021749598861927,81.45209046926153,5000
20,down_niche,post_burn_in,5,7,1.9999999999999996,top,0.018056247781547095,36.431826604230665,5000
20,down_niche,post_burn_in,6,8,2.0,intermediate,0.07860341359393036,40.501898803719065,5000
20,down_niche,post_burn_in,7,9,2.0,top,0.08136183003870456,3.04225873334817,5000
20,down_niche,post_burn_in,8,10,2.0,top,0.04368907427689154,5.5263661517354645,5000
20,down_niche,post_burn_in,9,11,1.9999999999999996,top,0.04332409281819362,36.303087977481184,5000
20,down_niche,post_burn_in,10,12,2.0,intermediate,0.2587310243180419,13.79270271446748,5000
20,down_niche,post_burn_in,11,15,2.0,intermediate,0.1271220974880872,21.361237758851217,5000
20,down_niche,post_burn_in,12,16,2.0,top,0.4841035669790514,71.0567084594721,5000
20,down_niche,post_burn_in,13,17,2.0,intermediate,0.09026193146326056,70.61521846226172,5000
20,down_niche,post_burn_in,14,18,2.0,intermediate,0.12410016327343139,29.416358305947135,5000
20,down_niche,post_burn_in,15,27,1.9999999999999996,top,0.00649501463985098,68.14458459265786,5000
20,down_niche,post_burn_in,16,28,1.9999999999999996,top,0.0013087023912529074,89.91091978800948,5000
20,down_niche,post_burn_in,17,29,2.0,top,0.07929060960495886,67.5623906149204,5000
20,down_niche,post_burn_in,18,30,1.9999999999999996,intermediate,0.002101970603054171,95.51102546761412,5000
20,down_niche,post_burn_in,19,31,2.0,top,0.10375295275429035,22.96227719471559,5000
20,down_niche,post_burn_in,20,32,2.0,intermediate,0.11745532190069077,15.432281134462054,5000
20,down_niche,post_burn_in,21,33,2.0000000000000004,top,0.01068122676857738,77.0549127917717,5000
20,down_niche,post_burn_in,22,34,2.0,intermediate,0.31274859257270204,53.51769438641681,5000
20,down_niche,post_burn_in,23,37,1.0,basal,0.21510156941823083,0.6,5000
20,down_niche,post_burn_in,24,38,1.0,basal,0.2149865413240401,1.9,5000
20,down_niche,post_burn_in,25,39,1.0,basal,0.21263069767360127,6.0,5000
20,down_niche,post_burn_in,26,40,1.0,basal,0.21263069767360201,19.0,5000
20,down_niche,post_burn_in,27,41,1.0,basal,0.21332565404138507,60.0,5000
20,down_niche,post_burn_in,28,42,1.0,basal,0.21263069767360127,190.0,5000
20,down_niche,post_burn_in,29,43,1.0,basal,0.21506665546257447,600.0,5000
20,down_niche,post_burn_in,30,44,1.0,basal,0.212630697673602,1900.0,5000
20,down_niche,post_burn_in,31,45,1.9999999999999998,top,0.04191711019253343,0.6,5000
20,down_niche,post_burn_in,32,46,2.0,top,0.17137522510619088,1.9,5000
20,down_niche,post_burn_in,33,47,2.0,top,0.16670034134984554,6.0,5000
20,down_niche,post_burn_in,34,48,2.0,top,0.16271259738504668,19.0,5000
20,down_niche,post_burn_in,35,49,2.0,top,0.17824396074136437,60.0,5000
20,down_niche,post_burn_in,36,50,1.9999999999999998,top,0.003514401548801486,190.0,5000
20,down_niche,post_burn_in,37,51,2.0,top,0.14608689995252258,600.0,5000
20,down_niche,post_burn_in,38,52,2.0,top,0.15300304646045917,1900.0,5000
20,atn,post_burn_in,1,1,2.5333333333333337,top,0.2632445405461147,244.542697640799,5000
20,atn,post_burn_in,2,2,2.2000000000000006,intermediate,0.00453859323924588,95.01006685368891,5000
20,atn,post_burn_in,3,3,2.2000000000000006,intermediate,0.1180590432502464,79.20242365476706,5000
20,atn,post_burn_in,4,4,1.0,basal,0.36950992057107757,4.130596626949408,5000
20,atn,post_burn_in,5,5,2.2000000000000006,intermediate,0.12572964343647342,78.35571597817645,5000
20,atn,post_burn_in,6,6,2.2000000000000006,intermediate,0.09846865763302656,81.45209046926153,5000
20,atn,post_burn_in,7,7,1.9999999999999998,intermediate,0.13205622779431403,36.431826604230665,5000
20,atn,post_burn_in,8,8,1.9999999999999998,intermediate,0.07547654197802339,40.501898803719065,5000
20,atn,post_burn_in,9,9,1.0,basal,0.3485569580664162,3.04225873334817,5000
20,atn,post_burn_in,10,10,1.0,basal,0.3895557720515987,5.5263661517354645,5000
20,atn,post_burn_in,11,11,1.9999999999999998,intermediate,0.1340557314391181,36.303087977481184,5000
20,atn,post_burn_in,12,12,2.0,intermediate,0.042064897610432715,13.79270271446748,5000
20,atn,post_burn_in,13,13,2.0,intermediate,0.14775249241190325,24.67177981871714,5000
20,atn,post_burn_in,14,14,2.0,intermediate,0.10619432496585611,53.368928925671675,5000
20,atn,post_burn_in,15,15,2.0,intermediate,0.14609747671170148,21.361237758851217,5000
20,atn,post_burn_in,16,16,2.111111111111111,intermediate,0.27740981126631803,71.0567084594721,5000
20,atn,post_burn_in,17,17,2.111111111111111,intermediate,0.28269303877240154,70.61521846226172,5000
20,atn,post_burn_in,18,18,2.0,intermediate,0.042743100887015655,29.416358305947135,5000
20,atn,post_burn_in,19,19,2.357142857142857,top,0.008553949731750412,202.53973688382322,5000
20,atn,post_burn_in,20,20,2.5625,top,1.3186058507022006e-8,285.23604308777954,5000
20,atn,post_burn_in,21,21,2.357142857142857,top,0.8221738170863825,193.2481111875856,5000
20,atn,post_burn_in,22,22,1.9999999999999998,intermediate,0.22218483074500542,57.205137880606046,5000
20,atn,post_burn_in,23,23,2.2000000000000006,intermediate,0.09841484320297088,81.45845016287475,5000
20,atn,post_burn_in,24,24,2.2000000000000006,intermediate,0.15541058080798745,75.24589156589738,5000
20,atn,post_burn_in,25,25,2.0,intermediate,0.10038260886071448,23.819469103784723,5000
20,atn,post_burn_in,26,26,2.0,intermediate,0.10717584730295221,7.176836162479697,5000
20,atn,post_burn_in,27,27,2.111111111111111,intermediate,0.31351718871804335,68.14458459265786,5000
20,atn,post_burn_in,28,28,2.2,intermediate,0.03378795682490852,89.91091978800948,5000
20,atn,post_burn_in,29,29,2.111111111111111,intermediate,0.32110719510514424,67.5623906149204,5000
20,atn,post_burn_in,30,30,2.2,intermediate,0.0030978169049856665,95.51102546761412,5000
20,atn,post_burn_in,31,31,2.0,intermediate,0.11520981950968219,22.96227719471559,5000
20,atn,post_burn_in,32,32,2.0,intermediate,0.020805009667374155,15.432281134462054,5000
20,atn,post_burn_in,33,33,2.2,intermediate,0.1378485671769428,77.0549127917717,5000
20,atn,post_burn_in,34,34,2.0,intermediate,0.10486023681485361,53.51769438641681,5000
20,atn,post_burn_in,35,35,2.111111111111111,intermediate,0.4228923711578899,60.61008150568732,5000
20,atn,post_burn_in,36,36,2.0,intermediate,0.206920303251656,44.1189643266358,5000
20,atn,post_burn_in,37,37,1.0,basal,0.3002941169238179,0.6,5000
20,atn,post_burn_in,38,38,1.0,basal,0.2935601167800594,1.9,5000
20,atn,post_burn_in,39,39,1.0,basal,0.405615073839682,6.0,5000
20,atn,post_burn_in,40,40,1.0,basal,0.7271903490079275,19.0,5000
20,atn,post_burn_in,41,41,1.0,basal,0.8893480618118484,60.0,5000
20,atn,post_burn_in,42,42,1.0,basal,0.915236069733428,190.0,5000
20,atn,post_burn_in,43,45,1.0,basal,0.30029411692381697,0.6,5000
20,atn,post_burn_in,44,46,1.0,basal,0.29356011678006094,1.9,5000
20,atn,post_burn_in,45,47,2.0,intermediate,0.05735234635919767,6.0,5000
20,atn,post_burn_in,46,48,2.0,intermediate,0.085285479350249,19.0,5000
20,atn,post_burn_in,47,49,2.111111111111111,intermediate,0.2415778696392653,60.0,5000
20,atn,post_burn_in,48,50,2.3571428571428568,intermediate,0.010157195863533506,190.0,5000
20,atn,post_burn_in,49,51,2.6965811965811968,top,0.4296390698468054,600.0,5000
20,atn,post_burn_in,50,52,2.942731829573935,top,1.349014095954757,1900.0,5000
