net_id,type,scenario,step,primary,secondary,total
1,topo_niche,gen_low,1,0.0,0.0,0.0
1,topo_niche,gen_low,2,0.08333333333333333,0.0,0.08333333333333333
1,topo_niche,gen_low,3,0.16666666666666666,0.0,0.16666666666666666
1,topo_niche,gen_low,4,0.25,0.0,0.25
1,topo_niche,gen_low,5,0.3333333333333333,0.0,0.3333333333333333
1,topo_niche,gen_low,6,0.4166666666666667,0.08333333333333331,0.5
1,topo_niche,gen_low,7,0.5,0.08333333333333337,0.5833333333333334
1,topo_niche,gen_low,8,0.5833333333333334,0.08333333333333326,0.6666666666666666
1,topo_niche,gen_low,9,0.6666666666666666,0.08333333333333337,0.75
1,topo_niche,gen_low,10,0.75,0.25,1.0
1,topo_niche,vul_low,1,0.0,0.0,0.0
1,topo_niche,vul_low,2,0.08333333333333333,0.0,0.08333333333333333
1,topo_niche,vul_low,3,0.16666666666666666,0.0,0.16666666666666666
1,topo_niche,vul_low,4,0.25,0.0,0.25
1,topo_niche,vul_low,5,0.3333333333333333,0.0,0.3333333333333333
1,topo_niche,vul_low,6,0.4166666666666667,0.16666666666666669,0.5833333333333334
1,topo_niche,vul_low,7,0.5,0.16666666666666663,0.6666666666666666
1,topo_niche,vul_low,8,0.5833333333333334,0.16666666666666663,0.75
1,topo_niche,vul_low,9,0.6666666666666666,0.16666666666666674,0.8333333333333334
1,topo_niche,vul_low,10,0.75,0.25,1.0
1,topo_niche,rand_basal,1,0.0,0.0,0.0
1,topo_niche,rand_basal,2,0.08333333333333333,0.0,0.08333333333333333
1,topo_niche,rand_basal,3,0.16666666666666666,0.25,0.4166666666666667
1,topo_niche,rand_basal,4,0.25,0.25,0.5
1,topo_niche,rand_consumer,1,0.0,0.0,0.0
1,topo_niche,rand_consumer,2,0.08333333333333333,0.0,0.08333333333333333
1,topo_niche,rand_consumer,3,0.16666666666666666,0.0,0.16666666666666666
1,topo_niche,rand_consumer,4,0.25,0.08333333333333331,0.3333333333333333
1,topo_niche,rand_consumer,5,0.3333333333333333,0.08333333333333337,0.4166666666666667
1,topo_niche,rand_consumer,6,0.4166666666666667,0.16666666666666669,0.5833333333333334
1,topo_niche,rand_consumer,7,0.5,0.33333333333333337,0.8333333333333334
1,topo_niche,rand_consumer,8,0.5833333333333334,0.41666666666666663,1.0
1,topo_niche,bm_high,1,0.0,0.0,0.0
1,topo_niche,bm_high,2,0.08333333333333333,0.0,0.08333333333333333
1,topo_niche,bm_high,3,0.16666666666666666,0.08333333333333334,0.25
1,topo_niche,bm_high,4,0.25,0.08333333333333331,0.3333333333333333
1,topo_niche,bm_high,5,0.3333333333333333,0.16666666666666669,0.5
1,topo_niche,bm_high,6,0.4166666666666667,0.16666666666666669,0.5833333333333334
1,topo_niche,bm_high,7,0.5,0.16666666666666663,0.6666666666666666
1,topo_niche,bm_high,8,0.5833333333333334,0.25,0.8333333333333334
1,topo_niche,bm_high,9,0.6666666666666666,0.33333333333333337,1.0
1,topo_niche,gen_high,1,0.0,0.0,0.0
1,topo_niche,gen_high,2,0.08333333333333333,0.0,0.08333333333333333
1,topo_niche,gen_high,3,0.16666666666666666,0.0,0.16666666666666666
1,topo_niche,gen_high,4,0.25,0.16666666666666669,0.4166666666666667
1,topo_niche,gen_high,5,0.3333333333333333,0.16666666666666669,0.5
1,topo_niche,gen_high,6,0.4166666666666667,0.24999999999999994,0.6666666666666666
1,topo_niche,gen_high,7,0.5,0.33333333333333337,0.8333333333333334
1,topo_niche,gen_high,8,0.5833333333333334,0.41666666666666663,1.0
1,topo_niche,degree_high,1,0.0,0.0,0.0
1,topo_niche,degree_high,2,0.08333333333333333,0.0,0.08333333333333333
1,topo_niche,degree_high,3,0.16666666666666666,0.08333333333333334,0.25
1,topo_niche,degree_high,4,0.25,0.16666666666666669,0.4166666666666667
1,topo_niche,degree_high,5,0.3333333333333333,0.16666666666666669,0.5
1,topo_niche,degree_high,6,0.4166666666666667,0.24999999999999994,0.6666666666666666
1,topo_niche,degree_high,7,0.5,0.33333333333333337,0.8333333333333334
1,topo_niche,degree_high,8,0.5833333333333334,0.41666666666666663,1.0
1,topo_niche,degree_low,1,0.0,0.0,0.0
1,topo_niche,degree_low,2,0.08333333333333333,0.0,0.08333333333333333
1,topo_niche,degree_low,3,0.16666666666666666,0.0,0.16666666666666666
1,topo_niche,degree_low,4,0.25,0.0,0.25
1,topo_niche,degree_low,5,0.3333333333333333,0.0,0.3333333333333333
1,topo_niche,degree_low,6,0.4166666666666667,0.16666666666666669,0.5833333333333334
1,topo_niche,degree_low,7,0.5,0.16666666666666663,0.6666666666666666
1,topo_niche,degree_low,8,0.5833333333333334,0.16666666666666663,0.75
1,topo_niche,degree_low,9,0.6666666666666666,0.33333333333333337,1.0
1,topo_niche,vul_high,1,0.0,0.0,0.0
1,topo_niche,vul_high,2,0.08333333333333333,0.0,0.08333333333333333
1,topo_niche,vul_high,3,0.16666666666666666,0.0,0.16666666666666666
1,topo_niche,vul_high,4,0.25,0.0,0.25
1,topo_niche,vul_high,5,0.3333333333333333,0.0,0.3333333333333333
1,topo_niche,vul_high,6,0.4166666666666667,0.16666666666666669,0.5833333333333334
1,topo_niche,vul_high,7,0.5,0.16666666666666663,0.6666666666666666
1,topo_niche,vul_high,8,0.5833333333333334,0.25,0.8333333333333334
1,topo_niche,vul_high,9,0.6666666666666666,0.33333333333333337,1.0
1,topo_niche,bm_low,1,0.0,0.0,0.0
1,topo_niche,bm_low,2,0.08333333333333333,0.0,0.08333333333333333
1,topo_niche,bm_low,3,0.16666666666666666,0.25,0.4166666666666667
1,topo_niche,bm_low,4,0.25,0.25,0.5
1,topo_niche,bm_low,5,0.3333333333333333,0.25000000000000006,0.5833333333333334
1,topo_niche,bm_low,6,0.4166666666666667,0.24999999999999994,0.6666666666666666
1,topo_niche,bm_low,7,0.5,0.25,0.75
1,topo_niche,bm_low,8,0.5833333333333334,0.33333333333333326,0.9166666666666666
1,topo_niche,bm_low,9,0.6666666666666666,0.33333333333333337,1.0
1,topo_down_size,gen_low,1,0.0,0.0,0.0
1,topo_down_size,gen_low,2,0.034482758620689655,0.10344827586206896,0.13793103448275862
1,topo_down_size,gen_low,3,0.06896551724137931,0.10344827586206898,0.1724137931034483
1,topo_down_size,gen_low,4,0.10344827586206896,0.10344827586206896,0.20689655172413793
1,topo_down_size,gen_low,5,0.13793103448275862,0.10344827586206898,0.2413793103448276
1,topo_down_size,gen_low,6,0.1724137931034483,0.10344827586206895,0.27586206896551724
1,topo_down_size,gen_low,7,0.20689655172413793,0.10344827586206898,0.3103448275862069
1,topo_down_size,gen_low,8,0.2413793103448276,0.10344827586206898,0.3448275862068966
1,topo_down_size,gen_low,9,0.27586206896551724,0.10344827586206895,0.3793103448275862
1,topo_down_size,gen_low,10,0.3103448275862069,0.10344827586206895,0.41379310344827586
1,topo_down_size,gen_low,11,0.3448275862068966,0.10344827586206895,0.4482758620689655
1,topo_down_size,gen_low,12,0.3793103448275862,0.6206896551724138,1.0
1,topo_down_size,vul_low,1,0.0,0.0,0.0
1,topo_down_size,vul_low,2,0.034482758620689655,0.0,0.034482758620689655
1,topo_down_size,vul_low,3,0.06896551724137931,0.0,0.06896551724137931
1,topo_down_size,vul_low,4,0.10344827586206896,0.0,0.10344827586206896
1,topo_down_size,vul_low,5,0.13793103448275862,0.0,0.13793103448275862
1,topo_down_size,vul_low,6,0.1724137931034483,0.0,0.1724137931034483
1,topo_down_size,vul_low,7,0.20689655172413793,0.0,0.20689655172413793
1,topo_down_size,vul_low,8,0.2413793103448276,0.0,0.2413793103448276
1,topo_down_size,vul_low,9,0.27586206896551724,0.0,0.27586206896551724
1,topo_down_size,vul_low,10,0.3103448275862069,0.1724137931034483,0.4827586206896552
1,topo_down_size,vul_low,11,0.3448275862068966,0.4482758620689655,0.7931034482758621
1,topo_down_size,vul_low,12,0.3793103448275862,0.6206896551724138,1.0
1,topo_down_size,rand_basal,1,0.0,0.0,0.0
1,topo_down_size,rand_basal,2,0.034482758620689655,0.0,0.034482758620689655
1,topo_down_size,rand_basal,3,0.06896551724137931,0.0,0.06896551724137931
1,topo_down_size,rand_basal,4,0.10344827586206896,0.0,0.10344827586206896
1,topo_down_size,rand_basal,5,0.13793103448275862,0.0,0.13793103448275862
1,topo_down_size,rand_basal,6,0.1724137931034483,0.0,0.1724137931034483
1,topo_down_size,rand_basal,7,0.20689655172413793,0.0,0.20689655172413793
1,topo_down_size,rand_basal,8,0.2413793103448276,0.0,0.2413793103448276
1,topo_down_size,rand_basal,9,0.27586206896551724,0.0,0.27586206896551724
1,topo_down_size,rand_basal,10,0.3103448275862069,0.0,0.3103448275862069
1,topo_down_size,rand_basal,11,0.3448275862068966,0.0,0.3448275862068966
1,topo_down_size,rand_basal,12,0.3793103448275862,0.0,0.3793103448275862
1,topo_down_size,rand_basal,13,0.41379310344827586,0.0,0.41379310344827586
1,topo_down_size,rand_basal,14,0.4482758620689655,0.0,0.4482758620689655
1,topo_down_size,rand_basal,15,0.4827586206896552,0.0,0.4827586206896552
1,topo_down_size,rand_basal,16,0.5172413793103449,0.0,0.5172413793103449
1,topo_down_size,rand_basal,17,0.5517241379310345,0.0,0.5517241379310345
1,topo_down_size,rand_basal,18,0.5862068965517241,0.0,0.5862068965517241
1,topo_down_size,rand_basal,19,0.6206896551724138,0.0,0.6206896551724138
1,topo_down_size,rand_consumer,1,0.0,0.0,0.0
1,topo_down_size,rand_consumer,2,0.034482758620689655,0.0,0.034482758620689655
1,topo_down_size,rand_consumer,3,0.06896551724137931,0.0,0.06896551724137931
1,topo_down_size,rand_consumer,4,0.10344827586206896,0.0,0.10344827586206896
1,topo_down_size,rand_consumer,5,0.13793103448275862,0.0,0.13793103448275862
1,topo_down_size,rand_consumer,6,0.1724137931034483,0.0,0.1724137931034483
1,topo_down_size,rand_consumer,7,0.20689655172413793,0.0,0.20689655172413793
1,topo_down_size,rand_consumer,8,0.2413793103448276,0.0,0.2413793103448276
1,topo_down_size,rand_consumer,9,0.27586206896551724,0.10344827586206895,0.3793103448275862
1,topo_down_size,rand_consumer,10,0.3103448275862069,0.13793103448275862,0.4482758620689655
1,topo_down_size,rand_consumer,11,0.3448275862068966,0.48275862068965514,0.8275862068965517
1,topo_down_size,rand_consumer,12,0.3793103448275862,0.6206896551724138,1.0
1,topo_down_size,bm_high,1,0.0,0.0,0.0
1,topo_down_size,bm_high,2,0.034482758620689655,0.0,0.034482758620689655
1,topo_down_size,bm_high,3,0.06896551724137931,0.10344827586206898,0.1724137931034483
1,topo_down_size,bm_high,4,0.10344827586206896,0.10344827586206896,0.20689655172413793
1,topo_down_size,bm_high,5,0.13793103448275862,0.10344827586206898,0.2413793103448276
1,topo_down_size,bm_high,6,0.1724137931034483,0.10344827586206895,0.27586206896551724
1,topo_down_size,bm_high,7,0.20689655172413793,0.10344827586206898,0.3103448275862069
1,topo_down_size,bm_high,8,0.2413793103448276,0.10344827586206898,0.3448275862068966
1,topo_down_size,bm_high,9,0.27586206896551724,0.10344827586206895,0.3793103448275862
1,topo_down_size,bm_high,10,0.3103448275862069,0.10344827586206895,0.41379310344827586
1,topo_down_size,bm_high,11,0.3448275862068966,0.10344827586206895,0.4482758620689655
1,topo_down_size,bm_high,12,0.3793103448275862,0.103448275862069,0.4827586206896552
1,topo_down_size,bm_high,13,0.41379310344827586,0.103448275862069,0.5172413793103449
1,topo_down_size,bm_high,14,0.4482758620689655,0.10344827586206895,0.5517241379310345
1,topo_down_size,bm_high,15,0.4827586206896552,0.1034482758620689,0.5862068965517241
1,topo_down_size,bm_high,16,0.5172413793103449,0.10344827586206895,0.6206896551724138
1,topo_down_size,bm_high,17,0.5517241379310345,0.10344827586206895,0.6551724137931034
1,topo_down_size,bm_high,18,0.5862068965517241,0.10344827586206906,0.6896551724137931
1,topo_down_size,bm_high,19,0.6206896551724138,0.10344827586206895,0.7241379310344828
1,topo_down_size,bm_high,20,0.6551724137931034,0.10344827586206895,0.7586206896551724
1,topo_down_size,bm_high,21,0.6896551724137931,0.10344827586206895,0.7931034482758621
1,topo_down_size,bm_high,22,0.7241379310344828,0.10344827586206895,0.8275862068965517
1,topo_down_size,bm_high,23,0.7586206896551724,0.24137931034482762,1.0
1,topo_down_size,gen_high,1,0.0,0.0,0.0
1,topo_down_size,gen_high,2,0.034482758620689655,0.0,0.034482758620689655
1,topo_down_size,gen_high,3,0.06896551724137931,0.0,0.06896551724137931
1,topo_down_size,gen_high,4,0.10344827586206896,0.0,0.10344827586206896
1,topo_down_size,gen_high,5,0.13793103448275862,0.03448275862068967,0.1724137931034483
1,topo_down_size,gen_high,6,0.1724137931034483,0.1724137931034483,0.3448275862068966
1,topo_down_size,gen_high,7,0.20689655172413793,0.2413793103448276,0.4482758620689655
1,topo_down_size,gen_high,8,0.2413793103448276,0.27586206896551724,0.5172413793103449
1,topo_down_size,gen_high,9,0.27586206896551724,0.4482758620689655,0.7241379310344828
1,topo_down_size,gen_high,10,0.3103448275862069,0.4827586206896552,0.7931034482758621
1,topo_down_size,gen_high,11,0.3448275862068966,0.5172413793103448,0.8620689655172413
1,topo_down_size,gen_high,12,0.3793103448275862,0.6206896551724138,1.0
1,topo_down_size,degree_high,1,0.0,0.0,0.0
1,topo_down_size,degree_high,2,0.034482758620689655,0.0,0.034482758620689655
1,topo_down_size,degree_high,3,0.06896551724137931,0.0,0.06896551724137931
1,topo_down_size,degree_high,4,0.10344827586206896,0.0,0.10344827586206896
1,topo_down_size,degree_high,5,0.13793103448275862,0.0,0.13793103448275862
1,topo_down_size,degree_high,6,0.1724137931034483,0.1724137931034483,0.3448275862068966
1,topo_down_size,degree_high,7,0.20689655172413793,0.2413793103448276,0.4482758620689655
1,topo_down_size,degree_high,8,0.2413793103448276,0.27586206896551724,0.5172413793103449
1,topo_down_size,degree_high,9,0.27586206896551724,0.31034482758620685,0.5862068965517241
1,topo_down_size,degree_high,10,0.3103448275862069,0.4827586206896552,0.7931034482758621
1,topo_down_size,degree_high,11,0.3448275862068966,0.5172413793103448,0.8620689655172413
1,topo_down_size,degree_high,12,0.3793103448275862,0.6206896551724138,1.0
1,topo_down_size,degree_low,1,0.0,0.0,0.0
1,topo_down_size,degree_low,2,0.034482758620689655,0.10344827586206896,0.13793103448275862
1,topo_down_size,degree_low,3,0.06896551724137931,0.10344827586206898,0.1724137931034483
1,topo_down_size,degree_low,4,0.10344827586206896,0.10344827586206896,0.20689655172413793
1,topo_down_size,degree_low,5,0.13793103448275862,0.10344827586206898,0.2413793103448276
1,topo_down_size,degree_low,6,0.1724137931034483,0.10344827586206895,0.27586206896551724
1,topo_down_size,degree_low,7,0.20689655172413793,0.10344827586206898,0.3103448275862069
1,topo_down_size,degree_low,8,0.2413793103448276,0.10344827586206898,0.3448275862068966
1,topo_down_size,degree_low,9,0.27586206896551724,0.10344827586206895,0.3793103448275862
1,topo_down_size,degree_low,10,0.3103448275862069,0.10344827586206895,0.41379310344827586
1,topo_down_size,degree_low,11,0.3448275862068966,0.10344827586206895,0.4482758620689655
1,topo_down_size,degree_low,12,0.3793103448275862,0.6206896551724138,1.0
1,topo_down_size,vul_high,1,0.0,0.0,0.0
1,topo_down_size,vul_high,2,0.034482758620689655,0.0,0.034482758620689655
1,topo_down_size,vul_high,3,0.06896551724137931,0.0,0.06896551724137931
1,topo_down_size,vul_high,4,0.10344827586206896,0.0,0.10344827586206896
1,topo_down_size,vul_high,5,0.13793103448275862,0.0,0.13793103448275862
1,topo_down_size,vul_high,6,0.1724137931034483,0.0,0.1724137931034483
1,topo_down_size,vul_high,7,0.20689655172413793,0.0,0.20689655172413793
1,topo_down_size,vul_high,8,0.2413793103448276,0.0,0.2413793103448276
1,topo_down_size,vul_high,9,0.27586206896551724,0.10344827586206895,0.3793103448275862
1,topo_down_size,vul_high,10,0.3103448275862069,0.44827586206896547,0.7586206896551724
1,topo_down_size,vul_high,11,0.3448275862068966,0.5172413793103448,0.8620689655172413
1,topo_down_size,vul_high,12,0.3793103448275862,0.6206896551724138,1.0
1,topo_down_size,bm_low,1,0.0,0.0,0.0
1,topo_down_size,bm_low,2,0.034482758620689655,0.0,0.034482758620689655
1,topo_down_size,bm_low,3,0.06896551724137931,0.0,0.06896551724137931
1,topo_down_size,bm_low,4,0.10344827586206896,0.0,0.10344827586206896
1,topo_down_size,bm_low,5,0.13793103448275862,0.0,0.13793103448275862
1,topo_down_size,bm_low,6,0.1724137931034483,0.0,0.1724137931034483
1,topo_down_size,bm_low,7,0.20689655172413793,0.0,0.20689655172413793
1,topo_down_size,bm_low,8,0.2413793103448276,0.0,0.2413793103448276
1,topo_down_size,bm_low,9,0.27586206896551724,0.0,0.27586206896551724
1,topo_down_size,bm_low,10,0.3103448275862069,0.0,0.3103448275862069
1,topo_down_size,bm_low,11,0.3448275862068966,0.0,0.3448275862068966
1,topo_down_size,bm_low,12,0.3793103448275862,0.0,0.3793103448275862
1,topo_down_size,bm_low,13,0.41379310344827586,0.0,0.41379310344827586
1,topo_down_size,bm_low,14,0.4482758620689655,0.0,0.4482758620689655
1,topo_down_size,bm_low,15,0.4827586206896552,0.0,0.4827586206896552
1,topo_down_size,bm_low,16,0.5172413793103449,0.0,0.5172413793103449
1,topo_down_size,bm_low,17,0.5517241379310345,0.0,0.5517241379310345
1,topo_down_size,bm_low,18,0.5862068965517241,0.0,0.5862068965517241
1,topo_down_size,bm_low,19,0.6206896551724138,0.0,0.6206896551724138
1,topo_down_size,bm_low,20,0.6551724137931034,0.0,0.6551724137931034
1,topo_down_size,bm_low,21,0.6896551724137931,0.0,0.6896551724137931
1,topo_down_size,bm_low,22,0.7241379310344828,0.0,0.7241379310344828
1,topo_down_size,bm_low,23,0.7586206896551724,0.0,0.7586206896551724
1,topo_down_size,bm_low,24,0.7931034482758621,0.0,0.7931034482758621
1,topo_down_size,bm_low,25,0.8275862068965517,0.0,0.8275862068965517
1,topo_down_size,bm_low,26,0.8620689655172413,0.0,0.8620689655172413
1,topo_down_size,bm_low,27,0.896551724137931,0.0,0.896551724137931
1,topo_down_size,bm_low,28,0.9310344827586207,0.0,0.9310344827586207
1,topo_down_size,bm_low,29,0.9655172413793104,0.0,0.9655172413793104
1,topo_down_size,bm_low,30,1.0,0.0,1.0
1,topo_down,gen_low,1,0.0,0.0,0.0
1,topo_down,gen_low,2,0.025,0.0,0.025
1,topo_down,gen_low,3,0.05,0.0,0.05
1,topo_down,gen_low,4,0.075,0.0,0.075
1,topo_down,gen_low,5,0.1,0.0,0.1
1,topo_down,gen_low,6,0.125,0.0,0.125
1,topo_down,gen_low,7,0.15,0.0,0.15
1,topo_down,gen_low,8,0.175,0.0,0.175
1,topo_down,gen_low,9,0.2,0.0,0.2
1,topo_down,gen_low,10,0.225,0.0,0.225
1,topo_down,gen_low,11,0.25,0.0,0.25
1,topo_down,gen_low,12,0.275,0.0,0.275
1,topo_down,gen_low,13,0.3,0.0,0.3
1,topo_down,gen_low,14,0.325,0.0,0.325
1,topo_down,gen_low,15,0.35,0.0,0.35
1,topo_down,gen_low,16,0.375,0.0,0.375
1,topo_down,gen_low,17,0.4,0.0,0.4
1,topo_down,gen_low,18,0.425,0.0,0.425
1,topo_down,gen_low,19,0.45,0.0,0.45
1,topo_down,gen_low,20,0.475,0.025000000000000022,0.5
1,topo_down,gen_low,21,0.5,0.025000000000000022,0.525
1,topo_down,gen_low,22,0.525,0.025000000000000022,0.55
1,topo_down,gen_low,23,0.55,0.02499999999999991,0.575
1,topo_down,gen_low,24,0.575,0.025000000000000022,0.6
1,topo_down,gen_low,25,0.6,0.025000000000000022,0.625
1,topo_down,gen_low,26,0.625,0.15000000000000002,0.775
1,topo_down,gen_low,27,0.65,0.15000000000000002,0.8
1,topo_down,gen_low,28,0.675,0.1499999999999999,0.825
1,topo_down,gen_low,29,0.7,0.15000000000000002,0.85
1,topo_down,gen_low,30,0.725,0.15000000000000002,0.875
1,topo_down,gen_low,31,0.75,0.25,1.0
1,topo_down,vul_low,1,0.0,0.0,0.0
1,topo_down,vul_low,2,0.025,0.0,0.025
1,topo_down,vul_low,3,0.05,0.0,0.05
1,topo_down,vul_low,4,0.075,0.0,0.075
1,topo_down,vul_low,5,0.1,0.0,0.1
1,topo_down,vul_low,6,0.125,0.0,0.125
1,topo_down,vul_low,7,0.15,0.0,0.15
1,topo_down,vul_low,8,0.175,0.0,0.175
1,topo_down,vul_low,9,0.2,0.0,0.2
1,topo_down,vul_low,10,0.225,0.0,0.225
1,topo_down,vul_low,11,0.25,0.0,0.25
1,topo_down,vul_low,12,0.275,0.0,0.275
1,topo_down,vul_low,13,0.3,0.0,0.3
1,topo_down,vul_low,14,0.325,0.0,0.325
1,topo_down,vul_low,15,0.35,0.0,0.35
1,topo_down,vul_low,16,0.375,0.0,0.375
1,topo_down,vul_low,17,0.4,0.0,0.4
1,topo_down,vul_low,18,0.425,0.025000000000000022,0.45
1,topo_down,vul_low,19,0.45,0.024999999999999967,0.475
1,topo_down,vul_low,20,0.475,0.025000000000000022,0.5
1,topo_down,vul_low,21,0.5,0.025000000000000022,0.525
1,topo_down,vul_low,22,0.525,0.025000000000000022,0.55
1,topo_down,vul_low,23,0.55,0.02499999999999991,0.575
1,topo_down,vul_low,24,0.575,0.025000000000000022,0.6
1,topo_down,vul_low,25,0.6,0.050000000000000044,0.65
1,topo_down,vul_low,26,0.625,0.07499999999999996,0.7
1,topo_down,vul_low,27,0.65,0.07499999999999996,0.725
1,topo_down,vul_low,28,0.675,0.125,0.8
1,topo_down,vul_low,29,0.7,0.15000000000000002,0.85
1,topo_down,vul_low,30,0.725,0.22499999999999998,0.95
1,topo_down,vul_low,31,0.75,0.25,1.0
1,topo_down,rand_basal,1,0.0,0.0,0.0
1,topo_down,rand_basal,2,0.025,0.0,0.025
1,topo_down,rand_basal,3,0.05,0.075,0.125
1,topo_down,rand_basal,4,0.075,0.09999999999999999,0.175
1,topo_down,rand_basal,5,0.1,0.1,0.2
1,topo_down,rand_basal,6,0.125,0.15000000000000002,0.275
1,topo_down,rand_basal,7,0.15,0.15,0.3
1,topo_down,rand_basal,8,0.175,0.325,0.5
1,topo_down,rand_basal,9,0.2,0.325,0.525
1,topo_down,rand_basal,10,0.225,0.45000000000000007,0.675
1,topo_down,rand_basal,11,0.25,0.44999999999999996,0.7
1,topo_down,rand_consumer,1,0.0,0.0,0.0
1,topo_down,rand_consumer,2,0.025,0.0,0.025
1,topo_down,rand_consumer,3,0.05,0.0,0.05
1,topo_down,rand_consumer,4,0.075,0.0,0.075
1,topo_down,rand_consumer,5,0.1,0.0,0.1
1,topo_down,rand_consumer,6,0.125,0.0,0.125
1,topo_down,rand_consumer,7,0.15,0.0,0.15
1,topo_down,rand_consumer,8,0.175,0.0,0.175
1,topo_down,rand_consumer,9,0.2,0.0,0.2
1,topo_down,rand_consumer,10,0.225,0.0,0.225
1,topo_down,rand_consumer,11,0.25,0.0,0.25
1,topo_down,rand_consumer,12,0.275,0.0,0.275
1,topo_down,rand_consumer,13,0.3,0.0,0.3
1,topo_down,rand_consumer,14,0.325,0.0,0.325
1,topo_down,rand_consumer,15,0.35,0.0,0.35
1,topo_down,rand_consumer,16,0.375,0.0,0.375
1,topo_down,rand_consumer,17,0.4,0.0,0.4
1,topo_down,rand_consumer,18,0.425,0.0,0.425
1,topo_down,rand_consumer,19,0.45,0.0,0.45
1,topo_down,rand_consumer,20,0.475,0.025000000000000022,0.5
1,topo_down,rand_consumer,21,0.5,0.07499999999999996,0.575
1,topo_down,rand_consumer,22,0.525,0.09999999999999998,0.625
1,topo_down,rand_consumer,23,0.55,0.09999999999999998,0.65
1,topo_down,rand_consumer,24,0.575,0.125,0.7
1,topo_down,rand_consumer,25,0.6,0.125,0.725
1,topo_down,rand_consumer,26,0.625,0.125,0.75
1,topo_down,rand_consumer,27,0.65,0.15000000000000002,0.8
1,topo_down,rand_consumer,28,0.675,0.1499999999999999,0.825
1,topo_down,rand_consumer,29,0.7,0.17500000000000004,0.875
1,topo_down,rand_consumer,30,0.725,0.22499999999999998,0.95
1,topo_down,rand_consumer,31,0.75,0.25,1.0
1,topo_down,bm_high,1,0.0,0.0,0.0
1,topo_down,bm_high,2,0.025,0.0,0.025
1,topo_down,bm_high,3,0.05,0.0,0.05
1,topo_down,bm_high,4,0.075,0.0,0.075
1,topo_down,bm_high,5,0.1,0.0,0.1
1,topo_down,bm_high,6,0.125,0.0,0.125
1,topo_down,bm_high,7,0.15,0.0,0.15
1,topo_down,bm_high,8,0.175,0.0,0.175
1,topo_down,bm_high,9,0.2,0.0,0.2
1,topo_down,bm_high,10,0.225,0.024999999999999994,0.25
1,topo_down,bm_high,11,0.25,0.04999999999999999,0.3
1,topo_down,bm_high,12,0.275,0.04999999999999999,0.325
1,topo_down,bm_high,13,0.3,0.04999999999999999,0.35
1,topo_down,bm_high,14,0.325,0.04999999999999999,0.375
1,topo_down,bm_high,15,0.35,0.050000000000000044,0.4
1,topo_down,bm_high,16,0.375,0.04999999999999999,0.425
1,topo_down,bm_high,17,0.4,0.04999999999999999,0.45
1,topo_down,bm_high,18,0.425,0.04999999999999999,0.475
1,topo_down,bm_high,19,0.45,0.04999999999999999,0.5
1,topo_down,bm_high,20,0.475,0.050000000000000044,0.525
1,topo_down,bm_high,21,0.5,0.050000000000000044,0.55
1,topo_down,bm_high,22,0.525,0.04999999999999993,0.575
1,topo_down,bm_high,23,0.55,0.04999999999999993,0.6
1,topo_down,bm_high,24,0.575,0.050000000000000044,0.625
1,topo_down,bm_high,25,0.6,0.07500000000000007,0.675
1,topo_down,bm_high,26,0.625,0.07499999999999996,0.7
1,topo_down,bm_high,27,0.65,0.07499999999999996,0.725
1,topo_down,bm_high,28,0.675,0.125,0.8
1,topo_down,bm_high,29,0.7,0.15000000000000002,0.85
1,topo_down,bm_high,30,0.725,0.17500000000000004,0.9
1,topo_down,bm_high,31,0.75,0.19999999999999996,0.95
1,topo_down,bm_high,32,0.775,0.22499999999999998,1.0
1,topo_down,gen_high,1,0.0,0.0,0.0
1,topo_down,gen_high,2,0.025,0.0,0.025
1,topo_down,gen_high,3,0.05,0.0,0.05
1,topo_down,gen_high,4,0.075,0.0,0.075
1,topo_down,gen_high,5,0.1,0.0,0.1
1,topo_down,gen_high,6,0.125,0.024999999999999994,0.15
1,topo_down,gen_high,7,0.15,0.024999999999999994,0.175
1,topo_down,gen_high,8,0.175,0.025000000000000022,0.2
1,topo_down,gen_high,9,0.2,0.024999999999999994,0.225
1,topo_down,gen_high,10,0.225,0.07499999999999998,0.3
1,topo_down,gen_high,11,0.25,0.07500000000000001,0.325
1,topo_down,gen_high,12,0.275,0.09999999999999998,0.375
1,topo_down,gen_high,13,0.3,0.10000000000000003,0.4
1,topo_down,gen_high,14,0.325,0.125,0.45
1,topo_down,gen_high,15,0.35,0.125,0.475
1,topo_down,gen_high,16,0.375,0.125,0.5
1,topo_down,gen_high,17,0.4,0.125,0.525
1,topo_down,gen_high,18,0.425,0.12500000000000006,0.55
1,topo_down,gen_high,19,0.45,0.12499999999999994,0.575
1,topo_down,gen_high,20,0.475,0.125,0.6
1,topo_down,gen_high,21,0.5,0.125,0.625
1,topo_down,gen_high,22,0.525,0.15000000000000002,0.675
1,topo_down,gen_high,23,0.55,0.1499999999999999,0.7
1,topo_down,gen_high,24,0.575,0.15000000000000002,0.725
1,topo_down,gen_high,25,0.6,0.15000000000000002,0.75
1,topo_down,gen_high,26,0.625,0.15000000000000002,0.775
1,topo_down,gen_high,27,0.65,0.17499999999999993,0.825
1,topo_down,gen_high,28,0.675,0.19999999999999996,0.875
1,topo_down,gen_high,29,0.7,0.2250000000000001,0.925
1,topo_down,gen_high,30,0.725,0.22499999999999998,0.95
1,topo_down,gen_high,31,0.75,0.25,1.0
1,topo_down,degree_high,1,0.0,0.0,0.0
1,topo_down,degree_high,2,0.025,0.0,0.025
1,topo_down,degree_high,3,0.05,0.0,0.05
1,topo_down,degree_high,4,0.075,0.0,0.075
1,topo_down,degree_high,5,0.1,0.0,0.1
1,topo_down,degree_high,6,0.125,0.024999999999999994,0.15
1,topo_down,degree_high,7,0.15,0.024999999999999994,0.175
1,topo_down,degree_high,8,0.175,0.025000000000000022,0.2
1,topo_down,degree_high,9,0.2,0.024999999999999994,0.225
1,topo_down,degree_high,10,0.225,0.07499999999999998,0.3
1,topo_down,degree_high,11,0.25,0.07500000000000001,0.325
1,topo_down,degree_high,12,0.275,0.09999999999999998,0.375
1,topo_down,degree_high,13,0.3,0.10000000000000003,0.4
1,topo_down,degree_high,14,0.325,0.09999999999999998,0.425
1,topo_down,degree_high,15,0.35,0.10000000000000003,0.45
1,topo_down,degree_high,16,0.375,0.09999999999999998,0.475
1,topo_down,degree_high,17,0.4,0.09999999999999998,0.5
1,topo_down,degree_high,18,0.425,0.10000000000000003,0.525
1,topo_down,degree_high,19,0.45,0.10000000000000003,0.55
1,topo_down,degree_high,20,0.475,0.09999999999999998,0.575
1,topo_down,degree_high,21,0.5,0.125,0.625
1,topo_down,degree_high,22,0.525,0.125,0.65
1,topo_down,degree_high,23,0.55,0.1499999999999999,0.7
1,topo_down,degree_high,24,0.575,0.15000000000000002,0.725
1,topo_down,degree_high,25,0.6,0.15000000000000002,0.75
1,topo_down,degree_high,26,0.625,0.15000000000000002,0.775
1,topo_down,degree_high,27,0.65,0.17499999999999993,0.825
1,topo_down,degree_high,28,0.675,0.19999999999999996,0.875
1,topo_down,degree_high,29,0.7,0.2250000000000001,0.925
1,topo_down,degree_high,30,0.725,0.22499999999999998,0.95
1,topo_down,degree_high,31,0.75,0.25,1.0
1,topo_down,degree_low,1,0.0,0.0,0.0
1,topo_down,degree_low,2,0.025,0.0,0.025
1,topo_down,degree_low,3,0.05,0.0,0.05
1,topo_down,degree_low,4,0.075,0.0,0.075
1,topo_down,degree_low,5,0.1,0.0,0.1
1,topo_down,degree_low,6,0.125,0.0,0.125
1,topo_down,degree_low,7,0.15,0.0,0.15
1,topo_down,degree_low,8,0.175,0.0,0.175
1,topo_down,degree_low,9,0.2,0.0,0.2
1,topo_down,degree_low,10,0.225,0.0,0.225
1,topo_down,degree_low,11,0.25,0.0,0.25
1,topo_down,degree_low,12,0.275,0.0,0.275
1,topo_down,degree_low,13,0.3,0.0,0.3
1,topo_down,degree_low,14,0.325,0.0,0.325
1,topo_down,degree_low,15,0.35,0.0,0.35
1,topo_down,degree_low,16,0.375,0.0,0.375
1,topo_down,degree_low,17,0.4,0.0,0.4
1,topo_down,degree_low,18,0.425,0.0,0.425
1,topo_down,degree_low,19,0.45,0.0,0.45
1,topo_down,degree_low,20,0.475,0.0,0.475
1,topo_down,degree_low,21,0.5,0.0,0.5
1,topo_down,degree_low,22,0.525,0.0,0.525
1,topo_down,degree_low,23,0.55,0.0,0.55
1,topo_down,degree_low,24,0.575,0.025000000000000022,0.6
1,topo_down,degree_low,25,0.6,0.025000000000000022,0.625
1,topo_down,degree_low,26,0.625,0.025000000000000022,0.65
1,topo_down,degree_low,27,0.65,0.025000000000000022,0.675
1,topo_down,degree_low,28,0.675,0.02499999999999991,0.7
1,topo_down,degree_low,29,0.7,0.025000000000000022,0.725
1,topo_down,degree_low,30,0.725,0.050000000000000044,0.775
1,topo_down,degree_low,31,0.75,0.25,1.0
1,topo_down,vul_high,1,0.0,0.0,0.0
1,topo_down,vul_high,2,0.025,0.0,0.025
1,topo_down,vul_high,3,0.05,0.0,0.05
1,topo_down,vul_high,4,0.075,0.0,0.075
1,topo_down,vul_high,5,0.1,0.0,0.1
1,topo_down,vul_high,6,0.125,0.0,0.125
1,topo_down,vul_high,7,0.15,0.0,0.15
1,topo_down,vul_high,8,0.175,0.0,0.175
1,topo_down,vul_high,9,0.2,0.0,0.2
1,topo_down,vul_high,10,0.225,0.0,0.225
1,topo_down,vul_high,11,0.25,0.0,0.25
1,topo_down,vul_high,12,0.275,0.024999999999999967,0.3
1,topo_down,vul_high,13,0.3,0.025000000000000022,0.325
1,topo_down,vul_high,14,0.325,0.024999999999999967,0.35
1,topo_down,vul_high,15,0.35,0.025000000000000022,0.375
1,topo_down,vul_high,16,0.375,0.025000000000000022,0.4
1,topo_down,vul_high,17,0.4,0.024999999999999967,0.425
1,topo_down,vul_high,18,0.425,0.025000000000000022,0.45
1,topo_down,vul_high,19,0.45,0.10000000000000003,0.55
1,topo_down,vul_high,20,0.475,0.125,0.6
1,topo_down,vul_high,21,0.5,0.125,0.625
1,topo_down,vul_high,22,0.525,0.125,0.65
1,topo_down,vul_high,23,0.55,0.125,0.675
1,topo_down,vul_high,24,0.575,0.125,0.7
1,topo_down,vul_high,25,0.6,0.125,0.725
1,topo_down,vul_high,26,0.625,0.125,0.75
1,topo_down,vul_high,27,0.65,0.125,0.775
1,topo_down,vul_high,28,0.675,0.1499999999999999,0.825
1,topo_down,vul_high,29,0.7,0.15000000000000002,0.85
1,topo_down,vul_high,30,0.725,0.22499999999999998,0.95
1,topo_down,vul_high,31,0.75,0.25,1.0
1,topo_down,bm_low,1,0.0,0.0,0.0
1,topo_down,bm_low,2,0.025,0.0,0.025
1,topo_down,bm_low,3,0.05,0.0,0.05
1,topo_down,bm_low,4,0.075,0.0,0.075
1,topo_down,bm_low,5,0.1,0.0,0.1
1,topo_down,bm_low,6,0.125,0.0,0.125
1,topo_down,bm_low,7,0.15,0.07500000000000001,0.225
1,topo_down,bm_low,8,0.175,0.10000000000000003,0.275
1,topo_down,bm_low,9,0.2,0.125,0.325
1,topo_down,bm_low,10,0.225,0.19999999999999998,0.425
1,topo_down,bm_low,11,0.25,0.4,0.65
1,topo_down,bm_low,12,0.275,0.4,0.675
1,topo_down,bm_low,13,0.3,0.39999999999999997,0.7
1,topo_down,bm_low,14,0.325,0.39999999999999997,0.725
1,topo_down,bm_low,15,0.35,0.4,0.75
1,topo_down,bm_low,16,0.375,0.4,0.775
1,topo_down,bm_low,17,0.4,0.4,0.8
1,topo_down,bm_low,18,0.425,0.39999999999999997,0.825
1,topo_down,bm_low,19,0.45,0.39999999999999997,0.85
1,topo_down,bm_low,20,0.475,0.4,0.875
1,topo_down,bm_low,21,0.5,0.4,0.9
1,topo_down,bm_low,22,0.525,0.4,0.925
1,topo_down,bm_low,23,0.55,0.3999999999999999,0.95
1,topo_down,bm_low,24,0.575,0.42500000000000004,1.0
2,topo_niche,gen_low,1,0.0,0.0,0.0
2,topo_niche,gen_low,2,0.03571428571428571,0.03571428571428571,0.07142857142857142
2,topo_niche,gen_low,3,0.07142857142857142,0.03571428571428571,0.10714285714285714
2,topo_niche,gen_low,4,0.10714285714285714,0.03571428571428571,0.14285714285714285
2,topo_niche,gen_low,5,0.14285714285714285,0.035714285714285726,0.17857142857142858
2,topo_niche,gen_low,6,0.17857142857142858,0.0357142857142857,0.21428571428571427
2,topo_niche,gen_low,7,0.21428571428571427,0.035714285714285726,0.25
2,topo_niche,gen_low,8,0.25,0.0357142857142857,0.2857142857142857
2,topo_niche,gen_low,9,0.2857142857142857,0.035714285714285754,0.32142857142857145
2,topo_niche,gen_low,10,0.32142857142857145,0.0357142857142857,0.35714285714285715
2,topo_niche,gen_low,11,0.35714285714285715,0.0357142857142857,0.39285714285714285
2,topo_niche,gen_low,12,0.39285714285714285,0.0357142857142857,0.42857142857142855
2,topo_niche,gen_low,13,0.42857142857142855,0.035714285714285754,0.4642857142857143
2,topo_niche,gen_low,14,0.4642857142857143,0.0357142857142857,0.5
2,topo_niche,gen_low,15,0.5,0.0357142857142857,0.5357142857142857
2,topo_niche,gen_low,16,0.5357142857142857,0.0357142857142857,0.5714285714285714
2,topo_niche,gen_low,17,0.5714285714285714,0.0357142857142857,0.6071428571428571
2,topo_niche,gen_low,18,0.6071428571428571,0.03571428571428581,0.6428571428571429
2,topo_niche,gen_low,19,0.6428571428571429,0.1071428571428571,0.75
2,topo_niche,gen_low,20,0.6785714285714286,0.1428571428571428,0.8214285714285714
2,topo_niche,gen_low,21,0.7142857142857143,0.1428571428571428,0.8571428571428571
2,topo_niche,gen_low,22,0.75,0.1428571428571429,0.8928571428571429
2,topo_niche,gen_low,23,0.7857142857142857,0.2142857142857143,1.0
2,topo_niche,vul_low,1,0.0,0.0,0.0
2,topo_niche,vul_low,2,0.03571428571428571,0.0,0.03571428571428571
2,topo_niche,vul_low,3,0.07142857142857142,0.0,0.07142857142857142
2,topo_niche,vul_low,4,0.10714285714285714,0.0,0.10714285714285714
2,topo_niche,vul_low,5,0.14285714285714285,0.0,0.14285714285714285
2,topo_niche,vul_low,6,0.17857142857142858,0.0357142857142857,0.21428571428571427
2,topo_niche,vul_low,7,0.21428571428571427,0.035714285714285726,0.25
2,topo_niche,vul_low,8,0.25,0.0357142857142857,0.2857142857142857
2,topo_niche,vul_low,9,0.2857142857142857,0.035714285714285754,0.32142857142857145
2,topo_niche,vul_low,10,0.32142857142857145,0.0357142857142857,0.35714285714285715
2,topo_niche,vul_low,11,0.35714285714285715,0.0714285714285714,0.42857142857142855
2,topo_niche,vul_low,12,0.39285714285714285,0.07142857142857145,0.4642857142857143
2,topo_niche,vul_low,13,0.42857142857142855,0.07142857142857145,0.5
2,topo_niche,vul_low,14,0.4642857142857143,0.0714285714285714,0.5357142857142857
2,topo_niche,vul_low,15,0.5,0.0714285714285714,0.5714285714285714
2,topo_niche,vul_low,16,0.5357142857142857,0.0714285714285714,0.6071428571428571
2,topo_niche,vul_low,17,0.5714285714285714,0.07142857142857151,0.6428571428571429
2,topo_niche,vul_low,18,0.6071428571428571,0.07142857142857151,0.6785714285714286
2,topo_niche,vul_low,19,0.6428571428571429,0.0714285714285714,0.7142857142857143
2,topo_niche,vul_low,20,0.6785714285714286,0.1428571428571428,0.8214285714285714
2,topo_niche,vul_low,21,0.7142857142857143,0.1785714285714286,0.8928571428571429
2,topo_niche,vul_low,22,0.75,0.1785714285714286,0.9285714285714286
2,topo_niche,vul_low,23,0.7857142857142857,0.2142857142857143,1.0
2,topo_niche,rand_basal,1,0.0,0.0,0.0
2,topo_niche,rand_basal,2,0.03571428571428571,0.0,0.03571428571428571
2,topo_niche,rand_basal,3,0.07142857142857142,0.0,0.07142857142857142
2,topo_niche,rand_basal,4,0.10714285714285714,0.0,0.10714285714285714
2,topo_niche,rand_basal,5,0.14285714285714285,0.035714285714285726,0.17857142857142858
2,topo_niche,rand_basal,6,0.17857142857142858,0.14285714285714288,0.32142857142857145
2,topo_niche,rand_consumer,1,0.0,0.0,0.0
2,topo_niche,rand_consumer,2,0.03571428571428571,0.0,0.03571428571428571
2,topo_niche,rand_consumer,3,0.07142857142857142,0.0,0.07142857142857142
2,topo_niche,rand_consumer,4,0.10714285714285714,0.0,0.10714285714285714
2,topo_niche,rand_consumer,5,0.14285714285714285,0.0,0.14285714285714285
2,topo_niche,rand_consumer,6,0.17857142857142858,0.0357142857142857,0.21428571428571427
2,topo_niche,rand_consumer,7,0.21428571428571427,0.035714285714285726,0.25
2,topo_niche,rand_consumer,8,0.25,0.0357142857142857,0.2857142857142857
2,topo_niche,rand_consumer,9,0.2857142857142857,0.035714285714285754,0.32142857142857145
2,topo_niche,rand_consumer,10,0.32142857142857145,0.0357142857142857,0.35714285714285715
2,topo_niche,rand_consumer,11,0.35714285714285715,0.0357142857142857,0.39285714285714285
2,topo_niche,rand_consumer,12,0.39285714285714285,0.0357142857142857,0.42857142857142855
2,topo_niche,rand_consumer,13,0.42857142857142855,0.035714285714285754,0.4642857142857143
2,topo_niche,rand_consumer,14,0.4642857142857143,0.0714285714285714,0.5357142857142857
2,topo_niche,rand_consumer,15,0.5,0.0714285714285714,0.5714285714285714
2,topo_niche,rand_consumer,16,0.5357142857142857,0.0714285714285714,0.6071428571428571
2,topo_niche,rand_consumer,17,0.5714285714285714,0.07142857142857151,0.6428571428571429
2,topo_niche,rand_consumer,18,0.6071428571428571,0.07142857142857151,0.6785714285714286
2,topo_niche,rand_consumer,19,0.6428571428571429,0.1428571428571428,0.7857142857142857
2,topo_niche,rand_consumer,20,0.6785714285714286,0.1785714285714285,0.8571428571428571
2,topo_niche,rand_consumer,21,0.7142857142857143,0.1785714285714286,0.8928571428571429
2,topo_niche,rand_consumer,22,0.75,0.1785714285714286,0.9285714285714286
2,topo_niche,rand_consumer,23,0.7857142857142857,0.2142857142857143,1.0
2,topo_niche,bm_high,1,0.0,0.0,0.0
2,topo_niche,bm_high,2,0.03571428571428571,0.0,0.03571428571428571
2,topo_niche,bm_high,3,0.07142857142857142,0.0,0.07142857142857142
2,topo_niche,bm_high,4,0.10714285714285714,0.0,0.10714285714285714
2,topo_niche,bm_high,5,0.14285714285714285,0.0,0.14285714285714285
2,topo_niche,bm_high,6,0.17857142857142858,0.0,0.17857142857142858
2,topo_niche,bm_high,7,0.21428571428571427,0.0,0.21428571428571427
2,topo_niche,bm_high,8,0.25,0.0,0.25
2,topo_niche,bm_high,9,0.2857142857142857,0.0,0.2857142857142857
2,topo_niche,bm_high,10,0.32142857142857145,0.0,0.32142857142857145
2,topo_niche,bm_high,11,0.35714285714285715,0.0,0.35714285714285715
2,topo_niche,bm_high,12,0.39285714285714285,0.0,0.39285714285714285
2,topo_niche,bm_high,13,0.42857142857142855,0.0,0.42857142857142855
2,topo_niche,bm_high,14,0.4642857142857143,0.0,0.4642857142857143
2,topo_niche,bm_high,15,0.5,0.0,0.5
2,topo_niche,bm_high,16,0.5357142857142857,0.0,0.5357142857142857
2,topo_niche,bm_high,17,0.5714285714285714,0.0,0.5714285714285714
2,topo_niche,bm_high,18,0.6071428571428571,0.0,0.6071428571428571
2,topo_niche,bm_high,19,0.6428571428571429,0.0357142857142857,0.6785714285714286
2,topo_niche,bm_high,20,0.6785714285714286,0.0357142857142857,0.7142857142857143
2,topo_niche,bm_high,21,0.7142857142857143,0.0357142857142857,0.75
2,topo_niche,bm_high,22,0.75,0.0357142857142857,0.7857142857142857
2,topo_niche,bm_high,23,0.7857142857142857,0.0357142857142857,0.8214285714285714
2,topo_niche,bm_high,24,0.8214285714285714,0.07142857142857151,0.8928571428571429
2,topo_niche,bm_high,25,0.8571428571428571,0.07142857142857151,0.9285714285714286
2,topo_niche,bm_high,26,0.8928571428571429,0.0714285714285714,0.9642857142857143
2,topo_niche,bm_high,27,0.9285714285714286,0.0714285714285714,1.0
2,topo_niche,gen_high,1,0.0,0.0,0.0
2,topo_niche,gen_high,2,0.03571428571428571,0.0,0.03571428571428571
2,topo_niche,gen_high,3,0.07142857142857142,0.0,0.07142857142857142
2,topo_niche,gen_high,4,0.10714285714285714,0.0,0.10714285714285714
2,topo_niche,gen_high,5,0.14285714285714285,0.0,0.14285714285714285
2,topo_niche,gen_high,6,0.17857142857142858,0.0,0.17857142857142858
2,topo_niche,gen_high,7,0.21428571428571427,0.0,0.21428571428571427
2,topo_niche,gen_high,8,0.25,0.0,0.25
2,topo_niche,gen_high,9,0.2857142857142857,0.0,0.2857142857142857
2,topo_niche,gen_high,10,0.32142857142857145,0.0,0.32142857142857145
2,topo_niche,gen_high,11,0.35714285714285715,0.0,0.35714285714285715
2,topo_niche,gen_high,12,0.39285714285714285,0.0,0.39285714285714285
2,topo_niche,gen_high,13,0.42857142857142855,0.035714285714285754,0.4642857142857143
2,topo_niche,gen_high,14,0.4642857142857143,0.0714285714285714,0.5357142857142857
2,topo_niche,gen_high,15,0.5,0.1071428571428571,0.6071428571428571
2,topo_niche,gen_high,16,0.5357142857142857,0.1071428571428572,0.6428571428571429
2,topo_niche,gen_high,17,0.5714285714285714,0.1071428571428572,0.6785714285714286
2,topo_niche,gen_high,18,0.6071428571428571,0.1071428571428572,0.7142857142857143
2,topo_niche,gen_high,19,0.6428571428571429,0.1071428571428571,0.75
2,topo_niche,gen_high,20,0.6785714285714286,0.1428571428571428,0.8214285714285714
2,topo_niche,gen_high,21,0.7142857142857143,0.1785714285714286,0.8928571428571429
2,topo_niche,gen_high,22,0.75,0.25,1.0
2,topo_niche,degree_high,1,0.0,0.0,0.0
2,topo_niche,degree_high,2,0.03571428571428571,0.0,0.03571428571428571
2,topo_niche,degree_high,3,0.07142857142857142,0.0,0.07142857142857142
2,topo_niche,degree_high,4,0.10714285714285714,0.0,0.10714285714285714
2,topo_niche,degree_high,5,0.14285714285714285,0.0,0.14285714285714285
2,topo_niche,degree_high,6,0.17857142857142858,0.0,0.17857142857142858
2,topo_niche,degree_high,7,0.21428571428571427,0.0,0.21428571428571427
2,topo_niche,degree_high,8,0.25,0.0,0.25
2,topo_niche,degree_high,9,0.2857142857142857,0.0,0.2857142857142857
2,topo_niche,degree_high,10,0.32142857142857145,0.0,0.32142857142857145
2,topo_niche,degree_high,11,0.35714285714285715,0.0,0.35714285714285715
2,topo_niche,degree_high,12,0.39285714285714285,0.0,0.39285714285714285
2,topo_niche,degree_high,13,0.42857142857142855,0.035714285714285754,0.4642857142857143
2,topo_niche,degree_high,14,0.4642857142857143,0.0357142857142857,0.5
2,topo_niche,degree_high,15,0.5,0.0714285714285714,0.5714285714285714
2,topo_niche,degree_high,16,0.5357142857142857,0.1071428571428572,0.6428571428571429
2,topo_niche,degree_high,17,0.5714285714285714,0.1071428571428572,0.6785714285714286
2,topo_niche,degree_high,18,0.6071428571428571,0.1428571428571429,0.75
2,topo_niche,degree_high,19,0.6428571428571429,0.2142857142857142,0.8571428571428571
2,topo_niche,degree_high,20,0.6785714285714286,0.2142857142857143,0.8928571428571429
2,topo_niche,degree_high,21,0.7142857142857143,0.2142857142857143,0.9285714285714286
2,topo_niche,degree_high,22,0.75,0.25,1.0
2,topo_niche,degree_low,1,0.0,0.0,0.0
2,topo_niche,degree_low,2,0.03571428571428571,0.03571428571428571,0.07142857142857142
2,topo_niche,degree_low,3,0.07142857142857142,0.03571428571428571,0.10714285714285714
2,topo_niche,degree_low,4,0.10714285714285714,0.03571428571428571,0.14285714285714285
2,topo_niche,degree_low,5,0.14285714285714285,0.035714285714285726,0.17857142857142858
2,topo_niche,degree_low,6,0.17857142857142858,0.0357142857142857,0.21428571428571427
2,topo_niche,degree_low,7,0.21428571428571427,0.035714285714285726,0.25
2,topo_niche,degree_low,8,0.25,0.0357142857142857,0.2857142857142857
2,topo_niche,degree_low,9,0.2857142857142857,0.035714285714285754,0.32142857142857145
2,topo_niche,degree_low,10,0.32142857142857145,0.0357142857142857,0.35714285714285715
2,topo_niche,degree_low,11,0.35714285714285715,0.0357142857142857,0.39285714285714285
2,topo_niche,degree_low,12,0.39285714285714285,0.0357142857142857,0.42857142857142855
2,topo_niche,degree_low,13,0.42857142857142855,0.07142857142857145,0.5
2,topo_niche,degree_low,14,0.4642857142857143,0.0714285714285714,0.5357142857142857
2,topo_niche,degree_low,15,0.5,0.0714285714285714,0.5714285714285714
2,topo_niche,degree_low,16,0.5357142857142857,0.0714285714285714,0.6071428571428571
2,topo_niche,degree_low,17,0.5714285714285714,0.07142857142857151,0.6428571428571429
2,topo_niche,degree_low,18,0.6071428571428571,0.07142857142857151,0.6785714285714286
2,topo_niche,degree_low,19,0.6428571428571429,0.0714285714285714,0.7142857142857143
2,topo_niche,degree_low,20,0.6785714285714286,0.0714285714285714,0.75
2,topo_niche,degree_low,21,0.7142857142857143,0.0714285714285714,0.7857142857142857
2,topo_niche,degree_low,22,0.75,0.1071428571428571,0.8571428571428571
2,topo_niche,degree_low,23,0.7857142857142857,0.2142857142857143,1.0
2,topo_niche,vul_high,1,0.0,0.0,0.0
2,topo_niche,vul_high,2,0.03571428571428571,0.0,0.03571428571428571
2,topo_niche,vul_high,3,0.07142857142857142,0.0,0.07142857142857142
2,topo_niche,vul_high,4,0.10714285714285714,0.0,0.10714285714285714
2,topo_niche,vul_high,5,0.14285714285714285,0.0,0.14285714285714285
2,topo_niche,vul_high,6,0.17857142857142858,0.0,0.17857142857142858
2,topo_niche,vul_high,7,0.21428571428571427,0.0,0.21428571428571427
2,topo_niche,vul_high,8,0.25,0.0,0.25
2,topo_niche,vul_high,9,0.2857142857142857,0.0,0.2857142857142857
2,topo_niche,vul_high,10,0.32142857142857145,0.0,0.32142857142857145
2,topo_niche,vul_high,11,0.35714285714285715,0.0,0.35714285714285715
2,topo_niche,vul_high,12,0.39285714285714285,0.0357142857142857,0.42857142857142855
2,topo_niche,vul_high,13,0.42857142857142855,0.035714285714285754,0.4642857142857143
2,topo_niche,vul_high,14,0.4642857142857143,0.0357142857142857,0.5
2,topo_niche,vul_high,15,0.5,0.0357142857142857,0.5357142857142857
2,topo_niche,vul_high,16,0.5357142857142857,0.0357142857142857,0.5714285714285714
2,topo_niche,vul_high,17,0.5714285714285714,0.07142857142857151,0.6428571428571429
2,topo_niche,vul_high,18,0.6071428571428571,0.07142857142857151,0.6785714285714286
2,topo_niche,vul_high,19,0.6428571428571429,0.0714285714285714,0.7142857142857143
2,topo_niche,vul_high,20,0.6785714285714286,0.0714285714285714,0.75
2,topo_niche,vul_high,21,0.7142857142857143,0.1071428571428571,0.8214285714285714
2,topo_niche,vul_high,22,0.75,0.1785714285714286,0.9285714285714286
2,topo_niche,vul_high,23,0.7857142857142857,0.2142857142857143,1.0
2,topo_niche,bm_low,1,0.0,0.0,0.0
2,topo_niche,bm_low,2,0.03571428571428571,0.0,0.03571428571428571
2,topo_niche,bm_low,3,0.07142857142857142,0.0,0.07142857142857142
2,topo_niche,bm_low,4,0.10714285714285714,0.0,0.10714285714285714
2,topo_niche,bm_low,5,0.14285714285714285,0.0,0.14285714285714285
2,topo_niche,bm_low,6,0.17857142857142858,0.0357142857142857,0.21428571428571427
2,topo_niche,bm_low,7,0.21428571428571427,0.035714285714285726,0.25
2,topo_niche,bm_low,8,0.25,0.07142857142857145,0.32142857142857145
2,topo_niche,bm_low,9,0.2857142857142857,0.07142857142857145,0.35714285714285715
2,topo_niche,bm_low,10,0.32142857142857145,0.0714285714285714,0.39285714285714285
2,topo_niche,bm_low,11,0.35714285714285715,0.0714285714285714,0.42857142857142855
2,topo_niche,bm_low,12,0.39285714285714285,0.07142857142857145,0.4642857142857143
2,topo_niche,bm_low,13,0.42857142857142855,0.07142857142857145,0.5
2,topo_niche,bm_low,14,0.4642857142857143,0.1071428571428571,0.5714285714285714
2,topo_niche,bm_low,15,0.5,0.2857142857142857,0.7857142857142857
2,topo_niche,bm_low,16,0.5357142857142857,0.2857142857142857,0.8214285714285714
2,topo_niche,bm_low,17,0.5714285714285714,0.2857142857142857,0.8571428571428571
2,topo_niche,bm_low,18,0.6071428571428571,0.2857142857142858,0.8928571428571429
2,topo_niche,bm_low,19,0.6428571428571429,0.2857142857142857,0.9285714285714286
2,topo_niche,bm_low,20,0.6785714285714286,0.2857142857142857,0.9642857142857143
2,topo_niche,bm_low,21,0.7142857142857143,0.2857142857142857,1.0
2,topo_down_size,gen_low,1,0.0,0.0,0.0
2,topo_down_size,gen_low,2,0.037037037037037035,0.037037037037037035,0.07407407407407407
2,topo_down_size,gen_low,3,0.07407407407407407,0.037037037037037035,0.1111111111111111
2,topo_down_size,gen_low,4,0.1111111111111111,0.037037037037037035,0.14814814814814814
2,topo_down_size,gen_low,5,0.14814814814814814,0.037037037037037035,0.18518518518518517
2,topo_down_size,gen_low,6,0.18518518518518517,0.037037037037037035,0.2222222222222222
2,topo_down_size,gen_low,7,0.2222222222222222,0.037037037037037035,0.25925925925925924
2,topo_down_size,gen_low,8,0.25925925925925924,0.037037037037037035,0.2962962962962963
2,topo_down_size,gen_low,9,0.2962962962962963,0.037037037037037035,0.3333333333333333
2,topo_down_size,gen_low,10,0.3333333333333333,0.037037037037037035,0.37037037037037035
2,topo_down_size,gen_low,11,0.37037037037037035,0.037037037037037035,0.4074074074074074
2,topo_down_size,gen_low,12,0.4074074074074074,0.5925925925925926,1.0
2,topo_down_size,vul_low,1,0.0,0.0,0.0
2,topo_down_size,vul_low,2,0.037037037037037035,0.0,0.037037037037037035
2,topo_down_size,vul_low,3,0.07407407407407407,0.0,0.07407407407407407
2,topo_down_size,vul_low,4,0.1111111111111111,0.0,0.1111111111111111
2,topo_down_size,vul_low,5,0.14814814814814814,0.0,0.14814814814814814
2,topo_down_size,vul_low,6,0.18518518518518517,0.0,0.18518518518518517
2,topo_down_size,vul_low,7,0.2222222222222222,0.037037037037037035,0.25925925925925924
2,topo_down_size,vul_low,8,0.25925925925925924,0.037037037037037035,0.2962962962962963
2,topo_down_size,vul_low,9,0.2962962962962963,0.037037037037037035,0.3333333333333333
2,topo_down_size,vul_low,10,0.3333333333333333,0.037037037037037035,0.37037037037037035
2,topo_down_size,vul_low,11,0.37037037037037035,0.037037037037037035,0.4074074074074074
2,topo_down_size,vul_low,12,0.4074074074074074,0.5925925925925926,1.0
2,topo_down_size,rand_basal,1,0.0,0.0,0.0
2,topo_down_size,rand_basal,2,0.037037037037037035,0.0,0.037037037037037035
2,topo_down_size,rand_basal,3,0.07407407407407407,0.0,0.07407407407407407
2,topo_down_size,rand_basal,4,0.1111111111111111,0.0,0.1111111111111111
2,topo_down_size,rand_basal,5,0.14814814814814814,0.0,0.14814814814814814
2,topo_down_size,rand_basal,6,0.18518518518518517,0.0,0.18518518518518517
2,topo_down_size,rand_basal,7,0.2222222222222222,0.0,0.2222222222222222
2,topo_down_size,rand_basal,8,0.25925925925925924,0.0,0.25925925925925924
2,topo_down_size,rand_basal,9,0.2962962962962963,0.0,0.2962962962962963
2,topo_down_size,rand_basal,10,0.3333333333333333,0.0,0.3333333333333333
2,topo_down_size,rand_basal,11,0.37037037037037035,0.0,0.37037037037037035
2,topo_down_size,rand_basal,12,0.4074074074074074,0.0,0.4074074074074074
2,topo_down_size,rand_basal,13,0.4444444444444444,0.0,0.4444444444444444
2,topo_down_size,rand_basal,14,0.48148148148148145,0.0,0.48148148148148145
2,topo_down_size,rand_basal,15,0.5185185185185185,0.0,0.5185185185185185
2,topo_down_size,rand_basal,16,0.5555555555555556,0.0,0.5555555555555556
2,topo_down_size,rand_basal,17,0.5925925925925926,0.03703703703703709,0.6296296296296297
2,topo_down_size,rand_consumer,1,0.0,0.0,0.0
2,topo_down_size,rand_consumer,2,0.037037037037037035,0.0,0.037037037037037035
2,topo_down_size,rand_consumer,3,0.07407407407407407,0.037037037037037035,0.1111111111111111
2,topo_down_size,rand_consumer,4,0.1111111111111111,0.037037037037037035,0.14814814814814814
2,topo_down_size,rand_consumer,5,0.14814814814814814,0.037037037037037035,0.18518518518518517
2,topo_down_size,rand_consumer,6,0.18518518518518517,0.037037037037037035,0.2222222222222222
2,topo_down_size,rand_consumer,7,0.2222222222222222,0.037037037037037035,0.25925925925925924
2,topo_down_size,rand_consumer,8,0.25925925925925924,0.037037037037037035,0.2962962962962963
2,topo_down_size,rand_consumer,9,0.2962962962962963,0.037037037037037035,0.3333333333333333
2,topo_down_size,rand_consumer,10,0.3333333333333333,0.037037037037037035,0.37037037037037035
2,topo_down_size,rand_consumer,11,0.37037037037037035,0.2222222222222222,0.5925925925925926
2,topo_down_size,rand_consumer,12,0.4074074074074074,0.5925925925925926,1.0
2,topo_down_size,bm_high,1,0.0,0.0,0.0
2,topo_down_size,bm_high,2,0.037037037037037035,0.0,0.037037037037037035
2,topo_down_size,bm_high,3,0.07407407407407407,0.0,0.07407407407407407
2,topo_down_size,bm_high,4,0.1111111111111111,0.037037037037037035,0.14814814814814814
2,topo_down_size,bm_high,5,0.14814814814814814,0.037037037037037035,0.18518518518518517
2,topo_down_size,bm_high,6,0.18518518518518517,0.037037037037037035,0.2222222222222222
2,topo_down_size,bm_high,7,0.2222222222222222,0.037037037037037035,0.25925925925925924
2,topo_down_size,bm_high,8,0.25925925925925924,0.037037037037037035,0.2962962962962963
2,topo_down_size,bm_high,9,0.2962962962962963,0.037037037037037035,0.3333333333333333
2,topo_down_size,bm_high,10,0.3333333333333333,0.037037037037037035,0.37037037037037035
2,topo_down_size,bm_high,11,0.37037037037037035,0.037037037037037035,0.4074074074074074
2,topo_down_size,bm_high,12,0.4074074074074074,0.037037037037037035,0.4444444444444444
2,topo_down_size,bm_high,13,0.4444444444444444,0.037037037037037035,0.48148148148148145
2,topo_down_size,bm_high,14,0.48148148148148145,0.037037037037037035,0.5185185185185185
2,topo_down_size,bm_high,15,0.5185185185185185,0.03703703703703709,0.5555555555555556
2,topo_down_size,bm_high,16,0.5555555555555556,0.03703703703703698,0.5925925925925926
2,topo_down_size,bm_high,17,0.5925925925925926,0.03703703703703709,0.6296296296296297
2,topo_down_size,bm_high,18,0.6296296296296297,0.03703703703703698,0.6666666666666666
2,topo_down_size,bm_high,19,0.6666666666666666,0.03703703703703709,0.7037037037037037
2,topo_down_size,bm_high,20,0.7037037037037037,0.03703703703703698,0.7407407407407407
2,topo_down_size,bm_high,21,0.7407407407407407,0.03703703703703709,0.7777777777777778
2,topo_down_size,bm_high,22,0.7777777777777778,0.03703703703703698,0.8148148148148148
2,topo_down_size,bm_high,23,0.8148148148148148,0.03703703703703709,0.8518518518518519
2,topo_down_size,bm_high,24,0.8518518518518519,0.03703703703703698,0.8888888888888888
2,topo_down_size,bm_high,25,0.8888888888888888,0.11111111111111116,1.0
2,topo_down_size,gen_high,1,0.0,0.0,0.0
2,topo_down_size,gen_high,2,0.037037037037037035,0.0,0.037037037037037035
2,topo_down_size,gen_high,3,0.07407407407407407,0.0,0.07407407407407407
2,topo_down_size,gen_high,4,0.1111111111111111,0.0,0.1111111111111111
2,topo_down_size,gen_high,5,0.14814814814814814,0.037037037037037035,0.18518518518518517
2,topo_down_size,gen_high,6,0.18518518518518517,0.1111111111111111,0.2962962962962963
2,topo_down_size,gen_high,7,0.2222222222222222,0.2222222222222222,0.4444444444444444
2,topo_down_size,gen_high,8,0.25925925925925924,0.29629629629629634,0.5555555555555556
2,topo_down_size,gen_high,9,0.2962962962962963,0.37037037037037035,0.6666666666666666
2,topo_down_size,gen_high,10,0.3333333333333333,0.48148148148148145,0.8148148148148148
2,topo_down_size,gen_high,11,0.37037037037037035,0.5185185185185185,0.8888888888888888
2,topo_down_size,gen_high,12,0.4074074074074074,0.5925925925925926,1.0
2,topo_down_size,degree_high,1,0.0,0.0,0.0
2,topo_down_size,degree_high,2,0.037037037037037035,0.0,0.037037037037037035
2,topo_down_size,degree_high,3,0.07407407407407407,0.0,0.07407407407407407
2,topo_down_size,degree_high,4,0.1111111111111111,0.0,0.1111111111111111
2,topo_down_size,degree_high,5,0.14814814814814814,0.037037037037037035,0.18518518518518517
2,topo_down_size,degree_high,6,0.18518518518518517,0.1111111111111111,0.2962962962962963
2,topo_down_size,degree_high,7,0.2222222222222222,0.2222222222222222,0.4444444444444444
2,topo_down_size,degree_high,8,0.25925925925925924,0.29629629629629634,0.5555555555555556
2,topo_down_size,degree_high,9,0.2962962962962963,0.37037037037037035,0.6666666666666666
2,topo_down_size,degree_high,10,0.3333333333333333,0.4074074074074074,0.7407407407407407
2,topo_down_size,degree_high,11,0.37037037037037035,0.5185185185185185,0.8888888888888888
2,topo_down_size,degree_high,12,0.4074074074074074,0.5925925925925926,1.0
2,topo_down_size,degree_low,1,0.0,0.0,0.0
2,topo_down_size,degree_low,2,0.037037037037037035,0.037037037037037035,0.07407407407407407
2,topo_down_size,degree_low,3,0.07407407407407407,0.037037037037037035,0.1111111111111111
2,topo_down_size,degree_low,4,0.1111111111111111,0.037037037037037035,0.14814814814814814
2,topo_down_size,degree_low,5,0.14814814814814814,0.037037037037037035,0.18518518518518517
2,topo_down_size,degree_low,6,0.18518518518518517,0.037037037037037035,0.2222222222222222
2,topo_down_size,degree_low,7,0.2222222222222222,0.037037037037037035,0.25925925925925924
2,topo_down_size,degree_low,8,0.25925925925925924,0.037037037037037035,0.2962962962962963
2,topo_down_size,degree_low,9,0.2962962962962963,0.037037037037037035,0.3333333333333333
2,topo_down_size,degree_low,10,0.3333333333333333,0.037037037037037035,0.37037037037037035
2,topo_down_size,degree_low,11,0.37037037037037035,0.037037037037037035,0.4074074074074074
2,topo_down_size,degree_low,12,0.4074074074074074,0.5925925925925926,1.0
2,topo_down_size,vul_high,1,0.0,0.0,0.0
2,topo_down_size,vul_high,2,0.037037037037037035,0.0,0.037037037037037035
2,topo_down_size,vul_high,3,0.07407407407407407,0.0,0.07407407407407407
2,topo_down_size,vul_high,4,0.1111111111111111,0.0,0.1111111111111111
2,topo_down_size,vul_high,5,0.14814814814814814,0.0,0.14814814814814814
2,topo_down_size,vul_high,6,0.18518518518518517,0.037037037037037035,0.2222222222222222
2,topo_down_size,vul_high,7,0.2222222222222222,0.037037037037037035,0.25925925925925924
2,topo_down_size,vul_high,8,0.25925925925925924,0.07407407407407407,0.3333333333333333
2,topo_down_size,vul_high,9,0.2962962962962963,0.07407407407407407,0.37037037037037035
2,topo_down_size,vul_high,10,0.3333333333333333,0.4074074074074074,0.7407407407407407
2,topo_down_size,vul_high,11,0.37037037037037035,0.5185185185185185,0.8888888888888888
2,topo_down_size,vul_high,12,0.4074074074074074,0.5925925925925926,1.0
2,topo_down_size,bm_low,1,0.0,0.0,0.0
2,topo_down_size,bm_low,2,0.037037037037037035,0.0,0.037037037037037035
2,topo_down_size,bm_low,3,0.07407407407407407,0.0,0.07407407407407407
2,topo_down_size,bm_low,4,0.1111111111111111,0.0,0.1111111111111111
2,topo_down_size,bm_low,5,0.14814814814814814,0.0,0.14814814814814814
2,topo_down_size,bm_low,6,0.18518518518518517,0.0,0.18518518518518517
2,topo_down_size,bm_low,7,0.2222222222222222,0.0,0.2222222222222222
2,topo_down_size,bm_low,8,0.25925925925925924,0.0,0.25925925925925924
2,topo_down_size,bm_low,9,0.2962962962962963,0.0,0.2962962962962963
2,topo_down_size,bm_low,10,0.3333333333333333,0.0,0.3333333333333333
2,topo_down_size,bm_low,11,0.37037037037037035,0.0,0.37037037037037035
2,topo_down_size,bm_low,12,0.4074074074074074,0.0,0.4074074074074074
2,topo_down_size,bm_low,13,0.4444444444444444,0.0,0.4444444444444444
2,topo_down_size,bm_low,14,0.48148148148148145,0.0,0.48148148148148145
2,topo_down_size,bm_low,15,0.5185185185185185,0.0,0.5185185185185185
2,topo_down_size,bm_low,16,0.5555555555555556,0.0,0.5555555555555556
2,topo_down_size,bm_low,17,0.5925925925925926,0.0,0.5925925925925926
2,topo_down_size,bm_low,18,0.6296296296296297,0.0,0.6296296296296297
2,topo_down_size,bm_low,19,0.6666666666666666,0.0,0.6666666666666666
2,topo_down_size,bm_low,20,0.7037037037037037,0.0,0.7037037037037037
2,topo_down_size,bm_low,21,0.7407407407407407,0.0,0.7407407407407407
2,topo_down_size,bm_low,22,0.7777777777777778,0.0,0.7777777777777778
2,topo_down_size,bm_low,23,0.8148148148148148,0.0,0.8148148148148148
2,topo_down_size,bm_low,24,0.8518518518518519,0.0,0.8518518518518519
2,topo_down_size,bm_low,25,0.8888888888888888,0.0,0.8888888888888888
2,topo_down_size,bm_low,26,0.9259259259259259,0.0,0.9259259259259259
2,topo_down_size,bm_low,27,0.9629629629629629,0.03703703703703709,1.0
2,topo_down,gen_low,1,0.0,0.0,0.0
2,topo_down,gen_low,2,0.02857142857142857,0.0,0.02857142857142857
2,topo_down,gen_low,3,0.05714285714285714,0.0,0.05714285714285714
2,topo_down,gen_low,4,0.08571428571428572,0.0,0.08571428571428572
2,topo_down,gen_low,5,0.11428571428571428,0.0,0.11428571428571428
2,topo_down,gen_low,6,0.14285714285714285,0.0,0.14285714285714285
2,topo_down,gen_low,7,0.17142857142857143,0.0,0.17142857142857143
2,topo_down,gen_low,8,0.2,0.0,0.2
2,topo_down,gen_low,9,0.22857142857142856,0.0,0.22857142857142856
2,topo_down,gen_low,10,0.2571428571428571,0.0,0.2571428571428571
2,topo_down,gen_low,11,0.2857142857142857,0.0,0.2857142857142857
2,topo_down,gen_low,12,0.3142857142857143,0.0,0.3142857142857143
2,topo_down,gen_low,13,0.34285714285714286,0.0,0.34285714285714286
2,topo_down,gen_low,14,0.37142857142857144,0.0,0.37142857142857144
2,topo_down,gen_low,15,0.4,0.0,0.4
2,topo_down,gen_low,16,0.42857142857142855,0.0,0.42857142857142855
2,topo_down,gen_low,17,0.45714285714285713,0.0,0.45714285714285713
2,topo_down,gen_low,18,0.4857142857142857,0.0,0.4857142857142857
2,topo_down,gen_low,19,0.5142857142857142,0.1428571428571429,0.6571428571428571
2,topo_down,gen_low,20,0.5428571428571428,0.1428571428571429,0.6857142857142857
2,topo_down,gen_low,21,0.5714285714285714,0.1428571428571429,0.7142857142857143
2,topo_down,gen_low,22,0.6,0.1428571428571429,0.7428571428571429
2,topo_down,gen_low,23,0.6285714285714286,0.1428571428571429,0.7714285714285715
2,topo_down,gen_low,24,0.6571428571428571,0.34285714285714286,1.0
2,topo_down,vul_low,1,0.0,0.0,0.0
2,topo_down,vul_low,2,0.02857142857142857,0.0,0.02857142857142857
2,topo_down,vul_low,3,0.05714285714285714,0.0,0.05714285714285714
2,topo_down,vul_low,4,0.08571428571428572,0.0,0.08571428571428572
2,topo_down,vul_low,5,0.11428571428571428,0.0,0.11428571428571428
2,topo_down,vul_low,6,0.14285714285714285,0.0,0.14285714285714285
2,topo_down,vul_low,7,0.17142857142857143,0.0,0.17142857142857143
2,topo_down,vul_low,8,0.2,0.0,0.2
2,topo_down,vul_low,9,0.22857142857142856,0.0,0.22857142857142856
2,topo_down,vul_low,10,0.2571428571428571,0.0,0.2571428571428571
2,topo_down,vul_low,11,0.2857142857142857,0.0,0.2857142857142857
2,topo_down,vul_low,12,0.3142857142857143,0.0,0.3142857142857143
2,topo_down,vul_low,13,0.34285714285714286,0.0,0.34285714285714286
2,topo_down,vul_low,14,0.37142857142857144,0.0,0.37142857142857144
2,topo_down,vul_low,15,0.4,0.0,0.4
2,topo_down,vul_low,16,0.42857142857142855,0.0,0.42857142857142855
2,topo_down,vul_low,17,0.45714285714285713,0.057142857142857106,0.5142857142857142
2,topo_down,vul_low,18,0.4857142857142857,0.057142857142857106,0.5428571428571428
2,topo_down,vul_low,19,0.5142857142857142,0.22857142857142865,0.7428571428571429
2,topo_down,vul_low,20,0.5428571428571428,0.25714285714285723,0.8
2,topo_down,vul_low,21,0.5714285714285714,0.25714285714285723,0.8285714285714286
2,topo_down,vul_low,22,0.6,0.2857142857142857,0.8857142857142857
2,topo_down,vul_low,23,0.6285714285714286,0.3142857142857143,0.9428571428571428
2,topo_down,vul_low,24,0.6571428571428571,0.34285714285714286,1.0
2,topo_down,rand_basal,1,0.0,0.0,0.0
2,topo_down,rand_basal,2,0.02857142857142857,0.0,0.02857142857142857
2,topo_down,rand_basal,3,0.05714285714285714,0.0,0.05714285714285714
2,topo_down,rand_basal,4,0.08571428571428572,0.0,0.08571428571428572
2,topo_down,rand_basal,5,0.11428571428571428,0.08571428571428573,0.2
2,topo_down,rand_basal,6,0.14285714285714285,0.08571428571428572,0.22857142857142856
2,topo_down,rand_basal,7,0.17142857142857143,0.08571428571428569,0.2571428571428571
2,topo_down,rand_basal,8,0.2,0.11428571428571427,0.3142857142857143
2,topo_down,rand_basal,9,0.22857142857142856,0.1142857142857143,0.34285714285714286
2,topo_down,rand_basal,10,0.2571428571428571,0.17142857142857143,0.42857142857142855
2,topo_down,rand_basal,11,0.2857142857142857,0.17142857142857143,0.45714285714285713
2,topo_down,rand_basal,12,0.3142857142857143,0.17142857142857143,0.4857142857142857
2,topo_down,rand_basal,13,0.34285714285714286,0.34285714285714286,0.6857142857142857
2,topo_down,rand_consumer,1,0.0,0.0,0.0
2,topo_down,rand_consumer,2,0.02857142857142857,0.0,0.02857142857142857
2,topo_down,rand_consumer,3,0.05714285714285714,0.0,0.05714285714285714
2,topo_down,rand_consumer,4,0.08571428571428572,0.0,0.08571428571428572
2,topo_down,rand_consumer,5,0.11428571428571428,0.0,0.11428571428571428
2,topo_down,rand_consumer,6,0.14285714285714285,0.0,0.14285714285714285
2,topo_down,rand_consumer,7,0.17142857142857143,0.0,0.17142857142857143
2,topo_down,rand_consumer,8,0.2,0.0,0.2
2,topo_down,rand_consumer,9,0.22857142857142856,0.0,0.22857142857142856
2,topo_down,rand_consumer,10,0.2571428571428571,0.0,0.2571428571428571
2,topo_down,rand_consumer,11,0.2857142857142857,0.0,0.2857142857142857
2,topo_down,rand_consumer,12,0.3142857142857143,0.0,0.3142857142857143
2,topo_down,rand_consumer,13,0.34285714285714286,0.0,0.34285714285714286
2,topo_down,rand_consumer,14,0.37142857142857144,0.0,0.37142857142857144
2,topo_down,rand_consumer,15,0.4,0.028571428571428525,0.42857142857142855
2,topo_down,rand_consumer,16,0.42857142857142855,0.14285714285714285,0.5714285714285714
2,topo_down,rand_consumer,17,0.45714285714285713,0.17142857142857143,0.6285714285714286
2,topo_down,rand_consumer,18,0.4857142857142857,0.17142857142857143,0.6571428571428571
2,topo_down,rand_consumer,19,0.5142857142857142,0.17142857142857149,0.6857142857142857
2,topo_down,rand_consumer,20,0.5428571428571428,0.17142857142857149,0.7142857142857143
2,topo_down,rand_consumer,21,0.5714285714285714,0.17142857142857149,0.7428571428571429
2,topo_down,rand_consumer,22,0.6,0.22857142857142865,0.8285714285714286
2,topo_down,rand_consumer,23,0.6285714285714286,0.3142857142857143,0.9428571428571428
2,topo_down,rand_consumer,24,0.6571428571428571,0.34285714285714286,1.0
2,topo_down,bm_high,1,0.0,0.0,0.0
2,topo_down,bm_high,2,0.02857142857142857,0.0,0.02857142857142857
2,topo_down,bm_high,3,0.05714285714285714,0.0,0.05714285714285714
2,topo_down,bm_high,4,0.08571428571428572,0.0,0.08571428571428572
2,topo_down,bm_high,5,0.11428571428571428,0.0,0.11428571428571428
2,topo_down,bm_high,6,0.14285714285714285,0.0,0.14285714285714285
2,topo_down,bm_high,7,0.17142857142857143,0.0,0.17142857142857143
2,topo_down,bm_high,8,0.2,0.0,0.2
2,topo_down,bm_high,9,0.22857142857142856,0.0,0.22857142857142856
2,topo_down,bm_high,10,0.2571428571428571,0.0,0.2571428571428571
2,topo_down,bm_high,11,0.2857142857142857,0.0,0.2857142857142857
2,topo_down,bm_high,12,0.3142857142857143,0.0,0.3142857142857143
2,topo_down,bm_high,13,0.34285714285714286,0.0,0.34285714285714286
2,topo_down,bm_high,14,0.37142857142857144,0.0,0.37142857142857144
2,topo_down,bm_high,15,0.4,0.0,0.4
2,topo_down,bm_high,16,0.42857142857142855,0.0,0.42857142857142855
2,topo_down,bm_high,17,0.45714285714285713,0.0,0.45714285714285713
2,topo_down,bm_high,18,0.4857142857142857,0.028571428571428525,0.5142857142857142
2,topo_down,bm_high,19,0.5142857142857142,0.02857142857142858,0.5428571428571428
2,topo_down,bm_high,20,0.5428571428571428,0.02857142857142858,0.5714285714285714
2,topo_down,bm_high,21,0.5714285714285714,0.02857142857142858,0.6
2,topo_down,bm_high,22,0.6,0.05714285714285716,0.6571428571428571
2,topo_down,bm_high,23,0.6285714285714286,0.05714285714285716,0.6857142857142857
2,topo_down,bm_high,24,0.6571428571428571,0.08571428571428574,0.7428571428571429
2,topo_down,bm_high,25,0.6857142857142857,0.11428571428571432,0.8
2,topo_down,bm_high,26,0.7142857142857143,0.11428571428571432,0.8285714285714286
2,topo_down,bm_high,27,0.7428571428571429,0.11428571428571421,0.8571428571428571
2,topo_down,bm_high,28,0.7714285714285715,0.17142857142857137,0.9428571428571428
2,topo_down,bm_high,29,0.8,0.19999999999999996,1.0
2,topo_down,gen_high,1,0.0,0.0,0.0
2,topo_down,gen_high,2,0.02857142857142857,0.0,0.02857142857142857
2,topo_down,gen_high,3,0.05714285714285714,0.0,0.05714285714285714
2,topo_down,gen_high,4,0.08571428571428572,0.0,0.08571428571428572
2,topo_down,gen_high,5,0.11428571428571428,0.0,0.11428571428571428
2,topo_down,gen_high,6,0.14285714285714285,0.02857142857142858,0.17142857142857143
2,topo_down,gen_high,7,0.17142857142857143,0.08571428571428569,0.2571428571428571
2,topo_down,gen_high,8,0.2,0.08571428571428569,0.2857142857142857
2,topo_down,gen_high,9,0.22857142857142856,0.1142857142857143,0.34285714285714286
2,topo_down,gen_high,10,0.2571428571428571,0.1428571428571429,0.4
2,topo_down,gen_high,11,0.2857142857142857,0.14285714285714285,0.42857142857142855
2,topo_down,gen_high,12,0.3142857142857143,0.19999999999999996,0.5142857142857142
2,topo_down,gen_high,13,0.34285714285714286,0.19999999999999996,0.5428571428571428
2,topo_down,gen_high,14,0.37142857142857144,0.19999999999999996,0.5714285714285714
2,topo_down,gen_high,15,0.4,0.22857142857142854,0.6285714285714286
2,topo_down,gen_high,16,0.42857142857142855,0.2285714285714286,0.6571428571428571
2,topo_down,gen_high,17,0.45714285714285713,0.2285714285714286,0.6857142857142857
2,topo_down,gen_high,18,0.4857142857142857,0.2285714285714286,0.7142857142857143
2,topo_down,gen_high,19,0.5142857142857142,0.22857142857142865,0.7428571428571429
2,topo_down,gen_high,20,0.5428571428571428,0.25714285714285723,0.8
2,topo_down,gen_high,21,0.5714285714285714,0.25714285714285723,0.8285714285714286
2,topo_down,gen_high,22,0.6,0.2857142857142857,0.8857142857142857
2,topo_down,gen_high,23,0.6285714285714286,0.3142857142857143,0.9428571428571428
2,topo_down,gen_high,24,0.6571428571428571,0.34285714285714286,1.0
2,topo_down,degree_high,1,0.0,0.0,0.0
2,topo_down,degree_high,2,0.02857142857142857,0.0,0.02857142857142857
2,topo_down,degree_high,3,0.05714285714285714,0.0,0.05714285714285714
2,topo_down,degree_high,4,0.08571428571428572,0.0,0.08571428571428572
2,topo_down,degree_high,5,0.11428571428571428,0.0,0.11428571428571428
2,topo_down,degree_high,6,0.14285714285714285,0.02857142857142858,0.17142857142857143
2,topo_down,degree_high,7,0.17142857142857143,0.08571428571428569,0.2571428571428571
2,topo_down,degree_high,8,0.2,0.08571428571428569,0.2857142857142857
2,topo_down,degree_high,9,0.22857142857142856,0.08571428571428572,0.3142857142857143
2,topo_down,degree_high,10,0.2571428571428571,0.11428571428571432,0.37142857142857144
2,topo_down,degree_high,11,0.2857142857142857,0.17142857142857143,0.45714285714285713
2,topo_down,degree_high,12,0.3142857142857143,0.19999999999999996,0.5142857142857142
2,topo_down,degree_high,13,0.34285714285714286,0.19999999999999996,0.5428571428571428
2,topo_down,degree_high,14,0.37142857142857144,0.19999999999999996,0.5714285714285714
2,topo_down,degree_high,15,0.4,0.22857142857142854,0.6285714285714286
2,topo_down,degree_high,16,0.42857142857142855,0.2285714285714286,0.6571428571428571
2,topo_down,degree_high,17,0.45714285714285713,0.2285714285714286,0.6857142857142857
2,topo_down,degree_high,18,0.4857142857142857,0.2285714285714286,0.7142857142857143
2,topo_down,degree_high,19,0.5142857142857142,0.22857142857142865,0.7428571428571429
2,topo_down,degree_high,20,0.5428571428571428,0.25714285714285723,0.8
2,topo_down,degree_high,21,0.5714285714285714,0.25714285714285723,0.8285714285714286
2,topo_down,degree_high,22,0.6,0.2857142857142857,0.8857142857142857
2,topo_down,degree_high,23,0.6285714285714286,0.3142857142857143,0.9428571428571428
2,topo_down,degree_high,24,0.6571428571428571,0.34285714285714286,1.0
2,topo_down,degree_low,1,0.0,0.0,0.0
2,topo_down,degree_low,2,0.02857142857142857,0.0,0.02857142857142857
2,topo_down,degree_low,3,0.05714285714285714,0.0,0.05714285714285714
2,topo_down,degree_low,4,0.08571428571428572,0.0,0.08571428571428572
2,topo_down,degree_low,5,0.11428571428571428,0.0,0.11428571428571428
2,topo_down,degree_low,6,0.14285714285714285,0.0,0.14285714285714285
2,topo_down,degree_low,7,0.17142857142857143,0.0,0.17142857142857143
2,topo_down,degree_low,8,0.2,0.0,0.2
2,topo_down,degree_low,9,0.22857142857142856,0.0,0.22857142857142856
2,topo_down,degree_low,10,0.2571428571428571,0.0,0.2571428571428571
2,topo_down,degree_low,11,0.2857142857142857,0.0,0.2857142857142857
2,topo_down,degree_low,12,0.3142857142857143,0.0,0.3142857142857143
2,topo_down,degree_low,13,0.34285714285714286,0.0,0.34285714285714286
2,topo_down,degree_low,14,0.37142857142857144,0.0,0.37142857142857144
2,topo_down,degree_low,15,0.4,0.0,0.4
2,topo_down,degree_low,16,0.42857142857142855,0.0,0.42857142857142855
2,topo_down,degree_low,17,0.45714285714285713,0.0,0.45714285714285713
2,topo_down,degree_low,18,0.4857142857142857,0.0,0.4857142857142857
2,topo_down,degree_low,19,0.5142857142857142,0.0,0.5142857142857142
2,topo_down,degree_low,20,0.5428571428571428,0.0,0.5428571428571428
2,topo_down,degree_low,21,0.5714285714285714,0.0,0.5714285714285714
2,topo_down,degree_low,22,0.6,0.0,0.6
2,topo_down,degree_low,23,0.6285714285714286,0.05714285714285716,0.6857142857142857
2,topo_down,degree_low,24,0.6571428571428571,0.34285714285714286,1.0
2,topo_down,vul_high,1,0.0,0.0,0.0
2,topo_down,vul_high,2,0.02857142857142857,0.0,0.02857142857142857
2,topo_down,vul_high,3,0.05714285714285714,0.0,0.05714285714285714
2,topo_down,vul_high,4,0.08571428571428572,0.0,0.08571428571428572
2,topo_down,vul_high,5,0.11428571428571428,0.0,0.11428571428571428
2,topo_down,vul_high,6,0.14285714285714285,0.0,0.14285714285714285
2,topo_down,vul_high,7,0.17142857142857143,0.0,0.17142857142857143
2,topo_down,vul_high,8,0.2,0.0,0.2
2,topo_down,vul_high,9,0.22857142857142856,0.028571428571428553,0.2571428571428571
2,topo_down,vul_high,10,0.2571428571428571,0.02857142857142858,0.2857142857142857
2,topo_down,vul_high,11,0.2857142857142857,0.02857142857142858,0.3142857142857143
2,topo_down,vul_high,12,0.3142857142857143,0.11428571428571427,0.42857142857142855
2,topo_down,vul_high,13,0.34285714285714286,0.11428571428571427,0.45714285714285713
2,topo_down,vul_high,14,0.37142857142857144,0.1428571428571428,0.5142857142857142
2,topo_down,vul_high,15,0.4,0.1428571428571428,0.5428571428571428
2,topo_down,vul_high,16,0.42857142857142855,0.14285714285714285,0.5714285714285714
2,topo_down,vul_high,17,0.45714285714285713,0.14285714285714285,0.6
2,topo_down,vul_high,18,0.4857142857142857,0.14285714285714285,0.6285714285714286
2,topo_down,vul_high,19,0.5142857142857142,0.20000000000000007,0.7142857142857143
2,topo_down,vul_high,20,0.5428571428571428,0.20000000000000007,0.7428571428571429
2,topo_down,vul_high,21,0.5714285714285714,0.2857142857142857,0.8571428571428571
2,topo_down,vul_high,22,0.6,0.2857142857142857,0.8857142857142857
2,topo_down,vul_high,23,0.6285714285714286,0.3142857142857143,0.9428571428571428
2,topo_down,vul_high,24,0.6571428571428571,0.34285714285714286,1.0
2,topo_down,bm_low,1,0.0,0.0,0.0
2,topo_down,bm_low,2,0.02857142857142857,0.0,0.02857142857142857
2,topo_down,bm_low,3,0.05714285714285714,0.0,0.05714285714285714
2,topo_down,bm_low,4,0.08571428571428572,0.0,0.08571428571428572
2,topo_down,bm_low,5,0.11428571428571428,0.0,0.11428571428571428
2,topo_down,bm_low,6,0.14285714285714285,0.0,0.14285714285714285
2,topo_down,bm_low,7,0.17142857142857143,0.0,0.17142857142857143
2,topo_down,bm_low,8,0.2,0.0,0.2
2,topo_down,bm_low,9,0.22857142857142856,0.028571428571428553,0.2571428571428571
2,topo_down,bm_low,10,0.2571428571428571,0.02857142857142858,0.2857142857142857
2,topo_down,bm_low,11,0.2857142857142857,0.02857142857142858,0.3142857142857143
2,topo_down,bm_low,12,0.3142857142857143,0.02857142857142858,0.34285714285714286
2,topo_down,bm_low,13,0.34285714285714286,0.02857142857142858,0.37142857142857144
2,topo_down,bm_low,14,0.37142857142857144,0.02857142857142858,0.4
2,topo_down,bm_low,15,0.4,0.057142857142857106,0.45714285714285713
2,topo_down,bm_low,16,0.42857142857142855,0.05714285714285716,0.4857142857142857
2,topo_down,bm_low,17,0.45714285714285713,0.057142857142857106,0.5142857142857142
2,topo_down,bm_low,18,0.4857142857142857,0.057142857142857106,0.5428571428571428
2,topo_down,bm_low,19,0.5142857142857142,0.05714285714285716,0.5714285714285714
2,topo_down,bm_low,20,0.5428571428571428,0.05714285714285716,0.6
2,topo_down,bm_low,21,0.5714285714285714,0.08571428571428574,0.6571428571428571
2,topo_down,bm_low,22,0.6,0.1428571428571429,0.7428571428571429
2,topo_down,bm_low,23,0.6285714285714286,0.17142857142857149,0.8
2,topo_down,bm_low,24,0.6571428571428571,0.17142857142857149,0.8285714285714286
2,topo_down,bm_low,25,0.6857142857142857,0.17142857142857137,0.8571428571428571
2,topo_down,bm_low,26,0.7142857142857143,0.17142857142857137,0.8857142857142857
2,topo_down,bm_low,27,0.7428571428571429,0.19999999999999996,0.9428571428571428
2,topo_down,bm_low,28,0.7714285714285715,0.19999999999999996,0.9714285714285714
2,topo_down,bm_low,29,0.8,0.19999999999999996,1.0
3,topo_niche,gen_low,1,0.0,0.0,0.0
3,topo_niche,gen_low,2,0.038461538461538464,0.0,0.038461538461538464
3,topo_niche,gen_low,3,0.07692307692307693,0.0,0.07692307692307693
3,topo_niche,gen_low,4,0.11538461538461539,0.0,0.11538461538461539
3,topo_niche,gen_low,5,0.15384615384615385,0.0,0.15384615384615385
3,topo_niche,gen_low,6,0.19230769230769232,0.0,0.19230769230769232
3,topo_niche,gen_low,7,0.23076923076923078,0.0,0.23076923076923078
3,topo_niche,gen_low,8,0.2692307692307692,0.0,0.2692307692307692
3,topo_niche,gen_low,9,0.3076923076923077,0.0,0.3076923076923077
3,topo_niche,gen_low,10,0.34615384615384615,0.0,0.34615384615384615
3,topo_niche,gen_low,11,0.38461538461538464,0.0,0.38461538461538464
3,topo_niche,gen_low,12,0.4230769230769231,0.0,0.4230769230769231
3,topo_niche,gen_low,13,0.46153846153846156,0.0,0.46153846153846156
3,topo_niche,gen_low,14,0.5,0.0,0.5
3,topo_niche,gen_low,15,0.5384615384615384,0.0,0.5384615384615384
3,topo_niche,gen_low,16,0.5769230769230769,0.0,0.5769230769230769
3,topo_niche,gen_low,17,0.6153846153846154,0.0,0.6153846153846154
3,topo_niche,gen_low,18,0.6538461538461539,0.0,0.6538461538461539
3,topo_niche,gen_low,19,0.6923076923076923,0.0,0.6923076923076923
3,topo_niche,gen_low,20,0.7307692307692307,0.0,0.7307692307692307
3,topo_niche,gen_low,21,0.7692307692307693,0.0,0.7692307692307693
3,topo_niche,gen_low,22,0.8076923076923077,0.1923076923076923,1.0
3,topo_niche,vul_low,1,0.0,0.0,0.0
3,topo_niche,vul_low,2,0.038461538461538464,0.0,0.038461538461538464
3,topo_niche,vul_low,3,0.07692307692307693,0.0,0.07692307692307693
3,topo_niche,vul_low,4,0.11538461538461539,0.0,0.11538461538461539
3,topo_niche,vul_low,5,0.15384615384615385,0.0,0.15384615384615385
3,topo_niche,vul_low,6,0.19230769230769232,0.0,0.19230769230769232
3,topo_niche,vul_low,7,0.23076923076923078,0.0,0.23076923076923078
3,topo_niche,vul_low,8,0.2692307692307692,0.0,0.2692307692307692
3,topo_niche,vul_low,9,0.3076923076923077,0.0,0.3076923076923077
3,topo_niche,vul_low,10,0.34615384615384615,0.0,0.34615384615384615
3,topo_niche,vul_low,11,0.38461538461538464,0.0,0.38461538461538464
3,topo_niche,vul_low,12,0.4230769230769231,0.0,0.4230769230769231
3,topo_niche,vul_low,13,0.46153846153846156,0.07692307692307687,0.5384615384615384
3,topo_niche,vul_low,14,0.5,0.07692307692307687,0.5769230769230769
3,topo_niche,vul_low,15,0.5384615384615384,0.07692307692307698,0.6153846153846154
3,topo_niche,vul_low,16,0.5769230769230769,0.07692307692307698,0.6538461538461539
3,topo_niche,vul_low,17,0.6153846153846154,0.07692307692307687,0.6923076923076923
3,topo_niche,vul_low,18,0.6538461538461539,0.07692307692307687,0.7307692307692307
3,topo_niche,vul_low,19,0.6923076923076923,0.07692307692307698,0.7692307692307693
3,topo_niche,vul_low,20,0.7307692307692307,0.07692307692307698,0.8076923076923077
3,topo_niche,vul_low,21,0.7692307692307693,0.07692307692307687,0.8461538461538461
3,topo_niche,vul_low,22,0.8076923076923077,0.1923076923076923,1.0
3,topo_niche,rand_basal,1,0.0,0.0,0.0
3,topo_niche,rand_basal,2,0.038461538461538464,0.0,0.038461538461538464
3,topo_niche,rand_basal,3,0.07692307692307693,0.0,0.07692307692307693
3,topo_niche,rand_basal,4,0.11538461538461539,0.0,0.11538461538461539
3,topo_niche,rand_basal,5,0.15384615384615385,0.0,0.15384615384615385
3,topo_niche,rand_basal,6,0.19230769230769232,0.038461538461538464,0.23076923076923078
3,topo_niche,rand_consumer,1,0.0,0.0,0.0
3,topo_niche,rand_consumer,2,0.038461538461538464,0.038461538461538464,0.07692307692307693
3,topo_niche,rand_consumer,3,0.07692307692307693,0.038461538461538464,0.11538461538461539
3,topo_niche,rand_consumer,4,0.11538461538461539,0.038461538461538464,0.15384615384615385
3,topo_niche,rand_consumer,5,0.15384615384615385,0.038461538461538464,0.19230769230769232
3,topo_niche,rand_consumer,6,0.19230769230769232,0.038461538461538464,0.23076923076923078
3,topo_niche,rand_consumer,7,0.23076923076923078,0.07692307692307693,0.3076923076923077
3,topo_niche,rand_consumer,8,0.2692307692307692,0.07692307692307693,0.34615384615384615
3,topo_niche,rand_consumer,9,0.3076923076923077,0.07692307692307693,0.38461538461538464
3,topo_niche,rand_consumer,10,0.34615384615384615,0.07692307692307693,0.4230769230769231
3,topo_niche,rand_consumer,11,0.38461538461538464,0.07692307692307693,0.46153846153846156
3,topo_niche,rand_consumer,12,0.4230769230769231,0.07692307692307693,0.5
3,topo_niche,rand_consumer,13,0.46153846153846156,0.07692307692307687,0.5384615384615384
3,topo_niche,rand_consumer,14,0.5,0.07692307692307687,0.5769230769230769
3,topo_niche,rand_consumer,15,0.5384615384615384,0.07692307692307698,0.6153846153846154
3,topo_niche,rand_consumer,16,0.5769230769230769,0.07692307692307698,0.6538461538461539
3,topo_niche,rand_consumer,17,0.6153846153846154,0.07692307692307687,0.6923076923076923
3,topo_niche,rand_consumer,18,0.6538461538461539,0.07692307692307687,0.7307692307692307
3,topo_niche,rand_consumer,19,0.6923076923076923,0.07692307692307698,0.7692307692307693
3,topo_niche,rand_consumer,20,0.7307692307692307,0.2692307692307693,1.0
3,topo_niche,bm_high,1,0.0,0.0,0.0
3,topo_niche,bm_high,2,0.038461538461538464,0.0,0.038461538461538464
3,topo_niche,bm_high,3,0.07692307692307693,0.0,0.07692307692307693
3,topo_niche,bm_high,4,0.11538461538461539,0.0,0.11538461538461539
3,topo_niche,bm_high,5,0.15384615384615385,0.0,0.15384615384615385
3,topo_niche,bm_high,6,0.19230769230769232,0.0,0.19230769230769232
3,topo_niche,bm_high,7,0.23076923076923078,0.0,0.23076923076923078
3,topo_niche,bm_high,8,0.2692307692307692,0.0,0.2692307692307692
3,topo_niche,bm_high,9,0.3076923076923077,0.0,0.3076923076923077
3,topo_niche,bm_high,10,0.34615384615384615,0.0,0.34615384615384615
3,topo_niche,bm_high,11,0.38461538461538464,0.0,0.38461538461538464
3,topo_niche,bm_high,12,0.4230769230769231,0.0,0.4230769230769231
3,topo_niche,bm_high,13,0.46153846153846156,0.0,0.46153846153846156
3,topo_niche,bm_high,14,0.5,0.0,0.5
3,topo_niche,bm_high,15,0.5384615384615384,0.0,0.5384615384615384
3,topo_niche,bm_high,16,0.5769230769230769,0.0,0.5769230769230769
3,topo_niche,bm_high,17,0.6153846153846154,0.0,0.6153846153846154
3,topo_niche,bm_high,18,0.6538461538461539,0.0,0.6538461538461539
3,topo_niche,bm_high,19,0.6923076923076923,0.0,0.6923076923076923
3,topo_niche,bm_high,20,0.7307692307692307,0.0,0.7307692307692307
3,topo_niche,bm_high,21,0.7692307692307693,0.0,0.7692307692307693
3,topo_niche,bm_high,22,0.8076923076923077,0.0,0.8076923076923077
3,topo_niche,bm_high,23,0.8461538461538461,0.0,0.8461538461538461
3,topo_niche,bm_high,24,0.8846153846153846,0.0,0.8846153846153846
3,topo_niche,bm_high,25,0.9230769230769231,0.038461538461538436,0.9615384615384616
3,topo_niche,bm_high,26,0.9615384615384616,0.038461538461538436,1.0
3,topo_niche,gen_high,1,0.0,0.0,0.0
3,topo_niche,gen_high,2,0.038461538461538464,0.0,0.038461538461538464
3,topo_niche,gen_high,3,0.07692307692307693,0.0,0.07692307692307693
3,topo_niche,gen_high,4,0.11538461538461539,0.0,0.11538461538461539
3,topo_niche,gen_high,5,0.15384615384615385,0.0,0.15384615384615385
3,topo_niche,gen_high,6,0.19230769230769232,0.0,0.19230769230769232
3,topo_niche,gen_high,7,0.23076923076923078,0.0,0.23076923076923078
3,topo_niche,gen_high,8,0.2692307692307692,0.0,0.2692307692307692
3,topo_niche,gen_high,9,0.3076923076923077,0.0,0.3076923076923077
3,topo_niche,gen_high,10,0.34615384615384615,0.0,0.34615384615384615
3,topo_niche,gen_high,11,0.38461538461538464,0.0,0.38461538461538464
3,topo_niche,gen_high,12,0.4230769230769231,0.03846153846153849,0.46153846153846156
3,topo_niche,gen_high,13,0.46153846153846156,0.07692307692307687,0.5384615384615384
3,topo_niche,gen_high,14,0.5,0.07692307692307687,0.5769230769230769
3,topo_niche,gen_high,15,0.5384615384615384,0.07692307692307698,0.6153846153846154
3,topo_niche,gen_high,16,0.5769230769230769,0.15384615384615385,0.7307692307692307
3,topo_niche,gen_high,17,0.6153846153846154,0.3076923076923077,0.9230769230769231
3,topo_niche,gen_high,18,0.6538461538461539,0.3076923076923077,0.9615384615384616
3,topo_niche,gen_high,19,0.6923076923076923,0.3076923076923077,1.0
3,topo_niche,degree_high,1,0.0,0.0,0.0
3,topo_niche,degree_high,2,0.038461538461538464,0.0,0.038461538461538464
3,topo_niche,degree_high,3,0.07692307692307693,0.0,0.07692307692307693
3,topo_niche,degree_high,4,0.11538461538461539,0.0,0.11538461538461539
3,topo_niche,degree_high,5,0.15384615384615385,0.0,0.15384615384615385
3,topo_niche,degree_high,6,0.19230769230769232,0.038461538461538464,0.23076923076923078
3,topo_niche,degree_high,7,0.23076923076923078,0.07692307692307693,0.3076923076923077
3,topo_niche,degree_high,8,0.2692307692307692,0.11538461538461542,0.38461538461538464
3,topo_niche,degree_high,9,0.3076923076923077,0.11538461538461536,0.4230769230769231
3,topo_niche,degree_high,10,0.34615384615384615,0.11538461538461542,0.46153846153846156
3,topo_niche,degree_high,11,0.38461538461538464,0.11538461538461536,0.5
3,topo_niche,degree_high,12,0.4230769230769231,0.11538461538461536,0.5384615384615384
3,topo_niche,degree_high,13,0.46153846153846156,0.23076923076923073,0.6923076923076923
3,topo_niche,degree_high,14,0.5,0.23076923076923073,0.7307692307692307
3,topo_niche,degree_high,15,0.5384615384615384,0.23076923076923084,0.7692307692307693
3,topo_niche,degree_high,16,0.5769230769230769,0.3076923076923077,0.8846153846153846
3,topo_niche,degree_high,17,0.6153846153846154,0.34615384615384615,0.9615384615384616
3,topo_niche,degree_high,18,0.6538461538461539,0.34615384615384615,1.0
3,topo_niche,degree_low,1,0.0,0.0,0.0
3,topo_niche,degree_low,2,0.038461538461538464,0.0,0.038461538461538464
3,topo_niche,degree_low,3,0.07692307692307693,0.0,0.07692307692307693
3,topo_niche,degree_low,4,0.11538461538461539,0.0,0.11538461538461539
3,topo_niche,degree_low,5,0.15384615384615385,0.0,0.15384615384615385
3,topo_niche,degree_low,6,0.19230769230769232,0.0,0.19230769230769232
3,topo_niche,degree_low,7,0.23076923076923078,0.0,0.23076923076923078
3,topo_niche,degree_low,8,0.2692307692307692,0.0,0.2692307692307692
3,topo_niche,degree_low,9,0.3076923076923077,0.0,0.3076923076923077
3,topo_niche,degree_low,10,0.34615384615384615,0.0,0.34615384615384615
3,topo_niche,degree_low,11,0.38461538461538464,0.0,0.38461538461538464
3,topo_niche,degree_low,12,0.4230769230769231,0.0,0.4230769230769231
3,topo_niche,degree_low,13,0.46153846153846156,0.0,0.46153846153846156
3,topo_niche,degree_low,14,0.5,0.0,0.5
3,topo_niche,degree_low,15,0.5384615384615384,0.0,0.5384615384615384
3,topo_niche,degree_low,16,0.5769230769230769,0.0,0.5769230769230769
3,topo_niche,degree_low,17,0.6153846153846154,0.0,0.6153846153846154
3,topo_niche,degree_low,18,0.6538461538461539,0.0,0.6538461538461539
3,topo_niche,degree_low,19,0.6923076923076923,0.0,0.6923076923076923
3,topo_niche,degree_low,20,0.7307692307692307,0.0,0.7307692307692307
3,topo_niche,degree_low,21,0.7692307692307693,0.0,0.7692307692307693
3,topo_niche,degree_low,22,0.8076923076923077,0.1923076923076923,1.0
3,topo_niche,vul_high,1,0.0,0.0,0.0
3,topo_niche,vul_high,2,0.038461538461538464,0.0,0.038461538461538464
3,topo_niche,vul_high,3,0.07692307692307693,0.038461538461538464,0.11538461538461539
3,topo_niche,vul_high,4,0.11538461538461539,0.038461538461538464,0.15384615384615385
3,topo_niche,vul_high,5,0.15384615384615385,0.038461538461538464,0.19230769230769232
3,topo_niche,vul_high,6,0.19230769230769232,0.0769230769230769,0.2692307692307692
3,topo_niche,vul_high,7,0.23076923076923078,0.07692307692307693,0.3076923076923077
3,topo_niche,vul_high,8,0.2692307692307692,0.11538461538461542,0.38461538461538464
3,topo_niche,vul_high,9,0.3076923076923077,0.15384615384615385,0.46153846153846156
3,topo_niche,vul_high,10,0.34615384615384615,0.15384615384615385,0.5
3,topo_niche,vul_high,11,0.38461538461538464,0.1538461538461538,0.5384615384615384
3,topo_niche,vul_high,12,0.4230769230769231,0.1538461538461538,0.5769230769230769
3,topo_niche,vul_high,13,0.46153846153846156,0.15384615384615385,0.6153846153846154
3,topo_niche,vul_high,14,0.5,0.15384615384615385,0.6538461538461539
3,topo_niche,vul_high,15,0.5384615384615384,0.15384615384615385,0.6923076923076923
3,topo_niche,vul_high,16,0.5769230769230769,0.15384615384615385,0.7307692307692307
3,topo_niche,vul_high,17,0.6153846153846154,0.23076923076923073,0.8461538461538461
3,topo_niche,vul_high,18,0.6538461538461539,0.34615384615384615,1.0
3,topo_niche,bm_low,1,0.0,0.0,0.0
3,topo_niche,bm_low,2,0.038461538461538464,0.0,0.038461538461538464
3,topo_niche,bm_low,3,0.07692307692307693,0.0,0.07692307692307693
3,topo_niche,bm_low,4,0.11538461538461539,0.0,0.11538461538461539
3,topo_niche,bm_low,5,0.15384615384615385,0.0,0.15384615384615385
3,topo_niche,bm_low,6,0.19230769230769232,0.038461538461538464,0.23076923076923078
3,topo_niche,bm_low,7,0.23076923076923078,0.038461538461538436,0.2692307692307692
3,topo_niche,bm_low,8,0.2692307692307692,0.03846153846153849,0.3076923076923077
3,topo_niche,bm_low,9,0.3076923076923077,0.07692307692307693,0.38461538461538464
3,topo_niche,bm_low,10,0.34615384615384615,0.11538461538461542,0.46153846153846156
3,topo_niche,bm_low,11,0.38461538461538464,0.11538461538461536,0.5
3,topo_niche,bm_low,12,0.4230769230769231,0.11538461538461536,0.5384615384615384
3,topo_niche,bm_low,13,0.46153846153846156,0.11538461538461531,0.5769230769230769
3,topo_niche,bm_low,14,0.5,0.11538461538461542,0.6153846153846154
3,topo_niche,bm_low,15,0.5384615384615384,0.11538461538461542,0.6538461538461539
3,topo_niche,bm_low,16,0.5769230769230769,0.11538461538461542,0.6923076923076923
3,topo_niche,bm_low,17,0.6153846153846154,0.15384615384615385,0.7692307692307693
3,topo_niche,bm_low,18,0.6538461538461539,0.15384615384615385,0.8076923076923077
3,topo_niche,bm_low,19,0.6923076923076923,0.15384615384615385,0.8461538461538461
3,topo_niche,bm_low,20,0.7307692307692307,0.1923076923076924,0.9230769230769231
3,topo_niche,bm_low,21,0.7692307692307693,0.1923076923076923,0.9615384615384616
3,topo_niche,bm_low,22,0.8076923076923077,0.1923076923076923,1.0
3,topo_down_size,gen_low,1,0.0,0.0,0.0
3,topo_down_size,gen_low,2,0.037037037037037035,0.037037037037037035,0.07407407407407407
3,topo_down_size,gen_low,3,0.07407407407407407,0.037037037037037035,0.1111111111111111
3,topo_down_size,gen_low,4,0.1111111111111111,0.037037037037037035,0.14814814814814814
3,topo_down_size,gen_low,5,0.14814814814814814,0.037037037037037035,0.18518518518518517
3,topo_down_size,gen_low,6,0.18518518518518517,0.037037037037037035,0.2222222222222222
3,topo_down_size,gen_low,7,0.2222222222222222,0.037037037037037035,0.25925925925925924
3,topo_down_size,gen_low,8,0.25925925925925924,0.037037037037037035,0.2962962962962963
3,topo_down_size,gen_low,9,0.2962962962962963,0.037037037037037035,0.3333333333333333
3,topo_down_size,gen_low,10,0.3333333333333333,0.037037037037037035,0.37037037037037035
3,topo_down_size,gen_low,11,0.37037037037037035,0.037037037037037035,0.4074074074074074
3,topo_down_size,gen_low,12,0.4074074074074074,0.5925925925925926,1.0
3,topo_down_size,vul_low,1,0.0,0.0,0.0
3,topo_down_size,vul_low,2,0.037037037037037035,0.0,0.037037037037037035
3,topo_down_size,vul_low,3,0.07407407407407407,0.0,0.07407407407407407
3,topo_down_size,vul_low,4,0.1111111111111111,0.0,0.1111111111111111
3,topo_down_size,vul_low,5,0.14814814814814814,0.0,0.14814814814814814
3,topo_down_size,vul_low,6,0.18518518518518517,0.0,0.18518518518518517
3,topo_down_size,vul_low,7,0.2222222222222222,0.0,0.2222222222222222
3,topo_down_size,vul_low,8,0.25925925925925924,0.0,0.25925925925925924
3,topo_down_size,vul_low,9,0.2962962962962963,0.0,0.2962962962962963
3,topo_down_size,vul_low,10,0.3333333333333333,0.18518518518518517,0.5185185185185185
3,topo_down_size,vul_low,11,0.37037037037037035,0.4444444444444444,0.8148148148148148
3,topo_down_size,vul_low,12,0.4074074074074074,0.5925925925925926,1.0
3,topo_down_size,rand_basal,1,0.0,0.0,0.0
3,topo_down_size,rand_basal,2,0.037037037037037035,0.0,0.037037037037037035
3,topo_down_size,rand_basal,3,0.07407407407407407,0.0,0.07407407407407407
3,topo_down_size,rand_basal,4,0.1111111111111111,0.0,0.1111111111111111
3,topo_down_size,rand_basal,5,0.14814814814814814,0.0,0.14814814814814814
3,topo_down_size,rand_basal,6,0.18518518518518517,0.0,0.18518518518518517
3,topo_down_size,rand_basal,7,0.2222222222222222,0.0,0.2222222222222222
3,topo_down_size,rand_basal,8,0.25925925925925924,0.0,0.25925925925925924
3,topo_down_size,rand_basal,9,0.2962962962962963,0.0,0.2962962962962963
3,topo_down_size,rand_basal,10,0.3333333333333333,0.0,0.3333333333333333
3,topo_down_size,rand_basal,11,0.37037037037037035,0.0,0.37037037037037035
3,topo_down_size,rand_basal,12,0.4074074074074074,0.0,0.4074074074074074
3,topo_down_size,rand_basal,13,0.4444444444444444,0.0,0.4444444444444444
3,topo_down_size,rand_basal,14,0.48148148148148145,0.0,0.48148148148148145
3,topo_down_size,rand_basal,15,0.5185185185185185,0.0,0.5185185185185185
3,topo_down_size,rand_basal,16,0.5555555555555556,0.0,0.5555555555555556
3,topo_down_size,rand_basal,17,0.5925925925925926,0.0,0.5925925925925926
3,topo_down_size,rand_consumer,1,0.0,0.0,0.0
3,topo_down_size,rand_consumer,2,0.037037037037037035,0.0,0.037037037037037035
3,topo_down_size,rand_consumer,3,0.07407407407407407,0.0,0.07407407407407407
3,topo_down_size,rand_consumer,4,0.1111111111111111,0.037037037037037035,0.14814814814814814
3,topo_down_size,rand_consumer,5,0.14814814814814814,0.037037037037037035,0.18518518518518517
3,topo_down_size,rand_consumer,6,0.18518518518518517,0.037037037037037035,0.2222222222222222
3,topo_down_size,rand_consumer,7,0.2222222222222222,0.037037037037037035,0.25925925925925924
3,topo_down_size,rand_consumer,8,0.25925925925925924,0.037037037037037035,0.2962962962962963
3,topo_down_size,rand_consumer,9,0.2962962962962963,0.037037037037037035,0.3333333333333333
3,topo_down_size,rand_consumer,10,0.3333333333333333,0.037037037037037035,0.37037037037037035
3,topo_down_size,rand_consumer,11,0.37037037037037035,0.037037037037037035,0.4074074074074074
3,topo_down_size,rand_consumer,12,0.4074074074074074,0.5925925925925926,1.0
3,topo_down_size,bm_high,1,0.0,0.0,0.0
3,topo_down_size,bm_high,2,0.037037037037037035,0.0,0.037037037037037035
3,topo_down_size,bm_high,3,0.07407407407407407,0.0,0.07407407407407407
3,topo_down_size,bm_high,4,0.1111111111111111,0.037037037037037035,0.14814814814814814
3,topo_down_size,bm_high,5,0.14814814814814814,0.037037037037037035,0.18518518518518517
3,topo_down_size,bm_high,6,0.18518518518518517,0.037037037037037035,0.2222222222222222
3,topo_down_size,bm_high,7,0.2222222222222222,0.037037037037037035,0.25925925925925924
3,topo_down_size,bm_high,8,0.25925925925925924,0.037037037037037035,0.2962962962962963
3,topo_down_size,bm_high,9,0.2962962962962963,0.037037037037037035,0.3333333333333333
3,topo_down_size,bm_high,10,0.3333333333333333,0.037037037037037035,0.37037037037037035
3,topo_down_size,bm_high,11,0.37037037037037035,0.037037037037037035,0.4074074074074074
3,topo_down_size,bm_high,12,0.4074074074074074,0.037037037037037035,0.4444444444444444
3,topo_down_size,bm_high,13,0.4444444444444444,0.037037037037037035,0.48148148148148145
3,topo_down_size,bm_high,14,0.48148148148148145,0.037037037037037035,0.5185185185185185
3,topo_down_size,bm_high,15,0.5185185185185185,0.03703703703703709,0.5555555555555556
3,topo_down_size,bm_high,16,0.5555555555555556,0.03703703703703698,0.5925925925925926
3,topo_down_size,bm_high,17,0.5925925925925926,0.03703703703703709,0.6296296296296297
3,topo_down_size,bm_high,18,0.6296296296296297,0.03703703703703698,0.6666666666666666
3,topo_down_size,bm_high,19,0.6666666666666666,0.03703703703703709,0.7037037037037037
3,topo_down_size,bm_high,20,0.7037037037037037,0.07407407407407407,0.7777777777777778
3,topo_down_size,bm_high,21,0.7407407407407407,0.07407407407407407,0.8148148148148148
3,topo_down_size,bm_high,22,0.7777777777777778,0.07407407407407407,0.8518518518518519
3,topo_down_size,bm_high,23,0.8148148148148148,0.07407407407407407,0.8888888888888888
3,topo_down_size,bm_high,24,0.8518518518518519,0.14814814814814814,1.0
3,topo_down_size,gen_high,1,0.0,0.0,0.0
3,topo_down_size,gen_high,2,0.037037037037037035,0.0,0.037037037037037035
3,topo_down_size,gen_high,3,0.07407407407407407,0.0,0.07407407407407407
3,topo_down_size,gen_high,4,0.1111111111111111,0.0,0.1111111111111111
3,topo_down_size,gen_high,5,0.14814814814814814,0.037037037037037035,0.18518518518518517
3,topo_down_size,gen_high,6,0.18518518518518517,0.1111111111111111,0.2962962962962963
3,topo_down_size,gen_high,7,0.2222222222222222,0.18518518518518517,0.4074074074074074
3,topo_down_size,gen_high,8,0.25925925925925924,0.18518518518518517,0.4444444444444444
3,topo_down_size,gen_high,9,0.2962962962962963,0.2592592592592593,0.5555555555555556
3,topo_down_size,gen_high,10,0.3333333333333333,0.3333333333333333,0.6666666666666666
3,topo_down_size,gen_high,11,0.37037037037037035,0.4814814814814815,0.8518518518518519
3,topo_down_size,gen_high,12,0.4074074074074074,0.5925925925925926,1.0
3,topo_down_size,degree_high,1,0.0,0.0,0.0
3,topo_down_size,degree_high,2,0.037037037037037035,0.0,0.037037037037037035
3,topo_down_size,degree_high,3,0.07407407407407407,0.0,0.07407407407407407
3,topo_down_size,degree_high,4,0.1111111111111111,0.0,0.1111111111111111
3,topo_down_size,degree_high,5,0.14814814814814814,0.037037037037037035,0.18518518518518517
3,topo_down_size,degree_high,6,0.18518518518518517,0.1111111111111111,0.2962962962962963
3,topo_down_size,degree_high,7,0.2222222222222222,0.18518518518518517,0.4074074074074074
3,topo_down_size,degree_high,8,0.25925925925925924,0.18518518518518517,0.4444444444444444
3,topo_down_size,degree_high,9,0.2962962962962963,0.2592592592592593,0.5555555555555556
3,topo_down_size,degree_high,10,0.3333333333333333,0.3333333333333333,0.6666666666666666
3,topo_down_size,degree_high,11,0.37037037037037035,0.4814814814814815,0.8518518518518519
3,topo_down_size,degree_high,12,0.4074074074074074,0.5925925925925926,1.0
3,topo_down_size,degree_low,1,0.0,0.0,0.0
3,topo_down_size,degree_low,2,0.037037037037037035,0.037037037037037035,0.07407407407407407
3,topo_down_size,degree_low,3,0.07407407407407407,0.037037037037037035,0.1111111111111111
3,topo_down_size,degree_low,4,0.1111111111111111,0.037037037037037035,0.14814814814814814
3,topo_down_size,degree_low,5,0.14814814814814814,0.037037037037037035,0.18518518518518517
3,topo_down_size,degree_low,6,0.18518518518518517,0.037037037037037035,0.2222222222222222
3,topo_down_size,degree_low,7,0.2222222222222222,0.037037037037037035,0.25925925925925924
3,topo_down_size,degree_low,8,0.25925925925925924,0.037037037037037035,0.2962962962962963
3,topo_down_size,degree_low,9,0.2962962962962963,0.037037037037037035,0.3333333333333333
3,topo_down_size,degree_low,10,0.3333333333333333,0.037037037037037035,0.37037037037037035
3,topo_down_size,degree_low,11,0.37037037037037035,0.037037037037037035,0.4074074074074074
3,topo_down_size,degree_low,12,0.4074074074074074,0.5925925925925926,1.0
3,topo_down_size,vul_high,1,0.0,0.0,0.0
3,topo_down_size,vul_high,2,0.037037037037037035,0.0,0.037037037037037035
3,topo_down_size,vul_high,3,0.07407407407407407,0.0,0.07407407407407407
3,topo_down_size,vul_high,4,0.1111111111111111,0.0,0.1111111111111111
3,topo_down_size,vul_high,5,0.14814814814814814,0.0,0.14814814814814814
3,topo_down_size,vul_high,6,0.18518518518518517,0.0,0.18518518518518517
3,topo_down_size,vul_high,7,0.2222222222222222,0.0,0.2222222222222222
3,topo_down_size,vul_high,8,0.25925925925925924,0.18518518518518517,0.4444444444444444
3,topo_down_size,vul_high,9,0.2962962962962963,0.18518518518518517,0.48148148148148145
3,topo_down_size,vul_high,10,0.3333333333333333,0.3333333333333333,0.6666666666666666
3,topo_down_size,vul_high,11,0.37037037037037035,0.37037037037037035,0.7407407407407407
3,topo_down_size,vul_high,12,0.4074074074074074,0.5925925925925926,1.0
3,topo_down_size,bm_low,1,0.0,0.0,0.0
3,topo_down_size,bm_low,2,0.037037037037037035,0.0,0.037037037037037035
3,topo_down_size,bm_low,3,0.07407407407407407,0.0,0.07407407407407407
3,topo_down_size,bm_low,4,0.1111111111111111,0.0,0.1111111111111111
3,topo_down_size,bm_low,5,0.14814814814814814,0.0,0.14814814814814814
3,topo_down_size,bm_low,6,0.18518518518518517,0.0,0.18518518518518517
3,topo_down_size,bm_low,7,0.2222222222222222,0.0,0.2222222222222222
3,topo_down_size,bm_low,8,0.25925925925925924,0.0,0.25925925925925924
3,topo_down_size,bm_low,9,0.2962962962962963,0.0,0.2962962962962963
3,topo_down_size,bm_low,10,0.3333333333333333,0.0,0.3333333333333333
3,topo_down_size,bm_low,11,0.37037037037037035,0.0,0.37037037037037035
3,topo_down_size,bm_low,12,0.4074074074074074,0.0,0.4074074074074074
3,topo_down_size,bm_low,13,0.4444444444444444,0.0,0.4444444444444444
3,topo_down_size,bm_low,14,0.48148148148148145,0.0,0.48148148148148145
3,topo_down_size,bm_low,15,0.5185185185185185,0.0,0.5185185185185185
3,topo_down_size,bm_low,16,0.5555555555555556,0.0,0.5555555555555556
3,topo_down_size,bm_low,17,0.5925925925925926,0.0,0.5925925925925926
3,topo_down_size,bm_low,18,0.6296296296296297,0.0,0.6296296296296297
3,topo_down_size,bm_low,19,0.6666666666666666,0.0,0.6666666666666666
3,topo_down_size,bm_low,20,0.7037037037037037,0.0,0.7037037037037037
3,topo_down_size,bm_low,21,0.7407407407407407,0.0,0.7407407407407407
3,topo_down_size,bm_low,22,0.7777777777777778,0.0,0.7777777777777778
3,topo_down_size,bm_low,23,0.8148148148148148,0.0,0.8148148148148148
3,topo_down_size,bm_low,24,0.8518518518518519,0.0,0.8518518518518519
3,topo_down_size,bm_low,25,0.8888888888888888,0.0,0.8888888888888888
3,topo_down_size,bm_low,26,0.9259259259259259,0.0,0.9259259259259259
3,topo_down_size,bm_low,27,0.9629629629629629,0.0,0.9629629629629629
3,topo_down_size,bm_low,28,1.0,0.0,1.0
3,topo_down,gen_low,1,0.0,0.0,0.0
3,topo_down,gen_low,2,0.02631578947368421,0.0,0.02631578947368421
3,topo_down,gen_low,3,0.05263157894736842,0.0,0.05263157894736842
3,topo_down,gen_low,4,0.07894736842105263,0.0,0.07894736842105263
3,topo_down,gen_low,5,0.10526315789473684,0.0,0.10526315789473684
3,topo_down,gen_low,6,0.13157894736842105,0.0,0.13157894736842105
3,topo_down,gen_low,7,0.15789473684210525,0.0,0.15789473684210525
3,topo_down,gen_low,8,0.18421052631578946,0.0,0.18421052631578946
3,topo_down,gen_low,9,0.21052631578947367,0.0,0.21052631578947367
3,topo_down,gen_low,10,0.23684210526315788,0.0,0.23684210526315788
3,topo_down,gen_low,11,0.2631578947368421,0.0,0.2631578947368421
3,topo_down,gen_low,12,0.2894736842105263,0.0,0.2894736842105263
3,topo_down,gen_low,13,0.3157894736842105,0.0,0.3157894736842105
3,topo_down,gen_low,14,0.34210526315789475,0.0,0.34210526315789475
3,topo_down,gen_low,15,0.3684210526315789,0.0,0.3684210526315789
3,topo_down,gen_low,16,0.39473684210526316,0.0,0.39473684210526316
3,topo_down,gen_low,17,0.42105263157894735,0.0,0.42105263157894735
3,topo_down,gen_low,18,0.4473684210526316,0.0,0.4473684210526316
3,topo_down,gen_low,19,0.47368421052631576,0.0,0.47368421052631576
3,topo_down,gen_low,20,0.5,0.0,0.5
3,topo_down,gen_low,21,0.5263157894736842,0.0,0.5263157894736842
3,topo_down,gen_low,22,0.5526315789473685,0.0,0.5526315789473685
3,topo_down,gen_low,23,0.5789473684210527,0.0,0.5789473684210527
3,topo_down,gen_low,24,0.6052631578947368,0.13157894736842102,0.7368421052631579
3,topo_down,gen_low,25,0.631578947368421,0.13157894736842113,0.7631578947368421
3,topo_down,gen_low,26,0.6578947368421053,0.13157894736842102,0.7894736842105263
3,topo_down,gen_low,27,0.6842105263157895,0.13157894736842102,0.8157894736842105
3,topo_down,gen_low,28,0.7105263157894737,0.13157894736842102,0.8421052631578947
3,topo_down,gen_low,29,0.7368421052631579,0.26315789473684215,1.0
3,topo_down,vul_low,1,0.0,0.0,0.0
3,topo_down,vul_low,2,0.02631578947368421,0.0,0.02631578947368421
3,topo_down,vul_low,3,0.05263157894736842,0.0,0.05263157894736842
3,topo_down,vul_low,4,0.07894736842105263,0.0,0.07894736842105263
3,topo_down,vul_low,5,0.10526315789473684,0.0,0.10526315789473684
3,topo_down,vul_low,6,0.13157894736842105,0.0,0.13157894736842105
3,topo_down,vul_low,7,0.15789473684210525,0.0,0.15789473684210525
3,topo_down,vul_low,8,0.18421052631578946,0.0,0.18421052631578946
3,topo_down,vul_low,9,0.21052631578947367,0.0,0.21052631578947367
3,topo_down,vul_low,10,0.23684210526315788,0.0,0.23684210526315788
3,topo_down,vul_low,11,0.2631578947368421,0.0,0.2631578947368421
3,topo_down,vul_low,12,0.2894736842105263,0.0,0.2894736842105263
3,topo_down,vul_low,13,0.3157894736842105,0.0,0.3157894736842105
3,topo_down,vul_low,14,0.34210526315789475,0.0,0.34210526315789475
3,topo_down,vul_low,15,0.3684210526315789,0.0,0.3684210526315789
3,topo_down,vul_low,16,0.39473684210526316,0.0,0.39473684210526316
3,topo_down,vul_low,17,0.42105263157894735,0.0,0.42105263157894735
3,topo_down,vul_low,18,0.4473684210526316,0.02631578947368418,0.47368421052631576
3,topo_down,vul_low,19,0.47368421052631576,0.026315789473684237,0.5
3,topo_down,vul_low,20,0.5,0.02631578947368418,0.5263157894736842
3,topo_down,vul_low,21,0.5263157894736842,0.026315789473684292,0.5526315789473685
3,topo_down,vul_low,22,0.5526315789473685,0.02631578947368418,0.5789473684210527
3,topo_down,vul_low,23,0.5789473684210527,0.1578947368421052,0.7368421052631579
3,topo_down,vul_low,24,0.6052631578947368,0.1578947368421053,0.7631578947368421
3,topo_down,vul_low,25,0.631578947368421,0.1578947368421053,0.7894736842105263
3,topo_down,vul_low,26,0.6578947368421053,0.1578947368421052,0.8157894736842105
3,topo_down,vul_low,27,0.6842105263157895,0.21052631578947367,0.8947368421052632
3,topo_down,vul_low,28,0.7105263157894737,0.23684210526315785,0.9473684210526315
3,topo_down,vul_low,29,0.7368421052631579,0.26315789473684215,1.0
3,topo_down,rand_basal,1,0.0,0.0,0.0
3,topo_down,rand_basal,2,0.02631578947368421,0.0,0.02631578947368421
3,topo_down,rand_basal,3,0.05263157894736842,0.0,0.05263157894736842
3,topo_down,rand_basal,4,0.07894736842105263,0.0,0.07894736842105263
3,topo_down,rand_basal,5,0.10526315789473684,0.13157894736842105,0.23684210526315788
3,topo_down,rand_basal,6,0.13157894736842105,0.2105263157894737,0.34210526315789475
3,topo_down,rand_basal,7,0.15789473684210525,0.21052631578947367,0.3684210526315789
3,topo_down,rand_basal,8,0.18421052631578946,0.2105263157894737,0.39473684210526316
3,topo_down,rand_basal,9,0.21052631578947367,0.3157894736842105,0.5263157894736842
3,topo_down,rand_basal,10,0.23684210526315788,0.368421052631579,0.6052631578947368
3,topo_down,rand_basal,11,0.2631578947368421,0.47368421052631576,0.7368421052631579
3,topo_down,rand_consumer,1,0.0,0.0,0.0
3,topo_down,rand_consumer,2,0.02631578947368421,0.0,0.02631578947368421
3,topo_down,rand_consumer,3,0.05263157894736842,0.0,0.05263157894736842
3,topo_down,rand_consumer,4,0.07894736842105263,0.0,0.07894736842105263
3,topo_down,rand_consumer,5,0.10526315789473684,0.0,0.10526315789473684
3,topo_down,rand_consumer,6,0.13157894736842105,0.0,0.13157894736842105
3,topo_down,rand_consumer,7,0.15789473684210525,0.0,0.15789473684210525
3,topo_down,rand_consumer,8,0.18421052631578946,0.0,0.18421052631578946
3,topo_down,rand_consumer,9,0.21052631578947367,0.0,0.21052631578947367
3,topo_down,rand_consumer,10,0.23684210526315788,0.0,0.23684210526315788
3,topo_down,rand_consumer,11,0.2631578947368421,0.0,0.2631578947368421
3,topo_down,rand_consumer,12,0.2894736842105263,0.0,0.2894736842105263
3,topo_down,rand_consumer,13,0.3157894736842105,0.0,0.3157894736842105
3,topo_down,rand_consumer,14,0.34210526315789475,0.0,0.34210526315789475
3,topo_down,rand_consumer,15,0.3684210526315789,0.0,0.3684210526315789
3,topo_down,rand_consumer,16,0.39473684210526316,0.0,0.39473684210526316
3,topo_down,rand_consumer,17,0.42105263157894735,0.0,0.42105263157894735
3,topo_down,rand_consumer,18,0.4473684210526316,0.0,0.4473684210526316
3,topo_down,rand_consumer,19,0.47368421052631576,0.05263157894736842,0.5263157894736842
3,topo_down,rand_consumer,20,0.5,0.052631578947368474,0.5526315789473685
3,topo_down,rand_consumer,21,0.5263157894736842,0.052631578947368474,0.5789473684210527
3,topo_down,rand_consumer,22,0.5526315789473685,0.05263157894736836,0.6052631578947368
3,topo_down,rand_consumer,23,0.5789473684210527,0.07894736842105265,0.6578947368421053
3,topo_down,rand_consumer,24,0.6052631578947368,0.07894736842105265,0.6842105263157895
3,topo_down,rand_consumer,25,0.631578947368421,0.1842105263157895,0.8157894736842105
3,topo_down,rand_consumer,26,0.6578947368421053,0.18421052631578938,0.8421052631578947
3,topo_down,rand_consumer,27,0.6842105263157895,0.21052631578947367,0.8947368421052632
3,topo_down,rand_consumer,28,0.7105263157894737,0.23684210526315785,0.9473684210526315
3,topo_down,rand_consumer,29,0.7368421052631579,0.26315789473684215,1.0
3,topo_down,bm_high,1,0.0,0.0,0.0
3,topo_down,bm_high,2,0.02631578947368421,0.0,0.02631578947368421
3,topo_down,bm_high,3,0.05263157894736842,0.0,0.05263157894736842
3,topo_down,bm_high,4,0.07894736842105263,0.0,0.07894736842105263
3,topo_down,bm_high,5,0.10526315789473684,0.0,0.10526315789473684
3,topo_down,bm_high,6,0.13157894736842105,0.0,0.13157894736842105
3,topo_down,bm_high,7,0.15789473684210525,0.0,0.15789473684210525
3,topo_down,bm_high,8,0.18421052631578946,0.0,0.18421052631578946
3,topo_down,bm_high,9,0.21052631578947367,0.0,0.21052631578947367
3,topo_down,bm_high,10,0.23684210526315788,0.0,0.23684210526315788
3,topo_down,bm_high,11,0.2631578947368421,0.0,0.2631578947368421
3,topo_down,bm_high,12,0.2894736842105263,0.0,0.2894736842105263
3,topo_down,bm_high,13,0.3157894736842105,0.0,0.3157894736842105
3,topo_down,bm_high,14,0.34210526315789475,0.0,0.34210526315789475
3,topo_down,bm_high,15,0.3684210526315789,0.0,0.3684210526315789
3,topo_down,bm_high,16,0.39473684210526316,0.0,0.39473684210526316
3,topo_down,bm_high,17,0.42105263157894735,0.0,0.42105263157894735
3,topo_down,bm_high,18,0.4473684210526316,0.0,0.4473684210526316
3,topo_down,bm_high,19,0.47368421052631576,0.0,0.47368421052631576
3,topo_down,bm_high,20,0.5,0.0,0.5
3,topo_down,bm_high,21,0.5263157894736842,0.0,0.5263157894736842
3,topo_down,bm_high,22,0.5526315789473685,0.0,0.5526315789473685
3,topo_down,bm_high,23,0.5789473684210527,0.0,0.5789473684210527
3,topo_down,bm_high,24,0.6052631578947368,0.0,0.6052631578947368
3,topo_down,bm_high,25,0.631578947368421,0.0,0.631578947368421
3,topo_down,bm_high,26,0.6578947368421053,0.0,0.6578947368421053
3,topo_down,bm_high,27,0.6842105263157895,0.0,0.6842105263157895
3,topo_down,bm_high,28,0.7105263157894737,0.0,0.7105263157894737
3,topo_down,bm_high,29,0.7368421052631579,0.0,0.7368421052631579
3,topo_down,bm_high,30,0.7631578947368421,0.0,0.7631578947368421
3,topo_down,bm_high,31,0.7894736842105263,0.0,0.7894736842105263
3,topo_down,bm_high,32,0.8157894736842105,0.0,0.8157894736842105
3,topo_down,bm_high,33,0.8421052631578947,0.0,0.8421052631578947
3,topo_down,bm_high,34,0.868421052631579,0.07894736842105254,0.9473684210526315
3,topo_down,bm_high,35,0.8947368421052632,0.10526315789473684,1.0
3,topo_down,gen_high,1,0.0,0.0,0.0
3,topo_down,gen_high,2,0.02631578947368421,0.0,0.02631578947368421
3,topo_down,gen_high,3,0.05263157894736842,0.0,0.05263157894736842
3,topo_down,gen_high,4,0.07894736842105263,0.0,0.07894736842105263
3,topo_down,gen_high,5,0.10526315789473684,0.0,0.10526315789473684
3,topo_down,gen_high,6,0.13157894736842105,0.02631578947368421,0.15789473684210525
3,topo_down,gen_high,7,0.15789473684210525,0.07894736842105263,0.23684210526315788
3,topo_down,gen_high,8,0.18421052631578946,0.07894736842105263,0.2631578947368421
3,topo_down,gen_high,9,0.21052631578947367,0.07894736842105265,0.2894736842105263
3,topo_down,gen_high,10,0.23684210526315788,0.07894736842105263,0.3157894736842105
3,topo_down,gen_high,11,0.2631578947368421,0.07894736842105265,0.34210526315789475
3,topo_down,gen_high,12,0.2894736842105263,0.13157894736842102,0.42105263157894735
3,topo_down,gen_high,13,0.3157894736842105,0.13157894736842107,0.4473684210526316
3,topo_down,gen_high,14,0.34210526315789475,0.13157894736842102,0.47368421052631576
3,topo_down,gen_high,15,0.3684210526315789,0.13157894736842107,0.5
3,topo_down,gen_high,16,0.39473684210526316,0.13157894736842102,0.5263157894736842
3,topo_down,gen_high,17,0.42105263157894735,0.13157894736842113,0.5526315789473685
3,topo_down,gen_high,18,0.4473684210526316,0.13157894736842107,0.5789473684210527
3,topo_down,gen_high,19,0.47368421052631576,0.13157894736842107,0.6052631578947368
3,topo_down,gen_high,20,0.5,0.13157894736842102,0.631578947368421
3,topo_down,gen_high,21,0.5263157894736842,0.1578947368421053,0.6842105263157895
3,topo_down,gen_high,22,0.5526315789473685,0.18421052631578938,0.7368421052631579
3,topo_down,gen_high,23,0.5789473684210527,0.1842105263157895,0.7631578947368421
3,topo_down,gen_high,24,0.6052631578947368,0.1842105263157895,0.7894736842105263
3,topo_down,gen_high,25,0.631578947368421,0.1842105263157895,0.8157894736842105
3,topo_down,gen_high,26,0.6578947368421053,0.21052631578947367,0.868421052631579
3,topo_down,gen_high,27,0.6842105263157895,0.21052631578947367,0.8947368421052632
3,topo_down,gen_high,28,0.7105263157894737,0.23684210526315785,0.9473684210526315
3,topo_down,gen_high,29,0.7368421052631579,0.26315789473684215,1.0
3,topo_down,degree_high,1,0.0,0.0,0.0
3,topo_down,degree_high,2,0.02631578947368421,0.0,0.02631578947368421
3,topo_down,degree_high,3,0.05263157894736842,0.0,0.05263157894736842
3,topo_down,degree_high,4,0.07894736842105263,0.0,0.07894736842105263
3,topo_down,degree_high,5,0.10526315789473684,0.0,0.10526315789473684
3,topo_down,degree_high,6,0.13157894736842105,0.0,0.13157894736842105
3,topo_down,degree_high,7,0.15789473684210525,0.07894736842105263,0.23684210526315788
3,topo_down,degree_high,8,0.18421052631578946,0.07894736842105263,0.2631578947368421
3,topo_down,degree_high,9,0.21052631578947367,0.07894736842105265,0.2894736842105263
3,topo_down,degree_high,10,0.23684210526315788,0.07894736842105263,0.3157894736842105
3,topo_down,degree_high,11,0.2631578947368421,0.07894736842105265,0.34210526315789475
3,topo_down,degree_high,12,0.2894736842105263,0.13157894736842102,0.42105263157894735
3,topo_down,degree_high,13,0.3157894736842105,0.13157894736842107,0.4473684210526316
3,topo_down,degree_high,14,0.34210526315789475,0.13157894736842102,0.47368421052631576
3,topo_down,degree_high,15,0.3684210526315789,0.13157894736842107,0.5
3,topo_down,degree_high,16,0.39473684210526316,0.13157894736842102,0.5263157894736842
3,topo_down,degree_high,17,0.42105263157894735,0.13157894736842113,0.5526315789473685
3,topo_down,degree_high,18,0.4473684210526316,0.13157894736842107,0.5789473684210527
3,topo_down,degree_high,19,0.47368421052631576,0.13157894736842107,0.6052631578947368
3,topo_down,degree_high,20,0.5,0.13157894736842102,0.631578947368421
3,topo_down,degree_high,21,0.5263157894736842,0.1578947368421053,0.6842105263157895
3,topo_down,degree_high,22,0.5526315789473685,0.18421052631578938,0.7368421052631579
3,topo_down,degree_high,23,0.5789473684210527,0.1842105263157895,0.7631578947368421
3,topo_down,degree_high,24,0.6052631578947368,0.1842105263157895,0.7894736842105263
3,topo_down,degree_high,25,0.631578947368421,0.1842105263157895,0.8157894736842105
3,topo_down,degree_high,26,0.6578947368421053,0.21052631578947367,0.868421052631579
3,topo_down,degree_high,27,0.6842105263157895,0.21052631578947367,0.8947368421052632
3,topo_down,degree_high,28,0.7105263157894737,0.23684210526315785,0.9473684210526315
3,topo_down,degree_high,29,0.7368421052631579,0.26315789473684215,1.0
3,topo_down,degree_low,1,0.0,0.0,0.0
3,topo_down,degree_low,2,0.02631578947368421,0.0,0.02631578947368421
3,topo_down,degree_low,3,0.05263157894736842,0.0,0.05263157894736842
3,topo_down,degree_low,4,0.07894736842105263,0.0,0.07894736842105263
3,topo_down,degree_low,5,0.10526315789473684,0.0,0.10526315789473684
3,topo_down,degree_low,6,0.13157894736842105,0.0,0.13157894736842105
3,topo_down,degree_low,7,0.15789473684210525,0.0,0.15789473684210525
3,topo_down,degree_low,8,0.18421052631578946,0.0,0.18421052631578946
3,topo_down,degree_low,9,0.21052631578947367,0.0,0.21052631578947367
3,topo_down,degree_low,10,0.23684210526315788,0.0,0.23684210526315788
3,topo_down,degree_low,11,0.2631578947368421,0.0,0.2631578947368421
3,topo_down,degree_low,12,0.2894736842105263,0.0,0.2894736842105263
3,topo_down,degree_low,13,0.3157894736842105,0.0,0.3157894736842105
3,topo_down,degree_low,14,0.34210526315789475,0.0,0.34210526315789475
3,topo_down,degree_low,15,0.3684210526315789,0.0,0.3684210526315789
3,topo_down,degree_low,16,0.39473684210526316,0.0,0.39473684210526316
3,topo_down,degree_low,17,0.42105263157894735,0.0,0.42105263157894735
3,topo_down,degree_low,18,0.4473684210526316,0.0,0.4473684210526316
3,topo_down,degree_low,19,0.47368421052631576,0.0,0.47368421052631576
3,topo_down,degree_low,20,0.5,0.0,0.5
3,topo_down,degree_low,21,0.5263157894736842,0.0,0.5263157894736842
3,topo_down,degree_low,22,0.5526315789473685,0.0,0.5526315789473685
3,topo_down,degree_low,23,0.5789473684210527,0.0,0.5789473684210527
3,topo_down,degree_low,24,0.6052631578947368,0.0,0.6052631578947368
3,topo_down,degree_low,25,0.631578947368421,0.0,0.631578947368421
3,topo_down,degree_low,26,0.6578947368421053,0.0,0.6578947368421053
3,topo_down,degree_low,27,0.6842105263157895,0.0,0.6842105263157895
3,topo_down,degree_low,28,0.7105263157894737,0.02631578947368418,0.7368421052631579
3,topo_down,degree_low,29,0.7368421052631579,0.26315789473684215,1.0
3,topo_down,vul_high,1,0.0,0.0,0.0
3,topo_down,vul_high,2,0.02631578947368421,0.0,0.02631578947368421
3,topo_down,vul_high,3,0.05263157894736842,0.0,0.05263157894736842
3,topo_down,vul_high,4,0.07894736842105263,0.0,0.07894736842105263
3,topo_down,vul_high,5,0.10526315789473684,0.0,0.10526315789473684
3,topo_down,vul_high,6,0.13157894736842105,0.0,0.13157894736842105
3,topo_down,vul_high,7,0.15789473684210525,0.0,0.15789473684210525
3,topo_down,vul_high,8,0.18421052631578946,0.0,0.18421052631578946
3,topo_down,vul_high,9,0.21052631578947367,0.0,0.21052631578947367
3,topo_down,vul_high,10,0.23684210526315788,0.0,0.23684210526315788
3,topo_down,vul_high,11,0.2631578947368421,0.0,0.2631578947368421
3,topo_down,vul_high,12,0.2894736842105263,0.0,0.2894736842105263
3,topo_down,vul_high,13,0.3157894736842105,0.0,0.3157894736842105
3,topo_down,vul_high,14,0.34210526315789475,0.0,0.34210526315789475
3,topo_down,vul_high,15,0.3684210526315789,0.0,0.3684210526315789
3,topo_down,vul_high,16,0.39473684210526316,0.0,0.39473684210526316
3,topo_down,vul_high,17,0.42105263157894735,0.0,0.42105263157894735
3,topo_down,vul_high,18,0.4473684210526316,0.0789473684210526,0.5263157894736842
3,topo_down,vul_high,19,0.47368421052631576,0.07894736842105271,0.5526315789473685
3,topo_down,vul_high,20,0.5,0.10526315789473684,0.6052631578947368
3,topo_down,vul_high,21,0.5263157894736842,0.13157894736842113,0.6578947368421053
3,topo_down,vul_high,22,0.5526315789473685,0.13157894736842102,0.6842105263157895
3,topo_down,vul_high,23,0.5789473684210527,0.1578947368421052,0.7368421052631579
3,topo_down,vul_high,24,0.6052631578947368,0.21052631578947367,0.8157894736842105
3,topo_down,vul_high,25,0.631578947368421,0.23684210526315796,0.868421052631579
3,topo_down,vul_high,26,0.6578947368421053,0.26315789473684204,0.9210526315789473
3,topo_down,vul_high,27,0.6842105263157895,0.26315789473684204,0.9473684210526315
3,topo_down,vul_high,28,0.7105263157894737,0.2894736842105263,1.0
3,topo_down,bm_low,1,0.0,0.0,0.0
3,topo_down,bm_low,2,0.02631578947368421,0.0,0.02631578947368421
3,topo_down,bm_low,3,0.05263157894736842,0.0,0.05263157894736842
3,topo_down,bm_low,4,0.07894736842105263,0.0,0.07894736842105263
3,topo_down,bm_low,5,0.10526315789473684,0.0,0.10526315789473684
3,topo_down,bm_low,6,0.13157894736842105,0.0,0.13157894736842105
3,topo_down,bm_low,7,0.15789473684210525,0.10526315789473684,0.2631578947368421
3,topo_down,bm_low,8,0.18421052631578946,0.18421052631578946,0.3684210526315789
3,topo_down,bm_low,9,0.21052631578947367,0.2368421052631579,0.4473684210526316
3,topo_down,bm_low,10,0.23684210526315788,0.2894736842105263,0.5263157894736842
3,topo_down,bm_low,11,0.2631578947368421,0.2894736842105264,0.5526315789473685
3,topo_down,bm_low,12,0.2894736842105263,0.2894736842105263,0.5789473684210527
3,topo_down,bm_low,13,0.3157894736842105,0.2894736842105263,0.6052631578947368
3,topo_down,bm_low,14,0.34210526315789475,0.28947368421052627,0.631578947368421
3,topo_down,bm_low,15,0.3684210526315789,0.2894736842105264,0.6578947368421053
3,topo_down,bm_low,16,0.39473684210526316,0.2894736842105263,0.6842105263157895
3,topo_down,bm_low,17,0.42105263157894735,0.2894736842105263,0.7105263157894737
3,topo_down,bm_low,18,0.4473684210526316,0.28947368421052627,0.7368421052631579
3,topo_down,bm_low,19,0.47368421052631576,0.2894736842105264,0.7631578947368421
3,topo_down,bm_low,20,0.5,0.3157894736842105,0.8157894736842105
3,topo_down,bm_low,21,0.5263157894736842,0.3157894736842105,0.8421052631578947
3,topo_down,bm_low,22,0.5526315789473685,0.3157894736842105,0.868421052631579
3,topo_down,bm_low,23,0.5789473684210527,0.3157894736842105,0.8947368421052632
3,topo_down,bm_low,24,0.6052631578947368,0.3157894736842105,0.9210526315789473
3,topo_down,bm_low,25,0.631578947368421,0.3157894736842105,0.9473684210526315
3,topo_down,bm_low,26,0.6578947368421053,0.3421052631578947,1.0
4,topo_niche,gen_low,1,0.0,0.0,0.0
4,topo_niche,gen_low,2,0.06666666666666667,0.0,0.06666666666666667
4,topo_niche,gen_low,3,0.13333333333333333,0.0,0.13333333333333333
4,topo_niche,gen_low,4,0.2,0.0,0.2
4,topo_niche,gen_low,5,0.26666666666666666,0.0,0.26666666666666666
4,topo_niche,gen_low,6,0.3333333333333333,0.0,0.3333333333333333
4,topo_niche,gen_low,7,0.4,0.0,0.4
4,topo_niche,gen_low,8,0.4666666666666667,0.0,0.4666666666666667
4,topo_niche,gen_low,9,0.5333333333333333,0.0,0.5333333333333333
4,topo_niche,gen_low,10,0.6,0.0,0.6
4,topo_niche,gen_low,11,0.6666666666666666,0.0,0.6666666666666666
4,topo_niche,gen_low,12,0.7333333333333333,0.0,0.7333333333333333
4,topo_niche,gen_low,13,0.8,0.19999999999999996,1.0
4,topo_niche,vul_low,1,0.0,0.0,0.0
4,topo_niche,vul_low,2,0.06666666666666667,0.0,0.06666666666666667
4,topo_niche,vul_low,3,0.13333333333333333,0.0,0.13333333333333333
4,topo_niche,vul_low,4,0.2,0.0,0.2
4,topo_niche,vul_low,5,0.26666666666666666,0.0,0.26666666666666666
4,topo_niche,vul_low,6,0.3333333333333333,0.0,0.3333333333333333
4,topo_niche,vul_low,7,0.4,0.0,0.4
4,topo_niche,vul_low,8,0.4666666666666667,0.0,0.4666666666666667
4,topo_niche,vul_low,9,0.5333333333333333,0.0,0.5333333333333333
4,topo_niche,vul_low,10,0.6,0.0,0.6
4,topo_niche,vul_low,11,0.6666666666666666,0.0,0.6666666666666666
4,topo_niche,vul_low,12,0.7333333333333333,0.0,0.7333333333333333
4,topo_niche,vul_low,13,0.8,0.19999999999999996,1.0
4,topo_niche,rand_basal,1,0.0,0.0,0.0
4,topo_niche,rand_basal,2,0.06666666666666667,0.0,0.06666666666666667
4,topo_niche,rand_basal,3,0.13333333333333333,0.0,0.13333333333333333
4,topo_niche,rand_basal,4,0.2,0.2,0.4
4,topo_niche,rand_consumer,1,0.0,0.0,0.0
4,topo_niche,rand_consumer,2,0.06666666666666667,0.0,0.06666666666666667
4,topo_niche,rand_consumer,3,0.13333333333333333,0.0,0.13333333333333333
4,topo_niche,rand_consumer,4,0.2,0.0,0.2
4,topo_niche,rand_consumer,5,0.26666666666666666,0.0,0.26666666666666666
4,topo_niche,rand_consumer,6,0.3333333333333333,0.0,0.3333333333333333
4,topo_niche,rand_consumer,7,0.4,0.0,0.4
4,topo_niche,rand_consumer,8,0.4666666666666667,0.0,0.4666666666666667
4,topo_niche,rand_consumer,9,0.5333333333333333,0.06666666666666665,0.6
4,topo_niche,rand_consumer,10,0.6,0.06666666666666665,0.6666666666666666
4,topo_niche,rand_consumer,11,0.6666666666666666,0.06666666666666665,0.7333333333333333
4,topo_niche,rand_consumer,12,0.7333333333333333,0.2666666666666667,1.0
4,topo_niche,bm_high,1,0.0,0.0,0.0
4,topo_niche,bm_high,2,0.06666666666666667,0.0,0.06666666666666667
4,topo_niche,bm_high,3,0.13333333333333333,0.0,0.13333333333333333
4,topo_niche,bm_high,4,0.2,0.0,0.2
4,topo_niche,bm_high,5,0.26666666666666666,0.0,0.26666666666666666
4,topo_niche,bm_high,6,0.3333333333333333,0.0,0.3333333333333333
4,topo_niche,bm_high,7,0.4,0.0,0.4
4,topo_niche,bm_high,8,0.4666666666666667,0.0,0.4666666666666667
4,topo_niche,bm_high,9,0.5333333333333333,0.0,0.5333333333333333
4,topo_niche,bm_high,10,0.6,0.06666666666666665,0.6666666666666666
4,topo_niche,bm_high,11,0.6666666666666666,0.06666666666666665,0.7333333333333333
4,topo_niche,bm_high,12,0.7333333333333333,0.06666666666666676,0.8
4,topo_niche,bm_high,13,0.8,0.19999999999999996,1.0
4,topo_niche,gen_high,1,0.0,0.0,0.0
4,topo_niche,gen_high,2,0.06666666666666667,0.0,0.06666666666666667
4,topo_niche,gen_high,3,0.13333333333333333,0.0,0.13333333333333333
4,topo_niche,gen_high,4,0.2,0.2,0.4
4,topo_niche,gen_high,5,0.26666666666666666,0.2,0.4666666666666667
4,topo_niche,gen_high,6,0.3333333333333333,0.2,0.5333333333333333
4,topo_niche,gen_high,7,0.4,0.19999999999999996,0.6
4,topo_niche,gen_high,8,0.4666666666666667,0.19999999999999996,0.6666666666666666
4,topo_niche,gen_high,9,0.5333333333333333,0.33333333333333337,0.8666666666666667
4,topo_niche,gen_high,10,0.6,0.4,1.0
4,topo_niche,degree_high,1,0.0,0.0,0.0
4,topo_niche,degree_high,2,0.06666666666666667,0.0,0.06666666666666667
4,topo_niche,degree_high,3,0.13333333333333333,0.0,0.13333333333333333
4,topo_niche,degree_high,4,0.2,0.2,0.4
4,topo_niche,degree_high,5,0.26666666666666666,0.2,0.4666666666666667
4,topo_niche,degree_high,6,0.3333333333333333,0.39999999999999997,0.7333333333333333
4,topo_niche,degree_high,7,0.4,0.4,0.8
4,topo_niche,degree_high,8,0.4666666666666667,0.5333333333333333,1.0
4,topo_niche,degree_low,1,0.0,0.0,0.0
4,topo_niche,degree_low,2,0.06666666666666667,0.0,0.06666666666666667
4,topo_niche,degree_low,3,0.13333333333333333,0.0,0.13333333333333333
4,topo_niche,degree_low,4,0.2,0.0,0.2
4,topo_niche,degree_low,5,0.26666666666666666,0.0,0.26666666666666666
4,topo_niche,degree_low,6,0.3333333333333333,0.0,0.3333333333333333
4,topo_niche,degree_low,7,0.4,0.0,0.4
4,topo_niche,degree_low,8,0.4666666666666667,0.0,0.4666666666666667
4,topo_niche,degree_low,9,0.5333333333333333,0.0,0.5333333333333333
4,topo_niche,degree_low,10,0.6,0.0,0.6
4,topo_niche,degree_low,11,0.6666666666666666,0.0,0.6666666666666666
4,topo_niche,degree_low,12,0.7333333333333333,0.0,0.7333333333333333
4,topo_niche,degree_low,13,0.8,0.19999999999999996,1.0
4,topo_niche,vul_high,1,0.0,0.0,0.0
4,topo_niche,vul_high,2,0.06666666666666667,0.0,0.06666666666666667
4,topo_niche,vul_high,3,0.13333333333333333,0.0,0.13333333333333333
4,topo_niche,vul_high,4,0.2,0.0,0.2
4,topo_niche,vul_high,5,0.26666666666666666,0.26666666666666666,0.5333333333333333
4,topo_niche,vul_high,6,0.3333333333333333,0.46666666666666673,0.8
4,topo_niche,vul_high,7,0.4,0.5333333333333333,0.9333333333333333
4,topo_niche,vul_high,8,0.4666666666666667,0.5333333333333333,1.0
4,topo_niche,bm_low,1,0.0,0.0,0.0
4,topo_niche,bm_low,2,0.06666666666666667,0.0,0.06666666666666667
4,topo_niche,bm_low,3,0.13333333333333333,0.0,0.13333333333333333
4,topo_niche,bm_low,4,0.2,0.0,0.2
4,topo_niche,bm_low,5,0.26666666666666666,0.0,0.26666666666666666
4,topo_niche,bm_low,6,0.3333333333333333,0.0,0.3333333333333333
4,topo_niche,bm_low,7,0.4,0.0,0.4
4,topo_niche,bm_low,8,0.4666666666666667,0.0,0.4666666666666667
4,topo_niche,bm_low,9,0.5333333333333333,0.06666666666666665,0.6
4,topo_niche,bm_low,10,0.6,0.06666666666666665,0.6666666666666666
4,topo_niche,bm_low,11,0.6666666666666666,0.06666666666666665,0.7333333333333333
4,topo_niche,bm_low,12,0.7333333333333333,0.13333333333333341,0.8666666666666667
4,topo_niche,bm_low,13,0.8,0.19999999999999996,1.0
4,topo_down_size,gen_low,1,0.0,0.0,0.0
4,topo_down_size,gen_low,2,0.037037037037037035,0.037037037037037035,0.07407407407407407
4,topo_down_size,gen_low,3,0.07407407407407407,0.037037037037037035,0.1111111111111111
4,topo_down_size,gen_low,4,0.1111111111111111,0.037037037037037035,0.14814814814814814
4,topo_down_size,gen_low,5,0.14814814814814814,0.037037037037037035,0.18518518518518517
4,topo_down_size,gen_low,6,0.18518518518518517,0.037037037037037035,0.2222222222222222
4,topo_down_size,gen_low,7,0.2222222222222222,0.037037037037037035,0.25925925925925924
4,topo_down_size,gen_low,8,0.25925925925925924,0.037037037037037035,0.2962962962962963
4,topo_down_size,gen_low,9,0.2962962962962963,0.037037037037037035,0.3333333333333333
4,topo_down_size,gen_low,10,0.3333333333333333,0.037037037037037035,0.37037037037037035
4,topo_down_size,gen_low,11,0.37037037037037035,0.037037037037037035,0.4074074074074074
4,topo_down_size,gen_low,12,0.4074074074074074,0.5925925925925926,1.0
4,topo_down_size,vul_low,1,0.0,0.0,0.0
4,topo_down_size,vul_low,2,0.037037037037037035,0.0,0.037037037037037035
4,topo_down_size,vul_low,3,0.07407407407407407,0.0,0.07407407407407407
4,topo_down_size,vul_low,4,0.1111111111111111,0.0,0.1111111111111111
4,topo_down_size,vul_low,5,0.14814814814814814,0.0,0.14814814814814814
4,topo_down_size,vul_low,6,0.18518518518518517,0.0,0.18518518518518517
4,topo_down_size,vul_low,7,0.2222222222222222,0.0,0.2222222222222222
4,topo_down_size,vul_low,8,0.25925925925925924,0.0,0.25925925925925924
4,topo_down_size,vul_low,9,0.2962962962962963,0.0,0.2962962962962963
4,topo_down_size,vul_low,10,0.3333333333333333,0.3703703703703704,0.7037037037037037
4,topo_down_size,vul_low,11,0.37037037037037035,0.40740740740740744,0.7777777777777778
4,topo_down_size,vul_low,12,0.4074074074074074,0.5925925925925926,1.0
4,topo_down_size,rand_basal,1,0.0,0.0,0.0
4,topo_down_size,rand_basal,2,0.037037037037037035,0.0,0.037037037037037035
4,topo_down_size,rand_basal,3,0.07407407407407407,0.037037037037037035,0.1111111111111111
4,topo_down_size,rand_basal,4,0.1111111111111111,0.037037037037037035,0.14814814814814814
4,topo_down_size,rand_basal,5,0.14814814814814814,0.037037037037037035,0.18518518518518517
4,topo_down_size,rand_basal,6,0.18518518518518517,0.037037037037037035,0.2222222222222222
4,topo_down_size,rand_basal,7,0.2222222222222222,0.037037037037037035,0.25925925925925924
4,topo_down_size,rand_basal,8,0.25925925925925924,0.037037037037037035,0.2962962962962963
4,topo_down_size,rand_basal,9,0.2962962962962963,0.037037037037037035,0.3333333333333333
4,topo_down_size,rand_basal,10,0.3333333333333333,0.037037037037037035,0.37037037037037035
4,topo_down_size,rand_basal,11,0.37037037037037035,0.037037037037037035,0.4074074074074074
4,topo_down_size,rand_basal,12,0.4074074074074074,0.037037037037037035,0.4444444444444444
4,topo_down_size,rand_basal,13,0.4444444444444444,0.037037037037037035,0.48148148148148145
4,topo_down_size,rand_basal,14,0.48148148148148145,0.037037037037037035,0.5185185185185185
4,topo_down_size,rand_basal,15,0.5185185185185185,0.03703703703703709,0.5555555555555556
4,topo_down_size,rand_basal,16,0.5555555555555556,0.03703703703703698,0.5925925925925926
4,topo_down_size,rand_basal,17,0.5925925925925926,0.03703703703703709,0.6296296296296297
4,topo_down_size,rand_consumer,1,0.0,0.0,0.0
4,topo_down_size,rand_consumer,2,0.037037037037037035,0.0,0.037037037037037035
4,topo_down_size,rand_consumer,3,0.07407407407407407,0.0,0.07407407407407407
4,topo_down_size,rand_consumer,4,0.1111111111111111,0.0,0.1111111111111111
4,topo_down_size,rand_consumer,5,0.14814814814814814,0.0,0.14814814814814814
4,topo_down_size,rand_consumer,6,0.18518518518518517,0.0,0.18518518518518517
4,topo_down_size,rand_consumer,7,0.2222222222222222,0.0,0.2222222222222222
4,topo_down_size,rand_consumer,8,0.25925925925925924,0.0,0.25925925925925924
4,topo_down_size,rand_consumer,9,0.2962962962962963,0.037037037037037035,0.3333333333333333
4,topo_down_size,rand_consumer,10,0.3333333333333333,0.037037037037037035,0.37037037037037035
4,topo_down_size,rand_consumer,11,0.37037037037037035,0.40740740740740744,0.7777777777777778
4,topo_down_size,rand_consumer,12,0.4074074074074074,0.5925925925925926,1.0
4,topo_down_size,bm_high,1,0.0,0.0,0.0
4,topo_down_size,bm_high,2,0.037037037037037035,0.0,0.037037037037037035
4,topo_down_size,bm_high,3,0.07407407407407407,0.0,0.07407407407407407
4,topo_down_size,bm_high,4,0.1111111111111111,0.037037037037037035,0.14814814814814814
4,topo_down_size,bm_high,5,0.14814814814814814,0.037037037037037035,0.18518518518518517
4,topo_down_size,bm_high,6,0.18518518518518517,0.037037037037037035,0.2222222222222222
4,topo_down_size,bm_high,7,0.2222222222222222,0.037037037037037035,0.25925925925925924
4,topo_down_size,bm_high,8,0.25925925925925924,0.037037037037037035,0.2962962962962963
4,topo_down_size,bm_high,9,0.2962962962962963,0.037037037037037035,0.3333333333333333
4,topo_down_size,bm_high,10,0.3333333333333333,0.037037037037037035,0.37037037037037035
4,topo_down_size,bm_high,11,0.37037037037037035,0.037037037037037035,0.4074074074074074
4,topo_down_size,bm_high,12,0.4074074074074074,0.037037037037037035,0.4444444444444444
4,topo_down_size,bm_high,13,0.4444444444444444,0.037037037037037035,0.48148148148148145
4,topo_down_size,bm_high,14,0.48148148148148145,0.037037037037037035,0.5185185185185185
4,topo_down_size,bm_high,15,0.5185185185185185,0.03703703703703709,0.5555555555555556
4,topo_down_size,bm_high,16,0.5555555555555556,0.03703703703703698,0.5925925925925926
4,topo_down_size,bm_high,17,0.5925925925925926,0.03703703703703709,0.6296296296296297
4,topo_down_size,bm_high,18,0.6296296296296297,0.03703703703703698,0.6666666666666666
4,topo_down_size,bm_high,19,0.6666666666666666,0.03703703703703709,0.7037037037037037
4,topo_down_size,bm_high,20,0.7037037037037037,0.03703703703703698,0.7407407407407407
4,topo_down_size,bm_high,21,0.7407407407407407,0.03703703703703709,0.7777777777777778
4,topo_down_size,bm_high,22,0.7777777777777778,0.03703703703703698,0.8148148148148148
4,topo_down_size,bm_high,23,0.8148148148148148,0.03703703703703709,0.8518518518518519
4,topo_down_size,bm_high,24,0.8518518518518519,0.03703703703703698,0.8888888888888888
4,topo_down_size,bm_high,25,0.8888888888888888,0.11111111111111116,1.0
4,topo_down_size,gen_high,1,0.0,0.0,0.0
4,topo_down_size,gen_high,2,0.037037037037037035,0.0,0.037037037037037035
4,topo_down_size,gen_high,3,0.07407407407407407,0.0,0.07407407407407407
4,topo_down_size,gen_high,4,0.1111111111111111,0.0,0.1111111111111111
4,topo_down_size,gen_high,5,0.14814814814814814,0.037037037037037035,0.18518518518518517
4,topo_down_size,gen_high,6,0.18518518518518517,0.25925925925925924,0.4444444444444444
4,topo_down_size,gen_high,7,0.2222222222222222,0.2962962962962963,0.5185185185185185
4,topo_down_size,gen_high,8,0.25925925925925924,0.29629629629629634,0.5555555555555556
4,topo_down_size,gen_high,9,0.2962962962962963,0.37037037037037035,0.6666666666666666
4,topo_down_size,gen_high,10,0.3333333333333333,0.48148148148148145,0.8148148148148148
4,topo_down_size,gen_high,11,0.37037037037037035,0.5555555555555556,0.9259259259259259
4,topo_down_size,gen_high,12,0.4074074074074074,0.5925925925925926,1.0
4,topo_down_size,degree_high,1,0.0,0.0,0.0
4,topo_down_size,degree_high,2,0.037037037037037035,0.0,0.037037037037037035
4,topo_down_size,degree_high,3,0.07407407407407407,0.0,0.07407407407407407
4,topo_down_size,degree_high,4,0.1111111111111111,0.0,0.1111111111111111
4,topo_down_size,degree_high,5,0.14814814814814814,0.0,0.14814814814814814
4,topo_down_size,degree_high,6,0.18518518518518517,0.25925925925925924,0.4444444444444444
4,topo_down_size,degree_high,7,0.2222222222222222,0.2962962962962963,0.5185185185185185
4,topo_down_size,degree_high,8,0.25925925925925924,0.29629629629629634,0.5555555555555556
4,topo_down_size,degree_high,9,0.2962962962962963,0.37037037037037035,0.6666666666666666
4,topo_down_size,degree_high,10,0.3333333333333333,0.48148148148148145,0.8148148148148148
4,topo_down_size,degree_high,11,0.37037037037037035,0.5555555555555556,0.9259259259259259
4,topo_down_size,degree_high,12,0.4074074074074074,0.5925925925925926,1.0
4,topo_down_size,degree_low,1,0.0,0.0,0.0
4,topo_down_size,degree_low,2,0.037037037037037035,0.037037037037037035,0.07407407407407407
4,topo_down_size,degree_low,3,0.07407407407407407,0.037037037037037035,0.1111111111111111
4,topo_down_size,degree_low,4,0.1111111111111111,0.037037037037037035,0.14814814814814814
4,topo_down_size,degree_low,5,0.14814814814814814,0.037037037037037035,0.18518518518518517
4,topo_down_size,degree_low,6,0.18518518518518517,0.037037037037037035,0.2222222222222222
4,topo_down_size,degree_low,7,0.2222222222222222,0.037037037037037035,0.25925925925925924
4,topo_down_size,degree_low,8,0.25925925925925924,0.037037037037037035,0.2962962962962963
4,topo_down_size,degree_low,9,0.2962962962962963,0.037037037037037035,0.3333333333333333
4,topo_down_size,degree_low,10,0.3333333333333333,0.037037037037037035,0.37037037037037035
4,topo_down_size,degree_low,11,0.37037037037037035,0.037037037037037035,0.4074074074074074
4,topo_down_size,degree_low,12,0.4074074074074074,0.5925925925925926,1.0
4,topo_down_size,vul_high,1,0.0,0.0,0.0
4,topo_down_size,vul_high,2,0.037037037037037035,0.0,0.037037037037037035
4,topo_down_size,vul_high,3,0.07407407407407407,0.0,0.07407407407407407
4,topo_down_size,vul_high,4,0.1111111111111111,0.0,0.1111111111111111
4,topo_down_size,vul_high,5,0.14814814814814814,0.0,0.14814814814814814
4,topo_down_size,vul_high,6,0.18518518518518517,0.0,0.18518518518518517
4,topo_down_size,vul_high,7,0.2222222222222222,0.0,0.2222222222222222
4,topo_down_size,vul_high,8,0.25925925925925924,0.3703703703703704,0.6296296296296297
4,topo_down_size,vul_high,9,0.2962962962962963,0.37037037037037035,0.6666666666666666
4,topo_down_size,vul_high,10,0.3333333333333333,0.48148148148148145,0.8148148148148148
4,topo_down_size,vul_high,11,0.37037037037037035,0.5555555555555556,0.9259259259259259
4,topo_down_size,vul_high,12,0.4074074074074074,0.5925925925925926,1.0
4,topo_down_size,bm_low,1,0.0,0.0,0.0
4,topo_down_size,bm_low,2,0.037037037037037035,0.0,0.037037037037037035
4,topo_down_size,bm_low,3,0.07407407407407407,0.0,0.07407407407407407
4,topo_down_size,bm_low,4,0.1111111111111111,0.0,0.1111111111111111
4,topo_down_size,bm_low,5,0.14814814814814814,0.037037037037037035,0.18518518518518517
4,topo_down_size,bm_low,6,0.18518518518518517,0.037037037037037035,0.2222222222222222
4,topo_down_size,bm_low,7,0.2222222222222222,0.037037037037037035,0.25925925925925924
4,topo_down_size,bm_low,8,0.25925925925925924,0.037037037037037035,0.2962962962962963
4,topo_down_size,bm_low,9,0.2962962962962963,0.037037037037037035,0.3333333333333333
4,topo_down_size,bm_low,10,0.3333333333333333,0.037037037037037035,0.37037037037037035
4,topo_down_size,bm_low,11,0.37037037037037035,0.037037037037037035,0.4074074074074074
4,topo_down_size,bm_low,12,0.4074074074074074,0.037037037037037035,0.4444444444444444
4,topo_down_size,bm_low,13,0.4444444444444444,0.037037037037037035,0.48148148148148145
4,topo_down_size,bm_low,14,0.48148148148148145,0.037037037037037035,0.5185185185185185
4,topo_down_size,bm_low,15,0.5185185185185185,0.03703703703703709,0.5555555555555556
4,topo_down_size,bm_low,16,0.5555555555555556,0.03703703703703698,0.5925925925925926
4,topo_down_size,bm_low,17,0.5925925925925926,0.03703703703703709,0.6296296296296297
4,topo_down_size,bm_low,18,0.6296296296296297,0.03703703703703698,0.6666666666666666
4,topo_down_size,bm_low,19,0.6666666666666666,0.03703703703703709,0.7037037037037037
4,topo_down_size,bm_low,20,0.7037037037037037,0.03703703703703698,0.7407407407407407
4,topo_down_size,bm_low,21,0.7407407407407407,0.03703703703703709,0.7777777777777778
4,topo_down_size,bm_low,22,0.7777777777777778,0.03703703703703698,0.8148148148148148
4,topo_down_size,bm_low,23,0.8148148148148148,0.03703703703703709,0.8518518518518519
4,topo_down_size,bm_low,24,0.8518518518518519,0.03703703703703698,0.8888888888888888
4,topo_down_size,bm_low,25,0.8888888888888888,0.03703703703703709,0.9259259259259259
4,topo_down_size,bm_low,26,0.9259259259259259,0.03703703703703698,0.9629629629629629
4,topo_down_size,bm_low,27,0.9629629629629629,0.03703703703703709,1.0
4,topo_down,gen_low,1,0.0,0.0,0.0
4,topo_down,gen_low,2,0.02631578947368421,0.0,0.02631578947368421
4,topo_down,gen_low,3,0.05263157894736842,0.0,0.05263157894736842
4,topo_down,gen_low,4,0.07894736842105263,0.0,0.07894736842105263
4,topo_down,gen_low,5,0.10526315789473684,0.0,0.10526315789473684
4,topo_down,gen_low,6,0.13157894736842105,0.0,0.13157894736842105
4,topo_down,gen_low,7,0.15789473684210525,0.0,0.15789473684210525
4,topo_down,gen_low,8,0.18421052631578946,0.0,0.18421052631578946
4,topo_down,gen_low,9,0.21052631578947367,0.0,0.21052631578947367
4,topo_down,gen_low,10,0.23684210526315788,0.0,0.23684210526315788
4,topo_down,gen_low,11,0.2631578947368421,0.0,0.2631578947368421
4,topo_down,gen_low,12,0.2894736842105263,0.0,0.2894736842105263
4,topo_down,gen_low,13,0.3157894736842105,0.0,0.3157894736842105
4,topo_down,gen_low,14,0.34210526315789475,0.05263157894736842,0.39473684210526316
4,topo_down,gen_low,15,0.3684210526315789,0.05263157894736842,0.42105263157894735
4,topo_down,gen_low,16,0.39473684210526316,0.05263157894736842,0.4473684210526316
4,topo_down,gen_low,17,0.42105263157894735,0.05263157894736842,0.47368421052631576
4,topo_down,gen_low,18,0.4473684210526316,0.05263157894736842,0.5
4,topo_down,gen_low,19,0.47368421052631576,0.05263157894736842,0.5263157894736842
4,topo_down,gen_low,20,0.5,0.052631578947368474,0.5526315789473685
4,topo_down,gen_low,21,0.5263157894736842,0.052631578947368474,0.5789473684210527
4,topo_down,gen_low,22,0.5526315789473685,0.18421052631578938,0.7368421052631579
4,topo_down,gen_low,23,0.5789473684210527,0.1842105263157895,0.7631578947368421
4,topo_down,gen_low,24,0.6052631578947368,0.1842105263157895,0.7894736842105263
4,topo_down,gen_low,25,0.631578947368421,0.1842105263157895,0.8157894736842105
4,topo_down,gen_low,26,0.6578947368421053,0.18421052631578938,0.8421052631578947
4,topo_down,gen_low,27,0.6842105263157895,0.3157894736842105,1.0
4,topo_down,vul_low,1,0.0,0.0,0.0
4,topo_down,vul_low,2,0.02631578947368421,0.0,0.02631578947368421
4,topo_down,vul_low,3,0.05263157894736842,0.0,0.05263157894736842
4,topo_down,vul_low,4,0.07894736842105263,0.0,0.07894736842105263
4,topo_down,vul_low,5,0.10526315789473684,0.05263157894736842,0.15789473684210525
4,topo_down,vul_low,6,0.13157894736842105,0.05263157894736842,0.18421052631578946
4,topo_down,vul_low,7,0.15789473684210525,0.05263157894736842,0.21052631578947367
4,topo_down,vul_low,8,0.18421052631578946,0.05263157894736842,0.23684210526315788
4,topo_down,vul_low,9,0.21052631578947367,0.05263157894736842,0.2631578947368421
4,topo_down,vul_low,10,0.23684210526315788,0.052631578947368446,0.2894736842105263
4,topo_down,vul_low,11,0.2631578947368421,0.05263157894736842,0.3157894736842105
4,topo_down,vul_low,12,0.2894736842105263,0.05263157894736842,0.34210526315789475
4,topo_down,vul_low,13,0.3157894736842105,0.05263157894736842,0.3684210526315789
4,topo_down,vul_low,14,0.34210526315789475,0.05263157894736842,0.39473684210526316
4,topo_down,vul_low,15,0.3684210526315789,0.05263157894736842,0.42105263157894735
4,topo_down,vul_low,16,0.39473684210526316,0.05263157894736842,0.4473684210526316
4,topo_down,vul_low,17,0.42105263157894735,0.10526315789473684,0.5263157894736842
4,topo_down,vul_low,18,0.4473684210526316,0.10526315789473689,0.5526315789473685
4,topo_down,vul_low,19,0.47368421052631576,0.10526315789473689,0.5789473684210527
4,topo_down,vul_low,20,0.5,0.10526315789473684,0.6052631578947368
4,topo_down,vul_low,21,0.5263157894736842,0.10526315789473684,0.631578947368421
4,topo_down,vul_low,22,0.5526315789473685,0.18421052631578938,0.7368421052631579
4,topo_down,vul_low,23,0.5789473684210527,0.21052631578947367,0.7894736842105263
4,topo_down,vul_low,24,0.6052631578947368,0.23684210526315785,0.8421052631578947
4,topo_down,vul_low,25,0.631578947368421,0.26315789473684215,0.8947368421052632
4,topo_down,vul_low,26,0.6578947368421053,0.2894736842105262,0.9473684210526315
4,topo_down,vul_low,27,0.6842105263157895,0.3157894736842105,1.0
4,topo_down,rand_basal,1,0.0,0.0,0.0
4,topo_down,rand_basal,2,0.02631578947368421,0.05263157894736842,0.07894736842105263
4,topo_down,rand_basal,3,0.05263157894736842,0.18421052631578946,0.23684210526315788
4,topo_down,rand_basal,4,0.07894736842105263,0.18421052631578946,0.2631578947368421
4,topo_down,rand_basal,5,0.10526315789473684,0.1842105263157895,0.2894736842105263
4,topo_down,rand_basal,6,0.13157894736842105,0.2894736842105263,0.42105263157894735
4,topo_down,rand_basal,7,0.15789473684210525,0.2894736842105263,0.4473684210526316
4,topo_down,rand_basal,8,0.18421052631578946,0.3157894736842105,0.5
4,topo_down,rand_basal,9,0.21052631578947367,0.3421052631578948,0.5526315789473685
4,topo_down,rand_basal,10,0.23684210526315788,0.3421052631578948,0.5789473684210527
4,topo_down,rand_basal,11,0.2631578947368421,0.34210526315789475,0.6052631578947368
4,topo_down,rand_basal,12,0.2894736842105263,0.368421052631579,0.6578947368421053
4,topo_down,rand_basal,13,0.3157894736842105,0.42105263157894735,0.7368421052631579
4,topo_down,rand_consumer,1,0.0,0.0,0.0
4,topo_down,rand_consumer,2,0.02631578947368421,0.0,0.02631578947368421
4,topo_down,rand_consumer,3,0.05263157894736842,0.0,0.05263157894736842
4,topo_down,rand_consumer,4,0.07894736842105263,0.0,0.07894736842105263
4,topo_down,rand_consumer,5,0.10526315789473684,0.0,0.10526315789473684
4,topo_down,rand_consumer,6,0.13157894736842105,0.0,0.13157894736842105
4,topo_down,rand_consumer,7,0.15789473684210525,0.0,0.15789473684210525
4,topo_down,rand_consumer,8,0.18421052631578946,0.0,0.18421052631578946
4,topo_down,rand_consumer,9,0.21052631578947367,0.0,0.21052631578947367
4,topo_down,rand_consumer,10,0.23684210526315788,0.0,0.23684210526315788
4,topo_down,rand_consumer,11,0.2631578947368421,0.0,0.2631578947368421
4,topo_down,rand_consumer,12,0.2894736842105263,0.02631578947368418,0.3157894736842105
4,topo_down,rand_consumer,13,0.3157894736842105,0.026315789473684237,0.34210526315789475
4,topo_down,rand_consumer,14,0.34210526315789475,0.02631578947368418,0.3684210526315789
4,topo_down,rand_consumer,15,0.3684210526315789,0.026315789473684237,0.39473684210526316
4,topo_down,rand_consumer,16,0.39473684210526316,0.02631578947368418,0.42105263157894735
4,topo_down,rand_consumer,17,0.42105263157894735,0.05263157894736842,0.47368421052631576
4,topo_down,rand_consumer,18,0.4473684210526316,0.05263157894736842,0.5
4,topo_down,rand_consumer,19,0.47368421052631576,0.05263157894736842,0.5263157894736842
4,topo_down,rand_consumer,20,0.5,0.07894736842105265,0.5789473684210527
4,topo_down,rand_consumer,21,0.5263157894736842,0.10526315789473684,0.631578947368421
4,topo_down,rand_consumer,22,0.5526315789473685,0.10526315789473684,0.6578947368421053
4,topo_down,rand_consumer,23,0.5789473684210527,0.13157894736842102,0.7105263157894737
4,topo_down,rand_consumer,24,0.6052631578947368,0.1842105263157895,0.7894736842105263
4,topo_down,rand_consumer,25,0.631578947368421,0.23684210526315796,0.868421052631579
4,topo_down,rand_consumer,26,0.6578947368421053,0.2894736842105262,0.9473684210526315
4,topo_down,rand_consumer,27,0.6842105263157895,0.3157894736842105,1.0
4,topo_down,bm_high,1,0.0,0.0,0.0
4,topo_down,bm_high,2,0.02631578947368421,0.0,0.02631578947368421
4,topo_down,bm_high,3,0.05263157894736842,0.0,0.05263157894736842
4,topo_down,bm_high,4,0.07894736842105263,0.0,0.07894736842105263
4,topo_down,bm_high,5,0.10526315789473684,0.0,0.10526315789473684
4,topo_down,bm_high,6,0.13157894736842105,0.0,0.13157894736842105
4,topo_down,bm_high,7,0.15789473684210525,0.0,0.15789473684210525
4,topo_down,bm_high,8,0.18421052631578946,0.02631578947368421,0.21052631578947367
4,topo_down,bm_high,9,0.21052631578947367,0.02631578947368421,0.23684210526315788
4,topo_down,bm_high,10,0.23684210526315788,0.07894736842105263,0.3157894736842105
4,topo_down,bm_high,11,0.2631578947368421,0.10526315789473684,0.3684210526315789
4,topo_down,bm_high,12,0.2894736842105263,0.15789473684210525,0.4473684210526316
4,topo_down,bm_high,13,0.3157894736842105,0.15789473684210525,0.47368421052631576
4,topo_down,bm_high,14,0.34210526315789475,0.15789473684210525,0.5
4,topo_down,bm_high,15,0.3684210526315789,0.15789473684210525,0.5263157894736842
4,topo_down,bm_high,16,0.39473684210526316,0.1578947368421053,0.5526315789473685
4,topo_down,bm_high,17,0.42105263157894735,0.1578947368421053,0.5789473684210527
4,topo_down,bm_high,18,0.4473684210526316,0.15789473684210525,0.6052631578947368
4,topo_down,bm_high,19,0.47368421052631576,0.18421052631578955,0.6578947368421053
4,topo_down,bm_high,20,0.5,0.1842105263157895,0.6842105263157895
4,topo_down,bm_high,21,0.5263157894736842,0.1842105263157895,0.7105263157894737
4,topo_down,bm_high,22,0.5526315789473685,0.21052631578947367,0.7631578947368421
4,topo_down,bm_high,23,0.5789473684210527,0.21052631578947367,0.7894736842105263
4,topo_down,bm_high,24,0.6052631578947368,0.21052631578947367,0.8157894736842105
4,topo_down,bm_high,25,0.631578947368421,0.23684210526315796,0.868421052631579
4,topo_down,bm_high,26,0.6578947368421053,0.23684210526315785,0.8947368421052632
4,topo_down,bm_high,27,0.6842105263157895,0.3157894736842105,1.0
4,topo_down,gen_high,1,0.0,0.0,0.0
4,topo_down,gen_high,2,0.02631578947368421,0.0,0.02631578947368421
4,topo_down,gen_high,3,0.05263157894736842,0.0,0.05263157894736842
4,topo_down,gen_high,4,0.07894736842105263,0.0,0.07894736842105263
4,topo_down,gen_high,5,0.10526315789473684,0.02631578947368421,0.13157894736842105
4,topo_down,gen_high,6,0.13157894736842105,0.02631578947368421,0.15789473684210525
4,topo_down,gen_high,7,0.15789473684210525,0.05263157894736842,0.21052631578947367
4,topo_down,gen_high,8,0.18421052631578946,0.05263157894736842,0.23684210526315788
4,topo_down,gen_high,9,0.21052631578947367,0.05263157894736842,0.2631578947368421
4,topo_down,gen_high,10,0.23684210526315788,0.07894736842105263,0.3157894736842105
4,topo_down,gen_high,11,0.2631578947368421,0.10526315789473684,0.3684210526315789
4,topo_down,gen_high,12,0.2894736842105263,0.10526315789473684,0.39473684210526316
4,topo_down,gen_high,13,0.3157894736842105,0.10526315789473684,0.42105263157894735
4,topo_down,gen_high,14,0.34210526315789475,0.13157894736842102,0.47368421052631576
4,topo_down,gen_high,15,0.3684210526315789,0.18421052631578955,0.5526315789473685
4,topo_down,gen_high,16,0.39473684210526316,0.21052631578947367,0.6052631578947368
4,topo_down,gen_high,17,0.42105263157894735,0.21052631578947367,0.631578947368421
4,topo_down,gen_high,18,0.4473684210526316,0.2368421052631579,0.6842105263157895
4,topo_down,gen_high,19,0.47368421052631576,0.2368421052631579,0.7105263157894737
4,topo_down,gen_high,20,0.5,0.23684210526315785,0.7368421052631579
4,topo_down,gen_high,21,0.5263157894736842,0.23684210526315796,0.7631578947368421
4,topo_down,gen_high,22,0.5526315789473685,0.23684210526315785,0.7894736842105263
4,topo_down,gen_high,23,0.5789473684210527,0.23684210526315785,0.8157894736842105
4,topo_down,gen_high,24,0.6052631578947368,0.23684210526315785,0.8421052631578947
4,topo_down,gen_high,25,0.631578947368421,0.26315789473684215,0.8947368421052632
4,topo_down,gen_high,26,0.6578947368421053,0.2894736842105262,0.9473684210526315
4,topo_down,gen_high,27,0.6842105263157895,0.3157894736842105,1.0
4,topo_down,degree_high,1,0.0,0.0,0.0
4,topo_down,degree_high,2,0.02631578947368421,0.0,0.02631578947368421
4,topo_down,degree_high,3,0.05263157894736842,0.0,0.05263157894736842
4,topo_down,degree_high,4,0.07894736842105263,0.0,0.07894736842105263
4,topo_down,degree_high,5,0.10526315789473684,0.0,0.10526315789473684
4,topo_down,degree_high,6,0.13157894736842105,0.02631578947368421,0.15789473684210525
4,topo_down,degree_high,7,0.15789473684210525,0.05263157894736842,0.21052631578947367
4,topo_down,degree_high,8,0.18421052631578946,0.05263157894736842,0.23684210526315788
4,topo_down,degree_high,9,0.21052631578947367,0.05263157894736842,0.2631578947368421
4,topo_down,degree_high,10,0.23684210526315788,0.07894736842105263,0.3157894736842105
4,topo_down,degree_high,11,0.2631578947368421,0.10526315789473684,0.3684210526315789
4,topo_down,degree_high,12,0.2894736842105263,0.10526315789473684,0.39473684210526316
4,topo_down,degree_high,13,0.3157894736842105,0.10526315789473684,0.42105263157894735
4,topo_down,degree_high,14,0.34210526315789475,0.10526315789473684,0.4473684210526316
4,topo_down,degree_high,15,0.3684210526315789,0.15789473684210525,0.5263157894736842
4,topo_down,degree_high,16,0.39473684210526316,0.1842105263157895,0.5789473684210527
4,topo_down,degree_high,17,0.42105263157894735,0.1842105263157895,0.6052631578947368
4,topo_down,degree_high,18,0.4473684210526316,0.21052631578947373,0.6578947368421053
4,topo_down,degree_high,19,0.47368421052631576,0.21052631578947373,0.6842105263157895
4,topo_down,degree_high,20,0.5,0.21052631578947367,0.7105263157894737
4,topo_down,degree_high,21,0.5263157894736842,0.21052631578947367,0.7368421052631579
4,topo_down,degree_high,22,0.5526315789473685,0.23684210526315785,0.7894736842105263
4,topo_down,degree_high,23,0.5789473684210527,0.23684210526315785,0.8157894736842105
4,topo_down,degree_high,24,0.6052631578947368,0.23684210526315785,0.8421052631578947
4,topo_down,degree_high,25,0.631578947368421,0.26315789473684215,0.8947368421052632
4,topo_down,degree_high,26,0.6578947368421053,0.2894736842105262,0.9473684210526315
4,topo_down,degree_high,27,0.6842105263157895,0.3157894736842105,1.0
4,topo_down,degree_low,1,0.0,0.0,0.0
4,topo_down,degree_low,2,0.02631578947368421,0.0,0.02631578947368421
4,topo_down,degree_low,3,0.05263157894736842,0.0,0.05263157894736842
4,topo_down,degree_low,4,0.07894736842105263,0.0,0.07894736842105263
4,topo_down,degree_low,5,0.10526315789473684,0.0,0.10526315789473684
4,topo_down,degree_low,6,0.13157894736842105,0.0,0.13157894736842105
4,topo_down,degree_low,7,0.15789473684210525,0.05263157894736842,0.21052631578947367
4,topo_down,degree_low,8,0.18421052631578946,0.05263157894736842,0.23684210526315788
4,topo_down,degree_low,9,0.21052631578947367,0.05263157894736842,0.2631578947368421
4,topo_down,degree_low,10,0.23684210526315788,0.052631578947368446,0.2894736842105263
4,topo_down,degree_low,11,0.2631578947368421,0.05263157894736842,0.3157894736842105
4,topo_down,degree_low,12,0.2894736842105263,0.05263157894736842,0.34210526315789475
4,topo_down,degree_low,13,0.3157894736842105,0.05263157894736842,0.3684210526315789
4,topo_down,degree_low,14,0.34210526315789475,0.05263157894736842,0.39473684210526316
4,topo_down,degree_low,15,0.3684210526315789,0.05263157894736842,0.42105263157894735
4,topo_down,degree_low,16,0.39473684210526316,0.05263157894736842,0.4473684210526316
4,topo_down,degree_low,17,0.42105263157894735,0.05263157894736842,0.47368421052631576
4,topo_down,degree_low,18,0.4473684210526316,0.05263157894736842,0.5
4,topo_down,degree_low,19,0.47368421052631576,0.05263157894736842,0.5263157894736842
4,topo_down,degree_low,20,0.5,0.052631578947368474,0.5526315789473685
4,topo_down,degree_low,21,0.5263157894736842,0.052631578947368474,0.5789473684210527
4,topo_down,degree_low,22,0.5526315789473685,0.05263157894736836,0.6052631578947368
4,topo_down,degree_low,23,0.5789473684210527,0.05263157894736836,0.631578947368421
4,topo_down,degree_low,24,0.6052631578947368,0.052631578947368474,0.6578947368421053
4,topo_down,degree_low,25,0.631578947368421,0.052631578947368474,0.6842105263157895
4,topo_down,degree_low,26,0.6578947368421053,0.10526315789473684,0.7631578947368421
4,topo_down,degree_low,27,0.6842105263157895,0.3157894736842105,1.0
4,topo_down,vul_high,1,0.0,0.0,0.0
4,topo_down,vul_high,2,0.02631578947368421,0.0,0.02631578947368421
4,topo_down,vul_high,3,0.05263157894736842,0.0,0.05263157894736842
4,topo_down,vul_high,4,0.07894736842105263,0.0,0.07894736842105263
4,topo_down,vul_high,5,0.10526315789473684,0.0,0.10526315789473684
4,topo_down,vul_high,6,0.13157894736842105,0.0,0.13157894736842105
4,topo_down,vul_high,7,0.15789473684210525,0.0,0.15789473684210525
4,topo_down,vul_high,8,0.18421052631578946,0.0,0.18421052631578946
4,topo_down,vul_high,9,0.21052631578947367,0.0,0.21052631578947367
4,topo_down,vul_high,10,0.23684210526315788,0.0,0.23684210526315788
4,topo_down,vul_high,11,0.2631578947368421,0.0,0.2631578947368421
4,topo_down,vul_high,12,0.2894736842105263,0.0,0.2894736842105263
4,topo_down,vul_high,13,0.3157894736842105,0.0,0.3157894736842105
4,topo_down,vul_high,14,0.34210526315789475,0.05263157894736842,0.39473684210526316
4,topo_down,vul_high,15,0.3684210526315789,0.07894736842105265,0.4473684210526316
4,topo_down,vul_high,16,0.39473684210526316,0.0789473684210526,0.47368421052631576
4,topo_down,vul_high,17,0.42105263157894735,0.07894736842105265,0.5
4,topo_down,vul_high,18,0.4473684210526316,0.0789473684210526,0.5263157894736842
4,topo_down,vul_high,19,0.47368421052631576,0.07894736842105271,0.5526315789473685
4,topo_down,vul_high,20,0.5,0.13157894736842102,0.631578947368421
4,topo_down,vul_high,21,0.5263157894736842,0.1578947368421053,0.6842105263157895
4,topo_down,vul_high,22,0.5526315789473685,0.18421052631578938,0.7368421052631579
4,topo_down,vul_high,23,0.5789473684210527,0.21052631578947367,0.7894736842105263
4,topo_down,vul_high,24,0.6052631578947368,0.21052631578947367,0.8157894736842105
4,topo_down,vul_high,25,0.631578947368421,0.26315789473684215,0.8947368421052632
4,topo_down,vul_high,26,0.6578947368421053,0.2894736842105262,0.9473684210526315
4,topo_down,vul_high,27,0.6842105263157895,0.3157894736842105,1.0
4,topo_down,bm_low,1,0.0,0.0,0.0
4,topo_down,bm_low,2,0.02631578947368421,0.0,0.02631578947368421
4,topo_down,bm_low,3,0.05263157894736842,0.02631578947368421,0.07894736842105263
4,topo_down,bm_low,4,0.07894736842105263,0.02631578947368421,0.10526315789473684
4,topo_down,bm_low,5,0.10526315789473684,0.02631578947368421,0.13157894736842105
4,topo_down,bm_low,6,0.13157894736842105,0.02631578947368421,0.15789473684210525
4,topo_down,bm_low,7,0.15789473684210525,0.02631578947368421,0.18421052631578946
4,topo_down,bm_low,8,0.18421052631578946,0.02631578947368421,0.21052631578947367
4,topo_down,bm_low,9,0.21052631578947367,0.15789473684210525,0.3684210526315789
4,topo_down,bm_low,10,0.23684210526315788,0.23684210526315788,0.47368421052631576
4,topo_down,bm_low,11,0.2631578947368421,0.2894736842105264,0.5526315789473685
4,topo_down,bm_low,12,0.2894736842105263,0.3421052631578947,0.631578947368421
4,topo_down,bm_low,13,0.3157894736842105,0.368421052631579,0.6842105263157895
4,topo_down,bm_low,14,0.34210526315789475,0.3684210526315789,0.7105263157894737
4,topo_down,bm_low,15,0.3684210526315789,0.3684210526315789,0.7368421052631579
4,topo_down,bm_low,16,0.39473684210526316,0.368421052631579,0.7631578947368421
4,topo_down,bm_low,17,0.42105263157894735,0.368421052631579,0.7894736842105263
4,topo_down,bm_low,18,0.4473684210526316,0.3684210526315789,0.8157894736842105
4,topo_down,bm_low,19,0.47368421052631576,0.3684210526315789,0.8421052631578947
4,topo_down,bm_low,20,0.5,0.368421052631579,0.868421052631579
4,topo_down,bm_low,21,0.5263157894736842,0.368421052631579,0.8947368421052632
4,topo_down,bm_low,22,0.5526315789473685,0.36842105263157887,0.9210526315789473
4,topo_down,bm_low,23,0.5789473684210527,0.36842105263157887,0.9473684210526315
4,topo_down,bm_low,24,0.6052631578947368,0.368421052631579,0.9736842105263158
4,topo_down,bm_low,25,0.631578947368421,0.368421052631579,1.0
5,topo_niche,gen_low,1,0.0,0.0,0.0
5,topo_niche,gen_low,2,0.1,0.0,0.1
5,topo_niche,gen_low,3,0.2,0.0,0.2
5,topo_niche,gen_low,4,0.3,0.0,0.3
5,topo_niche,gen_low,5,0.4,0.0,0.4
5,topo_niche,gen_low,6,0.5,0.0,0.5
5,topo_niche,gen_low,7,0.6,0.0,0.6
5,topo_niche,gen_low,8,0.7,0.0,0.7
5,topo_niche,gen_low,9,0.8,0.19999999999999996,1.0
5,topo_niche,vul_low,1,0.0,0.0,0.0
5,topo_niche,vul_low,2,0.1,0.0,0.1
5,topo_niche,vul_low,3,0.2,0.0,0.2
5,topo_niche,vul_low,4,0.3,0.0,0.3
5,topo_niche,vul_low,5,0.4,0.0,0.4
5,topo_niche,vul_low,6,0.5,0.0,0.5
5,topo_niche,vul_low,7,0.6,0.0,0.6
5,topo_niche,vul_low,8,0.7,0.0,0.7
5,topo_niche,vul_low,9,0.8,0.19999999999999996,1.0
5,topo_niche,rand_basal,1,0.0,0.0,0.0
5,topo_niche,rand_basal,2,0.1,0.0,0.1
5,topo_niche,rand_basal,3,0.2,0.2,0.4
5,topo_niche,rand_consumer,1,0.0,0.0,0.0
5,topo_niche,rand_consumer,2,0.1,0.1,0.2
5,topo_niche,rand_consumer,3,0.2,0.09999999999999998,0.3
5,topo_niche,rand_consumer,4,0.3,0.10000000000000003,0.4
5,topo_niche,rand_consumer,5,0.4,0.09999999999999998,0.5
5,topo_niche,rand_consumer,6,0.5,0.19999999999999996,0.7
5,topo_niche,rand_consumer,7,0.6,0.4,1.0
5,topo_niche,bm_high,1,0.0,0.0,0.0
5,topo_niche,bm_high,2,0.1,0.0,0.1
5,topo_niche,bm_high,3,0.2,0.0,0.2
5,topo_niche,bm_high,4,0.3,0.0,0.3
5,topo_niche,bm_high,5,0.4,0.0,0.4
5,topo_niche,bm_high,6,0.5,0.0,0.5
5,topo_niche,bm_high,7,0.6,0.0,0.6
5,topo_niche,bm_high,8,0.7,0.10000000000000009,0.8
5,topo_niche,bm_high,9,0.8,0.19999999999999996,1.0
5,topo_niche,gen_high,1,0.0,0.0,0.0
5,topo_niche,gen_high,2,0.1,0.19999999999999998,0.3
5,topo_niche,gen_high,3,0.2,0.2,0.4
5,topo_niche,gen_high,4,0.3,0.5,0.8
5,topo_niche,gen_high,5,0.4,0.6,1.0
5,topo_niche,degree_high,1,0.0,0.0,0.0
5,topo_niche,degree_high,2,0.1,0.19999999999999998,0.3
5,topo_niche,degree_high,3,0.2,0.2,0.4
5,topo_niche,degree_high,4,0.3,0.5,0.8
5,topo_niche,degree_high,5,0.4,0.6,1.0
5,topo_niche,degree_low,1,0.0,0.0,0.0
5,topo_niche,degree_low,2,0.1,0.0,0.1
5,topo_niche,degree_low,3,0.2,0.0,0.2
5,topo_niche,degree_low,4,0.3,0.0,0.3
5,topo_niche,degree_low,5,0.4,0.0,0.4
5,topo_niche,degree_low,6,0.5,0.0,0.5
5,topo_niche,degree_low,7,0.6,0.0,0.6
5,topo_niche,degree_low,8,0.7,0.0,0.7
5,topo_niche,degree_low,9,0.8,0.19999999999999996,1.0
5,topo_niche,vul_high,1,0.0,0.0,0.0
5,topo_niche,vul_high,2,0.1,0.19999999999999998,0.3
5,topo_niche,vul_high,3,0.2,0.2,0.4
5,topo_niche,vul_high,4,0.3,0.5,0.8
5,topo_niche,vul_high,5,0.4,0.6,1.0
5,topo_niche,bm_low,1,0.0,0.0,0.0
5,topo_niche,bm_low,2,0.1,0.1,0.2
5,topo_niche,bm_low,3,0.2,0.09999999999999998,0.3
5,topo_niche,bm_low,4,0.3,0.10000000000000003,0.4
5,topo_niche,bm_low,5,0.4,0.29999999999999993,0.7
5,topo_niche,bm_low,6,0.5,0.30000000000000004,0.8
5,topo_niche,bm_low,7,0.6,0.30000000000000004,0.9
5,topo_niche,bm_low,8,0.7,0.30000000000000004,1.0
5,topo_down_size,gen_low,1,0.0,0.0,0.0
5,topo_down_size,gen_low,2,0.037037037037037035,0.037037037037037035,0.07407407407407407
5,topo_down_size,gen_low,3,0.07407407407407407,0.037037037037037035,0.1111111111111111
5,topo_down_size,gen_low,4,0.1111111111111111,0.037037037037037035,0.14814814814814814
5,topo_down_size,gen_low,5,0.14814814814814814,0.037037037037037035,0.18518518518518517
5,topo_down_size,gen_low,6,0.18518518518518517,0.037037037037037035,0.2222222222222222
5,topo_down_size,gen_low,7,0.2222222222222222,0.037037037037037035,0.25925925925925924
5,topo_down_size,gen_low,8,0.25925925925925924,0.037037037037037035,0.2962962962962963
5,topo_down_size,gen_low,9,0.2962962962962963,0.037037037037037035,0.3333333333333333
5,topo_down_size,gen_low,10,0.3333333333333333,0.037037037037037035,0.37037037037037035
5,topo_down_size,gen_low,11,0.37037037037037035,0.037037037037037035,0.4074074074074074
5,topo_down_size,gen_low,12,0.4074074074074074,0.5925925925925926,1.0
5,topo_down_size,vul_low,1,0.0,0.0,0.0
5,topo_down_size,vul_low,2,0.037037037037037035,0.0,0.037037037037037035
5,topo_down_size,vul_low,3,0.07407407407407407,0.0,0.07407407407407407
5,topo_down_size,vul_low,4,0.1111111111111111,0.0,0.1111111111111111
5,topo_down_size,vul_low,5,0.14814814814814814,0.0,0.14814814814814814
5,topo_down_size,vul_low,6,0.18518518518518517,0.0,0.18518518518518517
5,topo_down_size,vul_low,7,0.2222222222222222,0.0,0.2222222222222222
5,topo_down_size,vul_low,8,0.25925925925925924,0.0,0.25925925925925924
5,topo_down_size,vul_low,9,0.2962962962962963,0.0,0.2962962962962963
5,topo_down_size,vul_low,10,0.3333333333333333,0.3333333333333333,0.6666666666666666
5,topo_down_size,vul_low,11,0.37037037037037035,0.5555555555555556,0.9259259259259259
5,topo_down_size,vul_low,12,0.4074074074074074,0.5925925925925926,1.0
5,topo_down_size,rand_basal,1,0.0,0.0,0.0
5,topo_down_size,rand_basal,2,0.037037037037037035,0.0,0.037037037037037035
5,topo_down_size,rand_basal,3,0.07407407407407407,0.0,0.07407407407407407
5,topo_down_size,rand_basal,4,0.1111111111111111,0.0,0.1111111111111111
5,topo_down_size,rand_basal,5,0.14814814814814814,0.0,0.14814814814814814
5,topo_down_size,rand_basal,6,0.18518518518518517,0.0,0.18518518518518517
5,topo_down_size,rand_basal,7,0.2222222222222222,0.0,0.2222222222222222
5,topo_down_size,rand_basal,8,0.25925925925925924,0.0,0.25925925925925924
5,topo_down_size,rand_basal,9,0.2962962962962963,0.0,0.2962962962962963
5,topo_down_size,rand_basal,10,0.3333333333333333,0.0,0.3333333333333333
5,topo_down_size,rand_basal,11,0.37037037037037035,0.0,0.37037037037037035
5,topo_down_size,rand_basal,12,0.4074074074074074,0.0,0.4074074074074074
5,topo_down_size,rand_basal,13,0.4444444444444444,0.0,0.4444444444444444
5,topo_down_size,rand_basal,14,0.48148148148148145,0.0,0.48148148148148145
5,topo_down_size,rand_basal,15,0.5185185185185185,0.0,0.5185185185185185
5,topo_down_size,rand_basal,16,0.5555555555555556,0.0,0.5555555555555556
5,topo_down_size,rand_basal,17,0.5925925925925926,0.0,0.5925925925925926
5,topo_down_size,rand_consumer,1,0.0,0.0,0.0
5,topo_down_size,rand_consumer,2,0.037037037037037035,0.0,0.037037037037037035
5,topo_down_size,rand_consumer,3,0.07407407407407407,0.0,0.07407407407407407
5,topo_down_size,rand_consumer,4,0.1111111111111111,0.0,0.1111111111111111
5,topo_down_size,rand_consumer,5,0.14814814814814814,0.0,0.14814814814814814
5,topo_down_size,rand_consumer,6,0.18518518518518517,0.0,0.18518518518518517
5,topo_down_size,rand_consumer,7,0.2222222222222222,0.0,0.2222222222222222
5,topo_down_size,rand_consumer,8,0.25925925925925924,0.0,0.25925925925925924
5,topo_down_size,rand_consumer,9,0.2962962962962963,0.0,0.2962962962962963
5,topo_down_size,rand_consumer,10,0.3333333333333333,0.0,0.3333333333333333
5,topo_down_size,rand_consumer,11,0.37037037037037035,0.037037037037037035,0.4074074074074074
5,topo_down_size,rand_consumer,12,0.4074074074074074,0.5925925925925926,1.0
5,topo_down_size,bm_high,1,0.0,0.0,0.0
5,topo_down_size,bm_high,2,0.037037037037037035,0.0,0.037037037037037035
5,topo_down_size,bm_high,3,0.07407407407407407,0.0,0.07407407407407407
5,topo_down_size,bm_high,4,0.1111111111111111,0.0,0.1111111111111111
5,topo_down_size,bm_high,5,0.14814814814814814,0.0,0.14814814814814814
5,topo_down_size,bm_high,6,0.18518518518518517,0.0,0.18518518518518517
5,topo_down_size,bm_high,7,0.2222222222222222,0.0,0.2222222222222222
5,topo_down_size,bm_high,8,0.25925925925925924,0.0,0.25925925925925924
5,topo_down_size,bm_high,9,0.2962962962962963,0.0,0.2962962962962963
5,topo_down_size,bm_high,10,0.3333333333333333,0.0,0.3333333333333333
5,topo_down_size,bm_high,11,0.37037037037037035,0.0,0.37037037037037035
5,topo_down_size,bm_high,12,0.4074074074074074,0.0,0.4074074074074074
5,topo_down_size,bm_high,13,0.4444444444444444,0.0,0.4444444444444444
5,topo_down_size,bm_high,14,0.48148148148148145,0.0,0.48148148148148145
5,topo_down_size,bm_high,15,0.5185185185185185,0.0,0.5185185185185185
5,topo_down_size,bm_high,16,0.5555555555555556,0.0,0.5555555555555556
5,topo_down_size,bm_high,17,0.5925925925925926,0.0,0.5925925925925926
5,topo_down_size,bm_high,18,0.6296296296296297,0.0,0.6296296296296297
5,topo_down_size,bm_high,19,0.6666666666666666,0.0,0.6666666666666666
5,topo_down_size,bm_high,20,0.7037037037037037,0.0,0.7037037037037037
5,topo_down_size,bm_high,21,0.7407407407407407,0.0,0.7407407407407407
5,topo_down_size,bm_high,22,0.7777777777777778,0.0,0.7777777777777778
5,topo_down_size,bm_high,23,0.8148148148148148,0.0,0.8148148148148148
5,topo_down_size,bm_high,24,0.8518518518518519,0.0,0.8518518518518519
5,topo_down_size,bm_high,25,0.8888888888888888,0.11111111111111116,1.0
5,topo_down_size,gen_high,1,0.0,0.0,0.0
5,topo_down_size,gen_high,2,0.037037037037037035,0.0,0.037037037037037035
5,topo_down_size,gen_high,3,0.07407407407407407,0.0,0.07407407407407407
5,topo_down_size,gen_high,4,0.1111111111111111,0.0,0.1111111111111111
5,topo_down_size,gen_high,5,0.14814814814814814,0.037037037037037035,0.18518518518518517
5,topo_down_size,gen_high,6,0.18518518518518517,0.2222222222222222,0.4074074074074074
5,topo_down_size,gen_high,7,0.2222222222222222,0.2222222222222222,0.4444444444444444
5,topo_down_size,gen_high,8,0.25925925925925924,0.25925925925925924,0.5185185185185185
5,topo_down_size,gen_high,9,0.2962962962962963,0.37037037037037035,0.6666666666666666
5,topo_down_size,gen_high,10,0.3333333333333333,0.48148148148148145,0.8148148148148148
5,topo_down_size,gen_high,11,0.37037037037037035,0.5555555555555556,0.9259259259259259
5,topo_down_size,gen_high,12,0.4074074074074074,0.5925925925925926,1.0
5,topo_down_size,degree_high,1,0.0,0.0,0.0
5,topo_down_size,degree_high,2,0.037037037037037035,0.0,0.037037037037037035
5,topo_down_size,degree_high,3,0.07407407407407407,0.0,0.07407407407407407
5,topo_down_size,degree_high,4,0.1111111111111111,0.0,0.1111111111111111
5,topo_down_size,degree_high,5,0.14814814814814814,0.037037037037037035,0.18518518518518517
5,topo_down_size,degree_high,6,0.18518518518518517,0.2222222222222222,0.4074074074074074
5,topo_down_size,degree_high,7,0.2222222222222222,0.2222222222222222,0.4444444444444444
5,topo_down_size,degree_high,8,0.25925925925925924,0.3333333333333333,0.5925925925925926
5,topo_down_size,degree_high,9,0.2962962962962963,0.37037037037037035,0.6666666666666666
5,topo_down_size,degree_high,10,0.3333333333333333,0.48148148148148145,0.8148148148148148
5,topo_down_size,degree_high,11,0.37037037037037035,0.5555555555555556,0.9259259259259259
5,topo_down_size,degree_high,12,0.4074074074074074,0.5925925925925926,1.0
5,topo_down_size,degree_low,1,0.0,0.0,0.0
5,topo_down_size,degree_low,2,0.037037037037037035,0.0,0.037037037037037035
5,topo_down_size,degree_low,3,0.07407407407407407,0.037037037037037035,0.1111111111111111
5,topo_down_size,degree_low,4,0.1111111111111111,0.037037037037037035,0.14814814814814814
5,topo_down_size,degree_low,5,0.14814814814814814,0.037037037037037035,0.18518518518518517
5,topo_down_size,degree_low,6,0.18518518518518517,0.037037037037037035,0.2222222222222222
5,topo_down_size,degree_low,7,0.2222222222222222,0.037037037037037035,0.25925925925925924
5,topo_down_size,degree_low,8,0.25925925925925924,0.037037037037037035,0.2962962962962963
5,topo_down_size,degree_low,9,0.2962962962962963,0.037037037037037035,0.3333333333333333
5,topo_down_size,degree_low,10,0.3333333333333333,0.037037037037037035,0.37037037037037035
5,topo_down_size,degree_low,11,0.37037037037037035,0.037037037037037035,0.4074074074074074
5,topo_down_size,degree_low,12,0.4074074074074074,0.5925925925925926,1.0
5,topo_down_size,vul_high,1,0.0,0.0,0.0
5,topo_down_size,vul_high,2,0.037037037037037035,0.0,0.037037037037037035
5,topo_down_size,vul_high,3,0.07407407407407407,0.0,0.07407407407407407
5,topo_down_size,vul_high,4,0.1111111111111111,0.0,0.1111111111111111
5,topo_down_size,vul_high,5,0.14814814814814814,0.0,0.14814814814814814
5,topo_down_size,vul_high,6,0.18518518518518517,0.0,0.18518518518518517
5,topo_down_size,vul_high,7,0.2222222222222222,0.0,0.2222222222222222
5,topo_down_size,vul_high,8,0.25925925925925924,0.0,0.25925925925925924
5,topo_down_size,vul_high,9,0.2962962962962963,0.037037037037037035,0.3333333333333333
5,topo_down_size,vul_high,10,0.3333333333333333,0.037037037037037035,0.37037037037037035
5,topo_down_size,vul_high,11,0.37037037037037035,0.40740740740740744,0.7777777777777778
5,topo_down_size,vul_high,12,0.4074074074074074,0.5925925925925926,1.0
5,topo_down_size,bm_low,1,0.0,0.0,0.0
5,topo_down_size,bm_low,2,0.037037037037037035,0.0,0.037037037037037035
5,topo_down_size,bm_low,3,0.07407407407407407,0.0,0.07407407407407407
5,topo_down_size,bm_low,4,0.1111111111111111,0.0,0.1111111111111111
5,topo_down_size,bm_low,5,0.14814814814814814,0.0,0.14814814814814814
5,topo_down_size,bm_low,6,0.18518518518518517,0.0,0.18518518518518517
5,topo_down_size,bm_low,7,0.2222222222222222,0.0,0.2222222222222222
5,topo_down_size,bm_low,8,0.25925925925925924,0.0,0.25925925925925924
5,topo_down_size,bm_low,9,0.2962962962962963,0.0,0.2962962962962963
5,topo_down_size,bm_low,10,0.3333333333333333,0.0,0.3333333333333333
5,topo_down_size,bm_low,11,0.37037037037037035,0.0,0.37037037037037035
5,topo_down_size,bm_low,12,0.4074074074074074,0.0,0.4074074074074074
5,topo_down_size,bm_low,13,0.4444444444444444,0.0,0.4444444444444444
5,topo_down_size,bm_low,14,0.48148148148148145,0.0,0.48148148148148145
5,topo_down_size,bm_low,15,0.5185185185185185,0.0,0.5185185185185185
5,topo_down_size,bm_low,16,0.5555555555555556,0.0,0.5555555555555556
5,topo_down_size,bm_low,17,0.5925925925925926,0.0,0.5925925925925926
5,topo_down_size,bm_low,18,0.6296296296296297,0.0,0.6296296296296297
5,topo_down_size,bm_low,19,0.6666666666666666,0.0,0.6666666666666666
5,topo_down_size,bm_low,20,0.7037037037037037,0.03703703703703698,0.7407407407407407
5,topo_down_size,bm_low,21,0.7407407407407407,0.18518518518518523,0.9259259259259259
5,topo_down_size,bm_low,22,0.7777777777777778,0.2222222222222222,1.0
5,topo_down,gen_low,1,0.0,0.0,0.0
5,topo_down,gen_low,2,0.02857142857142857,0.0,0.02857142857142857
5,topo_down,gen_low,3,0.05714285714285714,0.0,0.05714285714285714
5,topo_down,gen_low,4,0.08571428571428572,0.0,0.08571428571428572
5,topo_down,gen_low,5,0.11428571428571428,0.0,0.11428571428571428
5,topo_down,gen_low,6,0.14285714285714285,0.0,0.14285714285714285
5,topo_down,gen_low,7,0.17142857142857143,0.0,0.17142857142857143
5,topo_down,gen_low,8,0.2,0.0,0.2
5,topo_down,gen_low,9,0.22857142857142856,0.0,0.22857142857142856
5,topo_down,gen_low,10,0.2571428571428571,0.0,0.2571428571428571
5,topo_down,gen_low,11,0.2857142857142857,0.0,0.2857142857142857
5,topo_down,gen_low,12,0.3142857142857143,0.0,0.3142857142857143
5,topo_down,gen_low,13,0.34285714285714286,0.0,0.34285714285714286
5,topo_down,gen_low,14,0.37142857142857144,0.0,0.37142857142857144
5,topo_down,gen_low,15,0.4,0.0,0.4
5,topo_down,gen_low,16,0.42857142857142855,0.0,0.42857142857142855
5,topo_down,gen_low,17,0.45714285714285713,0.0,0.45714285714285713
5,topo_down,gen_low,18,0.4857142857142857,0.0,0.4857142857142857
5,topo_down,gen_low,19,0.5142857142857142,0.0,0.5142857142857142
5,topo_down,gen_low,20,0.5428571428571428,0.0,0.5428571428571428
5,topo_down,gen_low,21,0.5714285714285714,0.1428571428571429,0.7142857142857143
5,topo_down,gen_low,22,0.6,0.1428571428571429,0.7428571428571429
5,topo_down,gen_low,23,0.6285714285714286,0.1428571428571429,0.7714285714285715
5,topo_down,gen_low,24,0.6571428571428571,0.1428571428571429,0.8
5,topo_down,gen_low,25,0.6857142857142857,0.1428571428571429,0.8285714285714286
5,topo_down,gen_low,26,0.7142857142857143,0.1428571428571428,0.8571428571428571
5,topo_down,gen_low,27,0.7428571428571429,0.2571428571428571,1.0
5,topo_down,vul_low,1,0.0,0.0,0.0
5,topo_down,vul_low,2,0.02857142857142857,0.0,0.02857142857142857
5,topo_down,vul_low,3,0.05714285714285714,0.0,0.05714285714285714
5,topo_down,vul_low,4,0.08571428571428572,0.0,0.08571428571428572
5,topo_down,vul_low,5,0.11428571428571428,0.0,0.11428571428571428
5,topo_down,vul_low,6,0.14285714285714285,0.0,0.14285714285714285
5,topo_down,vul_low,7,0.17142857142857143,0.0,0.17142857142857143
5,topo_down,vul_low,8,0.2,0.0,0.2
5,topo_down,vul_low,9,0.22857142857142856,0.0,0.22857142857142856
5,topo_down,vul_low,10,0.2571428571428571,0.0,0.2571428571428571
5,topo_down,vul_low,11,0.2857142857142857,0.0,0.2857142857142857
5,topo_down,vul_low,12,0.3142857142857143,0.0,0.3142857142857143
5,topo_down,vul_low,13,0.34285714285714286,0.0,0.34285714285714286
5,topo_down,vul_low,14,0.37142857142857144,0.0,0.37142857142857144
5,topo_down,vul_low,15,0.4,0.0,0.4
5,topo_down,vul_low,16,0.42857142857142855,0.05714285714285716,0.4857142857142857
5,topo_down,vul_low,17,0.45714285714285713,0.057142857142857106,0.5142857142857142
5,topo_down,vul_low,18,0.4857142857142857,0.057142857142857106,0.5428571428571428
5,topo_down,vul_low,19,0.5142857142857142,0.05714285714285716,0.5714285714285714
5,topo_down,vul_low,20,0.5428571428571428,0.05714285714285716,0.6
5,topo_down,vul_low,21,0.5714285714285714,0.1428571428571429,0.7142857142857143
5,topo_down,vul_low,22,0.6,0.17142857142857149,0.7714285714285715
5,topo_down,vul_low,23,0.6285714285714286,0.17142857142857149,0.8
5,topo_down,vul_low,24,0.6571428571428571,0.17142857142857149,0.8285714285714286
5,topo_down,vul_low,25,0.6857142857142857,0.17142857142857137,0.8571428571428571
5,topo_down,vul_low,26,0.7142857142857143,0.22857142857142854,0.9428571428571428
5,topo_down,vul_low,27,0.7428571428571429,0.2571428571428571,1.0
5,topo_down,rand_basal,1,0.0,0.0,0.0
5,topo_down,rand_basal,2,0.02857142857142857,0.05714285714285715,0.08571428571428572
5,topo_down,rand_basal,3,0.05714285714285714,0.1142857142857143,0.17142857142857143
5,topo_down,rand_basal,4,0.08571428571428572,0.1142857142857143,0.2
5,topo_down,rand_basal,5,0.11428571428571428,0.11428571428571428,0.22857142857142856
5,topo_down,rand_basal,6,0.14285714285714285,0.11428571428571427,0.2571428571428571
5,topo_down,rand_basal,7,0.17142857142857143,0.17142857142857143,0.34285714285714286
5,topo_down,rand_basal,8,0.2,0.3142857142857142,0.5142857142857142
5,topo_down,rand_basal,9,0.22857142857142856,0.5142857142857143,0.7428571428571429
5,topo_down,rand_basal,10,0.2571428571428571,0.5142857142857143,0.7714285714285715
5,topo_down,rand_consumer,1,0.0,0.0,0.0
5,topo_down,rand_consumer,2,0.02857142857142857,0.0,0.02857142857142857
5,topo_down,rand_consumer,3,0.05714285714285714,0.0,0.05714285714285714
5,topo_down,rand_consumer,4,0.08571428571428572,0.0,0.08571428571428572
5,topo_down,rand_consumer,5,0.11428571428571428,0.0,0.11428571428571428
5,topo_down,rand_consumer,6,0.14285714285714285,0.0,0.14285714285714285
5,topo_down,rand_consumer,7,0.17142857142857143,0.0,0.17142857142857143
5,topo_down,rand_consumer,8,0.2,0.0,0.2
5,topo_down,rand_consumer,9,0.22857142857142856,0.0,0.22857142857142856
5,topo_down,rand_consumer,10,0.2571428571428571,0.0,0.2571428571428571
5,topo_down,rand_consumer,11,0.2857142857142857,0.0,0.2857142857142857
5,topo_down,rand_consumer,12,0.3142857142857143,0.0,0.3142857142857143
5,topo_down,rand_consumer,13,0.34285714285714286,0.0,0.34285714285714286
5,topo_down,rand_consumer,14,0.37142857142857144,0.0,0.37142857142857144
5,topo_down,rand_consumer,15,0.4,0.0,0.4
5,topo_down,rand_consumer,16,0.42857142857142855,0.0,0.42857142857142855
5,topo_down,rand_consumer,17,0.45714285714285713,0.0,0.45714285714285713
5,topo_down,rand_consumer,18,0.4857142857142857,0.0,0.4857142857142857
5,topo_down,rand_consumer,19,0.5142857142857142,0.0,0.5142857142857142
5,topo_down,rand_consumer,20,0.5428571428571428,0.0,0.5428571428571428
5,topo_down,rand_consumer,21,0.5714285714285714,0.0,0.5714285714285714
5,topo_down,rand_consumer,22,0.6,0.0,0.6
5,topo_down,rand_consumer,23,0.6285714285714286,0.0,0.6285714285714286
5,topo_down,rand_consumer,24,0.6571428571428571,0.0,0.6571428571428571
5,topo_down,rand_consumer,25,0.6857142857142857,0.11428571428571432,0.8
5,topo_down,rand_consumer,26,0.7142857142857143,0.1428571428571428,0.8571428571428571
5,topo_down,rand_consumer,27,0.7428571428571429,0.2571428571428571,1.0
5,topo_down,bm_high,1,0.0,0.0,0.0
5,topo_down,bm_high,2,0.02857142857142857,0.0,0.02857142857142857
5,topo_down,bm_high,3,0.05714285714285714,0.0,0.05714285714285714
5,topo_down,bm_high,4,0.08571428571428572,0.0,0.08571428571428572
5,topo_down,bm_high,5,0.11428571428571428,0.0,0.11428571428571428
5,topo_down,bm_high,6,0.14285714285714285,0.0,0.14285714285714285
5,topo_down,bm_high,7,0.17142857142857143,0.0,0.17142857142857143
5,topo_down,bm_high,8,0.2,0.0,0.2
5,topo_down,bm_high,9,0.22857142857142856,0.057142857142857134,0.2857142857142857
5,topo_down,bm_high,10,0.2571428571428571,0.05714285714285716,0.3142857142857143
5,topo_down,bm_high,11,0.2857142857142857,0.05714285714285716,0.34285714285714286
5,topo_down,bm_high,12,0.3142857142857143,0.05714285714285716,0.37142857142857144
5,topo_down,bm_high,13,0.34285714285714286,0.05714285714285716,0.4
5,topo_down,bm_high,14,0.37142857142857144,0.057142857142857106,0.42857142857142855
5,topo_down,bm_high,15,0.4,0.057142857142857106,0.45714285714285713
5,topo_down,bm_high,16,0.42857142857142855,0.05714285714285716,0.4857142857142857
5,topo_down,bm_high,17,0.45714285714285713,0.057142857142857106,0.5142857142857142
5,topo_down,bm_high,18,0.4857142857142857,0.057142857142857106,0.5428571428571428
5,topo_down,bm_high,19,0.5142857142857142,0.05714285714285716,0.5714285714285714
5,topo_down,bm_high,20,0.5428571428571428,0.05714285714285716,0.6
5,topo_down,bm_high,21,0.5714285714285714,0.05714285714285716,0.6285714285714286
5,topo_down,bm_high,22,0.6,0.05714285714285716,0.6571428571428571
5,topo_down,bm_high,23,0.6285714285714286,0.08571428571428574,0.7142857142857143
5,topo_down,bm_high,24,0.6571428571428571,0.08571428571428574,0.7428571428571429
5,topo_down,bm_high,25,0.6857142857142857,0.11428571428571432,0.8
5,topo_down,bm_high,26,0.7142857142857143,0.17142857142857137,0.8857142857142857
5,topo_down,bm_high,27,0.7428571428571429,0.17142857142857137,0.9142857142857143
5,topo_down,bm_high,28,0.7714285714285715,0.17142857142857137,0.9428571428571428
5,topo_down,bm_high,29,0.8,0.19999999999999996,1.0
5,topo_down,gen_high,1,0.0,0.0,0.0
5,topo_down,gen_high,2,0.02857142857142857,0.0,0.02857142857142857
5,topo_down,gen_high,3,0.05714285714285714,0.0,0.05714285714285714
5,topo_down,gen_high,4,0.08571428571428572,0.0,0.08571428571428572
5,topo_down,gen_high,5,0.11428571428571428,0.0,0.11428571428571428
5,topo_down,gen_high,6,0.14285714285714285,0.02857142857142858,0.17142857142857143
5,topo_down,gen_high,7,0.17142857142857143,0.057142857142857134,0.22857142857142856
5,topo_down,gen_high,8,0.2,0.057142857142857106,0.2571428571428571
5,topo_down,gen_high,9,0.22857142857142856,0.1142857142857143,0.34285714285714286
5,topo_down,gen_high,10,0.2571428571428571,0.11428571428571432,0.37142857142857144
5,topo_down,gen_high,11,0.2857142857142857,0.11428571428571432,0.4
5,topo_down,gen_high,12,0.3142857142857143,0.11428571428571427,0.42857142857142855
5,topo_down,gen_high,13,0.34285714285714286,0.11428571428571427,0.45714285714285713
5,topo_down,gen_high,14,0.37142857142857144,0.11428571428571427,0.4857142857142857
5,topo_down,gen_high,15,0.4,0.11428571428571421,0.5142857142857142
5,topo_down,gen_high,16,0.42857142857142855,0.11428571428571427,0.5428571428571428
5,topo_down,gen_high,17,0.45714285714285713,0.11428571428571427,0.5714285714285714
5,topo_down,gen_high,18,0.4857142857142857,0.11428571428571427,0.6
5,topo_down,gen_high,19,0.5142857142857142,0.11428571428571432,0.6285714285714286
5,topo_down,gen_high,20,0.5428571428571428,0.11428571428571432,0.6571428571428571
5,topo_down,gen_high,21,0.5714285714285714,0.11428571428571432,0.6857142857142857
5,topo_down,gen_high,22,0.6,0.1428571428571429,0.7428571428571429
5,topo_down,gen_high,23,0.6285714285714286,0.17142857142857149,0.8
5,topo_down,gen_high,24,0.6571428571428571,0.17142857142857149,0.8285714285714286
5,topo_down,gen_high,25,0.6857142857142857,0.19999999999999996,0.8857142857142857
5,topo_down,gen_high,26,0.7142857142857143,0.22857142857142854,0.9428571428571428
5,topo_down,gen_high,27,0.7428571428571429,0.2571428571428571,1.0
5,topo_down,degree_high,1,0.0,0.0,0.0
5,topo_down,degree_high,2,0.02857142857142857,0.0,0.02857142857142857
5,topo_down,degree_high,3,0.05714285714285714,0.0,0.05714285714285714
5,topo_down,degree_high,4,0.08571428571428572,0.0,0.08571428571428572
5,topo_down,degree_high,5,0.11428571428571428,0.0,0.11428571428571428
5,topo_down,degree_high,6,0.14285714285714285,0.02857142857142858,0.17142857142857143
5,topo_down,degree_high,7,0.17142857142857143,0.057142857142857134,0.22857142857142856
5,topo_down,degree_high,8,0.2,0.057142857142857106,0.2571428571428571
5,topo_down,degree_high,9,0.22857142857142856,0.1142857142857143,0.34285714285714286
5,topo_down,degree_high,10,0.2571428571428571,0.11428571428571432,0.37142857142857144
5,topo_down,degree_high,11,0.2857142857142857,0.11428571428571432,0.4
5,topo_down,degree_high,12,0.3142857142857143,0.11428571428571427,0.42857142857142855
5,topo_down,degree_high,13,0.34285714285714286,0.11428571428571427,0.45714285714285713
5,topo_down,degree_high,14,0.37142857142857144,0.11428571428571427,0.4857142857142857
5,topo_down,degree_high,15,0.4,0.11428571428571421,0.5142857142857142
5,topo_down,degree_high,16,0.42857142857142855,0.11428571428571427,0.5428571428571428
5,topo_down,degree_high,17,0.45714285714285713,0.11428571428571427,0.5714285714285714
5,topo_down,degree_high,18,0.4857142857142857,0.11428571428571427,0.6
5,topo_down,degree_high,19,0.5142857142857142,0.11428571428571432,0.6285714285714286
5,topo_down,degree_high,20,0.5428571428571428,0.11428571428571432,0.6571428571428571
5,topo_down,degree_high,21,0.5714285714285714,0.11428571428571432,0.6857142857142857
5,topo_down,degree_high,22,0.6,0.1428571428571429,0.7428571428571429
5,topo_down,degree_high,23,0.6285714285714286,0.17142857142857149,0.8
5,topo_down,degree_high,24,0.6571428571428571,0.17142857142857149,0.8285714285714286
5,topo_down,degree_high,25,0.6857142857142857,0.19999999999999996,0.8857142857142857
5,topo_down,degree_high,26,0.7142857142857143,0.22857142857142854,0.9428571428571428
5,topo_down,degree_high,27,0.7428571428571429,0.2571428571428571,1.0
5,topo_down,degree_low,1,0.0,0.0,0.0
5,topo_down,degree_low,2,0.02857142857142857,0.0,0.02857142857142857
5,topo_down,degree_low,3,0.05714285714285714,0.0,0.05714285714285714
5,topo_down,degree_low,4,0.08571428571428572,0.0,0.08571428571428572
5,topo_down,degree_low,5,0.11428571428571428,0.0,0.11428571428571428
5,topo_down,degree_low,6,0.14285714285714285,0.0,0.14285714285714285
5,topo_down,degree_low,7,0.17142857142857143,0.0,0.17142857142857143
5,topo_down,degree_low,8,0.2,0.0,0.2
5,topo_down,degree_low,9,0.22857142857142856,0.0,0.22857142857142856
5,topo_down,degree_low,10,0.2571428571428571,0.0,0.2571428571428571
5,topo_down,degree_low,11,0.2857142857142857,0.0,0.2857142857142857
5,topo_down,degree_low,12,0.3142857142857143,0.0,0.3142857142857143
5,topo_down,degree_low,13,0.34285714285714286,0.0,0.34285714285714286
5,topo_down,degree_low,14,0.37142857142857144,0.0,0.37142857142857144
5,topo_down,degree_low,15,0.4,0.0,0.4
5,topo_down,degree_low,16,0.42857142857142855,0.0,0.42857142857142855
5,topo_down,degree_low,17,0.45714285714285713,0.0,0.45714285714285713
5,topo_down,degree_low,18,0.4857142857142857,0.0,0.4857142857142857
5,topo_down,degree_low,19,0.5142857142857142,0.0,0.5142857142857142
5,topo_down,degree_low,20,0.5428571428571428,0.0,0.5428571428571428
5,topo_down,degree_low,21,0.5714285714285714,0.0,0.5714285714285714
5,topo_down,degree_low,22,0.6,0.1428571428571429,0.7428571428571429
5,topo_down,degree_low,23,0.6285714285714286,0.1428571428571429,0.7714285714285715
5,topo_down,degree_low,24,0.6571428571428571,0.1428571428571429,0.8
5,topo_down,degree_low,25,0.6857142857142857,0.1428571428571429,0.8285714285714286
5,topo_down,degree_low,26,0.7142857142857143,0.1428571428571428,0.8571428571428571
5,topo_down,degree_low,27,0.7428571428571429,0.2571428571428571,1.0
5,topo_down,vul_high,1,0.0,0.0,0.0
5,topo_down,vul_high,2,0.02857142857142857,0.0,0.02857142857142857
5,topo_down,vul_high,3,0.05714285714285714,0.0,0.05714285714285714
5,topo_down,vul_high,4,0.08571428571428572,0.0,0.08571428571428572
5,topo_down,vul_high,5,0.11428571428571428,0.0,0.11428571428571428
5,topo_down,vul_high,6,0.14285714285714285,0.0,0.14285714285714285
5,topo_down,vul_high,7,0.17142857142857143,0.0,0.17142857142857143
5,topo_down,vul_high,8,0.2,0.0,0.2
5,topo_down,vul_high,9,0.22857142857142856,0.0,0.22857142857142856
5,topo_down,vul_high,10,0.2571428571428571,0.0,0.2571428571428571
5,topo_down,vul_high,11,0.2857142857142857,0.02857142857142858,0.3142857142857143
5,topo_down,vul_high,12,0.3142857142857143,0.02857142857142858,0.34285714285714286
5,topo_down,vul_high,13,0.34285714285714286,0.05714285714285716,0.4
5,topo_down,vul_high,14,0.37142857142857144,0.08571428571428569,0.45714285714285713
5,topo_down,vul_high,15,0.4,0.11428571428571421,0.5142857142857142
5,topo_down,vul_high,16,0.42857142857142855,0.11428571428571427,0.5428571428571428
5,topo_down,vul_high,17,0.45714285714285713,0.11428571428571427,0.5714285714285714
5,topo_down,vul_high,18,0.4857142857142857,0.11428571428571427,0.6
5,topo_down,vul_high,19,0.5142857142857142,0.11428571428571432,0.6285714285714286
5,topo_down,vul_high,20,0.5428571428571428,0.11428571428571432,0.6571428571428571
5,topo_down,vul_high,21,0.5714285714285714,0.11428571428571432,0.6857142857142857
5,topo_down,vul_high,22,0.6,0.11428571428571432,0.7142857142857143
5,topo_down,vul_high,23,0.6285714285714286,0.1428571428571429,0.7714285714285715
5,topo_down,vul_high,24,0.6571428571428571,0.1428571428571429,0.8
5,topo_down,vul_high,25,0.6857142857142857,0.19999999999999996,0.8857142857142857
5,topo_down,vul_high,26,0.7142857142857143,0.19999999999999996,0.9142857142857143
5,topo_down,vul_high,27,0.7428571428571429,0.2571428571428571,1.0
5,topo_down,bm_low,1,0.0,0.0,0.0
5,topo_down,bm_low,2,0.02857142857142857,0.0,0.02857142857142857
5,topo_down,bm_low,3,0.05714285714285714,0.0,0.05714285714285714
5,topo_down,bm_low,4,0.08571428571428572,0.0,0.08571428571428572
5,topo_down,bm_low,5,0.11428571428571428,0.0,0.11428571428571428
5,topo_down,bm_low,6,0.14285714285714285,0.0,0.14285714285714285
5,topo_down,bm_low,7,0.17142857142857143,0.08571428571428569,0.2571428571428571
5,topo_down,bm_low,8,0.2,0.08571428571428569,0.2857142857142857
5,topo_down,bm_low,9,0.22857142857142856,0.08571428571428572,0.3142857142857143
5,topo_down,bm_low,10,0.2571428571428571,0.08571428571428574,0.34285714285714286
5,topo_down,bm_low,11,0.2857142857142857,0.08571428571428574,0.37142857142857144
5,topo_down,bm_low,12,0.3142857142857143,0.08571428571428574,0.4
5,topo_down,bm_low,13,0.34285714285714286,0.08571428571428569,0.42857142857142855
5,topo_down,bm_low,14,0.37142857142857144,0.08571428571428569,0.45714285714285713
5,topo_down,bm_low,15,0.4,0.11428571428571421,0.5142857142857142
5,topo_down,bm_low,16,0.42857142857142855,0.11428571428571427,0.5428571428571428
5,topo_down,bm_low,17,0.45714285714285713,0.11428571428571427,0.5714285714285714
5,topo_down,bm_low,18,0.4857142857142857,0.11428571428571427,0.6
5,topo_down,bm_low,19,0.5142857142857142,0.11428571428571432,0.6285714285714286
5,topo_down,bm_low,20,0.5428571428571428,0.11428571428571432,0.6571428571428571
5,topo_down,bm_low,21,0.5714285714285714,0.1428571428571429,0.7142857142857143
5,topo_down,bm_low,22,0.6,0.22857142857142865,0.8285714285714286
5,topo_down,bm_low,23,0.6285714285714286,0.22857142857142854,0.8571428571428571
5,topo_down,bm_low,24,0.6571428571428571,0.22857142857142854,0.8857142857142857
5,topo_down,bm_low,25,0.6857142857142857,0.22857142857142854,0.9142857142857143
5,topo_down,bm_low,26,0.7142857142857143,0.22857142857142854,0.9428571428571428
5,topo_down,bm_low,27,0.7428571428571429,0.22857142857142854,0.9714285714285714
5,topo_down,bm_low,28,0.7714285714285715,0.22857142857142854,1.0
6,topo_niche,gen_low,1,0.0,0.0,0.0
6,topo_niche,gen_low,2,0.045454545454545456,0.0,0.045454545454545456
6,topo_niche,gen_low,3,0.09090909090909091,0.0,0.09090909090909091
6,topo_niche,gen_low,4,0.13636363636363635,0.04545454545454547,0.18181818181818182
6,topo_niche,gen_low,5,0.18181818181818182,0.04545454545454544,0.22727272727272727
6,topo_niche,gen_low,6,0.22727272727272727,0.04545454545454544,0.2727272727272727
6,topo_niche,gen_low,7,0.2727272727272727,0.04545454545454547,0.3181818181818182
6,topo_niche,gen_low,8,0.3181818181818182,0.04545454545454547,0.36363636363636365
6,topo_niche,gen_low,9,0.36363636363636365,0.04545454545454547,0.4090909090909091
6,topo_niche,gen_low,10,0.4090909090909091,0.045454545454545414,0.45454545454545453
6,topo_niche,gen_low,11,0.45454545454545453,0.04545454545454547,0.5
6,topo_niche,gen_low,12,0.5,0.045454545454545414,0.5454545454545454
6,topo_niche,gen_low,13,0.5454545454545454,0.045454545454545525,0.5909090909090909
6,topo_niche,gen_low,14,0.5909090909090909,0.045454545454545414,0.6363636363636364
6,topo_niche,gen_low,15,0.6363636363636364,0.045454545454545414,0.6818181818181818
6,topo_niche,gen_low,16,0.6818181818181818,0.045454545454545525,0.7272727272727273
6,topo_niche,gen_low,17,0.7272727272727273,0.045454545454545414,0.7727272727272727
6,topo_niche,gen_low,18,0.7727272727272727,0.2272727272727273,1.0
6,topo_niche,vul_low,1,0.0,0.0,0.0
6,topo_niche,vul_low,2,0.045454545454545456,0.0,0.045454545454545456
6,topo_niche,vul_low,3,0.09090909090909091,0.0,0.09090909090909091
6,topo_niche,vul_low,4,0.13636363636363635,0.0,0.13636363636363635
6,topo_niche,vul_low,5,0.18181818181818182,0.04545454545454544,0.22727272727272727
6,topo_niche,vul_low,6,0.22727272727272727,0.04545454545454544,0.2727272727272727
6,topo_niche,vul_low,7,0.2727272727272727,0.04545454545454547,0.3181818181818182
6,topo_niche,vul_low,8,0.3181818181818182,0.04545454545454547,0.36363636363636365
6,topo_niche,vul_low,9,0.36363636363636365,0.04545454545454547,0.4090909090909091
6,topo_niche,vul_low,10,0.4090909090909091,0.09090909090909088,0.5
6,topo_niche,vul_low,11,0.45454545454545453,0.09090909090909088,0.5454545454545454
6,topo_niche,vul_low,12,0.5,0.09090909090909094,0.5909090909090909
6,topo_niche,vul_low,13,0.5454545454545454,0.09090909090909094,0.6363636363636364
6,topo_niche,vul_low,14,0.5909090909090909,0.09090909090909083,0.6818181818181818
6,topo_niche,vul_low,15,0.6363636363636364,0.09090909090909094,0.7272727272727273
6,topo_niche,vul_low,16,0.6818181818181818,0.13636363636363646,0.8181818181818182
6,topo_niche,vul_low,17,0.7272727272727273,0.18181818181818177,0.9090909090909091
6,topo_niche,vul_low,18,0.7727272727272727,0.2272727272727273,1.0
6,topo_niche,rand_basal,1,0.0,0.0,0.0
6,topo_niche,rand_basal,2,0.045454545454545456,0.045454545454545456,0.09090909090909091
6,topo_niche,rand_basal,3,0.09090909090909091,0.04545454545454544,0.13636363636363635
6,topo_niche,rand_basal,4,0.13636363636363635,0.04545454545454547,0.18181818181818182
6,topo_niche,rand_basal,5,0.18181818181818182,0.04545454545454544,0.22727272727272727
6,topo_niche,rand_basal,6,0.22727272727272727,0.04545454545454544,0.2727272727272727
6,topo_niche,rand_consumer,1,0.0,0.0,0.0
6,topo_niche,rand_consumer,2,0.045454545454545456,0.0,0.045454545454545456
6,topo_niche,rand_consumer,3,0.09090909090909091,0.0,0.09090909090909091
6,topo_niche,rand_consumer,4,0.13636363636363635,0.0,0.13636363636363635
6,topo_niche,rand_consumer,5,0.18181818181818182,0.0,0.18181818181818182
6,topo_niche,rand_consumer,6,0.22727272727272727,0.0,0.22727272727272727
6,topo_niche,rand_consumer,7,0.2727272727272727,0.0,0.2727272727272727
6,topo_niche,rand_consumer,8,0.3181818181818182,0.04545454545454547,0.36363636363636365
6,topo_niche,rand_consumer,9,0.36363636363636365,0.04545454545454547,0.4090909090909091
6,topo_niche,rand_consumer,10,0.4090909090909091,0.045454545454545414,0.45454545454545453
6,topo_niche,rand_consumer,11,0.45454545454545453,0.09090909090909088,0.5454545454545454
6,topo_niche,rand_consumer,12,0.5,0.09090909090909094,0.5909090909090909
6,topo_niche,rand_consumer,13,0.5454545454545454,0.09090909090909094,0.6363636363636364
6,topo_niche,rand_consumer,14,0.5909090909090909,0.09090909090909083,0.6818181818181818
6,topo_niche,rand_consumer,15,0.6363636363636364,0.09090909090909094,0.7272727272727273
6,topo_niche,rand_consumer,16,0.6818181818181818,0.09090909090909094,0.7727272727272727
6,topo_niche,rand_consumer,17,0.7272727272727273,0.09090909090909094,0.8181818181818182
6,topo_niche,rand_consumer,18,0.7727272727272727,0.2272727272727273,1.0
6,topo_niche,bm_high,1,0.0,0.0,0.0
6,topo_niche,bm_high,2,0.045454545454545456,0.0,0.045454545454545456
6,topo_niche,bm_high,3,0.09090909090909091,0.0,0.09090909090909091
6,topo_niche,bm_high,4,0.13636363636363635,0.0,0.13636363636363635
6,topo_niche,bm_high,5,0.18181818181818182,0.0,0.18181818181818182
6,topo_niche,bm_high,6,0.22727272727272727,0.0,0.22727272727272727
6,topo_niche,bm_high,7,0.2727272727272727,0.0,0.2727272727272727
6,topo_niche,bm_high,8,0.3181818181818182,0.04545454545454547,0.36363636363636365
6,topo_niche,bm_high,9,0.36363636363636365,0.04545454545454547,0.4090909090909091
6,topo_niche,bm_high,10,0.4090909090909091,0.045454545454545414,0.45454545454545453
6,topo_niche,bm_high,11,0.45454545454545453,0.04545454545454547,0.5
6,topo_niche,bm_high,12,0.5,0.045454545454545414,0.5454545454545454
6,topo_niche,bm_high,13,0.5454545454545454,0.045454545454545525,0.5909090909090909
6,topo_niche,bm_high,14,0.5909090909090909,0.045454545454545414,0.6363636363636364
6,topo_niche,bm_high,15,0.6363636363636364,0.045454545454545414,0.6818181818181818
6,topo_niche,bm_high,16,0.6818181818181818,0.045454545454545525,0.7272727272727273
6,topo_niche,bm_high,17,0.7272727272727273,0.045454545454545414,0.7727272727272727
6,topo_niche,bm_high,18,0.7727272727272727,0.09090909090909094,0.8636363636363636
6,topo_niche,bm_high,19,0.8181818181818182,0.18181818181818177,1.0
6,topo_niche,gen_high,1,0.0,0.0,0.0
6,topo_niche,gen_high,2,0.045454545454545456,0.045454545454545456,0.09090909090909091
6,topo_niche,gen_high,3,0.09090909090909091,0.04545454545454544,0.13636363636363635
6,topo_niche,gen_high,4,0.13636363636363635,0.04545454545454547,0.18181818181818182
6,topo_niche,gen_high,5,0.18181818181818182,0.04545454545454544,0.22727272727272727
6,topo_niche,gen_high,6,0.22727272727272727,0.04545454545454544,0.2727272727272727
6,topo_niche,gen_high,7,0.2727272727272727,0.04545454545454547,0.3181818181818182
6,topo_niche,gen_high,8,0.3181818181818182,0.04545454545454547,0.36363636363636365
6,topo_niche,gen_high,9,0.36363636363636365,0.04545454545454547,0.4090909090909091
6,topo_niche,gen_high,10,0.4090909090909091,0.09090909090909088,0.5
6,topo_niche,gen_high,11,0.45454545454545453,0.09090909090909088,0.5454545454545454
6,topo_niche,gen_high,12,0.5,0.09090909090909094,0.5909090909090909
6,topo_niche,gen_high,13,0.5454545454545454,0.09090909090909094,0.6363636363636364
6,topo_niche,gen_high,14,0.5909090909090909,0.09090909090909083,0.6818181818181818
6,topo_niche,gen_high,15,0.6363636363636364,0.09090909090909094,0.7272727272727273
6,topo_niche,gen_high,16,0.6818181818181818,0.13636363636363646,0.8181818181818182
6,topo_niche,gen_high,17,0.7272727272727273,0.18181818181818177,0.9090909090909091
6,topo_niche,gen_high,18,0.7727272727272727,0.2272727272727273,1.0
6,topo_niche,degree_high,1,0.0,0.0,0.0
6,topo_niche,degree_high,2,0.045454545454545456,0.0,0.045454545454545456
6,topo_niche,degree_high,3,0.09090909090909091,0.04545454545454544,0.13636363636363635
6,topo_niche,degree_high,4,0.13636363636363635,0.04545454545454547,0.18181818181818182
6,topo_niche,degree_high,5,0.18181818181818182,0.04545454545454544,0.22727272727272727
6,topo_niche,degree_high,6,0.22727272727272727,0.04545454545454544,0.2727272727272727
6,topo_niche,degree_high,7,0.2727272727272727,0.04545454545454547,0.3181818181818182
6,topo_niche,degree_high,8,0.3181818181818182,0.04545454545454547,0.36363636363636365
6,topo_niche,degree_high,9,0.36363636363636365,0.04545454545454547,0.4090909090909091
6,topo_niche,degree_high,10,0.4090909090909091,0.045454545454545414,0.45454545454545453
6,topo_niche,degree_high,11,0.45454545454545453,0.04545454545454547,0.5
6,topo_niche,degree_high,12,0.5,0.045454545454545414,0.5454545454545454
6,topo_niche,degree_high,13,0.5454545454545454,0.045454545454545525,0.5909090909090909
6,topo_niche,degree_high,14,0.5909090909090909,0.045454545454545414,0.6363636363636364
6,topo_niche,degree_high,15,0.6363636363636364,0.09090909090909094,0.7272727272727273
6,topo_niche,degree_high,16,0.6818181818181818,0.09090909090909094,0.7727272727272727
6,topo_niche,degree_high,17,0.7272727272727273,0.18181818181818177,0.9090909090909091
6,topo_niche,degree_high,18,0.7727272727272727,0.2272727272727273,1.0
6,topo_niche,degree_low,1,0.0,0.0,0.0
6,topo_niche,degree_low,2,0.045454545454545456,0.0,0.045454545454545456
6,topo_niche,degree_low,3,0.09090909090909091,0.04545454545454544,0.13636363636363635
6,topo_niche,degree_low,4,0.13636363636363635,0.04545454545454547,0.18181818181818182
6,topo_niche,degree_low,5,0.18181818181818182,0.04545454545454544,0.22727272727272727
6,topo_niche,degree_low,6,0.22727272727272727,0.04545454545454544,0.2727272727272727
6,topo_niche,degree_low,7,0.2727272727272727,0.04545454545454547,0.3181818181818182
6,topo_niche,degree_low,8,0.3181818181818182,0.04545454545454547,0.36363636363636365
6,topo_niche,degree_low,9,0.36363636363636365,0.04545454545454547,0.4090909090909091
6,topo_niche,degree_low,10,0.4090909090909091,0.045454545454545414,0.45454545454545453
6,topo_niche,degree_low,11,0.45454545454545453,0.04545454545454547,0.5
6,topo_niche,degree_low,12,0.5,0.045454545454545414,0.5454545454545454
6,topo_niche,degree_low,13,0.5454545454545454,0.045454545454545525,0.5909090909090909
6,topo_niche,degree_low,14,0.5909090909090909,0.045454545454545414,0.6363636363636364
6,topo_niche,degree_low,15,0.6363636363636364,0.045454545454545414,0.6818181818181818
6,topo_niche,degree_low,16,0.6818181818181818,0.045454545454545525,0.7272727272727273
6,topo_niche,degree_low,17,0.7272727272727273,0.045454545454545414,0.7727272727272727
6,topo_niche,degree_low,18,0.7727272727272727,0.2272727272727273,1.0
6,topo_niche,vul_high,1,0.0,0.0,0.0
6,topo_niche,vul_high,2,0.045454545454545456,0.0,0.045454545454545456
6,topo_niche,vul_high,3,0.09090909090909091,0.0,0.09090909090909091
6,topo_niche,vul_high,4,0.13636363636363635,0.0,0.13636363636363635
6,topo_niche,vul_high,5,0.18181818181818182,0.0,0.18181818181818182
6,topo_niche,vul_high,6,0.22727272727272727,0.0,0.22727272727272727
6,topo_niche,vul_high,7,0.2727272727272727,0.0,0.2727272727272727
6,topo_niche,vul_high,8,0.3181818181818182,0.0,0.3181818181818182
6,topo_niche,vul_high,9,0.36363636363636365,0.0,0.36363636363636365
6,topo_niche,vul_high,10,0.4090909090909091,0.0,0.4090909090909091
6,topo_niche,vul_high,11,0.45454545454545453,0.0,0.45454545454545453
6,topo_niche,vul_high,12,0.5,0.0,0.5
6,topo_niche,vul_high,13,0.5454545454545454,0.045454545454545525,0.5909090909090909
6,topo_niche,vul_high,14,0.5909090909090909,0.045454545454545414,0.6363636363636364
6,topo_niche,vul_high,15,0.6363636363636364,0.09090909090909094,0.7272727272727273
6,topo_niche,vul_high,16,0.6818181818181818,0.09090909090909094,0.7727272727272727
6,topo_niche,vul_high,17,0.7272727272727273,0.09090909090909094,0.8181818181818182
6,topo_niche,vul_high,18,0.7727272727272727,0.2272727272727273,1.0
6,topo_niche,bm_low,1,0.0,0.0,0.0
6,topo_niche,bm_low,2,0.045454545454545456,0.0,0.045454545454545456
6,topo_niche,bm_low,3,0.09090909090909091,0.0,0.09090909090909091
6,topo_niche,bm_low,4,0.13636363636363635,0.04545454545454547,0.18181818181818182
6,topo_niche,bm_low,5,0.18181818181818182,0.04545454545454544,0.22727272727272727
6,topo_niche,bm_low,6,0.22727272727272727,0.04545454545454544,0.2727272727272727
6,topo_niche,bm_low,7,0.2727272727272727,0.04545454545454547,0.3181818181818182
6,topo_niche,bm_low,8,0.3181818181818182,0.04545454545454547,0.36363636363636365
6,topo_niche,bm_low,9,0.36363636363636365,0.04545454545454547,0.4090909090909091
6,topo_niche,bm_low,10,0.4090909090909091,0.045454545454545414,0.45454545454545453
6,topo_niche,bm_low,11,0.45454545454545453,0.04545454545454547,0.5
6,topo_niche,bm_low,12,0.5,0.045454545454545414,0.5454545454545454
6,topo_niche,bm_low,13,0.5454545454545454,0.045454545454545525,0.5909090909090909
6,topo_niche,bm_low,14,0.5909090909090909,0.045454545454545414,0.6363636363636364
6,topo_niche,bm_low,15,0.6363636363636364,0.045454545454545414,0.6818181818181818
6,topo_niche,bm_low,16,0.6818181818181818,0.045454545454545525,0.7272727272727273
6,topo_niche,bm_low,17,0.7272727272727273,0.045454545454545414,0.7727272727272727
6,topo_niche,bm_low,18,0.7727272727272727,0.045454545454545525,0.8181818181818182
6,topo_niche,bm_low,19,0.8181818181818182,0.18181818181818177,1.0
6,topo_down_size,gen_low,1,0.0,0.0,0.0
6,topo_down_size,gen_low,2,0.03571428571428571,0.07142857142857142,0.10714285714285714
6,topo_down_size,gen_low,3,0.07142857142857142,0.07142857142857142,0.14285714285714285
6,topo_down_size,gen_low,4,0.10714285714285714,0.07142857142857144,0.17857142857142858
6,topo_down_size,gen_low,5,0.14285714285714285,0.07142857142857142,0.21428571428571427
6,topo_down_size,gen_low,6,0.17857142857142858,0.07142857142857142,0.25
6,topo_down_size,gen_low,7,0.21428571428571427,0.07142857142857142,0.2857142857142857
6,topo_down_size,gen_low,8,0.25,0.07142857142857145,0.32142857142857145
6,topo_down_size,gen_low,9,0.2857142857142857,0.07142857142857145,0.35714285714285715
6,topo_down_size,gen_low,10,0.32142857142857145,0.0714285714285714,0.39285714285714285
6,topo_down_size,gen_low,11,0.35714285714285715,0.0714285714285714,0.42857142857142855
6,topo_down_size,gen_low,12,0.39285714285714285,0.6071428571428572,1.0
6,topo_down_size,vul_low,1,0.0,0.0,0.0
6,topo_down_size,vul_low,2,0.03571428571428571,0.0,0.03571428571428571
6,topo_down_size,vul_low,3,0.07142857142857142,0.0,0.07142857142857142
6,topo_down_size,vul_low,4,0.10714285714285714,0.0,0.10714285714285714
6,topo_down_size,vul_low,5,0.14285714285714285,0.0,0.14285714285714285
6,topo_down_size,vul_low,6,0.17857142857142858,0.0,0.17857142857142858
6,topo_down_size,vul_low,7,0.21428571428571427,0.0,0.21428571428571427
6,topo_down_size,vul_low,8,0.25,0.0,0.25
6,topo_down_size,vul_low,9,0.2857142857142857,0.0,0.2857142857142857
6,topo_down_size,vul_low,10,0.32142857142857145,0.17857142857142855,0.5
6,topo_down_size,vul_low,11,0.35714285714285715,0.5357142857142858,0.8928571428571429
6,topo_down_size,vul_low,12,0.39285714285714285,0.6071428571428572,1.0
6,topo_down_size,rand_basal,1,0.0,0.0,0.0
6,topo_down_size,rand_basal,2,0.03571428571428571,0.0,0.03571428571428571
6,topo_down_size,rand_basal,3,0.07142857142857142,0.0,0.07142857142857142
6,topo_down_size,rand_basal,4,0.10714285714285714,0.0,0.10714285714285714
6,topo_down_size,rand_basal,5,0.14285714285714285,0.0,0.14285714285714285
6,topo_down_size,rand_basal,6,0.17857142857142858,0.0,0.17857142857142858
6,topo_down_size,rand_basal,7,0.21428571428571427,0.0,0.21428571428571427
6,topo_down_size,rand_basal,8,0.25,0.0,0.25
6,topo_down_size,rand_basal,9,0.2857142857142857,0.0,0.2857142857142857
6,topo_down_size,rand_basal,10,0.32142857142857145,0.0,0.32142857142857145
6,topo_down_size,rand_basal,11,0.35714285714285715,0.0,0.35714285714285715
6,topo_down_size,rand_basal,12,0.39285714285714285,0.0,0.39285714285714285
6,topo_down_size,rand_basal,13,0.42857142857142855,0.0,0.42857142857142855
6,topo_down_size,rand_basal,14,0.4642857142857143,0.0,0.4642857142857143
6,topo_down_size,rand_basal,15,0.5,0.0,0.5
6,topo_down_size,rand_basal,16,0.5357142857142857,0.0,0.5357142857142857
6,topo_down_size,rand_basal,17,0.5714285714285714,0.0,0.5714285714285714
6,topo_down_size,rand_basal,18,0.6071428571428571,0.0,0.6071428571428571
6,topo_down_size,rand_consumer,1,0.0,0.0,0.0
6,topo_down_size,rand_consumer,2,0.03571428571428571,0.0,0.03571428571428571
6,topo_down_size,rand_consumer,3,0.07142857142857142,0.07142857142857142,0.14285714285714285
6,topo_down_size,rand_consumer,4,0.10714285714285714,0.07142857142857144,0.17857142857142858
6,topo_down_size,rand_consumer,5,0.14285714285714285,0.07142857142857142,0.21428571428571427
6,topo_down_size,rand_consumer,6,0.17857142857142858,0.07142857142857142,0.25
6,topo_down_size,rand_consumer,7,0.21428571428571427,0.07142857142857142,0.2857142857142857
6,topo_down_size,rand_consumer,8,0.25,0.07142857142857145,0.32142857142857145
6,topo_down_size,rand_consumer,9,0.2857142857142857,0.07142857142857145,0.35714285714285715
6,topo_down_size,rand_consumer,10,0.32142857142857145,0.0714285714285714,0.39285714285714285
6,topo_down_size,rand_consumer,11,0.35714285714285715,0.0714285714285714,0.42857142857142855
6,topo_down_size,rand_consumer,12,0.39285714285714285,0.6071428571428572,1.0
6,topo_down_size,bm_high,1,0.0,0.0,0.0
6,topo_down_size,bm_high,2,0.03571428571428571,0.07142857142857142,0.10714285714285714
6,topo_down_size,bm_high,3,0.07142857142857142,0.07142857142857142,0.14285714285714285
6,topo_down_size,bm_high,4,0.10714285714285714,0.07142857142857144,0.17857142857142858
6,topo_down_size,bm_high,5,0.14285714285714285,0.07142857142857142,0.21428571428571427
6,topo_down_size,bm_high,6,0.17857142857142858,0.07142857142857142,0.25
6,topo_down_size,bm_high,7,0.21428571428571427,0.07142857142857142,0.2857142857142857
6,topo_down_size,bm_high,8,0.25,0.07142857142857145,0.32142857142857145
6,topo_down_size,bm_high,9,0.2857142857142857,0.07142857142857145,0.35714285714285715
6,topo_down_size,bm_high,10,0.32142857142857145,0.0714285714285714,0.39285714285714285
6,topo_down_size,bm_high,11,0.35714285714285715,0.0714285714285714,0.42857142857142855
6,topo_down_size,bm_high,12,0.39285714285714285,0.07142857142857145,0.4642857142857143
6,topo_down_size,bm_high,13,0.42857142857142855,0.07142857142857145,0.5
6,topo_down_size,bm_high,14,0.4642857142857143,0.0714285714285714,0.5357142857142857
6,topo_down_size,bm_high,15,0.5,0.0714285714285714,0.5714285714285714
6,topo_down_size,bm_high,16,0.5357142857142857,0.0714285714285714,0.6071428571428571
6,topo_down_size,bm_high,17,0.5714285714285714,0.07142857142857151,0.6428571428571429
6,topo_down_size,bm_high,18,0.6071428571428571,0.07142857142857151,0.6785714285714286
6,topo_down_size,bm_high,19,0.6428571428571429,0.0714285714285714,0.7142857142857143
6,topo_down_size,bm_high,20,0.6785714285714286,0.0714285714285714,0.75
6,topo_down_size,bm_high,21,0.7142857142857143,0.0714285714285714,0.7857142857142857
6,topo_down_size,bm_high,22,0.75,0.0714285714285714,0.8214285714285714
6,topo_down_size,bm_high,23,0.7857142857142857,0.0714285714285714,0.8571428571428571
6,topo_down_size,bm_high,24,0.8214285714285714,0.1785714285714286,1.0
6,topo_down_size,gen_high,1,0.0,0.0,0.0
6,topo_down_size,gen_high,2,0.03571428571428571,0.0,0.03571428571428571
6,topo_down_size,gen_high,3,0.07142857142857142,0.0,0.07142857142857142
6,topo_down_size,gen_high,4,0.10714285714285714,0.0,0.10714285714285714
6,topo_down_size,gen_high,5,0.14285714285714285,0.035714285714285726,0.17857142857142858
6,topo_down_size,gen_high,6,0.17857142857142858,0.07142857142857142,0.25
6,topo_down_size,gen_high,7,0.21428571428571427,0.2857142857142857,0.5
6,topo_down_size,gen_high,8,0.25,0.2857142857142857,0.5357142857142857
6,topo_down_size,gen_high,9,0.2857142857142857,0.2857142857142857,0.5714285714285714
6,topo_down_size,gen_high,10,0.32142857142857145,0.35714285714285715,0.6785714285714286
6,topo_down_size,gen_high,11,0.35714285714285715,0.5357142857142858,0.8928571428571429
6,topo_down_size,gen_high,12,0.39285714285714285,0.6071428571428572,1.0
6,topo_down_size,degree_high,1,0.0,0.0,0.0
6,topo_down_size,degree_high,2,0.03571428571428571,0.0,0.03571428571428571
6,topo_down_size,degree_high,3,0.07142857142857142,0.0,0.07142857142857142
6,topo_down_size,degree_high,4,0.10714285714285714,0.0,0.10714285714285714
6,topo_down_size,degree_high,5,0.14285714285714285,0.0,0.14285714285714285
6,topo_down_size,degree_high,6,0.17857142857142858,0.07142857142857142,0.25
6,topo_down_size,degree_high,7,0.21428571428571427,0.2857142857142857,0.5
6,topo_down_size,degree_high,8,0.25,0.2857142857142857,0.5357142857142857
6,topo_down_size,degree_high,9,0.2857142857142857,0.2857142857142857,0.5714285714285714
6,topo_down_size,degree_high,10,0.32142857142857145,0.35714285714285715,0.6785714285714286
6,topo_down_size,degree_high,11,0.35714285714285715,0.5357142857142858,0.8928571428571429
6,topo_down_size,degree_high,12,0.39285714285714285,0.6071428571428572,1.0
6,topo_down_size,degree_low,1,0.0,0.0,0.0
6,topo_down_size,degree_low,2,0.03571428571428571,0.07142857142857142,0.10714285714285714
6,topo_down_size,degree_low,3,0.07142857142857142,0.07142857142857142,0.14285714285714285
6,topo_down_size,degree_low,4,0.10714285714285714,0.07142857142857144,0.17857142857142858
6,topo_down_size,degree_low,5,0.14285714285714285,0.07142857142857142,0.21428571428571427
6,topo_down_size,degree_low,6,0.17857142857142858,0.07142857142857142,0.25
6,topo_down_size,degree_low,7,0.21428571428571427,0.07142857142857142,0.2857142857142857
6,topo_down_size,degree_low,8,0.25,0.07142857142857145,0.32142857142857145
6,topo_down_size,degree_low,9,0.2857142857142857,0.07142857142857145,0.35714285714285715
6,topo_down_size,degree_low,10,0.32142857142857145,0.0714285714285714,0.39285714285714285
6,topo_down_size,degree_low,11,0.35714285714285715,0.0714285714285714,0.42857142857142855
6,topo_down_size,degree_low,12,0.39285714285714285,0.6071428571428572,1.0
6,topo_down_size,vul_high,1,0.0,0.0,0.0
6,topo_down_size,vul_high,2,0.03571428571428571,0.0,0.03571428571428571
6,topo_down_size,vul_high,3,0.07142857142857142,0.0,0.07142857142857142
6,topo_down_size,vul_high,4,0.10714285714285714,0.0,0.10714285714285714
6,topo_down_size,vul_high,5,0.14285714285714285,0.0,0.14285714285714285
6,topo_down_size,vul_high,6,0.17857142857142858,0.0,0.17857142857142858
6,topo_down_size,vul_high,7,0.21428571428571427,0.0,0.21428571428571427
6,topo_down_size,vul_high,8,0.25,0.0,0.25
6,topo_down_size,vul_high,9,0.2857142857142857,0.07142857142857145,0.35714285714285715
6,topo_down_size,vul_high,10,0.32142857142857145,0.0714285714285714,0.39285714285714285
6,topo_down_size,vul_high,11,0.35714285714285715,0.42857142857142855,0.7857142857142857
6,topo_down_size,vul_high,12,0.39285714285714285,0.6071428571428572,1.0
6,topo_down_size,bm_low,1,0.0,0.0,0.0
6,topo_down_size,bm_low,2,0.03571428571428571,0.0,0.03571428571428571
6,topo_down_size,bm_low,3,0.07142857142857142,0.0,0.07142857142857142
6,topo_down_size,bm_low,4,0.10714285714285714,0.0,0.10714285714285714
6,topo_down_size,bm_low,5,0.14285714285714285,0.0,0.14285714285714285
6,topo_down_size,bm_low,6,0.17857142857142858,0.0,0.17857142857142858
6,topo_down_size,bm_low,7,0.21428571428571427,0.0,0.21428571428571427
6,topo_down_size,bm_low,8,0.25,0.0,0.25
6,topo_down_size,bm_low,9,0.2857142857142857,0.0,0.2857142857142857
6,topo_down_size,bm_low,10,0.32142857142857145,0.0,0.32142857142857145
6,topo_down_size,bm_low,11,0.35714285714285715,0.0,0.35714285714285715
6,topo_down_size,bm_low,12,0.39285714285714285,0.0,0.39285714285714285
6,topo_down_size,bm_low,13,0.42857142857142855,0.0,0.42857142857142855
6,topo_down_size,bm_low,14,0.4642857142857143,0.0,0.4642857142857143
6,topo_down_size,bm_low,15,0.5,0.0,0.5
6,topo_down_size,bm_low,16,0.5357142857142857,0.0,0.5357142857142857
6,topo_down_size,bm_low,17,0.5714285714285714,0.0,0.5714285714285714
6,topo_down_size,bm_low,18,0.6071428571428571,0.0,0.6071428571428571
6,topo_down_size,bm_low,19,0.6428571428571429,0.0,0.6428571428571429
6,topo_down_size,bm_low,20,0.6785714285714286,0.0,0.6785714285714286
6,topo_down_size,bm_low,21,0.7142857142857143,0.0,0.7142857142857143
6,topo_down_size,bm_low,22,0.75,0.0,0.75
6,topo_down_size,bm_low,23,0.7857142857142857,0.0,0.7857142857142857
6,topo_down_size,bm_low,24,0.8214285714285714,0.0,0.8214285714285714
6,topo_down_size,bm_low,25,0.8571428571428571,0.0,0.8571428571428571
6,topo_down_size,bm_low,26,0.8928571428571429,0.0,0.8928571428571429
6,topo_down_size,bm_low,27,0.9285714285714286,0.0,0.9285714285714286
6,topo_down_size,bm_low,28,0.9642857142857143,0.0,0.9642857142857143
6,topo_down_size,bm_low,29,1.0,0.0,1.0
6,topo_down,gen_low,1,0.0,0.0,0.0
6,topo_down,gen_low,2,0.02857142857142857,0.0,0.02857142857142857
6,topo_down,gen_low,3,0.05714285714285714,0.0,0.05714285714285714
6,topo_down,gen_low,4,0.08571428571428572,0.0,0.08571428571428572
6,topo_down,gen_low,5,0.11428571428571428,0.0,0.11428571428571428
6,topo_down,gen_low,6,0.14285714285714285,0.0,0.14285714285714285
6,topo_down,gen_low,7,0.17142857142857143,0.0,0.17142857142857143
6,topo_down,gen_low,8,0.2,0.0,0.2
6,topo_down,gen_low,9,0.22857142857142856,0.0,0.22857142857142856
6,topo_down,gen_low,10,0.2571428571428571,0.0,0.2571428571428571
6,topo_down,gen_low,11,0.2857142857142857,0.0,0.2857142857142857
6,topo_down,gen_low,12,0.3142857142857143,0.0,0.3142857142857143
6,topo_down,gen_low,13,0.34285714285714286,0.0,0.34285714285714286
6,topo_down,gen_low,14,0.37142857142857144,0.0,0.37142857142857144
6,topo_down,gen_low,15,0.4,0.028571428571428525,0.42857142857142855
6,topo_down,gen_low,16,0.42857142857142855,0.02857142857142858,0.45714285714285713
6,topo_down,gen_low,17,0.45714285714285713,0.02857142857142858,0.4857142857142857
6,topo_down,gen_low,18,0.4857142857142857,0.028571428571428525,0.5142857142857142
6,topo_down,gen_low,19,0.5142857142857142,0.02857142857142858,0.5428571428571428
6,topo_down,gen_low,20,0.5428571428571428,0.1428571428571429,0.6857142857142857
6,topo_down,gen_low,21,0.5714285714285714,0.1428571428571429,0.7142857142857143
6,topo_down,gen_low,22,0.6,0.1428571428571429,0.7428571428571429
6,topo_down,gen_low,23,0.6285714285714286,0.1428571428571429,0.7714285714285715
6,topo_down,gen_low,24,0.6571428571428571,0.1428571428571429,0.8
6,topo_down,gen_low,25,0.6857142857142857,0.3142857142857143,1.0
6,topo_down,vul_low,1,0.0,0.0,0.0
6,topo_down,vul_low,2,0.02857142857142857,0.0,0.02857142857142857
6,topo_down,vul_low,3,0.05714285714285714,0.0,0.05714285714285714
6,topo_down,vul_low,4,0.08571428571428572,0.0,0.08571428571428572
6,topo_down,vul_low,5,0.11428571428571428,0.0,0.11428571428571428
6,topo_down,vul_low,6,0.14285714285714285,0.0,0.14285714285714285
6,topo_down,vul_low,7,0.17142857142857143,0.0,0.17142857142857143
6,topo_down,vul_low,8,0.2,0.0,0.2
6,topo_down,vul_low,9,0.22857142857142856,0.0,0.22857142857142856
6,topo_down,vul_low,10,0.2571428571428571,0.0,0.2571428571428571
6,topo_down,vul_low,11,0.2857142857142857,0.0,0.2857142857142857
6,topo_down,vul_low,12,0.3142857142857143,0.0,0.3142857142857143
6,topo_down,vul_low,13,0.34285714285714286,0.0,0.34285714285714286
6,topo_down,vul_low,14,0.37142857142857144,0.0,0.37142857142857144
6,topo_down,vul_low,15,0.4,0.028571428571428525,0.42857142857142855
6,topo_down,vul_low,16,0.42857142857142855,0.02857142857142858,0.45714285714285713
6,topo_down,vul_low,17,0.45714285714285713,0.02857142857142858,0.4857142857142857
6,topo_down,vul_low,18,0.4857142857142857,0.028571428571428525,0.5142857142857142
6,topo_down,vul_low,19,0.5142857142857142,0.17142857142857149,0.6857142857142857
6,topo_down,vul_low,20,0.5428571428571428,0.20000000000000007,0.7428571428571429
6,topo_down,vul_low,21,0.5714285714285714,0.20000000000000007,0.7714285714285715
6,topo_down,vul_low,22,0.6,0.20000000000000007,0.8
6,topo_down,vul_low,23,0.6285714285714286,0.20000000000000007,0.8285714285714286
6,topo_down,vul_low,24,0.6571428571428571,0.22857142857142854,0.8857142857142857
6,topo_down,vul_low,25,0.6857142857142857,0.3142857142857143,1.0
6,topo_down,rand_basal,1,0.0,0.0,0.0
6,topo_down,rand_basal,2,0.02857142857142857,0.14285714285714285,0.17142857142857143
6,topo_down,rand_basal,3,0.05714285714285714,0.14285714285714288,0.2
6,topo_down,rand_basal,4,0.08571428571428572,0.14285714285714285,0.22857142857142856
6,topo_down,rand_basal,5,0.11428571428571428,0.2285714285714286,0.34285714285714286
6,topo_down,rand_basal,6,0.14285714285714285,0.2285714285714286,0.37142857142857144
6,topo_down,rand_basal,7,0.17142857142857143,0.2857142857142857,0.45714285714285713
6,topo_down,rand_basal,8,0.2,0.2857142857142857,0.4857142857142857
6,topo_down,rand_basal,9,0.22857142857142856,0.2857142857142857,0.5142857142857142
6,topo_down,rand_basal,10,0.2571428571428571,0.2857142857142857,0.5428571428571428
6,topo_down,rand_basal,11,0.2857142857142857,0.4,0.6857142857142857
6,topo_down,rand_basal,12,0.3142857142857143,0.4,0.7142857142857143
6,topo_down,rand_consumer,1,0.0,0.0,0.0
6,topo_down,rand_consumer,2,0.02857142857142857,0.0,0.02857142857142857
6,topo_down,rand_consumer,3,0.05714285714285714,0.0,0.05714285714285714
6,topo_down,rand_consumer,4,0.08571428571428572,0.0,0.08571428571428572
6,topo_down,rand_consumer,5,0.11428571428571428,0.0,0.11428571428571428
6,topo_down,rand_consumer,6,0.14285714285714285,0.0,0.14285714285714285
6,topo_down,rand_consumer,7,0.17142857142857143,0.0,0.17142857142857143
6,topo_down,rand_consumer,8,0.2,0.0,0.2
6,topo_down,rand_consumer,9,0.22857142857142856,0.0,0.22857142857142856
6,topo_down,rand_consumer,10,0.2571428571428571,0.0,0.2571428571428571
6,topo_down,rand_consumer,11,0.2857142857142857,0.0,0.2857142857142857
6,topo_down,rand_consumer,12,0.3142857142857143,0.0,0.3142857142857143
6,topo_down,rand_consumer,13,0.34285714285714286,0.0,0.34285714285714286
6,topo_down,rand_consumer,14,0.37142857142857144,0.02857142857142858,0.4
6,topo_down,rand_consumer,15,0.4,0.028571428571428525,0.42857142857142855
6,topo_down,rand_consumer,16,0.42857142857142855,0.02857142857142858,0.45714285714285713
6,topo_down,rand_consumer,17,0.45714285714285713,0.02857142857142858,0.4857142857142857
6,topo_down,rand_consumer,18,0.4857142857142857,0.028571428571428525,0.5142857142857142
6,topo_down,rand_consumer,19,0.5142857142857142,0.02857142857142858,0.5428571428571428
6,topo_down,rand_consumer,20,0.5428571428571428,0.17142857142857149,0.7142857142857143
6,topo_down,rand_consumer,21,0.5714285714285714,0.17142857142857149,0.7428571428571429
6,topo_down,rand_consumer,22,0.6,0.20000000000000007,0.8
6,topo_down,rand_consumer,23,0.6285714285714286,0.2857142857142857,0.9142857142857143
6,topo_down,rand_consumer,24,0.6571428571428571,0.2857142857142857,0.9428571428571428
6,topo_down,rand_consumer,25,0.6857142857142857,0.3142857142857143,1.0
6,topo_down,bm_high,1,0.0,0.0,0.0
6,topo_down,bm_high,2,0.02857142857142857,0.0,0.02857142857142857
6,topo_down,bm_high,3,0.05714285714285714,0.0,0.05714285714285714
6,topo_down,bm_high,4,0.08571428571428572,0.0,0.08571428571428572
6,topo_down,bm_high,5,0.11428571428571428,0.0,0.11428571428571428
6,topo_down,bm_high,6,0.14285714285714285,0.0,0.14285714285714285
6,topo_down,bm_high,7,0.17142857142857143,0.0,0.17142857142857143
6,topo_down,bm_high,8,0.2,0.0,0.2
6,topo_down,bm_high,9,0.22857142857142856,0.0,0.22857142857142856
6,topo_down,bm_high,10,0.2571428571428571,0.0,0.2571428571428571
6,topo_down,bm_high,11,0.2857142857142857,0.0,0.2857142857142857
6,topo_down,bm_high,12,0.3142857142857143,0.0,0.3142857142857143
6,topo_down,bm_high,13,0.34285714285714286,0.0,0.34285714285714286
6,topo_down,bm_high,14,0.37142857142857144,0.0,0.37142857142857144
6,topo_down,bm_high,15,0.4,0.0,0.4
6,topo_down,bm_high,16,0.42857142857142855,0.0,0.42857142857142855
6,topo_down,bm_high,17,0.45714285714285713,0.0,0.45714285714285713
6,topo_down,bm_high,18,0.4857142857142857,0.0,0.4857142857142857
6,topo_down,bm_high,19,0.5142857142857142,0.0,0.5142857142857142
6,topo_down,bm_high,20,0.5428571428571428,0.0,0.5428571428571428
6,topo_down,bm_high,21,0.5714285714285714,0.0,0.5714285714285714
6,topo_down,bm_high,22,0.6,0.0,0.6
6,topo_down,bm_high,23,0.6285714285714286,0.0,0.6285714285714286
6,topo_down,bm_high,24,0.6571428571428571,0.0,0.6571428571428571
6,topo_down,bm_high,25,0.6857142857142857,0.0,0.6857142857142857
6,topo_down,bm_high,26,0.7142857142857143,0.0,0.7142857142857143
6,topo_down,bm_high,27,0.7428571428571429,0.0,0.7428571428571429
6,topo_down,bm_high,28,0.7714285714285715,0.0,0.7714285714285715
6,topo_down,bm_high,29,0.8,0.02857142857142858,0.8285714285714286
6,topo_down,bm_high,30,0.8285714285714286,0.02857142857142847,0.8571428571428571
6,topo_down,bm_high,31,0.8571428571428571,0.02857142857142858,0.8857142857142857
6,topo_down,bm_high,32,0.8857142857142857,0.05714285714285716,0.9428571428571428
6,topo_down,bm_high,33,0.9142857142857143,0.08571428571428574,1.0
6,topo_down,gen_high,1,0.0,0.0,0.0
6,topo_down,gen_high,2,0.02857142857142857,0.0,0.02857142857142857
6,topo_down,gen_high,3,0.05714285714285714,0.0,0.05714285714285714
6,topo_down,gen_high,4,0.08571428571428572,0.0,0.08571428571428572
6,topo_down,gen_high,5,0.11428571428571428,0.028571428571428567,0.14285714285714285
6,topo_down,gen_high,6,0.14285714285714285,0.05714285714285716,0.2
6,topo_down,gen_high,7,0.17142857142857143,0.057142857142857134,0.22857142857142856
6,topo_down,gen_high,8,0.2,0.057142857142857106,0.2571428571428571
6,topo_down,gen_high,9,0.22857142857142856,0.057142857142857134,0.2857142857142857
6,topo_down,gen_high,10,0.2571428571428571,0.08571428571428574,0.34285714285714286
6,topo_down,gen_high,11,0.2857142857142857,0.14285714285714285,0.42857142857142855
6,topo_down,gen_high,12,0.3142857142857143,0.14285714285714285,0.45714285714285713
6,topo_down,gen_high,13,0.34285714285714286,0.17142857142857137,0.5142857142857142
6,topo_down,gen_high,14,0.37142857142857144,0.17142857142857137,0.5428571428571428
6,topo_down,gen_high,15,0.4,0.19999999999999996,0.6
6,topo_down,gen_high,16,0.42857142857142855,0.2285714285714286,0.6571428571428571
6,topo_down,gen_high,17,0.45714285714285713,0.2285714285714286,0.6857142857142857
6,topo_down,gen_high,18,0.4857142857142857,0.2285714285714286,0.7142857142857143
6,topo_down,gen_high,19,0.5142857142857142,0.25714285714285723,0.7714285714285715
6,topo_down,gen_high,20,0.5428571428571428,0.25714285714285723,0.8
6,topo_down,gen_high,21,0.5714285714285714,0.25714285714285723,0.8285714285714286
6,topo_down,gen_high,22,0.6,0.2571428571428571,0.8571428571428571
6,topo_down,gen_high,23,0.6285714285714286,0.2571428571428571,0.8857142857142857
6,topo_down,gen_high,24,0.6571428571428571,0.2857142857142857,0.9428571428571428
6,topo_down,gen_high,25,0.6857142857142857,0.3142857142857143,1.0
6,topo_down,degree_high,1,0.0,0.0,0.0
6,topo_down,degree_high,2,0.02857142857142857,0.0,0.02857142857142857
6,topo_down,degree_high,3,0.05714285714285714,0.0,0.05714285714285714
6,topo_down,degree_high,4,0.08571428571428572,0.0,0.08571428571428572
6,topo_down,degree_high,5,0.11428571428571428,0.0,0.11428571428571428
6,topo_down,degree_high,6,0.14285714285714285,0.05714285714285716,0.2
6,topo_down,degree_high,7,0.17142857142857143,0.057142857142857134,0.22857142857142856
6,topo_down,degree_high,8,0.2,0.057142857142857106,0.2571428571428571
6,topo_down,degree_high,9,0.22857142857142856,0.057142857142857134,0.2857142857142857
6,topo_down,degree_high,10,0.2571428571428571,0.11428571428571432,0.37142857142857144
6,topo_down,degree_high,11,0.2857142857142857,0.14285714285714285,0.42857142857142855
6,topo_down,degree_high,12,0.3142857142857143,0.14285714285714285,0.45714285714285713
6,topo_down,degree_high,13,0.34285714285714286,0.17142857142857137,0.5142857142857142
6,topo_down,degree_high,14,0.37142857142857144,0.17142857142857137,0.5428571428571428
6,topo_down,degree_high,15,0.4,0.19999999999999996,0.6
6,topo_down,degree_high,16,0.42857142857142855,0.2285714285714286,0.6571428571428571
6,topo_down,degree_high,17,0.45714285714285713,0.2285714285714286,0.6857142857142857
6,topo_down,degree_high,18,0.4857142857142857,0.2285714285714286,0.7142857142857143
6,topo_down,degree_high,19,0.5142857142857142,0.25714285714285723,0.7714285714285715
6,topo_down,degree_high,20,0.5428571428571428,0.25714285714285723,0.8
6,topo_down,degree_high,21,0.5714285714285714,0.25714285714285723,0.8285714285714286
6,topo_down,degree_high,22,0.6,0.2571428571428571,0.8571428571428571
6,topo_down,degree_high,23,0.6285714285714286,0.2571428571428571,0.8857142857142857
6,topo_down,degree_high,24,0.6571428571428571,0.2857142857142857,0.9428571428571428
6,topo_down,degree_high,25,0.6857142857142857,0.3142857142857143,1.0
6,topo_down,degree_low,1,0.0,0.0,0.0
6,topo_down,degree_low,2,0.02857142857142857,0.0,0.02857142857142857
6,topo_down,degree_low,3,0.05714285714285714,0.0,0.05714285714285714
6,topo_down,degree_low,4,0.08571428571428572,0.0,0.08571428571428572
6,topo_down,degree_low,5,0.11428571428571428,0.0,0.11428571428571428
6,topo_down,degree_low,6,0.14285714285714285,0.0,0.14285714285714285
6,topo_down,degree_low,7,0.17142857142857143,0.0,0.17142857142857143
6,topo_down,degree_low,8,0.2,0.0,0.2
6,topo_down,degree_low,9,0.22857142857142856,0.0,0.22857142857142856
6,topo_down,degree_low,10,0.2571428571428571,0.0,0.2571428571428571
6,topo_down,degree_low,11,0.2857142857142857,0.0,0.2857142857142857
6,topo_down,degree_low,12,0.3142857142857143,0.0,0.3142857142857143
6,topo_down,degree_low,13,0.34285714285714286,0.0,0.34285714285714286
6,topo_down,degree_low,14,0.37142857142857144,0.0,0.37142857142857144
6,topo_down,degree_low,15,0.4,0.0,0.4
6,topo_down,degree_low,16,0.42857142857142855,0.0,0.42857142857142855
6,topo_down,degree_low,17,0.45714285714285713,0.0,0.45714285714285713
6,topo_down,degree_low,18,0.4857142857142857,0.0,0.4857142857142857
6,topo_down,degree_low,19,0.5142857142857142,0.02857142857142858,0.5428571428571428
6,topo_down,degree_low,20,0.5428571428571428,0.02857142857142858,0.5714285714285714
6,topo_down,degree_low,21,0.5714285714285714,0.1428571428571429,0.7142857142857143
6,topo_down,degree_low,22,0.6,0.1428571428571429,0.7428571428571429
6,topo_down,degree_low,23,0.6285714285714286,0.1428571428571429,0.7714285714285715
6,topo_down,degree_low,24,0.6571428571428571,0.1428571428571429,0.8
6,topo_down,degree_low,25,0.6857142857142857,0.3142857142857143,1.0
6,topo_down,vul_high,1,0.0,0.0,0.0
6,topo_down,vul_high,2,0.02857142857142857,0.0,0.02857142857142857
6,topo_down,vul_high,3,0.05714285714285714,0.0,0.05714285714285714
6,topo_down,vul_high,4,0.08571428571428572,0.0,0.08571428571428572
6,topo_down,vul_high,5,0.11428571428571428,0.0,0.11428571428571428
6,topo_down,vul_high,6,0.14285714285714285,0.0,0.14285714285714285
6,topo_down,vul_high,7,0.17142857142857143,0.0,0.17142857142857143
6,topo_down,vul_high,8,0.2,0.0,0.2
6,topo_down,vul_high,9,0.22857142857142856,0.0,0.22857142857142856
6,topo_down,vul_high,10,0.2571428571428571,0.0,0.2571428571428571
6,topo_down,vul_high,11,0.2857142857142857,0.0,0.2857142857142857
6,topo_down,vul_high,12,0.3142857142857143,0.0,0.3142857142857143
6,topo_down,vul_high,13,0.34285714285714286,0.05714285714285716,0.4
6,topo_down,vul_high,14,0.37142857142857144,0.11428571428571427,0.4857142857142857
6,topo_down,vul_high,15,0.4,0.11428571428571421,0.5142857142857142
6,topo_down,vul_high,16,0.42857142857142855,0.11428571428571427,0.5428571428571428
6,topo_down,vul_high,17,0.45714285714285713,0.11428571428571427,0.5714285714285714
6,topo_down,vul_high,18,0.4857142857142857,0.11428571428571427,0.6
6,topo_down,vul_high,19,0.5142857142857142,0.11428571428571432,0.6285714285714286
6,topo_down,vul_high,20,0.5428571428571428,0.1428571428571429,0.6857142857142857
6,topo_down,vul_high,21,0.5714285714285714,0.20000000000000007,0.7714285714285715
6,topo_down,vul_high,22,0.6,0.20000000000000007,0.8
6,topo_down,vul_high,23,0.6285714285714286,0.22857142857142854,0.8571428571428571
6,topo_down,vul_high,24,0.6571428571428571,0.2571428571428571,0.9142857142857143
6,topo_down,vul_high,25,0.6857142857142857,0.3142857142857143,1.0
6,topo_down,bm_low,1,0.0,0.0,0.0
6,topo_down,bm_low,2,0.02857142857142857,0.0,0.02857142857142857
6,topo_down,bm_low,3,0.05714285714285714,0.0,0.05714285714285714
6,topo_down,bm_low,4,0.08571428571428572,0.0,0.08571428571428572
6,topo_down,bm_low,5,0.11428571428571428,0.0,0.11428571428571428
6,topo_down,bm_low,6,0.14285714285714285,0.0,0.14285714285714285
6,topo_down,bm_low,7,0.17142857142857143,0.0,0.17142857142857143
6,topo_down,bm_low,8,0.2,0.11428571428571427,0.3142857142857143
6,topo_down,bm_low,9,0.22857142857142856,0.1142857142857143,0.34285714285714286
6,topo_down,bm_low,10,0.2571428571428571,0.11428571428571432,0.37142857142857144
6,topo_down,bm_low,11,0.2857142857142857,0.11428571428571432,0.4
6,topo_down,bm_low,12,0.3142857142857143,0.11428571428571427,0.42857142857142855
6,topo_down,bm_low,13,0.34285714285714286,0.11428571428571427,0.45714285714285713
6,topo_down,bm_low,14,0.37142857142857144,0.11428571428571427,0.4857142857142857
6,topo_down,bm_low,15,0.4,0.11428571428571421,0.5142857142857142
6,topo_down,bm_low,16,0.42857142857142855,0.11428571428571427,0.5428571428571428
6,topo_down,bm_low,17,0.45714285714285713,0.11428571428571427,0.5714285714285714
6,topo_down,bm_low,18,0.4857142857142857,0.11428571428571427,0.6
6,topo_down,bm_low,19,0.5142857142857142,0.1428571428571429,0.6571428571428571
6,topo_down,bm_low,20,0.5428571428571428,0.17142857142857149,0.7142857142857143
6,topo_down,bm_low,21,0.5714285714285714,0.17142857142857149,0.7428571428571429
6,topo_down,bm_low,22,0.6,0.2571428571428571,0.8571428571428571
6,topo_down,bm_low,23,0.6285714285714286,0.2571428571428571,0.8857142857142857
6,topo_down,bm_low,24,0.6571428571428571,0.2571428571428571,0.9142857142857143
6,topo_down,bm_low,25,0.6857142857142857,0.2571428571428571,0.9428571428571428
6,topo_down,bm_low,26,0.7142857142857143,0.2857142857142857,1.0
7,topo_niche,gen_low,1,0.0,0.0,0.0
7,topo_niche,gen_low,2,0.14285714285714285,0.0,0.14285714285714285
7,topo_niche,gen_low,3,0.2857142857142857,0.0,0.2857142857142857
7,topo_niche,gen_low,4,0.42857142857142855,0.0,0.42857142857142855
7,topo_niche,gen_low,5,0.5714285714285714,0.1428571428571429,0.7142857142857143
7,topo_niche,gen_low,6,0.7142857142857143,0.2857142857142857,1.0
7,topo_niche,vul_low,1,0.0,0.0,0.0
7,topo_niche,vul_low,2,0.14285714285714285,0.0,0.14285714285714285
7,topo_niche,vul_low,3,0.2857142857142857,0.0,0.2857142857142857
7,topo_niche,vul_low,4,0.42857142857142855,0.0,0.42857142857142855
7,topo_niche,vul_low,5,0.5714285714285714,0.1428571428571429,0.7142857142857143
7,topo_niche,vul_low,6,0.7142857142857143,0.2857142857142857,1.0
7,topo_niche,rand_basal,1,0.0,0.0,0.0
7,topo_niche,rand_basal,2,0.14285714285714285,0.5714285714285714,0.7142857142857143
7,topo_niche,rand_basal,3,0.2857142857142857,0.5714285714285714,0.8571428571428571
7,topo_niche,rand_consumer,1,0.0,0.0,0.0
7,topo_niche,rand_consumer,2,0.14285714285714285,0.14285714285714285,0.2857142857142857
7,topo_niche,rand_consumer,3,0.2857142857142857,0.14285714285714285,0.42857142857142855
7,topo_niche,rand_consumer,4,0.42857142857142855,0.28571428571428575,0.7142857142857143
7,topo_niche,rand_consumer,5,0.5714285714285714,0.4285714285714286,1.0
7,topo_niche,bm_high,1,0.0,0.0,0.0
7,topo_niche,bm_high,2,0.14285714285714285,0.14285714285714285,0.2857142857142857
7,topo_niche,bm_high,3,0.2857142857142857,0.14285714285714285,0.42857142857142855
7,topo_niche,bm_high,4,0.42857142857142855,0.28571428571428575,0.7142857142857143
7,topo_niche,bm_high,5,0.5714285714285714,0.4285714285714286,1.0
7,topo_niche,gen_high,1,0.0,0.0,0.0
7,topo_niche,gen_high,2,0.14285714285714285,0.0,0.14285714285714285
7,topo_niche,gen_high,3,0.2857142857142857,0.14285714285714285,0.42857142857142855
7,topo_niche,gen_high,4,0.42857142857142855,0.14285714285714285,0.5714285714285714
7,topo_niche,gen_high,5,0.5714285714285714,0.1428571428571429,0.7142857142857143
7,topo_niche,gen_high,6,0.7142857142857143,0.2857142857142857,1.0
7,topo_niche,degree_high,1,0.0,0.0,0.0
7,topo_niche,degree_high,2,0.14285714285714285,0.0,0.14285714285714285
7,topo_niche,degree_high,3,0.2857142857142857,0.14285714285714285,0.42857142857142855
7,topo_niche,degree_high,4,0.42857142857142855,0.28571428571428575,0.7142857142857143
7,topo_niche,degree_high,5,0.5714285714285714,0.4285714285714286,1.0
7,topo_niche,degree_low,1,0.0,0.0,0.0
7,topo_niche,degree_low,2,0.14285714285714285,0.0,0.14285714285714285
7,topo_niche,degree_low,3,0.2857142857142857,0.0,0.2857142857142857
7,topo_niche,degree_low,4,0.42857142857142855,0.0,0.42857142857142855
7,topo_niche,degree_low,5,0.5714285714285714,0.1428571428571429,0.7142857142857143
7,topo_niche,degree_low,6,0.7142857142857143,0.2857142857142857,1.0
7,topo_niche,vul_high,1,0.0,0.0,0.0
7,topo_niche,vul_high,2,0.14285714285714285,0.0,0.14285714285714285
7,topo_niche,vul_high,3,0.2857142857142857,0.14285714285714285,0.42857142857142855
7,topo_niche,vul_high,4,0.42857142857142855,0.28571428571428575,0.7142857142857143
7,topo_niche,vul_high,5,0.5714285714285714,0.4285714285714286,1.0
7,topo_niche,bm_low,1,0.0,0.0,0.0
7,topo_niche,bm_low,2,0.14285714285714285,0.5714285714285714,0.7142857142857143
7,topo_niche,bm_low,3,0.2857142857142857,0.5714285714285714,0.8571428571428571
7,topo_niche,bm_low,4,0.42857142857142855,0.5714285714285714,1.0
7,topo_down_size,gen_low,1,0.0,0.0,0.0
7,topo_down_size,gen_low,2,0.037037037037037035,0.037037037037037035,0.07407407407407407
7,topo_down_size,gen_low,3,0.07407407407407407,0.037037037037037035,0.1111111111111111
7,topo_down_size,gen_low,4,0.1111111111111111,0.037037037037037035,0.14814814814814814
7,topo_down_size,gen_low,5,0.14814814814814814,0.037037037037037035,0.18518518518518517
7,topo_down_size,gen_low,6,0.18518518518518517,0.037037037037037035,0.2222222222222222
7,topo_down_size,gen_low,7,0.2222222222222222,0.037037037037037035,0.25925925925925924
7,topo_down_size,gen_low,8,0.25925925925925924,0.037037037037037035,0.2962962962962963
7,topo_down_size,gen_low,9,0.2962962962962963,0.037037037037037035,0.3333333333333333
7,topo_down_size,gen_low,10,0.3333333333333333,0.037037037037037035,0.37037037037037035
7,topo_down_size,gen_low,11,0.37037037037037035,0.037037037037037035,0.4074074074074074
7,topo_down_size,gen_low,12,0.4074074074074074,0.5925925925925926,1.0
7,topo_down_size,vul_low,1,0.0,0.0,0.0
7,topo_down_size,vul_low,2,0.037037037037037035,0.0,0.037037037037037035
7,topo_down_size,vul_low,3,0.07407407407407407,0.0,0.07407407407407407
7,topo_down_size,vul_low,4,0.1111111111111111,0.0,0.1111111111111111
7,topo_down_size,vul_low,5,0.14814814814814814,0.0,0.14814814814814814
7,topo_down_size,vul_low,6,0.18518518518518517,0.0,0.18518518518518517
7,topo_down_size,vul_low,7,0.2222222222222222,0.0,0.2222222222222222
7,topo_down_size,vul_low,8,0.25925925925925924,0.037037037037037035,0.2962962962962963
7,topo_down_size,vul_low,9,0.2962962962962963,0.037037037037037035,0.3333333333333333
7,topo_down_size,vul_low,10,0.3333333333333333,0.07407407407407407,0.4074074074074074
7,topo_down_size,vul_low,11,0.37037037037037035,0.2222222222222222,0.5925925925925926
7,topo_down_size,vul_low,12,0.4074074074074074,0.5925925925925926,1.0
7,topo_down_size,rand_basal,1,0.0,0.0,0.0
7,topo_down_size,rand_basal,2,0.037037037037037035,0.0,0.037037037037037035
7,topo_down_size,rand_basal,3,0.07407407407407407,0.0,0.07407407407407407
7,topo_down_size,rand_basal,4,0.1111111111111111,0.0,0.1111111111111111
7,topo_down_size,rand_basal,5,0.14814814814814814,0.0,0.14814814814814814
7,topo_down_size,rand_basal,6,0.18518518518518517,0.0,0.18518518518518517
7,topo_down_size,rand_basal,7,0.2222222222222222,0.037037037037037035,0.25925925925925924
7,topo_down_size,rand_basal,8,0.25925925925925924,0.037037037037037035,0.2962962962962963
7,topo_down_size,rand_basal,9,0.2962962962962963,0.037037037037037035,0.3333333333333333
7,topo_down_size,rand_basal,10,0.3333333333333333,0.037037037037037035,0.37037037037037035
7,topo_down_size,rand_basal,11,0.37037037037037035,0.037037037037037035,0.4074074074074074
7,topo_down_size,rand_basal,12,0.4074074074074074,0.037037037037037035,0.4444444444444444
7,topo_down_size,rand_basal,13,0.4444444444444444,0.037037037037037035,0.48148148148148145
7,topo_down_size,rand_basal,14,0.48148148148148145,0.037037037037037035,0.5185185185185185
7,topo_down_size,rand_basal,15,0.5185185185185185,0.07407407407407407,0.5925925925925926
7,topo_down_size,rand_basal,16,0.5555555555555556,0.07407407407407407,0.6296296296296297
7,topo_down_size,rand_basal,17,0.5925925925925926,0.07407407407407407,0.6666666666666666
7,topo_down_size,rand_consumer,1,0.0,0.0,0.0
7,topo_down_size,rand_consumer,2,0.037037037037037035,0.0,0.037037037037037035
7,topo_down_size,rand_consumer,3,0.07407407407407407,0.0,0.07407407407407407
7,topo_down_size,rand_consumer,4,0.1111111111111111,0.037037037037037035,0.14814814814814814
7,topo_down_size,rand_consumer,5,0.14814814814814814,0.037037037037037035,0.18518518518518517
7,topo_down_size,rand_consumer,6,0.18518518518518517,0.037037037037037035,0.2222222222222222
7,topo_down_size,rand_consumer,7,0.2222222222222222,0.037037037037037035,0.25925925925925924
7,topo_down_size,rand_consumer,8,0.25925925925925924,0.037037037037037035,0.2962962962962963
7,topo_down_size,rand_consumer,9,0.2962962962962963,0.037037037037037035,0.3333333333333333
7,topo_down_size,rand_consumer,10,0.3333333333333333,0.037037037037037035,0.37037037037037035
7,topo_down_size,rand_consumer,11,0.37037037037037035,0.1111111111111111,0.48148148148148145
7,topo_down_size,rand_consumer,12,0.4074074074074074,0.5925925925925926,1.0
7,topo_down_size,bm_high,1,0.0,0.0,0.0
7,topo_down_size,bm_high,2,0.037037037037037035,0.037037037037037035,0.07407407407407407
7,topo_down_size,bm_high,3,0.07407407407407407,0.037037037037037035,0.1111111111111111
7,topo_down_size,bm_high,4,0.1111111111111111,0.037037037037037035,0.14814814814814814
7,topo_down_size,bm_high,5,0.14814814814814814,0.037037037037037035,0.18518518518518517
7,topo_down_size,bm_high,6,0.18518518518518517,0.037037037037037035,0.2222222222222222
7,topo_down_size,bm_high,7,0.2222222222222222,0.037037037037037035,0.25925925925925924
7,topo_down_size,bm_high,8,0.25925925925925924,0.037037037037037035,0.2962962962962963
7,topo_down_size,bm_high,9,0.2962962962962963,0.037037037037037035,0.3333333333333333
7,topo_down_size,bm_high,10,0.3333333333333333,0.037037037037037035,0.37037037037037035
7,topo_down_size,bm_high,11,0.37037037037037035,0.037037037037037035,0.4074074074074074
7,topo_down_size,bm_high,12,0.4074074074074074,0.037037037037037035,0.4444444444444444
7,topo_down_size,bm_high,13,0.4444444444444444,0.037037037037037035,0.48148148148148145
7,topo_down_size,bm_high,14,0.48148148148148145,0.037037037037037035,0.5185185185185185
7,topo_down_size,bm_high,15,0.5185185185185185,0.03703703703703709,0.5555555555555556
7,topo_down_size,bm_high,16,0.5555555555555556,0.03703703703703698,0.5925925925925926
7,topo_down_size,bm_high,17,0.5925925925925926,0.03703703703703709,0.6296296296296297
7,topo_down_size,bm_high,18,0.6296296296296297,0.03703703703703698,0.6666666666666666
7,topo_down_size,bm_high,19,0.6666666666666666,0.03703703703703709,0.7037037037037037
7,topo_down_size,bm_high,20,0.7037037037037037,0.03703703703703698,0.7407407407407407
7,topo_down_size,bm_high,21,0.7407407407407407,0.03703703703703709,0.7777777777777778
7,topo_down_size,bm_high,22,0.7777777777777778,0.03703703703703698,0.8148148148148148
7,topo_down_size,bm_high,23,0.8148148148148148,0.03703703703703709,0.8518518518518519
7,topo_down_size,bm_high,24,0.8518518518518519,0.03703703703703698,0.8888888888888888
7,topo_down_size,bm_high,25,0.8888888888888888,0.11111111111111116,1.0
7,topo_down_size,gen_high,1,0.0,0.0,0.0
7,topo_down_size,gen_high,2,0.037037037037037035,0.0,0.037037037037037035
7,topo_down_size,gen_high,3,0.07407407407407407,0.0,0.07407407407407407
7,topo_down_size,gen_high,4,0.1111111111111111,0.0,0.1111111111111111
7,topo_down_size,gen_high,5,0.14814814814814814,0.037037037037037035,0.18518518518518517
7,topo_down_size,gen_high,6,0.18518518518518517,0.1111111111111111,0.2962962962962963
7,topo_down_size,gen_high,7,0.2222222222222222,0.14814814814814814,0.37037037037037035
7,topo_down_size,gen_high,8,0.25925925925925924,0.3333333333333333,0.5925925925925926
7,topo_down_size,gen_high,9,0.2962962962962963,0.37037037037037035,0.6666666666666666
7,topo_down_size,gen_high,10,0.3333333333333333,0.4444444444444445,0.7777777777777778
7,topo_down_size,gen_high,11,0.37037037037037035,0.5555555555555556,0.9259259259259259
7,topo_down_size,gen_high,12,0.4074074074074074,0.5925925925925926,1.0
7,topo_down_size,degree_high,1,0.0,0.0,0.0
7,topo_down_size,degree_high,2,0.037037037037037035,0.0,0.037037037037037035
7,topo_down_size,degree_high,3,0.07407407407407407,0.0,0.07407407407407407
7,topo_down_size,degree_high,4,0.1111111111111111,0.0,0.1111111111111111
7,topo_down_size,degree_high,5,0.14814814814814814,0.037037037037037035,0.18518518518518517
7,topo_down_size,degree_high,6,0.18518518518518517,0.1111111111111111,0.2962962962962963
7,topo_down_size,degree_high,7,0.2222222222222222,0.2962962962962963,0.5185185185185185
7,topo_down_size,degree_high,8,0.25925925925925924,0.29629629629629634,0.5555555555555556
7,topo_down_size,degree_high,9,0.2962962962962963,0.37037037037037035,0.6666666666666666
7,topo_down_size,degree_high,10,0.3333333333333333,0.4444444444444445,0.7777777777777778
7,topo_down_size,degree_high,11,0.37037037037037035,0.5555555555555556,0.9259259259259259
7,topo_down_size,degree_high,12,0.4074074074074074,0.5925925925925926,1.0
7,topo_down_size,degree_low,1,0.0,0.0,0.0
7,topo_down_size,degree_low,2,0.037037037037037035,0.037037037037037035,0.07407407407407407
7,topo_down_size,degree_low,3,0.07407407407407407,0.037037037037037035,0.1111111111111111
7,topo_down_size,degree_low,4,0.1111111111111111,0.037037037037037035,0.14814814814814814
7,topo_down_size,degree_low,5,0.14814814814814814,0.037037037037037035,0.18518518518518517
7,topo_down_size,degree_low,6,0.18518518518518517,0.037037037037037035,0.2222222222222222
7,topo_down_size,degree_low,7,0.2222222222222222,0.037037037037037035,0.25925925925925924
7,topo_down_size,degree_low,8,0.25925925925925924,0.037037037037037035,0.2962962962962963
7,topo_down_size,degree_low,9,0.2962962962962963,0.037037037037037035,0.3333333333333333
7,topo_down_size,degree_low,10,0.3333333333333333,0.037037037037037035,0.37037037037037035
7,topo_down_size,degree_low,11,0.37037037037037035,0.037037037037037035,0.4074074074074074
7,topo_down_size,degree_low,12,0.4074074074074074,0.5925925925925926,1.0
7,topo_down_size,vul_high,1,0.0,0.0,0.0
7,topo_down_size,vul_high,2,0.037037037037037035,0.0,0.037037037037037035
7,topo_down_size,vul_high,3,0.07407407407407407,0.0,0.07407407407407407
7,topo_down_size,vul_high,4,0.1111111111111111,0.0,0.1111111111111111
7,topo_down_size,vul_high,5,0.14814814814814814,0.0,0.14814814814814814
7,topo_down_size,vul_high,6,0.18518518518518517,0.0,0.18518518518518517
7,topo_down_size,vul_high,7,0.2222222222222222,0.2962962962962963,0.5185185185185185
7,topo_down_size,vul_high,8,0.25925925925925924,0.29629629629629634,0.5555555555555556
7,topo_down_size,vul_high,9,0.2962962962962963,0.2962962962962963,0.5925925925925926
7,topo_down_size,vul_high,10,0.3333333333333333,0.4444444444444445,0.7777777777777778
7,topo_down_size,vul_high,11,0.37037037037037035,0.4814814814814815,0.8518518518518519
7,topo_down_size,vul_high,12,0.4074074074074074,0.5925925925925926,1.0
7,topo_down_size,bm_low,1,0.0,0.0,0.0
7,topo_down_size,bm_low,2,0.037037037037037035,0.0,0.037037037037037035
7,topo_down_size,bm_low,3,0.07407407407407407,0.0,0.07407407407407407
7,topo_down_size,bm_low,4,0.1111111111111111,0.0,0.1111111111111111
7,topo_down_size,bm_low,5,0.14814814814814814,0.037037037037037035,0.18518518518518517
7,topo_down_size,bm_low,6,0.18518518518518517,0.037037037037037035,0.2222222222222222
7,topo_down_size,bm_low,7,0.2222222222222222,0.037037037037037035,0.25925925925925924
7,topo_down_size,bm_low,8,0.25925925925925924,0.037037037037037035,0.2962962962962963
7,topo_down_size,bm_low,9,0.2962962962962963,0.037037037037037035,0.3333333333333333
7,topo_down_size,bm_low,10,0.3333333333333333,0.037037037037037035,0.37037037037037035
7,topo_down_size,bm_low,11,0.37037037037037035,0.037037037037037035,0.4074074074074074
7,topo_down_size,bm_low,12,0.4074074074074074,0.037037037037037035,0.4444444444444444
7,topo_down_size,bm_low,13,0.4444444444444444,0.037037037037037035,0.48148148148148145
7,topo_down_size,bm_low,14,0.48148148148148145,0.037037037037037035,0.5185185185185185
7,topo_down_size,bm_low,15,0.5185185185185185,0.03703703703703709,0.5555555555555556
7,topo_down_size,bm_low,16,0.5555555555555556,0.03703703703703698,0.5925925925925926
7,topo_down_size,bm_low,17,0.5925925925925926,0.03703703703703709,0.6296296296296297
7,topo_down_size,bm_low,18,0.6296296296296297,0.03703703703703698,0.6666666666666666
7,topo_down_size,bm_low,19,0.6666666666666666,0.03703703703703709,0.7037037037037037
7,topo_down_size,bm_low,20,0.7037037037037037,0.03703703703703698,0.7407407407407407
7,topo_down_size,bm_low,21,0.7407407407407407,0.03703703703703709,0.7777777777777778
7,topo_down_size,bm_low,22,0.7777777777777778,0.03703703703703698,0.8148148148148148
7,topo_down_size,bm_low,23,0.8148148148148148,0.03703703703703709,0.8518518518518519
7,topo_down_size,bm_low,24,0.8518518518518519,0.03703703703703698,0.8888888888888888
7,topo_down_size,bm_low,25,0.8888888888888888,0.03703703703703709,0.9259259259259259
7,topo_down_size,bm_low,26,0.9259259259259259,0.03703703703703698,0.9629629629629629
7,topo_down_size,bm_low,27,0.9629629629629629,0.03703703703703709,1.0
7,topo_down,gen_low,1,0.0,0.0,0.0
7,topo_down,gen_low,2,0.02564102564102564,0.0,0.02564102564102564
7,topo_down,gen_low,3,0.05128205128205128,0.0,0.05128205128205128
7,topo_down,gen_low,4,0.07692307692307693,0.0,0.07692307692307693
7,topo_down,gen_low,5,0.10256410256410256,0.0,0.10256410256410256
7,topo_down,gen_low,6,0.1282051282051282,0.0,0.1282051282051282
7,topo_down,gen_low,7,0.15384615384615385,0.0,0.15384615384615385
7,topo_down,gen_low,8,0.1794871794871795,0.0,0.1794871794871795
7,topo_down,gen_low,9,0.20512820512820512,0.0,0.20512820512820512
7,topo_down,gen_low,10,0.23076923076923078,0.0,0.23076923076923078
7,topo_down,gen_low,11,0.2564102564102564,0.0,0.2564102564102564
7,topo_down,gen_low,12,0.28205128205128205,0.02564102564102566,0.3076923076923077
7,topo_down,gen_low,13,0.3076923076923077,0.025641025641025605,0.3333333333333333
7,topo_down,gen_low,14,0.3333333333333333,0.02564102564102566,0.358974358974359
7,topo_down,gen_low,15,0.358974358974359,0.02564102564102566,0.38461538461538464
7,topo_down,gen_low,16,0.38461538461538464,0.025641025641025605,0.41025641025641024
7,topo_down,gen_low,17,0.41025641025641024,0.05128205128205132,0.46153846153846156
7,topo_down,gen_low,18,0.4358974358974359,0.051282051282051266,0.48717948717948717
7,topo_down,gen_low,19,0.46153846153846156,0.05128205128205121,0.5128205128205128
7,topo_down,gen_low,20,0.48717948717948717,0.051282051282051266,0.5384615384615384
7,topo_down,gen_low,21,0.5128205128205128,0.05128205128205132,0.5641025641025641
7,topo_down,gen_low,22,0.5384615384615384,0.05128205128205132,0.5897435897435898
7,topo_down,gen_low,23,0.5641025641025641,0.15384615384615385,0.717948717948718
7,topo_down,gen_low,24,0.5897435897435898,0.15384615384615385,0.7435897435897436
7,topo_down,gen_low,25,0.6153846153846154,0.15384615384615385,0.7692307692307693
7,topo_down,gen_low,26,0.6410256410256411,0.15384615384615374,0.7948717948717948
7,topo_down,gen_low,27,0.6666666666666666,0.33333333333333337,1.0
7,topo_down,vul_low,1,0.0,0.0,0.0
7,topo_down,vul_low,2,0.02564102564102564,0.0,0.02564102564102564
7,topo_down,vul_low,3,0.05128205128205128,0.0,0.05128205128205128
7,topo_down,vul_low,4,0.07692307692307693,0.0,0.07692307692307693
7,topo_down,vul_low,5,0.10256410256410256,0.0,0.10256410256410256
7,topo_down,vul_low,6,0.1282051282051282,0.0,0.1282051282051282
7,topo_down,vul_low,7,0.15384615384615385,0.0,0.15384615384615385
7,topo_down,vul_low,8,0.1794871794871795,0.0,0.1794871794871795
7,topo_down,vul_low,9,0.20512820512820512,0.0,0.20512820512820512
7,topo_down,vul_low,10,0.23076923076923078,0.0,0.23076923076923078
7,topo_down,vul_low,11,0.2564102564102564,0.0,0.2564102564102564
7,topo_down,vul_low,12,0.28205128205128205,0.0,0.28205128205128205
7,topo_down,vul_low,13,0.3076923076923077,0.0,0.3076923076923077
7,topo_down,vul_low,14,0.3333333333333333,0.0,0.3333333333333333
7,topo_down,vul_low,15,0.358974358974359,0.0,0.358974358974359
7,topo_down,vul_low,16,0.38461538461538464,0.0,0.38461538461538464
7,topo_down,vul_low,17,0.41025641025641024,0.02564102564102566,0.4358974358974359
7,topo_down,vul_low,18,0.4358974358974359,0.02564102564102566,0.46153846153846156
7,topo_down,vul_low,19,0.46153846153846156,0.15384615384615385,0.6153846153846154
7,topo_down,vul_low,20,0.48717948717948717,0.1538461538461539,0.6410256410256411
7,topo_down,vul_low,21,0.5128205128205128,0.17948717948717952,0.6923076923076923
7,topo_down,vul_low,22,0.5384615384615384,0.23076923076923084,0.7692307692307693
7,topo_down,vul_low,23,0.5641025641025641,0.23076923076923073,0.7948717948717948
7,topo_down,vul_low,24,0.5897435897435898,0.2564102564102564,0.8461538461538461
7,topo_down,vul_low,25,0.6153846153846154,0.2564102564102564,0.8717948717948718
7,topo_down,vul_low,26,0.6410256410256411,0.3076923076923076,0.9487179487179487
7,topo_down,vul_low,27,0.6666666666666666,0.33333333333333337,1.0
7,topo_down,rand_basal,1,0.0,0.0,0.0
7,topo_down,rand_basal,2,0.02564102564102564,0.02564102564102564,0.05128205128205128
7,topo_down,rand_basal,3,0.05128205128205128,0.025641025641025647,0.07692307692307693
7,topo_down,rand_basal,4,0.07692307692307693,0.025641025641025633,0.10256410256410256
7,topo_down,rand_basal,5,0.10256410256410256,0.025641025641025633,0.1282051282051282
7,topo_down,rand_basal,6,0.1282051282051282,0.02564102564102566,0.15384615384615385
7,topo_down,rand_basal,7,0.15384615384615385,0.025641025641025633,0.1794871794871795
7,topo_down,rand_basal,8,0.1794871794871795,0.025641025641025633,0.20512820512820512
7,topo_down,rand_basal,9,0.20512820512820512,0.02564102564102566,0.23076923076923078
7,topo_down,rand_basal,10,0.23076923076923078,0.15384615384615385,0.38461538461538464
7,topo_down,rand_basal,11,0.2564102564102564,0.17948717948717952,0.4358974358974359
7,topo_down,rand_basal,12,0.28205128205128205,0.17948717948717952,0.46153846153846156
7,topo_down,rand_basal,13,0.3076923076923077,0.41025641025641024,0.717948717948718
7,topo_down,rand_basal,14,0.3333333333333333,0.4102564102564103,0.7435897435897436
7,topo_down,rand_consumer,1,0.0,0.0,0.0
7,topo_down,rand_consumer,2,0.02564102564102564,0.0,0.02564102564102564
7,topo_down,rand_consumer,3,0.05128205128205128,0.0,0.05128205128205128
7,topo_down,rand_consumer,4,0.07692307692307693,0.0,0.07692307692307693
7,topo_down,rand_consumer,5,0.10256410256410256,0.0,0.10256410256410256
7,topo_down,rand_consumer,6,0.1282051282051282,0.0,0.1282051282051282
7,topo_down,rand_consumer,7,0.15384615384615385,0.0,0.15384615384615385
7,topo_down,rand_consumer,8,0.1794871794871795,0.0,0.1794871794871795
7,topo_down,rand_consumer,9,0.20512820512820512,0.0,0.20512820512820512
7,topo_down,rand_consumer,10,0.23076923076923078,0.0,0.23076923076923078
7,topo_down,rand_consumer,11,0.2564102564102564,0.0,0.2564102564102564
7,topo_down,rand_consumer,12,0.28205128205128205,0.0,0.28205128205128205
7,topo_down,rand_consumer,13,0.3076923076923077,0.0,0.3076923076923077
7,topo_down,rand_consumer,14,0.3333333333333333,0.02564102564102566,0.358974358974359
7,topo_down,rand_consumer,15,0.358974358974359,0.02564102564102566,0.38461538461538464
7,topo_down,rand_consumer,16,0.38461538461538464,0.025641025641025605,0.41025641025641024
7,topo_down,rand_consumer,17,0.41025641025641024,0.05128205128205132,0.46153846153846156
7,topo_down,rand_consumer,18,0.4358974358974359,0.051282051282051266,0.48717948717948717
7,topo_down,rand_consumer,19,0.46153846153846156,0.07692307692307687,0.5384615384615384
7,topo_down,rand_consumer,20,0.48717948717948717,0.07692307692307693,0.5641025641025641
7,topo_down,rand_consumer,21,0.5128205128205128,0.07692307692307698,0.5897435897435898
7,topo_down,rand_consumer,22,0.5384615384615384,0.07692307692307698,0.6153846153846154
7,topo_down,rand_consumer,23,0.5641025641025641,0.07692307692307698,0.6410256410256411
7,topo_down,rand_consumer,24,0.5897435897435898,0.20512820512820507,0.7948717948717948
7,topo_down,rand_consumer,25,0.6153846153846154,0.2564102564102564,0.8717948717948718
7,topo_down,rand_consumer,26,0.6410256410256411,0.3076923076923076,0.9487179487179487
7,topo_down,rand_consumer,27,0.6666666666666666,0.33333333333333337,1.0
7,topo_down,bm_high,1,0.0,0.0,0.0
7,topo_down,bm_high,2,0.02564102564102564,0.02564102564102564,0.05128205128205128
7,topo_down,bm_high,3,0.05128205128205128,0.025641025641025647,0.07692307692307693
7,topo_down,bm_high,4,0.07692307692307693,0.025641025641025633,0.10256410256410256
7,topo_down,bm_high,5,0.10256410256410256,0.025641025641025633,0.1282051282051282
7,topo_down,bm_high,6,0.1282051282051282,0.02564102564102566,0.15384615384615385
7,topo_down,bm_high,7,0.15384615384615385,0.051282051282051266,0.20512820512820512
7,topo_down,bm_high,8,0.1794871794871795,0.051282051282051294,0.23076923076923078
7,topo_down,bm_high,9,0.20512820512820512,0.051282051282051266,0.2564102564102564
7,topo_down,bm_high,10,0.23076923076923078,0.051282051282051266,0.28205128205128205
7,topo_down,bm_high,11,0.2564102564102564,0.05128205128205132,0.3076923076923077
7,topo_down,bm_high,12,0.28205128205128205,0.051282051282051266,0.3333333333333333
7,topo_down,bm_high,13,0.3076923076923077,0.051282051282051266,0.358974358974359
7,topo_down,bm_high,14,0.3333333333333333,0.05128205128205132,0.38461538461538464
7,topo_down,bm_high,15,0.358974358974359,0.051282051282051266,0.41025641025641024
7,topo_down,bm_high,16,0.38461538461538464,0.051282051282051266,0.4358974358974359
7,topo_down,bm_high,17,0.41025641025641024,0.05128205128205132,0.46153846153846156
7,topo_down,bm_high,18,0.4358974358974359,0.051282051282051266,0.48717948717948717
7,topo_down,bm_high,19,0.46153846153846156,0.05128205128205121,0.5128205128205128
7,topo_down,bm_high,20,0.48717948717948717,0.051282051282051266,0.5384615384615384
7,topo_down,bm_high,21,0.5128205128205128,0.05128205128205132,0.5641025641025641
7,topo_down,bm_high,22,0.5384615384615384,0.05128205128205132,0.5897435897435898
7,topo_down,bm_high,23,0.5641025641025641,0.05128205128205132,0.6153846153846154
7,topo_down,bm_high,24,0.5897435897435898,0.05128205128205132,0.6410256410256411
7,topo_down,bm_high,25,0.6153846153846154,0.05128205128205121,0.6666666666666666
7,topo_down,bm_high,26,0.6410256410256411,0.05128205128205121,0.6923076923076923
7,topo_down,bm_high,27,0.6666666666666666,0.05128205128205132,0.717948717948718
7,topo_down,bm_high,28,0.6923076923076923,0.05128205128205132,0.7435897435897436
7,topo_down,bm_high,29,0.717948717948718,0.05128205128205132,0.7692307692307693
7,topo_down,bm_high,30,0.7435897435897436,0.10256410256410253,0.8461538461538461
7,topo_down,bm_high,31,0.7692307692307693,0.15384615384615385,0.9230769230769231
7,topo_down,bm_high,32,0.7948717948717948,0.20512820512820518,1.0
7,topo_down,gen_high,1,0.0,0.0,0.0
7,topo_down,gen_high,2,0.02564102564102564,0.0,0.02564102564102564
7,topo_down,gen_high,3,0.05128205128205128,0.0,0.05128205128205128
7,topo_down,gen_high,4,0.07692307692307693,0.0,0.07692307692307693
7,topo_down,gen_high,5,0.10256410256410256,0.0,0.10256410256410256
7,topo_down,gen_high,6,0.1282051282051282,0.02564102564102566,0.15384615384615385
7,topo_down,gen_high,7,0.15384615384615385,0.07692307692307693,0.23076923076923078
7,topo_down,gen_high,8,0.1794871794871795,0.0769230769230769,0.2564102564102564
7,topo_down,gen_high,9,0.20512820512820512,0.10256410256410259,0.3076923076923077
7,topo_down,gen_high,10,0.23076923076923078,0.1282051282051282,0.358974358974359
7,topo_down,gen_high,11,0.2564102564102564,0.15384615384615385,0.41025641025641024
7,topo_down,gen_high,12,0.28205128205128205,0.20512820512820512,0.48717948717948717
7,topo_down,gen_high,13,0.3076923076923077,0.20512820512820507,0.5128205128205128
7,topo_down,gen_high,14,0.3333333333333333,0.23076923076923078,0.5641025641025641
7,topo_down,gen_high,15,0.358974358974359,0.23076923076923078,0.5897435897435898
7,topo_down,gen_high,16,0.38461538461538464,0.25641025641025644,0.6410256410256411
7,topo_down,gen_high,17,0.41025641025641024,0.2564102564102564,0.6666666666666666
7,topo_down,gen_high,18,0.4358974358974359,0.2564102564102564,0.6923076923076923
7,topo_down,gen_high,19,0.46153846153846156,0.2564102564102564,0.717948717948718
7,topo_down,gen_high,20,0.48717948717948717,0.25641025641025644,0.7435897435897436
7,topo_down,gen_high,21,0.5128205128205128,0.2564102564102565,0.7692307692307693
7,topo_down,gen_high,22,0.5384615384615384,0.2564102564102564,0.7948717948717948
7,topo_down,gen_high,23,0.5641025641025641,0.28205128205128205,0.8461538461538461
7,topo_down,gen_high,24,0.5897435897435898,0.28205128205128205,0.8717948717948718
7,topo_down,gen_high,25,0.6153846153846154,0.28205128205128205,0.8974358974358975
7,topo_down,gen_high,26,0.6410256410256411,0.3076923076923076,0.9487179487179487
7,topo_down,gen_high,27,0.6666666666666666,0.33333333333333337,1.0
7,topo_down,degree_high,1,0.0,0.0,0.0
7,topo_down,degree_high,2,0.02564102564102564,0.0,0.02564102564102564
7,topo_down,degree_high,3,0.05128205128205128,0.0,0.05128205128205128
7,topo_down,degree_high,4,0.07692307692307693,0.0,0.07692307692307693
7,topo_down,degree_high,5,0.10256410256410256,0.0,0.10256410256410256
7,topo_down,degree_high,6,0.1282051282051282,0.02564102564102566,0.15384615384615385
7,topo_down,degree_high,7,0.15384615384615385,0.07692307692307693,0.23076923076923078
7,topo_down,degree_high,8,0.1794871794871795,0.0769230769230769,0.2564102564102564
7,topo_down,degree_high,9,0.20512820512820512,0.10256410256410259,0.3076923076923077
7,topo_down,degree_high,10,0.23076923076923078,0.1282051282051282,0.358974358974359
7,topo_down,degree_high,11,0.2564102564102564,0.15384615384615385,0.41025641025641024
7,topo_down,degree_high,12,0.28205128205128205,0.20512820512820512,0.48717948717948717
7,topo_down,degree_high,13,0.3076923076923077,0.20512820512820507,0.5128205128205128
7,topo_down,degree_high,14,0.3333333333333333,0.23076923076923078,0.5641025641025641
7,topo_down,degree_high,15,0.358974358974359,0.23076923076923078,0.5897435897435898
7,topo_down,degree_high,16,0.38461538461538464,0.25641025641025644,0.6410256410256411
7,topo_down,degree_high,17,0.41025641025641024,0.2564102564102564,0.6666666666666666
7,topo_down,degree_high,18,0.4358974358974359,0.2564102564102564,0.6923076923076923
7,topo_down,degree_high,19,0.46153846153846156,0.2564102564102564,0.717948717948718
7,topo_down,degree_high,20,0.48717948717948717,0.25641025641025644,0.7435897435897436
7,topo_down,degree_high,21,0.5128205128205128,0.2564102564102565,0.7692307692307693
7,topo_down,degree_high,22,0.5384615384615384,0.2564102564102564,0.7948717948717948
7,topo_down,degree_high,23,0.5641025641025641,0.28205128205128205,0.8461538461538461
7,topo_down,degree_high,24,0.5897435897435898,0.28205128205128205,0.8717948717948718
7,topo_down,degree_high,25,0.6153846153846154,0.28205128205128205,0.8974358974358975
7,topo_down,degree_high,26,0.6410256410256411,0.3076923076923076,0.9487179487179487
7,topo_down,degree_high,27,0.6666666666666666,0.33333333333333337,1.0
7,topo_down,degree_low,1,0.0,0.0,0.0
7,topo_down,degree_low,2,0.02564102564102564,0.0,0.02564102564102564
7,topo_down,degree_low,3,0.05128205128205128,0.0,0.05128205128205128
7,topo_down,degree_low,4,0.07692307692307693,0.0,0.07692307692307693
7,topo_down,degree_low,5,0.10256410256410256,0.0,0.10256410256410256
7,topo_down,degree_low,6,0.1282051282051282,0.0,0.1282051282051282
7,topo_down,degree_low,7,0.15384615384615385,0.0,0.15384615384615385
7,topo_down,degree_low,8,0.1794871794871795,0.0,0.1794871794871795
7,topo_down,degree_low,9,0.20512820512820512,0.0,0.20512820512820512
7,topo_down,degree_low,10,0.23076923076923078,0.0,0.23076923076923078
7,topo_down,degree_low,11,0.2564102564102564,0.0,0.2564102564102564
7,topo_down,degree_low,12,0.28205128205128205,0.02564102564102566,0.3076923076923077
7,topo_down,degree_low,13,0.3076923076923077,0.025641025641025605,0.3333333333333333
7,topo_down,degree_low,14,0.3333333333333333,0.02564102564102566,0.358974358974359
7,topo_down,degree_low,15,0.358974358974359,0.02564102564102566,0.38461538461538464
7,topo_down,degree_low,16,0.38461538461538464,0.051282051282051266,0.4358974358974359
7,topo_down,degree_low,17,0.41025641025641024,0.05128205128205132,0.46153846153846156
7,topo_down,degree_low,18,0.4358974358974359,0.051282051282051266,0.48717948717948717
7,topo_down,degree_low,19,0.46153846153846156,0.05128205128205121,0.5128205128205128
7,topo_down,degree_low,20,0.48717948717948717,0.051282051282051266,0.5384615384615384
7,topo_down,degree_low,21,0.5128205128205128,0.05128205128205132,0.5641025641025641
7,topo_down,degree_low,22,0.5384615384615384,0.05128205128205132,0.5897435897435898
7,topo_down,degree_low,23,0.5641025641025641,0.05128205128205132,0.6153846153846154
7,topo_down,degree_low,24,0.5897435897435898,0.05128205128205132,0.6410256410256411
7,topo_down,degree_low,25,0.6153846153846154,0.05128205128205121,0.6666666666666666
7,topo_down,degree_low,26,0.6410256410256411,0.07692307692307687,0.717948717948718
7,topo_down,degree_low,27,0.6666666666666666,0.33333333333333337,1.0
7,topo_down,vul_high,1,0.0,0.0,0.0
7,topo_down,vul_high,2,0.02564102564102564,0.0,0.02564102564102564
7,topo_down,vul_high,3,0.05128205128205128,0.0,0.05128205128205128
7,topo_down,vul_high,4,0.07692307692307693,0.0,0.07692307692307693
7,topo_down,vul_high,5,0.10256410256410256,0.0,0.10256410256410256
7,topo_down,vul_high,6,0.1282051282051282,0.0,0.1282051282051282
7,topo_down,vul_high,7,0.15384615384615385,0.0,0.15384615384615385
7,topo_down,vul_high,8,0.1794871794871795,0.0,0.1794871794871795
7,topo_down,vul_high,9,0.20512820512820512,0.02564102564102566,0.23076923076923078
7,topo_down,vul_high,10,0.23076923076923078,0.025641025641025605,0.2564102564102564
7,topo_down,vul_high,11,0.2564102564102564,0.05128205128205132,0.3076923076923077
7,topo_down,vul_high,12,0.28205128205128205,0.051282051282051266,0.3333333333333333
7,topo_down,vul_high,13,0.3076923076923077,0.051282051282051266,0.358974358974359
7,topo_down,vul_high,14,0.3333333333333333,0.05128205128205132,0.38461538461538464
7,topo_down,vul_high,15,0.358974358974359,0.051282051282051266,0.41025641025641024
7,topo_down,vul_high,16,0.38461538461538464,0.07692307692307693,0.46153846153846156
7,topo_down,vul_high,17,0.41025641025641024,0.10256410256410253,0.5128205128205128
7,topo_down,vul_high,18,0.4358974358974359,0.10256410256410253,0.5384615384615384
7,topo_down,vul_high,19,0.46153846153846156,0.10256410256410253,0.5641025641025641
7,topo_down,vul_high,20,0.48717948717948717,0.10256410256410259,0.5897435897435898
7,topo_down,vul_high,21,0.5128205128205128,0.1282051282051283,0.6410256410256411
7,topo_down,vul_high,22,0.5384615384615384,0.28205128205128205,0.8205128205128205
7,topo_down,vul_high,23,0.5641025641025641,0.28205128205128205,0.8461538461538461
7,topo_down,vul_high,24,0.5897435897435898,0.28205128205128205,0.8717948717948718
7,topo_down,vul_high,25,0.6153846153846154,0.28205128205128205,0.8974358974358975
7,topo_down,vul_high,26,0.6410256410256411,0.3076923076923076,0.9487179487179487
7,topo_down,vul_high,27,0.6666666666666666,0.33333333333333337,1.0
7,topo_down,bm_low,1,0.0,0.0,0.0
7,topo_down,bm_low,2,0.02564102564102564,0.0,0.02564102564102564
7,topo_down,bm_low,3,0.05128205128205128,0.0,0.05128205128205128
7,topo_down,bm_low,4,0.07692307692307693,0.0,0.07692307692307693
7,topo_down,bm_low,5,0.10256410256410256,0.0,0.10256410256410256
7,topo_down,bm_low,6,0.1282051282051282,0.0,0.1282051282051282
7,topo_down,bm_low,7,0.15384615384615385,0.0,0.15384615384615385
7,topo_down,bm_low,8,0.1794871794871795,0.025641025641025633,0.20512820512820512
7,topo_down,bm_low,9,0.20512820512820512,0.051282051282051266,0.2564102564102564
7,topo_down,bm_low,10,0.23076923076923078,0.051282051282051266,0.28205128205128205
7,topo_down,bm_low,11,0.2564102564102564,0.15384615384615385,0.41025641025641024
7,topo_down,bm_low,12,0.28205128205128205,0.33333333333333337,0.6153846153846154
7,topo_down,bm_low,13,0.3076923076923077,0.3589743589743589,0.6666666666666666
7,topo_down,bm_low,14,0.3333333333333333,0.358974358974359,0.6923076923076923
7,topo_down,bm_low,15,0.358974358974359,0.358974358974359,0.717948717948718
7,topo_down,bm_low,16,0.38461538461538464,0.358974358974359,0.7435897435897436
7,topo_down,bm_low,17,0.41025641025641024,0.35897435897435903,0.7692307692307693
7,topo_down,bm_low,18,0.4358974358974359,0.3589743589743589,0.7948717948717948
7,topo_down,bm_low,19,0.46153846153846156,0.3589743589743589,0.8205128205128205
7,topo_down,bm_low,20,0.48717948717948717,0.358974358974359,0.8461538461538461
7,topo_down,bm_low,21,0.5128205128205128,0.35897435897435903,0.8717948717948718
7,topo_down,bm_low,22,0.5384615384615384,0.35897435897435903,0.8974358974358975
7,topo_down,bm_low,23,0.5641025641025641,0.35897435897435903,0.9230769230769231
7,topo_down,bm_low,24,0.5897435897435898,0.3589743589743589,0.9487179487179487
7,topo_down,bm_low,25,0.6153846153846154,0.3589743589743589,0.9743589743589743
7,topo_down,bm_low,26,0.6410256410256411,0.3589743589743589,1.0
8,topo_niche,gen_low,1,0.0,0.0,0.0
8,topo_niche,gen_low,2,0.1111111111111111,0.0,0.1111111111111111
8,topo_niche,gen_low,3,0.2222222222222222,0.0,0.2222222222222222
8,topo_niche,gen_low,4,0.3333333333333333,0.0,0.3333333333333333
8,topo_niche,gen_low,5,0.4444444444444444,0.0,0.4444444444444444
8,topo_niche,gen_low,6,0.5555555555555556,0.0,0.5555555555555556
8,topo_niche,gen_low,7,0.6666666666666666,0.33333333333333337,1.0
8,topo_niche,vul_low,1,0.0,0.0,0.0
8,topo_niche,vul_low,2,0.1111111111111111,0.0,0.1111111111111111
8,topo_niche,vul_low,3,0.2222222222222222,0.0,0.2222222222222222
8,topo_niche,vul_low,4,0.3333333333333333,0.0,0.3333333333333333
8,topo_niche,vul_low,5,0.4444444444444444,0.2222222222222222,0.6666666666666666
8,topo_niche,vul_low,6,0.5555555555555556,0.33333333333333326,0.8888888888888888
8,topo_niche,vul_low,7,0.6666666666666666,0.33333333333333337,1.0
8,topo_niche,rand_basal,1,0.0,0.0,0.0
8,topo_niche,rand_basal,2,0.1111111111111111,0.0,0.1111111111111111
8,topo_niche,rand_basal,3,0.2222222222222222,0.4444444444444444,0.6666666666666666
8,topo_niche,rand_basal,4,0.3333333333333333,0.5555555555555556,0.8888888888888888
8,topo_niche,rand_consumer,1,0.0,0.0,0.0
8,topo_niche,rand_consumer,2,0.1111111111111111,0.0,0.1111111111111111
8,topo_niche,rand_consumer,3,0.2222222222222222,0.0,0.2222222222222222
8,topo_niche,rand_consumer,4,0.3333333333333333,0.0,0.3333333333333333
8,topo_niche,rand_consumer,5,0.4444444444444444,0.0,0.4444444444444444
8,topo_niche,rand_consumer,6,0.5555555555555556,0.33333333333333326,0.8888888888888888
8,topo_niche,rand_consumer,7,0.6666666666666666,0.33333333333333337,1.0
8,topo_niche,bm_high,1,0.0,0.0,0.0
8,topo_niche,bm_high,2,0.1111111111111111,0.1111111111111111,0.2222222222222222
8,topo_niche,bm_high,3,0.2222222222222222,0.1111111111111111,0.3333333333333333
8,topo_niche,bm_high,4,0.3333333333333333,0.1111111111111111,0.4444444444444444
8,topo_niche,bm_high,5,0.4444444444444444,0.11111111111111116,0.5555555555555556
8,topo_niche,bm_high,6,0.5555555555555556,0.2222222222222222,0.7777777777777778
8,topo_niche,bm_high,7,0.6666666666666666,0.33333333333333337,1.0
8,topo_niche,gen_high,1,0.0,0.0,0.0
8,topo_niche,gen_high,2,0.1111111111111111,0.2222222222222222,0.3333333333333333
8,topo_niche,gen_high,3,0.2222222222222222,0.2222222222222222,0.4444444444444444
8,topo_niche,gen_high,4,0.3333333333333333,0.22222222222222227,0.5555555555555556
8,topo_niche,gen_high,5,0.4444444444444444,0.2222222222222222,0.6666666666666666
8,topo_niche,gen_high,6,0.5555555555555556,0.2222222222222222,0.7777777777777778
8,topo_niche,gen_high,7,0.6666666666666666,0.33333333333333337,1.0
8,topo_niche,degree_high,1,0.0,0.0,0.0
8,topo_niche,degree_high,2,0.1111111111111111,0.2222222222222222,0.3333333333333333
8,topo_niche,degree_high,3,0.2222222222222222,0.33333333333333337,0.5555555555555556
8,topo_niche,degree_high,4,0.3333333333333333,0.3333333333333333,0.6666666666666666
8,topo_niche,degree_high,5,0.4444444444444444,0.33333333333333337,0.7777777777777778
8,topo_niche,degree_high,6,0.5555555555555556,0.4444444444444444,1.0
8,topo_niche,degree_low,1,0.0,0.0,0.0
8,topo_niche,degree_low,2,0.1111111111111111,0.0,0.1111111111111111
8,topo_niche,degree_low,3,0.2222222222222222,0.0,0.2222222222222222
8,topo_niche,degree_low,4,0.3333333333333333,0.0,0.3333333333333333
8,topo_niche,degree_low,5,0.4444444444444444,0.0,0.4444444444444444
8,topo_niche,degree_low,6,0.5555555555555556,0.0,0.5555555555555556
8,topo_niche,degree_low,7,0.6666666666666666,0.33333333333333337,1.0
8,topo_niche,vul_high,1,0.0,0.0,0.0
8,topo_niche,vul_high,2,0.1111111111111111,0.0,0.1111111111111111
8,topo_niche,vul_high,3,0.2222222222222222,0.1111111111111111,0.3333333333333333
8,topo_niche,vul_high,4,0.3333333333333333,0.3333333333333333,0.6666666666666666
8,topo_niche,vul_high,5,0.4444444444444444,0.33333333333333337,0.7777777777777778
8,topo_niche,vul_high,6,0.5555555555555556,0.4444444444444444,1.0
8,topo_niche,bm_low,1,0.0,0.0,0.0
8,topo_niche,bm_low,2,0.1111111111111111,0.0,0.1111111111111111
8,topo_niche,bm_low,3,0.2222222222222222,0.1111111111111111,0.3333333333333333
8,topo_niche,bm_low,4,0.3333333333333333,0.1111111111111111,0.4444444444444444
8,topo_niche,bm_low,5,0.4444444444444444,0.11111111111111116,0.5555555555555556
8,topo_niche,bm_low,6,0.5555555555555556,0.33333333333333326,0.8888888888888888
8,topo_niche,bm_low,7,0.6666666666666666,0.33333333333333337,1.0
8,topo_down_size,gen_low,1,0.0,0.0,0.0
8,topo_down_size,gen_low,2,0.037037037037037035,0.037037037037037035,0.07407407407407407
8,topo_down_size,gen_low,3,0.07407407407407407,0.037037037037037035,0.1111111111111111
8,topo_down_size,gen_low,4,0.1111111111111111,0.037037037037037035,0.14814814814814814
8,topo_down_size,gen_low,5,0.14814814814814814,0.037037037037037035,0.18518518518518517
8,topo_down_size,gen_low,6,0.18518518518518517,0.037037037037037035,0.2222222222222222
8,topo_down_size,gen_low,7,0.2222222222222222,0.037037037037037035,0.25925925925925924
8,topo_down_size,gen_low,8,0.25925925925925924,0.037037037037037035,0.2962962962962963
8,topo_down_size,gen_low,9,0.2962962962962963,0.037037037037037035,0.3333333333333333
8,topo_down_size,gen_low,10,0.3333333333333333,0.037037037037037035,0.37037037037037035
8,topo_down_size,gen_low,11,0.37037037037037035,0.037037037037037035,0.4074074074074074
8,topo_down_size,gen_low,12,0.4074074074074074,0.5925925925925926,1.0
8,topo_down_size,vul_low,1,0.0,0.0,0.0
8,topo_down_size,vul_low,2,0.037037037037037035,0.0,0.037037037037037035
8,topo_down_size,vul_low,3,0.07407407407407407,0.0,0.07407407407407407
8,topo_down_size,vul_low,4,0.1111111111111111,0.0,0.1111111111111111
8,topo_down_size,vul_low,5,0.14814814814814814,0.0,0.14814814814814814
8,topo_down_size,vul_low,6,0.18518518518518517,0.0,0.18518518518518517
8,topo_down_size,vul_low,7,0.2222222222222222,0.0,0.2222222222222222
8,topo_down_size,vul_low,8,0.25925925925925924,0.0,0.25925925925925924
8,topo_down_size,vul_low,9,0.2962962962962963,0.0,0.2962962962962963
8,topo_down_size,vul_low,10,0.3333333333333333,0.22222222222222227,0.5555555555555556
8,topo_down_size,vul_low,11,0.37037037037037035,0.2962962962962963,0.6666666666666666
8,topo_down_size,vul_low,12,0.4074074074074074,0.5925925925925926,1.0
8,topo_down_size,rand_basal,1,0.0,0.0,0.0
8,topo_down_size,rand_basal,2,0.037037037037037035,0.0,0.037037037037037035
8,topo_down_size,rand_basal,3,0.07407407407407407,0.0,0.07407407407407407
8,topo_down_size,rand_basal,4,0.1111111111111111,0.0,0.1111111111111111
8,topo_down_size,rand_basal,5,0.14814814814814814,0.0,0.14814814814814814
8,topo_down_size,rand_basal,6,0.18518518518518517,0.037037037037037035,0.2222222222222222
8,topo_down_size,rand_basal,7,0.2222222222222222,0.037037037037037035,0.25925925925925924
8,topo_down_size,rand_basal,8,0.25925925925925924,0.037037037037037035,0.2962962962962963
8,topo_down_size,rand_basal,9,0.2962962962962963,0.037037037037037035,0.3333333333333333
8,topo_down_size,rand_basal,10,0.3333333333333333,0.037037037037037035,0.37037037037037035
8,topo_down_size,rand_basal,11,0.37037037037037035,0.037037037037037035,0.4074074074074074
8,topo_down_size,rand_basal,12,0.4074074074074074,0.037037037037037035,0.4444444444444444
8,topo_down_size,rand_basal,13,0.4444444444444444,0.037037037037037035,0.48148148148148145
8,topo_down_size,rand_basal,14,0.48148148148148145,0.037037037037037035,0.5185185185185185
8,topo_down_size,rand_basal,15,0.5185185185185185,0.03703703703703709,0.5555555555555556
8,topo_down_size,rand_basal,16,0.5555555555555556,0.03703703703703698,0.5925925925925926
8,topo_down_size,rand_basal,17,0.5925925925925926,0.03703703703703709,0.6296296296296297
8,topo_down_size,rand_consumer,1,0.0,0.0,0.0
8,topo_down_size,rand_consumer,2,0.037037037037037035,0.0,0.037037037037037035
8,topo_down_size,rand_consumer,3,0.07407407407407407,0.0,0.07407407407407407
8,topo_down_size,rand_consumer,4,0.1111111111111111,0.0,0.1111111111111111
8,topo_down_size,rand_consumer,5,0.14814814814814814,0.0,0.14814814814814814
8,topo_down_size,rand_consumer,6,0.18518518518518517,0.0,0.18518518518518517
8,topo_down_size,rand_consumer,7,0.2222222222222222,0.037037037037037035,0.25925925925925924
8,topo_down_size,rand_consumer,8,0.25925925925925924,0.037037037037037035,0.2962962962962963
8,topo_down_size,rand_consumer,9,0.2962962962962963,0.037037037037037035,0.3333333333333333
8,topo_down_size,rand_consumer,10,0.3333333333333333,0.3703703703703704,0.7037037037037037
8,topo_down_size,rand_consumer,11,0.37037037037037035,0.4444444444444444,0.8148148148148148
8,topo_down_size,rand_consumer,12,0.4074074074074074,0.5925925925925926,1.0
8,topo_down_size,bm_high,1,0.0,0.0,0.0
8,topo_down_size,bm_high,2,0.037037037037037035,0.037037037037037035,0.07407407407407407
8,topo_down_size,bm_high,3,0.07407407407407407,0.037037037037037035,0.1111111111111111
8,topo_down_size,bm_high,4,0.1111111111111111,0.037037037037037035,0.14814814814814814
8,topo_down_size,bm_high,5,0.14814814814814814,0.037037037037037035,0.18518518518518517
8,topo_down_size,bm_high,6,0.18518518518518517,0.037037037037037035,0.2222222222222222
8,topo_down_size,bm_high,7,0.2222222222222222,0.037037037037037035,0.25925925925925924
8,topo_down_size,bm_high,8,0.25925925925925924,0.037037037037037035,0.2962962962962963
8,topo_down_size,bm_high,9,0.2962962962962963,0.037037037037037035,0.3333333333333333
8,topo_down_size,bm_high,10,0.3333333333333333,0.037037037037037035,0.37037037037037035
8,topo_down_size,bm_high,11,0.37037037037037035,0.037037037037037035,0.4074074074074074
8,topo_down_size,bm_high,12,0.4074074074074074,0.037037037037037035,0.4444444444444444
8,topo_down_size,bm_high,13,0.4444444444444444,0.037037037037037035,0.48148148148148145
8,topo_down_size,bm_high,14,0.48148148148148145,0.037037037037037035,0.5185185185185185
8,topo_down_size,bm_high,15,0.5185185185185185,0.03703703703703709,0.5555555555555556
8,topo_down_size,bm_high,16,0.5555555555555556,0.03703703703703698,0.5925925925925926
8,topo_down_size,bm_high,17,0.5925925925925926,0.03703703703703709,0.6296296296296297
8,topo_down_size,bm_high,18,0.6296296296296297,0.03703703703703698,0.6666666666666666
8,topo_down_size,bm_high,19,0.6666666666666666,0.03703703703703709,0.7037037037037037
8,topo_down_size,bm_high,20,0.7037037037037037,0.03703703703703698,0.7407407407407407
8,topo_down_size,bm_high,21,0.7407407407407407,0.03703703703703709,0.7777777777777778
8,topo_down_size,bm_high,22,0.7777777777777778,0.03703703703703698,0.8148148148148148
8,topo_down_size,bm_high,23,0.8148148148148148,0.03703703703703709,0.8518518518518519
8,topo_down_size,bm_high,24,0.8518518518518519,0.03703703703703698,0.8888888888888888
8,topo_down_size,bm_high,25,0.8888888888888888,0.11111111111111116,1.0
8,topo_down_size,gen_high,1,0.0,0.0,0.0
8,topo_down_size,gen_high,2,0.037037037037037035,0.0,0.037037037037037035
8,topo_down_size,gen_high,3,0.07407407407407407,0.0,0.07407407407407407
8,topo_down_size,gen_high,4,0.1111111111111111,0.0,0.1111111111111111
8,topo_down_size,gen_high,5,0.14814814814814814,0.037037037037037035,0.18518518518518517
8,topo_down_size,gen_high,6,0.18518518518518517,0.07407407407407407,0.25925925925925924
8,topo_down_size,gen_high,7,0.2222222222222222,0.2222222222222222,0.4444444444444444
8,topo_down_size,gen_high,8,0.25925925925925924,0.25925925925925924,0.5185185185185185
8,topo_down_size,gen_high,9,0.2962962962962963,0.2962962962962963,0.5925925925925926
8,topo_down_size,gen_high,10,0.3333333333333333,0.3333333333333333,0.6666666666666666
8,topo_down_size,gen_high,11,0.37037037037037035,0.4814814814814815,0.8518518518518519
8,topo_down_size,gen_high,12,0.4074074074074074,0.5925925925925926,1.0
8,topo_down_size,degree_high,1,0.0,0.0,0.0
8,topo_down_size,degree_high,2,0.037037037037037035,0.0,0.037037037037037035
8,topo_down_size,degree_high,3,0.07407407407407407,0.0,0.07407407407407407
8,topo_down_size,degree_high,4,0.1111111111111111,0.0,0.1111111111111111
8,topo_down_size,degree_high,5,0.14814814814814814,0.037037037037037035,0.18518518518518517
8,topo_down_size,degree_high,6,0.18518518518518517,0.07407407407407407,0.25925925925925924
8,topo_down_size,degree_high,7,0.2222222222222222,0.2222222222222222,0.4444444444444444
8,topo_down_size,degree_high,8,0.25925925925925924,0.2222222222222222,0.48148148148148145
8,topo_down_size,degree_high,9,0.2962962962962963,0.2592592592592593,0.5555555555555556
8,topo_down_size,degree_high,10,0.3333333333333333,0.3333333333333333,0.6666666666666666
8,topo_down_size,degree_high,11,0.37037037037037035,0.4814814814814815,0.8518518518518519
8,topo_down_size,degree_high,12,0.4074074074074074,0.5925925925925926,1.0
8,topo_down_size,degree_low,1,0.0,0.0,0.0
8,topo_down_size,degree_low,2,0.037037037037037035,0.0,0.037037037037037035
8,topo_down_size,degree_low,3,0.07407407407407407,0.0,0.07407407407407407
8,topo_down_size,degree_low,4,0.1111111111111111,0.0,0.1111111111111111
8,topo_down_size,degree_low,5,0.14814814814814814,0.037037037037037035,0.18518518518518517
8,topo_down_size,degree_low,6,0.18518518518518517,0.037037037037037035,0.2222222222222222
8,topo_down_size,degree_low,7,0.2222222222222222,0.037037037037037035,0.25925925925925924
8,topo_down_size,degree_low,8,0.25925925925925924,0.037037037037037035,0.2962962962962963
8,topo_down_size,degree_low,9,0.2962962962962963,0.037037037037037035,0.3333333333333333
8,topo_down_size,degree_low,10,0.3333333333333333,0.037037037037037035,0.37037037037037035
8,topo_down_size,degree_low,11,0.37037037037037035,0.037037037037037035,0.4074074074074074
8,topo_down_size,degree_low,12,0.4074074074074074,0.5925925925925926,1.0
8,topo_down_size,vul_high,1,0.0,0.0,0.0
8,topo_down_size,vul_high,2,0.037037037037037035,0.0,0.037037037037037035
8,topo_down_size,vul_high,3,0.07407407407407407,0.0,0.07407407407407407
8,topo_down_size,vul_high,4,0.1111111111111111,0.0,0.1111111111111111
8,topo_down_size,vul_high,5,0.14814814814814814,0.0,0.14814814814814814
8,topo_down_size,vul_high,6,0.18518518518518517,0.0,0.18518518518518517
8,topo_down_size,vul_high,7,0.2222222222222222,0.0,0.2222222222222222
8,topo_down_size,vul_high,8,0.25925925925925924,0.2222222222222222,0.48148148148148145
8,topo_down_size,vul_high,9,0.2962962962962963,0.2592592592592593,0.5555555555555556
8,topo_down_size,vul_high,10,0.3333333333333333,0.3333333333333333,0.6666666666666666
8,topo_down_size,vul_high,11,0.37037037037037035,0.4444444444444444,0.8148148148148148
8,topo_down_size,vul_high,12,0.4074074074074074,0.5925925925925926,1.0
8,topo_down_size,bm_low,1,0.0,0.0,0.0
8,topo_down_size,bm_low,2,0.037037037037037035,0.0,0.037037037037037035
8,topo_down_size,bm_low,3,0.07407407407407407,0.0,0.07407407407407407
8,topo_down_size,bm_low,4,0.1111111111111111,0.0,0.1111111111111111
8,topo_down_size,bm_low,5,0.14814814814814814,0.0,0.14814814814814814
8,topo_down_size,bm_low,6,0.18518518518518517,0.0,0.18518518518518517
8,topo_down_size,bm_low,7,0.2222222222222222,0.0,0.2222222222222222
8,topo_down_size,bm_low,8,0.25925925925925924,0.0,0.25925925925925924
8,topo_down_size,bm_low,9,0.2962962962962963,0.0,0.2962962962962963
8,topo_down_size,bm_low,10,0.3333333333333333,0.0,0.3333333333333333
8,topo_down_size,bm_low,11,0.37037037037037035,0.0,0.37037037037037035
8,topo_down_size,bm_low,12,0.4074074074074074,0.037037037037037035,0.4444444444444444
8,topo_down_size,bm_low,13,0.4444444444444444,0.037037037037037035,0.48148148148148145
8,topo_down_size,bm_low,14,0.48148148148148145,0.037037037037037035,0.5185185185185185
8,topo_down_size,bm_low,15,0.5185185185185185,0.03703703703703709,0.5555555555555556
8,topo_down_size,bm_low,16,0.5555555555555556,0.03703703703703698,0.5925925925925926
8,topo_down_size,bm_low,17,0.5925925925925926,0.03703703703703709,0.6296296296296297
8,topo_down_size,bm_low,18,0.6296296296296297,0.03703703703703698,0.6666666666666666
8,topo_down_size,bm_low,19,0.6666666666666666,0.03703703703703709,0.7037037037037037
8,topo_down_size,bm_low,20,0.7037037037037037,0.03703703703703698,0.7407407407407407
8,topo_down_size,bm_low,21,0.7407407407407407,0.03703703703703709,0.7777777777777778
8,topo_down_size,bm_low,22,0.7777777777777778,0.03703703703703698,0.8148148148148148
8,topo_down_size,bm_low,23,0.8148148148148148,0.03703703703703709,0.8518518518518519
8,topo_down_size,bm_low,24,0.8518518518518519,0.03703703703703698,0.8888888888888888
8,topo_down_size,bm_low,25,0.8888888888888888,0.03703703703703709,0.9259259259259259
8,topo_down_size,bm_low,26,0.9259259259259259,0.07407407407407407,1.0
8,topo_down,gen_low,1,0.0,0.0,0.0
8,topo_down,gen_low,2,0.02631578947368421,0.0,0.02631578947368421
8,topo_down,gen_low,3,0.05263157894736842,0.0,0.05263157894736842
8,topo_down,gen_low,4,0.07894736842105263,0.0,0.07894736842105263
8,topo_down,gen_low,5,0.10526315789473684,0.0,0.10526315789473684
8,topo_down,gen_low,6,0.13157894736842105,0.0,0.13157894736842105
8,topo_down,gen_low,7,0.15789473684210525,0.0,0.15789473684210525
8,topo_down,gen_low,8,0.18421052631578946,0.0,0.18421052631578946
8,topo_down,gen_low,9,0.21052631578947367,0.0,0.21052631578947367
8,topo_down,gen_low,10,0.23684210526315788,0.0,0.23684210526315788
8,topo_down,gen_low,11,0.2631578947368421,0.0,0.2631578947368421
8,topo_down,gen_low,12,0.2894736842105263,0.0,0.2894736842105263
8,topo_down,gen_low,13,0.3157894736842105,0.0,0.3157894736842105
8,topo_down,gen_low,14,0.34210526315789475,0.02631578947368418,0.3684210526315789
8,topo_down,gen_low,15,0.3684210526315789,0.026315789473684237,0.39473684210526316
8,topo_down,gen_low,16,0.39473684210526316,0.02631578947368418,0.42105263157894735
8,topo_down,gen_low,17,0.42105263157894735,0.026315789473684237,0.4473684210526316
8,topo_down,gen_low,18,0.4473684210526316,0.02631578947368418,0.47368421052631576
8,topo_down,gen_low,19,0.47368421052631576,0.026315789473684237,0.5
8,topo_down,gen_low,20,0.5,0.1578947368421053,0.6578947368421053
8,topo_down,gen_low,21,0.5263157894736842,0.1578947368421053,0.6842105263157895
8,topo_down,gen_low,22,0.5526315789473685,0.1578947368421052,0.7105263157894737
8,topo_down,gen_low,23,0.5789473684210527,0.1578947368421052,0.7368421052631579
8,topo_down,gen_low,24,0.6052631578947368,0.1578947368421053,0.7631578947368421
8,topo_down,gen_low,25,0.631578947368421,0.368421052631579,1.0
8,topo_down,vul_low,1,0.0,0.0,0.0
8,topo_down,vul_low,2,0.02631578947368421,0.0,0.02631578947368421
8,topo_down,vul_low,3,0.05263157894736842,0.0,0.05263157894736842
8,topo_down,vul_low,4,0.07894736842105263,0.0,0.07894736842105263
8,topo_down,vul_low,5,0.10526315789473684,0.0,0.10526315789473684
8,topo_down,vul_low,6,0.13157894736842105,0.0,0.13157894736842105
8,topo_down,vul_low,7,0.15789473684210525,0.0,0.15789473684210525
8,topo_down,vul_low,8,0.18421052631578946,0.0,0.18421052631578946
8,topo_down,vul_low,9,0.21052631578947367,0.0,0.21052631578947367
8,topo_down,vul_low,10,0.23684210526315788,0.0,0.23684210526315788
8,topo_down,vul_low,11,0.2631578947368421,0.0,0.2631578947368421
8,topo_down,vul_low,12,0.2894736842105263,0.0,0.2894736842105263
8,topo_down,vul_low,13,0.3157894736842105,0.0,0.3157894736842105
8,topo_down,vul_low,14,0.34210526315789475,0.0,0.34210526315789475
8,topo_down,vul_low,15,0.3684210526315789,0.0,0.3684210526315789
8,topo_down,vul_low,16,0.39473684210526316,0.02631578947368418,0.42105263157894735
8,topo_down,vul_low,17,0.42105263157894735,0.1578947368421053,0.5789473684210527
8,topo_down,vul_low,18,0.4473684210526316,0.15789473684210525,0.6052631578947368
8,topo_down,vul_low,19,0.47368421052631576,0.2368421052631579,0.7105263157894737
8,topo_down,vul_low,20,0.5,0.23684210526315785,0.7368421052631579
8,topo_down,vul_low,21,0.5263157894736842,0.23684210526315796,0.7631578947368421
8,topo_down,vul_low,22,0.5526315789473685,0.26315789473684204,0.8157894736842105
8,topo_down,vul_low,23,0.5789473684210527,0.26315789473684204,0.8421052631578947
8,topo_down,vul_low,24,0.6052631578947368,0.2894736842105263,0.8947368421052632
8,topo_down,vul_low,25,0.631578947368421,0.368421052631579,1.0
8,topo_down,rand_basal,1,0.0,0.0,0.0
8,topo_down,rand_basal,2,0.02631578947368421,0.0,0.02631578947368421
8,topo_down,rand_basal,3,0.05263157894736842,0.02631578947368421,0.07894736842105263
8,topo_down,rand_basal,4,0.07894736842105263,0.02631578947368421,0.10526315789473684
8,topo_down,rand_basal,5,0.10526315789473684,0.02631578947368421,0.13157894736842105
8,topo_down,rand_basal,6,0.13157894736842105,0.02631578947368421,0.15789473684210525
8,topo_down,rand_basal,7,0.15789473684210525,0.02631578947368421,0.18421052631578946
8,topo_down,rand_basal,8,0.18421052631578946,0.15789473684210528,0.34210526315789475
8,topo_down,rand_basal,9,0.21052631578947367,0.15789473684210525,0.3684210526315789
8,topo_down,rand_basal,10,0.23684210526315788,0.18421052631578946,0.42105263157894735
8,topo_down,rand_basal,11,0.2631578947368421,0.1842105263157895,0.4473684210526316
8,topo_down,rand_basal,12,0.2894736842105263,0.21052631578947367,0.5
8,topo_down,rand_basal,13,0.3157894736842105,0.23684210526315796,0.5526315789473685
8,topo_down,rand_basal,14,0.34210526315789475,0.3684210526315789,0.7105263157894737
8,topo_down,rand_basal,15,0.3684210526315789,0.3947368421052632,0.7631578947368421
8,topo_down,rand_consumer,1,0.0,0.0,0.0
8,topo_down,rand_consumer,2,0.02631578947368421,0.0,0.02631578947368421
8,topo_down,rand_consumer,3,0.05263157894736842,0.0,0.05263157894736842
8,topo_down,rand_consumer,4,0.07894736842105263,0.0,0.07894736842105263
8,topo_down,rand_consumer,5,0.10526315789473684,0.0,0.10526315789473684
8,topo_down,rand_consumer,6,0.13157894736842105,0.0,0.13157894736842105
8,topo_down,rand_consumer,7,0.15789473684210525,0.0,0.15789473684210525
8,topo_down,rand_consumer,8,0.18421052631578946,0.0,0.18421052631578946
8,topo_down,rand_consumer,9,0.21052631578947367,0.0,0.21052631578947367
8,topo_down,rand_consumer,10,0.23684210526315788,0.0,0.23684210526315788
8,topo_down,rand_consumer,11,0.2631578947368421,0.0,0.2631578947368421
8,topo_down,rand_consumer,12,0.2894736842105263,0.0,0.2894736842105263
8,topo_down,rand_consumer,13,0.3157894736842105,0.026315789473684237,0.34210526315789475
8,topo_down,rand_consumer,14,0.34210526315789475,0.02631578947368418,0.3684210526315789
8,topo_down,rand_consumer,15,0.3684210526315789,0.026315789473684237,0.39473684210526316
8,topo_down,rand_consumer,16,0.39473684210526316,0.02631578947368418,0.42105263157894735
8,topo_down,rand_consumer,17,0.42105263157894735,0.1842105263157895,0.6052631578947368
8,topo_down,rand_consumer,18,0.4473684210526316,0.18421052631578944,0.631578947368421
8,topo_down,rand_consumer,19,0.47368421052631576,0.18421052631578955,0.6578947368421053
8,topo_down,rand_consumer,20,0.5,0.1842105263157895,0.6842105263157895
8,topo_down,rand_consumer,21,0.5263157894736842,0.23684210526315796,0.7631578947368421
8,topo_down,rand_consumer,22,0.5526315789473685,0.2894736842105262,0.8421052631578947
8,topo_down,rand_consumer,23,0.5789473684210527,0.3157894736842105,0.8947368421052632
8,topo_down,rand_consumer,24,0.6052631578947368,0.3421052631578947,0.9473684210526315
8,topo_down,rand_consumer,25,0.631578947368421,0.368421052631579,1.0
8,topo_down,bm_high,1,0.0,0.0,0.0
8,topo_down,bm_high,2,0.02631578947368421,0.0,0.02631578947368421
8,topo_down,bm_high,3,0.05263157894736842,0.0,0.05263157894736842
8,topo_down,bm_high,4,0.07894736842105263,0.0,0.07894736842105263
8,topo_down,bm_high,5,0.10526315789473684,0.02631578947368421,0.13157894736842105
8,topo_down,bm_high,6,0.13157894736842105,0.02631578947368421,0.15789473684210525
8,topo_down,bm_high,7,0.15789473684210525,0.02631578947368421,0.18421052631578946
8,topo_down,bm_high,8,0.18421052631578946,0.02631578947368421,0.21052631578947367
8,topo_down,bm_high,9,0.21052631578947367,0.02631578947368421,0.23684210526315788
8,topo_down,bm_high,10,0.23684210526315788,0.052631578947368446,0.2894736842105263
8,topo_down,bm_high,11,0.2631578947368421,0.05263157894736842,0.3157894736842105
8,topo_down,bm_high,12,0.2894736842105263,0.05263157894736842,0.34210526315789475
8,topo_down,bm_high,13,0.3157894736842105,0.23684210526315796,0.5526315789473685
8,topo_down,bm_high,14,0.34210526315789475,0.2368421052631579,0.5789473684210527
8,topo_down,bm_high,15,0.3684210526315789,0.2368421052631579,0.6052631578947368
8,topo_down,bm_high,16,0.39473684210526316,0.23684210526315785,0.631578947368421
8,topo_down,bm_high,17,0.42105263157894735,0.23684210526315796,0.6578947368421053
8,topo_down,bm_high,18,0.4473684210526316,0.2631578947368421,0.7105263157894737
8,topo_down,bm_high,19,0.47368421052631576,0.2631578947368421,0.7368421052631579
8,topo_down,bm_high,20,0.5,0.26315789473684215,0.7631578947368421
8,topo_down,bm_high,21,0.5263157894736842,0.26315789473684215,0.7894736842105263
8,topo_down,bm_high,22,0.5526315789473685,0.2894736842105262,0.8421052631578947
8,topo_down,bm_high,23,0.5789473684210527,0.2894736842105263,0.868421052631579
8,topo_down,bm_high,24,0.6052631578947368,0.2894736842105263,0.8947368421052632
8,topo_down,bm_high,25,0.631578947368421,0.3157894736842105,0.9473684210526315
8,topo_down,bm_high,26,0.6578947368421053,0.3421052631578947,1.0
8,topo_down,gen_high,1,0.0,0.0,0.0
8,topo_down,gen_high,2,0.02631578947368421,0.0,0.02631578947368421
8,topo_down,gen_high,3,0.05263157894736842,0.0,0.05263157894736842
8,topo_down,gen_high,4,0.07894736842105263,0.0,0.07894736842105263
8,topo_down,gen_high,5,0.10526315789473684,0.0,0.10526315789473684
8,topo_down,gen_high,6,0.13157894736842105,0.02631578947368421,0.15789473684210525
8,topo_down,gen_high,7,0.15789473684210525,0.10526315789473684,0.2631578947368421
8,topo_down,gen_high,8,0.18421052631578946,0.10526315789473686,0.2894736842105263
8,topo_down,gen_high,9,0.21052631578947367,0.10526315789473684,0.3157894736842105
8,topo_down,gen_high,10,0.23684210526315788,0.13157894736842105,0.3684210526315789
8,topo_down,gen_high,11,0.2631578947368421,0.21052631578947367,0.47368421052631576
8,topo_down,gen_high,12,0.2894736842105263,0.23684210526315785,0.5263157894736842
8,topo_down,gen_high,13,0.3157894736842105,0.23684210526315796,0.5526315789473685
8,topo_down,gen_high,14,0.34210526315789475,0.2368421052631579,0.5789473684210527
8,topo_down,gen_high,15,0.3684210526315789,0.2368421052631579,0.6052631578947368
8,topo_down,gen_high,16,0.39473684210526316,0.26315789473684215,0.6578947368421053
8,topo_down,gen_high,17,0.42105263157894735,0.26315789473684215,0.6842105263157895
8,topo_down,gen_high,18,0.4473684210526316,0.2631578947368421,0.7105263157894737
8,topo_down,gen_high,19,0.47368421052631576,0.2894736842105264,0.7631578947368421
8,topo_down,gen_high,20,0.5,0.2894736842105263,0.7894736842105263
8,topo_down,gen_high,21,0.5263157894736842,0.3157894736842105,0.8421052631578947
8,topo_down,gen_high,22,0.5526315789473685,0.3157894736842105,0.868421052631579
8,topo_down,gen_high,23,0.5789473684210527,0.3157894736842105,0.8947368421052632
8,topo_down,gen_high,24,0.6052631578947368,0.3421052631578947,0.9473684210526315
8,topo_down,gen_high,25,0.631578947368421,0.368421052631579,1.0
8,topo_down,degree_high,1,0.0,0.0,0.0
8,topo_down,degree_high,2,0.02631578947368421,0.0,0.02631578947368421
8,topo_down,degree_high,3,0.05263157894736842,0.0,0.05263157894736842
8,topo_down,degree_high,4,0.07894736842105263,0.0,0.07894736842105263
8,topo_down,degree_high,5,0.10526315789473684,0.0,0.10526315789473684
8,topo_down,degree_high,6,0.13157894736842105,0.0,0.13157894736842105
8,topo_down,degree_high,7,0.15789473684210525,0.10526315789473684,0.2631578947368421
8,topo_down,degree_high,8,0.18421052631578946,0.10526315789473686,0.2894736842105263
8,topo_down,degree_high,9,0.21052631578947367,0.10526315789473684,0.3157894736842105
8,topo_down,degree_high,10,0.23684210526315788,0.13157894736842105,0.3684210526315789
8,topo_down,degree_high,11,0.2631578947368421,0.21052631578947367,0.47368421052631576
8,topo_down,degree_high,12,0.2894736842105263,0.23684210526315785,0.5263157894736842
8,topo_down,degree_high,13,0.3157894736842105,0.23684210526315796,0.5526315789473685
8,topo_down,degree_high,14,0.34210526315789475,0.2368421052631579,0.5789473684210527
8,topo_down,degree_high,15,0.3684210526315789,0.2368421052631579,0.6052631578947368
8,topo_down,degree_high,16,0.39473684210526316,0.26315789473684215,0.6578947368421053
8,topo_down,degree_high,17,0.42105263157894735,0.26315789473684215,0.6842105263157895
8,topo_down,degree_high,18,0.4473684210526316,0.2631578947368421,0.7105263157894737
8,topo_down,degree_high,19,0.47368421052631576,0.2894736842105264,0.7631578947368421
8,topo_down,degree_high,20,0.5,0.2894736842105263,0.7894736842105263
8,topo_down,degree_high,21,0.5263157894736842,0.3157894736842105,0.8421052631578947
8,topo_down,degree_high,22,0.5526315789473685,0.3157894736842105,0.868421052631579
8,topo_down,degree_high,23,0.5789473684210527,0.3157894736842105,0.8947368421052632
8,topo_down,degree_high,24,0.6052631578947368,0.3421052631578947,0.9473684210526315
8,topo_down,degree_high,25,0.631578947368421,0.368421052631579,1.0
8,topo_down,degree_low,1,0.0,0.0,0.0
8,topo_down,degree_low,2,0.02631578947368421,0.0,0.02631578947368421
8,topo_down,degree_low,3,0.05263157894736842,0.0,0.05263157894736842
8,topo_down,degree_low,4,0.07894736842105263,0.0,0.07894736842105263
8,topo_down,degree_low,5,0.10526315789473684,0.0,0.10526315789473684
8,topo_down,degree_low,6,0.13157894736842105,0.0,0.13157894736842105
8,topo_down,degree_low,7,0.15789473684210525,0.0,0.15789473684210525
8,topo_down,degree_low,8,0.18421052631578946,0.0,0.18421052631578946
8,topo_down,degree_low,9,0.21052631578947367,0.0,0.21052631578947367
8,topo_down,degree_low,10,0.23684210526315788,0.0,0.23684210526315788
8,topo_down,degree_low,11,0.2631578947368421,0.026315789473684237,0.2894736842105263
8,topo_down,degree_low,12,0.2894736842105263,0.02631578947368418,0.3157894736842105
8,topo_down,degree_low,13,0.3157894736842105,0.026315789473684237,0.34210526315789475
8,topo_down,degree_low,14,0.34210526315789475,0.02631578947368418,0.3684210526315789
8,topo_down,degree_low,15,0.3684210526315789,0.026315789473684237,0.39473684210526316
8,topo_down,degree_low,16,0.39473684210526316,0.02631578947368418,0.42105263157894735
8,topo_down,degree_low,17,0.42105263157894735,0.026315789473684237,0.4473684210526316
8,topo_down,degree_low,18,0.4473684210526316,0.02631578947368418,0.47368421052631576
8,topo_down,degree_low,19,0.47368421052631576,0.026315789473684237,0.5
8,topo_down,degree_low,20,0.5,0.02631578947368418,0.5263157894736842
8,topo_down,degree_low,21,0.5263157894736842,0.026315789473684292,0.5526315789473685
8,topo_down,degree_low,22,0.5526315789473685,0.02631578947368418,0.5789473684210527
8,topo_down,degree_low,23,0.5789473684210527,0.02631578947368418,0.6052631578947368
8,topo_down,degree_low,24,0.6052631578947368,0.052631578947368474,0.6578947368421053
8,topo_down,degree_low,25,0.631578947368421,0.368421052631579,1.0
8,topo_down,vul_high,1,0.0,0.0,0.0
8,topo_down,vul_high,2,0.02631578947368421,0.0,0.02631578947368421
8,topo_down,vul_high,3,0.05263157894736842,0.0,0.05263157894736842
8,topo_down,vul_high,4,0.07894736842105263,0.0,0.07894736842105263
8,topo_down,vul_high,5,0.10526315789473684,0.0,0.10526315789473684
8,topo_down,vul_high,6,0.13157894736842105,0.0,0.13157894736842105
8,topo_down,vul_high,7,0.15789473684210525,0.0,0.15789473684210525
8,topo_down,vul_high,8,0.18421052631578946,0.0,0.18421052631578946
8,topo_down,vul_high,9,0.21052631578947367,0.0,0.21052631578947367
8,topo_down,vul_high,10,0.23684210526315788,0.0,0.23684210526315788
8,topo_down,vul_high,11,0.2631578947368421,0.0,0.2631578947368421
8,topo_down,vul_high,12,0.2894736842105263,0.0,0.2894736842105263
8,topo_down,vul_high,13,0.3157894736842105,0.0,0.3157894736842105
8,topo_down,vul_high,14,0.34210526315789475,0.0,0.34210526315789475
8,topo_down,vul_high,15,0.3684210526315789,0.0,0.3684210526315789
8,topo_down,vul_high,16,0.39473684210526316,0.0,0.39473684210526316
8,topo_down,vul_high,17,0.42105263157894735,0.13157894736842113,0.5526315789473685
8,topo_down,vul_high,18,0.4473684210526316,0.15789473684210525,0.6052631578947368
8,topo_down,vul_high,19,0.47368421052631576,0.15789473684210525,0.631578947368421
8,topo_down,vul_high,20,0.5,0.1578947368421053,0.6578947368421053
8,topo_down,vul_high,21,0.5263157894736842,0.23684210526315796,0.7631578947368421
8,topo_down,vul_high,22,0.5526315789473685,0.2894736842105262,0.8421052631578947
8,topo_down,vul_high,23,0.5789473684210527,0.3157894736842105,0.8947368421052632
8,topo_down,vul_high,24,0.6052631578947368,0.3421052631578947,0.9473684210526315
8,topo_down,vul_high,25,0.631578947368421,0.368421052631579,1.0
8,topo_down,bm_low,1,0.0,0.0,0.0
8,topo_down,bm_low,2,0.02631578947368421,0.0,0.02631578947368421
8,topo_down,bm_low,3,0.05263157894736842,0.0,0.05263157894736842
8,topo_down,bm_low,4,0.07894736842105263,0.0,0.07894736842105263
8,topo_down,bm_low,5,0.10526315789473684,0.0,0.10526315789473684
8,topo_down,bm_low,6,0.13157894736842105,0.0,0.13157894736842105
8,topo_down,bm_low,7,0.15789473684210525,0.0,0.15789473684210525
8,topo_down,bm_low,8,0.18421052631578946,0.0,0.18421052631578946
8,topo_down,bm_low,9,0.21052631578947367,0.0,0.21052631578947367
8,topo_down,bm_low,10,0.23684210526315788,0.0,0.23684210526315788
8,topo_down,bm_low,11,0.2631578947368421,0.07894736842105265,0.34210526315789475
8,topo_down,bm_low,12,0.2894736842105263,0.10526315789473684,0.39473684210526316
8,topo_down,bm_low,13,0.3157894736842105,0.10526315789473684,0.42105263157894735
8,topo_down,bm_low,14,0.34210526315789475,0.18421052631578944,0.5263157894736842
8,topo_down,bm_low,15,0.3684210526315789,0.18421052631578955,0.5526315789473685
8,topo_down,bm_low,16,0.39473684210526316,0.1842105263157895,0.5789473684210527
8,topo_down,bm_low,17,0.42105263157894735,0.1842105263157895,0.6052631578947368
8,topo_down,bm_low,18,0.4473684210526316,0.18421052631578944,0.631578947368421
8,topo_down,bm_low,19,0.47368421052631576,0.18421052631578955,0.6578947368421053
8,topo_down,bm_low,20,0.5,0.21052631578947367,0.7105263157894737
8,topo_down,bm_low,21,0.5263157894736842,0.23684210526315796,0.7631578947368421
8,topo_down,bm_low,22,0.5526315789473685,0.23684210526315785,0.7894736842105263
8,topo_down,bm_low,23,0.5789473684210527,0.23684210526315785,0.8157894736842105
8,topo_down,bm_low,24,0.6052631578947368,0.23684210526315785,0.8421052631578947
8,topo_down,bm_low,25,0.631578947368421,0.23684210526315796,0.868421052631579
8,topo_down,bm_low,26,0.6578947368421053,0.23684210526315785,0.8947368421052632
8,topo_down,bm_low,27,0.6842105263157895,0.23684210526315785,0.9210526315789473
8,topo_down,bm_low,28,0.7105263157894737,0.23684210526315785,0.9473684210526315
8,topo_down,bm_low,29,0.7368421052631579,0.23684210526315796,0.9736842105263158
8,topo_down,bm_low,30,0.7631578947368421,0.23684210526315785,1.0
9,topo_niche,gen_low,1,0.0,0.0,0.0
9,topo_niche,gen_low,2,0.2,0.0,0.2
9,topo_niche,gen_low,3,0.4,0.0,0.4
9,topo_niche,gen_low,4,0.6,0.0,0.6
9,topo_niche,gen_low,5,0.8,0.19999999999999996,1.0
9,topo_niche,vul_low,1,0.0,0.0,0.0
9,topo_niche,vul_low,2,0.2,0.0,0.2
9,topo_niche,vul_low,3,0.4,0.0,0.4
9,topo_niche,vul_low,4,0.6,0.0,0.6
9,topo_niche,vul_low,5,0.8,0.19999999999999996,1.0
9,topo_niche,rand_basal,1,0.0,0.0,0.0
9,topo_niche,rand_basal,2,0.2,0.8,1.0
9,topo_niche,rand_consumer,1,0.0,0.0,0.0
9,topo_niche,rand_consumer,2,0.2,0.0,0.2
9,topo_niche,rand_consumer,3,0.4,0.0,0.4
9,topo_niche,rand_consumer,4,0.6,0.0,0.6
9,topo_niche,rand_consumer,5,0.8,0.19999999999999996,1.0
9,topo_niche,bm_high,1,0.0,0.0,0.0
9,topo_niche,bm_high,2,0.2,0.0,0.2
9,topo_niche,bm_high,3,0.4,0.0,0.4
9,topo_niche,bm_high,4,0.6,0.4,1.0
9,topo_niche,gen_high,1,0.0,0.0,0.0
9,topo_niche,gen_high,2,0.2,0.0,0.2
9,topo_niche,gen_high,3,0.4,0.0,0.4
9,topo_niche,gen_high,4,0.6,0.0,0.6
9,topo_niche,gen_high,5,0.8,0.19999999999999996,1.0
9,topo_niche,degree_high,1,0.0,0.0,0.0
9,topo_niche,degree_high,2,0.2,0.0,0.2
9,topo_niche,degree_high,3,0.4,0.0,0.4
9,topo_niche,degree_high,4,0.6,0.0,0.6
9,topo_niche,degree_high,5,0.8,0.19999999999999996,1.0
9,topo_niche,degree_low,1,0.0,0.0,0.0
9,topo_niche,degree_low,2,0.2,0.0,0.2
9,topo_niche,degree_low,3,0.4,0.0,0.4
9,topo_niche,degree_low,4,0.6,0.0,0.6
9,topo_niche,degree_low,5,0.8,0.19999999999999996,1.0
9,topo_niche,vul_high,1,0.0,0.0,0.0
9,topo_niche,vul_high,2,0.2,0.0,0.2
9,topo_niche,vul_high,3,0.4,0.0,0.4
9,topo_niche,vul_high,4,0.6,0.0,0.6
9,topo_niche,vul_high,5,0.8,0.19999999999999996,1.0
9,topo_niche,bm_low,1,0.0,0.0,0.0
9,topo_niche,bm_low,2,0.2,0.0,0.2
9,topo_niche,bm_low,3,0.4,0.0,0.4
9,topo_niche,bm_low,4,0.6,0.4,1.0
9,topo_down_size,gen_low,1,0.0,0.0,0.0
9,topo_down_size,gen_low,2,0.03571428571428571,0.0,0.03571428571428571
9,topo_down_size,gen_low,3,0.07142857142857142,0.03571428571428571,0.10714285714285714
9,topo_down_size,gen_low,4,0.10714285714285714,0.03571428571428571,0.14285714285714285
9,topo_down_size,gen_low,5,0.14285714285714285,0.035714285714285726,0.17857142857142858
9,topo_down_size,gen_low,6,0.17857142857142858,0.0357142857142857,0.21428571428571427
9,topo_down_size,gen_low,7,0.21428571428571427,0.035714285714285726,0.25
9,topo_down_size,gen_low,8,0.25,0.0357142857142857,0.2857142857142857
9,topo_down_size,gen_low,9,0.2857142857142857,0.035714285714285754,0.32142857142857145
9,topo_down_size,gen_low,10,0.32142857142857145,0.0357142857142857,0.35714285714285715
9,topo_down_size,gen_low,11,0.35714285714285715,0.0357142857142857,0.39285714285714285
9,topo_down_size,gen_low,12,0.39285714285714285,0.0357142857142857,0.42857142857142855
9,topo_down_size,gen_low,13,0.42857142857142855,0.5714285714285714,1.0
9,topo_down_size,vul_low,1,0.0,0.0,0.0
9,topo_down_size,vul_low,2,0.03571428571428571,0.0,0.03571428571428571
9,topo_down_size,vul_low,3,0.07142857142857142,0.0,0.07142857142857142
9,topo_down_size,vul_low,4,0.10714285714285714,0.0,0.10714285714285714
9,topo_down_size,vul_low,5,0.14285714285714285,0.0,0.14285714285714285
9,topo_down_size,vul_low,6,0.17857142857142858,0.0,0.17857142857142858
9,topo_down_size,vul_low,7,0.21428571428571427,0.0,0.21428571428571427
9,topo_down_size,vul_low,8,0.25,0.0,0.25
9,topo_down_size,vul_low,9,0.2857142857142857,0.0,0.2857142857142857
9,topo_down_size,vul_low,10,0.32142857142857145,0.0,0.32142857142857145
9,topo_down_size,vul_low,11,0.35714285714285715,0.0,0.35714285714285715
9,topo_down_size,vul_low,12,0.39285714285714285,0.42857142857142855,0.8214285714285714
9,topo_down_size,vul_low,13,0.42857142857142855,0.5714285714285714,1.0
9,topo_down_size,rand_basal,1,0.0,0.0,0.0
9,topo_down_size,rand_basal,2,0.03571428571428571,0.0,0.03571428571428571
9,topo_down_size,rand_basal,3,0.07142857142857142,0.0,0.07142857142857142
9,topo_down_size,rand_basal,4,0.10714285714285714,0.0,0.10714285714285714
9,topo_down_size,rand_basal,5,0.14285714285714285,0.0,0.14285714285714285
9,topo_down_size,rand_basal,6,0.17857142857142858,0.0,0.17857142857142858
9,topo_down_size,rand_basal,7,0.21428571428571427,0.0,0.21428571428571427
9,topo_down_size,rand_basal,8,0.25,0.0,0.25
9,topo_down_size,rand_basal,9,0.2857142857142857,0.0,0.2857142857142857
9,topo_down_size,rand_basal,10,0.32142857142857145,0.0,0.32142857142857145
9,topo_down_size,rand_basal,11,0.35714285714285715,0.0357142857142857,0.39285714285714285
9,topo_down_size,rand_basal,12,0.39285714285714285,0.0357142857142857,0.42857142857142855
9,topo_down_size,rand_basal,13,0.42857142857142855,0.035714285714285754,0.4642857142857143
9,topo_down_size,rand_basal,14,0.4642857142857143,0.0357142857142857,0.5
9,topo_down_size,rand_basal,15,0.5,0.0357142857142857,0.5357142857142857
9,topo_down_size,rand_basal,16,0.5357142857142857,0.0357142857142857,0.5714285714285714
9,topo_down_size,rand_basal,17,0.5714285714285714,0.0357142857142857,0.6071428571428571
9,topo_down_size,rand_consumer,1,0.0,0.0,0.0
9,topo_down_size,rand_consumer,2,0.03571428571428571,0.0,0.03571428571428571
9,topo_down_size,rand_consumer,3,0.07142857142857142,0.0,0.07142857142857142
9,topo_down_size,rand_consumer,4,0.10714285714285714,0.0,0.10714285714285714
9,topo_down_size,rand_consumer,5,0.14285714285714285,0.0,0.14285714285714285
9,topo_down_size,rand_consumer,6,0.17857142857142858,0.0,0.17857142857142858
9,topo_down_size,rand_consumer,7,0.21428571428571427,0.035714285714285726,0.25
9,topo_down_size,rand_consumer,8,0.25,0.0357142857142857,0.2857142857142857
9,topo_down_size,rand_consumer,9,0.2857142857142857,0.07142857142857145,0.35714285714285715
9,topo_down_size,rand_consumer,10,0.32142857142857145,0.0714285714285714,0.39285714285714285
9,topo_down_size,rand_consumer,11,0.35714285714285715,0.32142857142857145,0.6785714285714286
9,topo_down_size,rand_consumer,12,0.39285714285714285,0.46428571428571425,0.8571428571428571
9,topo_down_size,rand_consumer,13,0.42857142857142855,0.5714285714285714,1.0
9,topo_down_size,bm_high,1,0.0,0.0,0.0
9,topo_down_size,bm_high,2,0.03571428571428571,0.0,0.03571428571428571
9,topo_down_size,bm_high,3,0.07142857142857142,0.0,0.07142857142857142
9,topo_down_size,bm_high,4,0.10714285714285714,0.0,0.10714285714285714
9,topo_down_size,bm_high,5,0.14285714285714285,0.035714285714285726,0.17857142857142858
9,topo_down_size,bm_high,6,0.17857142857142858,0.0357142857142857,0.21428571428571427
9,topo_down_size,bm_high,7,0.21428571428571427,0.035714285714285726,0.25
9,topo_down_size,bm_high,8,0.25,0.0357142857142857,0.2857142857142857
9,topo_down_size,bm_high,9,0.2857142857142857,0.035714285714285754,0.32142857142857145
9,topo_down_size,bm_high,10,0.32142857142857145,0.0357142857142857,0.35714285714285715
9,topo_down_size,bm_high,11,0.35714285714285715,0.0357142857142857,0.39285714285714285
9,topo_down_size,bm_high,12,0.39285714285714285,0.0357142857142857,0.42857142857142855
9,topo_down_size,bm_high,13,0.42857142857142855,0.035714285714285754,0.4642857142857143
9,topo_down_size,bm_high,14,0.4642857142857143,0.0357142857142857,0.5
9,topo_down_size,bm_high,15,0.5,0.0357142857142857,0.5357142857142857
9,topo_down_size,bm_high,16,0.5357142857142857,0.0357142857142857,0.5714285714285714
9,topo_down_size,bm_high,17,0.5714285714285714,0.0357142857142857,0.6071428571428571
9,topo_down_size,bm_high,18,0.6071428571428571,0.03571428571428581,0.6428571428571429
9,topo_down_size,bm_high,19,0.6428571428571429,0.0357142857142857,0.6785714285714286
9,topo_down_size,bm_high,20,0.6785714285714286,0.0357142857142857,0.7142857142857143
9,topo_down_size,bm_high,21,0.7142857142857143,0.0357142857142857,0.75
9,topo_down_size,bm_high,22,0.75,0.0357142857142857,0.7857142857142857
9,topo_down_size,bm_high,23,0.7857142857142857,0.0357142857142857,0.8214285714285714
9,topo_down_size,bm_high,24,0.8214285714285714,0.0357142857142857,0.8571428571428571
9,topo_down_size,bm_high,25,0.8571428571428571,0.03571428571428581,0.8928571428571429
9,topo_down_size,bm_high,26,0.8928571428571429,0.1071428571428571,1.0
9,topo_down_size,gen_high,1,0.0,0.0,0.0
9,topo_down_size,gen_high,2,0.03571428571428571,0.0,0.03571428571428571
9,topo_down_size,gen_high,3,0.07142857142857142,0.0,0.07142857142857142
9,topo_down_size,gen_high,4,0.10714285714285714,0.0,0.10714285714285714
9,topo_down_size,gen_high,5,0.14285714285714285,0.035714285714285726,0.17857142857142858
9,topo_down_size,gen_high,6,0.17857142857142858,0.10714285714285712,0.2857142857142857
9,topo_down_size,gen_high,7,0.21428571428571427,0.17857142857142858,0.39285714285714285
9,topo_down_size,gen_high,8,0.25,0.2142857142857143,0.4642857142857143
9,topo_down_size,gen_high,9,0.2857142857142857,0.3214285714285714,0.6071428571428571
9,topo_down_size,gen_high,10,0.32142857142857145,0.39285714285714285,0.7142857142857143
9,topo_down_size,gen_high,11,0.35714285714285715,0.42857142857142855,0.7857142857142857
9,topo_down_size,gen_high,12,0.39285714285714285,0.5357142857142858,0.9285714285714286
9,topo_down_size,gen_high,13,0.42857142857142855,0.5714285714285714,1.0
9,topo_down_size,degree_high,1,0.0,0.0,0.0
9,topo_down_size,degree_high,2,0.03571428571428571,0.0,0.03571428571428571
9,topo_down_size,degree_high,3,0.07142857142857142,0.0,0.07142857142857142
9,topo_down_size,degree_high,4,0.10714285714285714,0.0,0.10714285714285714
9,topo_down_size,degree_high,5,0.14285714285714285,0.035714285714285726,0.17857142857142858
9,topo_down_size,degree_high,6,0.17857142857142858,0.10714285714285712,0.2857142857142857
9,topo_down_size,degree_high,7,0.21428571428571427,0.17857142857142858,0.39285714285714285
9,topo_down_size,degree_high,8,0.25,0.2142857142857143,0.4642857142857143
9,topo_down_size,degree_high,9,0.2857142857142857,0.2857142857142857,0.5714285714285714
9,topo_down_size,degree_high,10,0.32142857142857145,0.39285714285714285,0.7142857142857143
9,topo_down_size,degree_high,11,0.35714285714285715,0.42857142857142855,0.7857142857142857
9,topo_down_size,degree_high,12,0.39285714285714285,0.5357142857142858,0.9285714285714286
9,topo_down_size,degree_high,13,0.42857142857142855,0.5714285714285714,1.0
9,topo_down_size,degree_low,1,0.0,0.0,0.0
9,topo_down_size,degree_low,2,0.03571428571428571,0.0,0.03571428571428571
9,topo_down_size,degree_low,3,0.07142857142857142,0.0,0.07142857142857142
9,topo_down_size,degree_low,4,0.10714285714285714,0.0,0.10714285714285714
9,topo_down_size,degree_low,5,0.14285714285714285,0.0,0.14285714285714285
9,topo_down_size,degree_low,6,0.17857142857142858,0.0,0.17857142857142858
9,topo_down_size,degree_low,7,0.21428571428571427,0.035714285714285726,0.25
9,topo_down_size,degree_low,8,0.25,0.0357142857142857,0.2857142857142857
9,topo_down_size,degree_low,9,0.2857142857142857,0.035714285714285754,0.32142857142857145
9,topo_down_size,degree_low,10,0.32142857142857145,0.0357142857142857,0.35714285714285715
9,topo_down_size,degree_low,11,0.35714285714285715,0.0357142857142857,0.39285714285714285
9,topo_down_size,degree_low,12,0.39285714285714285,0.0357142857142857,0.42857142857142855
9,topo_down_size,degree_low,13,0.42857142857142855,0.5714285714285714,1.0
9,topo_down_size,vul_high,1,0.0,0.0,0.0
9,topo_down_size,vul_high,2,0.03571428571428571,0.0,0.03571428571428571
9,topo_down_size,vul_high,3,0.07142857142857142,0.0,0.07142857142857142
9,topo_down_size,vul_high,4,0.10714285714285714,0.0,0.10714285714285714
9,topo_down_size,vul_high,5,0.14285714285714285,0.0,0.14285714285714285
9,topo_down_size,vul_high,6,0.17857142857142858,0.0,0.17857142857142858
9,topo_down_size,vul_high,7,0.21428571428571427,0.035714285714285726,0.25
9,topo_down_size,vul_high,8,0.25,0.0357142857142857,0.2857142857142857
9,topo_down_size,vul_high,9,0.2857142857142857,0.035714285714285754,0.32142857142857145
9,topo_down_size,vul_high,10,0.32142857142857145,0.32142857142857145,0.6428571428571429
9,topo_down_size,vul_high,11,0.35714285714285715,0.39285714285714285,0.75
9,topo_down_size,vul_high,12,0.39285714285714285,0.5357142857142858,0.9285714285714286
9,topo_down_size,vul_high,13,0.42857142857142855,0.5714285714285714,1.0
9,topo_down_size,bm_low,1,0.0,0.0,0.0
9,topo_down_size,bm_low,2,0.03571428571428571,0.0,0.03571428571428571
9,topo_down_size,bm_low,3,0.07142857142857142,0.03571428571428571,0.10714285714285714
9,topo_down_size,bm_low,4,0.10714285714285714,0.03571428571428571,0.14285714285714285
9,topo_down_size,bm_low,5,0.14285714285714285,0.035714285714285726,0.17857142857142858
9,topo_down_size,bm_low,6,0.17857142857142858,0.0357142857142857,0.21428571428571427
9,topo_down_size,bm_low,7,0.21428571428571427,0.035714285714285726,0.25
9,topo_down_size,bm_low,8,0.25,0.0357142857142857,0.2857142857142857
9,topo_down_size,bm_low,9,0.2857142857142857,0.035714285714285754,0.32142857142857145
9,topo_down_size,bm_low,10,0.32142857142857145,0.0357142857142857,0.35714285714285715
9,topo_down_size,bm_low,11,0.35714285714285715,0.0357142857142857,0.39285714285714285
9,topo_down_size,bm_low,12,0.39285714285714285,0.0357142857142857,0.42857142857142855
9,topo_down_size,bm_low,13,0.42857142857142855,0.035714285714285754,0.4642857142857143
9,topo_down_size,bm_low,14,0.4642857142857143,0.0357142857142857,0.5
9,topo_down_size,bm_low,15,0.5,0.0357142857142857,0.5357142857142857
9,topo_down_size,bm_low,16,0.5357142857142857,0.0357142857142857,0.5714285714285714
9,topo_down_size,bm_low,17,0.5714285714285714,0.0357142857142857,0.6071428571428571
9,topo_down_size,bm_low,18,0.6071428571428571,0.03571428571428581,0.6428571428571429
9,topo_down_size,bm_low,19,0.6428571428571429,0.0357142857142857,0.6785714285714286
9,topo_down_size,bm_low,20,0.6785714285714286,0.0357142857142857,0.7142857142857143
9,topo_down_size,bm_low,21,0.7142857142857143,0.0357142857142857,0.75
9,topo_down_size,bm_low,22,0.75,0.0357142857142857,0.7857142857142857
9,topo_down_size,bm_low,23,0.7857142857142857,0.0357142857142857,0.8214285714285714
9,topo_down_size,bm_low,24,0.8214285714285714,0.0357142857142857,0.8571428571428571
9,topo_down_size,bm_low,25,0.8571428571428571,0.03571428571428581,0.8928571428571429
9,topo_down_size,bm_low,26,0.8928571428571429,0.0357142857142857,0.9285714285714286
9,topo_down_size,bm_low,27,0.9285714285714286,0.0357142857142857,0.9642857142857143
9,topo_down_size,bm_low,28,0.9642857142857143,0.0357142857142857,1.0
9,topo_down,gen_low,1,0.0,0.0,0.0
9,topo_down,gen_low,2,0.027777777777777776,0.0,0.027777777777777776
9,topo_down,gen_low,3,0.05555555555555555,0.0,0.05555555555555555
9,topo_down,gen_low,4,0.08333333333333333,0.0,0.08333333333333333
9,topo_down,gen_low,5,0.1111111111111111,0.0,0.1111111111111111
9,topo_down,gen_low,6,0.1388888888888889,0.0,0.1388888888888889
9,topo_down,gen_low,7,0.16666666666666666,0.0,0.16666666666666666
9,topo_down,gen_low,8,0.19444444444444445,0.0,0.19444444444444445
9,topo_down,gen_low,9,0.2222222222222222,0.0,0.2222222222222222
9,topo_down,gen_low,10,0.25,0.0,0.25
9,topo_down,gen_low,11,0.2777777777777778,0.055555555555555525,0.3333333333333333
9,topo_down,gen_low,12,0.3055555555555556,0.055555555555555525,0.3611111111111111
9,topo_down,gen_low,13,0.3333333333333333,0.05555555555555558,0.3888888888888889
9,topo_down,gen_low,14,0.3611111111111111,0.05555555555555558,0.4166666666666667
9,topo_down,gen_low,15,0.3888888888888889,0.055555555555555525,0.4444444444444444
9,topo_down,gen_low,16,0.4166666666666667,0.055555555555555525,0.4722222222222222
9,topo_down,gen_low,17,0.4444444444444444,0.05555555555555558,0.5
9,topo_down,gen_low,18,0.4722222222222222,0.05555555555555558,0.5277777777777778
9,topo_down,gen_low,19,0.5,0.05555555555555558,0.5555555555555556
9,topo_down,gen_low,20,0.5277777777777778,0.05555555555555558,0.5833333333333334
9,topo_down,gen_low,21,0.5555555555555556,0.05555555555555558,0.6111111111111112
9,topo_down,gen_low,22,0.5833333333333334,0.05555555555555547,0.6388888888888888
9,topo_down,gen_low,23,0.6111111111111112,0.05555555555555547,0.6666666666666666
9,topo_down,gen_low,24,0.6388888888888888,0.05555555555555558,0.6944444444444444
9,topo_down,gen_low,25,0.6666666666666666,0.08333333333333337,0.75
9,topo_down,gen_low,26,0.6944444444444444,0.3055555555555556,1.0
9,topo_down,vul_low,1,0.0,0.0,0.0
9,topo_down,vul_low,2,0.027777777777777776,0.0,0.027777777777777776
9,topo_down,vul_low,3,0.05555555555555555,0.05555555555555555,0.1111111111111111
9,topo_down,vul_low,4,0.08333333333333333,0.055555555555555566,0.1388888888888889
9,topo_down,vul_low,5,0.1111111111111111,0.05555555555555555,0.16666666666666666
9,topo_down,vul_low,6,0.1388888888888889,0.05555555555555555,0.19444444444444445
9,topo_down,vul_low,7,0.16666666666666666,0.05555555555555555,0.2222222222222222
9,topo_down,vul_low,8,0.19444444444444445,0.05555555555555555,0.25
9,topo_down,vul_low,9,0.2222222222222222,0.05555555555555558,0.2777777777777778
9,topo_down,vul_low,10,0.25,0.05555555555555558,0.3055555555555556
9,topo_down,vul_low,11,0.2777777777777778,0.055555555555555525,0.3333333333333333
9,topo_down,vul_low,12,0.3055555555555556,0.055555555555555525,0.3611111111111111
9,topo_down,vul_low,13,0.3333333333333333,0.05555555555555558,0.3888888888888889
9,topo_down,vul_low,14,0.3611111111111111,0.05555555555555558,0.4166666666666667
9,topo_down,vul_low,15,0.3888888888888889,0.055555555555555525,0.4444444444444444
9,topo_down,vul_low,16,0.4166666666666667,0.055555555555555525,0.4722222222222222
9,topo_down,vul_low,17,0.4444444444444444,0.08333333333333337,0.5277777777777778
9,topo_down,vul_low,18,0.4722222222222222,0.08333333333333337,0.5555555555555556
9,topo_down,vul_low,19,0.5,0.08333333333333337,0.5833333333333334
9,topo_down,vul_low,20,0.5277777777777778,0.08333333333333337,0.6111111111111112
9,topo_down,vul_low,21,0.5555555555555556,0.08333333333333326,0.6388888888888888
9,topo_down,vul_low,22,0.5833333333333334,0.19444444444444442,0.7777777777777778
9,topo_down,vul_low,23,0.6111111111111112,0.19444444444444442,0.8055555555555556
9,topo_down,vul_low,24,0.6388888888888888,0.22222222222222232,0.8611111111111112
9,topo_down,vul_low,25,0.6666666666666666,0.25,0.9166666666666666
9,topo_down,vul_low,26,0.6944444444444444,0.3055555555555556,1.0
9,topo_down,rand_basal,1,0.0,0.0,0.0
9,topo_down,rand_basal,2,0.027777777777777776,0.0,0.027777777777777776
9,topo_down,rand_basal,3,0.05555555555555555,0.027777777777777776,0.08333333333333333
9,topo_down,rand_basal,4,0.08333333333333333,0.027777777777777776,0.1111111111111111
9,topo_down,rand_basal,5,0.1111111111111111,0.08333333333333334,0.19444444444444445
9,topo_down,rand_basal,6,0.1388888888888889,0.08333333333333331,0.2222222222222222
9,topo_down,rand_basal,7,0.16666666666666666,0.11111111111111113,0.2777777777777778
9,topo_down,rand_basal,8,0.19444444444444445,0.11111111111111113,0.3055555555555556
9,topo_down,rand_basal,9,0.2222222222222222,0.1111111111111111,0.3333333333333333
9,topo_down,rand_basal,10,0.25,0.25,0.5
9,topo_down,rand_basal,11,0.2777777777777778,0.3055555555555556,0.5833333333333334
9,topo_down,rand_basal,12,0.3055555555555556,0.41666666666666663,0.7222222222222222
9,topo_down,rand_consumer,1,0.0,0.0,0.0
9,topo_down,rand_consumer,2,0.027777777777777776,0.0,0.027777777777777776
9,topo_down,rand_consumer,3,0.05555555555555555,0.0,0.05555555555555555
9,topo_down,rand_consumer,4,0.08333333333333333,0.0,0.08333333333333333
9,topo_down,rand_consumer,5,0.1111111111111111,0.0,0.1111111111111111
9,topo_down,rand_consumer,6,0.1388888888888889,0.0,0.1388888888888889
9,topo_down,rand_consumer,7,0.16666666666666666,0.0,0.16666666666666666
9,topo_down,rand_consumer,8,0.19444444444444445,0.0,0.19444444444444445
9,topo_down,rand_consumer,9,0.2222222222222222,0.0,0.2222222222222222
9,topo_down,rand_consumer,10,0.25,0.0,0.25
9,topo_down,rand_consumer,11,0.2777777777777778,0.0,0.2777777777777778
9,topo_down,rand_consumer,12,0.3055555555555556,0.0,0.3055555555555556
9,topo_down,rand_consumer,13,0.3333333333333333,0.0,0.3333333333333333
9,topo_down,rand_consumer,14,0.3611111111111111,0.0,0.3611111111111111
9,topo_down,rand_consumer,15,0.3888888888888889,0.0,0.3888888888888889
9,topo_down,rand_consumer,16,0.4166666666666667,0.0,0.4166666666666667
9,topo_down,rand_consumer,17,0.4444444444444444,0.0,0.4444444444444444
9,topo_down,rand_consumer,18,0.4722222222222222,0.0,0.4722222222222222
9,topo_down,rand_consumer,19,0.5,0.0,0.5
9,topo_down,rand_consumer,20,0.5277777777777778,0.05555555555555558,0.5833333333333334
9,topo_down,rand_consumer,21,0.5555555555555556,0.08333333333333326,0.6388888888888888
9,topo_down,rand_consumer,22,0.5833333333333334,0.13888888888888884,0.7222222222222222
9,topo_down,rand_consumer,23,0.6111111111111112,0.16666666666666663,0.7777777777777778
9,topo_down,rand_consumer,24,0.6388888888888888,0.22222222222222232,0.8611111111111112
9,topo_down,rand_consumer,25,0.6666666666666666,0.25,0.9166666666666666
9,topo_down,rand_consumer,26,0.6944444444444444,0.3055555555555556,1.0
9,topo_down,bm_high,1,0.0,0.0,0.0
9,topo_down,bm_high,2,0.027777777777777776,0.0,0.027777777777777776
9,topo_down,bm_high,3,0.05555555555555555,0.0,0.05555555555555555
9,topo_down,bm_high,4,0.08333333333333333,0.0,0.08333333333333333
9,topo_down,bm_high,5,0.1111111111111111,0.0,0.1111111111111111
9,topo_down,bm_high,6,0.1388888888888889,0.05555555555555555,0.19444444444444445
9,topo_down,bm_high,7,0.16666666666666666,0.05555555555555555,0.2222222222222222
9,topo_down,bm_high,8,0.19444444444444445,0.05555555555555555,0.25
9,topo_down,bm_high,9,0.2222222222222222,0.08333333333333337,0.3055555555555556
9,topo_down,bm_high,10,0.25,0.08333333333333331,0.3333333333333333
9,topo_down,bm_high,11,0.2777777777777778,0.1388888888888889,0.4166666666666667
9,topo_down,bm_high,12,0.3055555555555556,0.13888888888888884,0.4444444444444444
9,topo_down,bm_high,13,0.3333333333333333,0.1388888888888889,0.4722222222222222
9,topo_down,bm_high,14,0.3611111111111111,0.1388888888888889,0.5
9,topo_down,bm_high,15,0.3888888888888889,0.1388888888888889,0.5277777777777778
9,topo_down,bm_high,16,0.4166666666666667,0.1388888888888889,0.5555555555555556
9,topo_down,bm_high,17,0.4444444444444444,0.16666666666666674,0.6111111111111112
9,topo_down,bm_high,18,0.4722222222222222,0.16666666666666663,0.6388888888888888
9,topo_down,bm_high,19,0.5,0.16666666666666663,0.6666666666666666
9,topo_down,bm_high,20,0.5277777777777778,0.19444444444444442,0.7222222222222222
9,topo_down,bm_high,21,0.5555555555555556,0.2222222222222222,0.7777777777777778
9,topo_down,bm_high,22,0.5833333333333334,0.2222222222222222,0.8055555555555556
9,topo_down,bm_high,23,0.6111111111111112,0.2222222222222222,0.8333333333333334
9,topo_down,bm_high,24,0.6388888888888888,0.22222222222222232,0.8611111111111112
9,topo_down,bm_high,25,0.6666666666666666,0.2777777777777778,0.9444444444444444
9,topo_down,bm_high,26,0.6944444444444444,0.3055555555555556,1.0
9,topo_down,gen_high,1,0.0,0.0,0.0
9,topo_down,gen_high,2,0.027777777777777776,0.0,0.027777777777777776
9,topo_down,gen_high,3,0.05555555555555555,0.0,0.05555555555555555
9,topo_down,gen_high,4,0.08333333333333333,0.0,0.08333333333333333
9,topo_down,gen_high,5,0.1111111111111111,0.0,0.1111111111111111
9,topo_down,gen_high,6,0.1388888888888889,0.027777777777777762,0.16666666666666666
9,topo_down,gen_high,7,0.16666666666666666,0.08333333333333334,0.25
9,topo_down,gen_high,8,0.19444444444444445,0.08333333333333334,0.2777777777777778
9,topo_down,gen_high,9,0.2222222222222222,0.08333333333333337,0.3055555555555556
9,topo_down,gen_high,10,0.25,0.1111111111111111,0.3611111111111111
9,topo_down,gen_high,11,0.2777777777777778,0.1111111111111111,0.3888888888888889
9,topo_down,gen_high,12,0.3055555555555556,0.1111111111111111,0.4166666666666667
9,topo_down,gen_high,13,0.3333333333333333,0.1111111111111111,0.4444444444444444
9,topo_down,gen_high,14,0.3611111111111111,0.1111111111111111,0.4722222222222222
9,topo_down,gen_high,15,0.3888888888888889,0.1111111111111111,0.5
9,topo_down,gen_high,16,0.4166666666666667,0.16666666666666669,0.5833333333333334
9,topo_down,gen_high,17,0.4444444444444444,0.16666666666666674,0.6111111111111112
9,topo_down,gen_high,18,0.4722222222222222,0.19444444444444442,0.6666666666666666
9,topo_down,gen_high,19,0.5,0.19444444444444442,0.6944444444444444
9,topo_down,gen_high,20,0.5277777777777778,0.19444444444444442,0.7222222222222222
9,topo_down,gen_high,21,0.5555555555555556,0.19444444444444442,0.75
9,topo_down,gen_high,22,0.5833333333333334,0.19444444444444442,0.7777777777777778
9,topo_down,gen_high,23,0.6111111111111112,0.2222222222222222,0.8333333333333334
9,topo_down,gen_high,24,0.6388888888888888,0.25,0.8888888888888888
9,topo_down,gen_high,25,0.6666666666666666,0.2777777777777778,0.9444444444444444
9,topo_down,gen_high,26,0.6944444444444444,0.3055555555555556,1.0
9,topo_down,degree_high,1,0.0,0.0,0.0
9,topo_down,degree_high,2,0.027777777777777776,0.0,0.027777777777777776
9,topo_down,degree_high,3,0.05555555555555555,0.0,0.05555555555555555
9,topo_down,degree_high,4,0.08333333333333333,0.0,0.08333333333333333
9,topo_down,degree_high,5,0.1111111111111111,0.0,0.1111111111111111
9,topo_down,degree_high,6,0.1388888888888889,0.027777777777777762,0.16666666666666666
9,topo_down,degree_high,7,0.16666666666666666,0.08333333333333334,0.25
9,topo_down,degree_high,8,0.19444444444444445,0.08333333333333334,0.2777777777777778
9,topo_down,degree_high,9,0.2222222222222222,0.08333333333333337,0.3055555555555556
9,topo_down,degree_high,10,0.25,0.1111111111111111,0.3611111111111111
9,topo_down,degree_high,11,0.2777777777777778,0.1111111111111111,0.3888888888888889
9,topo_down,degree_high,12,0.3055555555555556,0.1111111111111111,0.4166666666666667
9,topo_down,degree_high,13,0.3333333333333333,0.1111111111111111,0.4444444444444444
9,topo_down,degree_high,14,0.3611111111111111,0.1111111111111111,0.4722222222222222
9,topo_down,degree_high,15,0.3888888888888889,0.1111111111111111,0.5
9,topo_down,degree_high,16,0.4166666666666667,0.16666666666666669,0.5833333333333334
9,topo_down,degree_high,17,0.4444444444444444,0.16666666666666674,0.6111111111111112
9,topo_down,degree_high,18,0.4722222222222222,0.19444444444444442,0.6666666666666666
9,topo_down,degree_high,19,0.5,0.25,0.75
9,topo_down,degree_high,20,0.5277777777777778,0.25,0.7777777777777778
9,topo_down,degree_high,21,0.5555555555555556,0.25,0.8055555555555556
9,topo_down,degree_high,22,0.5833333333333334,0.25,0.8333333333333334
9,topo_down,degree_high,23,0.6111111111111112,0.2777777777777777,0.8888888888888888
9,topo_down,degree_high,24,0.6388888888888888,0.3055555555555556,0.9444444444444444
9,topo_down,degree_high,25,0.6666666666666666,0.33333333333333337,1.0
9,topo_down,degree_low,1,0.0,0.0,0.0
9,topo_down,degree_low,2,0.027777777777777776,0.0,0.027777777777777776
9,topo_down,degree_low,3,0.05555555555555555,0.0,0.05555555555555555
9,topo_down,degree_low,4,0.08333333333333333,0.0,0.08333333333333333
9,topo_down,degree_low,5,0.1111111111111111,0.05555555555555555,0.16666666666666666
9,topo_down,degree_low,6,0.1388888888888889,0.05555555555555555,0.19444444444444445
9,topo_down,degree_low,7,0.16666666666666666,0.05555555555555555,0.2222222222222222
9,topo_down,degree_low,8,0.19444444444444445,0.05555555555555555,0.25
9,topo_down,degree_low,9,0.2222222222222222,0.05555555555555558,0.2777777777777778
9,topo_down,degree_low,10,0.25,0.05555555555555558,0.3055555555555556
9,topo_down,degree_low,11,0.2777777777777778,0.055555555555555525,0.3333333333333333
9,topo_down,degree_low,12,0.3055555555555556,0.055555555555555525,0.3611111111111111
9,topo_down,degree_low,13,0.3333333333333333,0.05555555555555558,0.3888888888888889
9,topo_down,degree_low,14,0.3611111111111111,0.05555555555555558,0.4166666666666667
9,topo_down,degree_low,15,0.3888888888888889,0.055555555555555525,0.4444444444444444
9,topo_down,degree_low,16,0.4166666666666667,0.055555555555555525,0.4722222222222222
9,topo_down,degree_low,17,0.4444444444444444,0.05555555555555558,0.5
9,topo_down,degree_low,18,0.4722222222222222,0.05555555555555558,0.5277777777777778
9,topo_down,degree_low,19,0.5,0.05555555555555558,0.5555555555555556
9,topo_down,degree_low,20,0.5277777777777778,0.05555555555555558,0.5833333333333334
9,topo_down,degree_low,21,0.5555555555555556,0.05555555555555558,0.6111111111111112
9,topo_down,degree_low,22,0.5833333333333334,0.05555555555555547,0.6388888888888888
9,topo_down,degree_low,23,0.6111111111111112,0.05555555555555547,0.6666666666666666
9,topo_down,degree_low,24,0.6388888888888888,0.05555555555555558,0.6944444444444444
9,topo_down,degree_low,25,0.6666666666666666,0.08333333333333337,0.75
9,topo_down,degree_low,26,0.6944444444444444,0.3055555555555556,1.0
9,topo_down,vul_high,1,0.0,0.0,0.0
9,topo_down,vul_high,2,0.027777777777777776,0.0,0.027777777777777776
9,topo_down,vul_high,3,0.05555555555555555,0.0,0.05555555555555555
9,topo_down,vul_high,4,0.08333333333333333,0.0,0.08333333333333333
9,topo_down,vul_high,5,0.1111111111111111,0.0,0.1111111111111111
9,topo_down,vul_high,6,0.1388888888888889,0.0,0.1388888888888889
9,topo_down,vul_high,7,0.16666666666666666,0.0,0.16666666666666666
9,topo_down,vul_high,8,0.19444444444444445,0.0,0.19444444444444445
9,topo_down,vul_high,9,0.2222222222222222,0.0,0.2222222222222222
9,topo_down,vul_high,10,0.25,0.0,0.25
9,topo_down,vul_high,11,0.2777777777777778,0.0,0.2777777777777778
9,topo_down,vul_high,12,0.3055555555555556,0.0,0.3055555555555556
9,topo_down,vul_high,13,0.3333333333333333,0.1111111111111111,0.4444444444444444
9,topo_down,vul_high,14,0.3611111111111111,0.1388888888888889,0.5
9,topo_down,vul_high,15,0.3888888888888889,0.1388888888888889,0.5277777777777778
9,topo_down,vul_high,16,0.4166666666666667,0.1388888888888889,0.5555555555555556
9,topo_down,vul_high,17,0.4444444444444444,0.13888888888888895,0.5833333333333334
9,topo_down,vul_high,18,0.4722222222222222,0.13888888888888895,0.6111111111111112
9,topo_down,vul_high,19,0.5,0.13888888888888884,0.6388888888888888
9,topo_down,vul_high,20,0.5277777777777778,0.13888888888888884,0.6666666666666666
9,topo_down,vul_high,21,0.5555555555555556,0.19444444444444442,0.75
9,topo_down,vul_high,22,0.5833333333333334,0.19444444444444442,0.7777777777777778
9,topo_down,vul_high,23,0.6111111111111112,0.2222222222222222,0.8333333333333334
9,topo_down,vul_high,24,0.6388888888888888,0.2777777777777778,0.9166666666666666
9,topo_down,vul_high,25,0.6666666666666666,0.33333333333333337,1.0
9,topo_down,bm_low,1,0.0,0.0,0.0
9,topo_down,bm_low,2,0.027777777777777776,0.0,0.027777777777777776
9,topo_down,bm_low,3,0.05555555555555555,0.027777777777777776,0.08333333333333333
9,topo_down,bm_low,4,0.08333333333333333,0.027777777777777776,0.1111111111111111
9,topo_down,bm_low,5,0.1111111111111111,0.02777777777777779,0.1388888888888889
9,topo_down,bm_low,6,0.1388888888888889,0.027777777777777762,0.16666666666666666
9,topo_down,bm_low,7,0.16666666666666666,0.11111111111111113,0.2777777777777778
9,topo_down,bm_low,8,0.19444444444444445,0.13888888888888887,0.3333333333333333
9,topo_down,bm_low,9,0.2222222222222222,0.1388888888888889,0.3611111111111111
9,topo_down,bm_low,10,0.25,0.1388888888888889,0.3888888888888889
9,topo_down,bm_low,11,0.2777777777777778,0.1388888888888889,0.4166666666666667
9,topo_down,bm_low,12,0.3055555555555556,0.13888888888888884,0.4444444444444444
9,topo_down,bm_low,13,0.3333333333333333,0.1388888888888889,0.4722222222222222
9,topo_down,bm_low,14,0.3611111111111111,0.1388888888888889,0.5
9,topo_down,bm_low,15,0.3888888888888889,0.1388888888888889,0.5277777777777778
9,topo_down,bm_low,16,0.4166666666666667,0.1388888888888889,0.5555555555555556
9,topo_down,bm_low,17,0.4444444444444444,0.13888888888888895,0.5833333333333334
9,topo_down,bm_low,18,0.4722222222222222,0.13888888888888895,0.6111111111111112
9,topo_down,bm_low,19,0.5,0.13888888888888884,0.6388888888888888
9,topo_down,bm_low,20,0.5277777777777778,0.13888888888888884,0.6666666666666666
9,topo_down,bm_low,21,0.5555555555555556,0.13888888888888884,0.6944444444444444
9,topo_down,bm_low,22,0.5833333333333334,0.13888888888888884,0.7222222222222222
9,topo_down,bm_low,23,0.6111111111111112,0.13888888888888884,0.75
9,topo_down,bm_low,24,0.6388888888888888,0.13888888888888895,0.7777777777777778
9,topo_down,bm_low,25,0.6666666666666666,0.13888888888888895,0.8055555555555556
9,topo_down,bm_low,26,0.6944444444444444,0.13888888888888895,0.8333333333333334
9,topo_down,bm_low,27,0.7222222222222222,0.13888888888888895,0.8611111111111112
9,topo_down,bm_low,28,0.75,0.13888888888888884,0.8888888888888888
9,topo_down,bm_low,29,0.7777777777777778,0.13888888888888884,0.9166666666666666
9,topo_down,bm_low,30,0.8055555555555556,0.16666666666666663,0.9722222222222222
9,topo_down,bm_low,31,0.8333333333333334,0.16666666666666663,1.0
10,topo_niche,gen_low,1,0.0,0.0,0.0
10,topo_niche,gen_low,2,0.034482758620689655,0.0,0.034482758620689655
10,topo_niche,gen_low,3,0.06896551724137931,0.0,0.06896551724137931
10,topo_niche,gen_low,4,0.10344827586206896,0.0,0.10344827586206896
10,topo_niche,gen_low,5,0.13793103448275862,0.0,0.13793103448275862
10,topo_niche,gen_low,6,0.1724137931034483,0.0,0.1724137931034483
10,topo_niche,gen_low,7,0.20689655172413793,0.0,0.20689655172413793
10,topo_niche,gen_low,8,0.2413793103448276,0.0,0.2413793103448276
10,topo_niche,gen_low,9,0.27586206896551724,0.0,0.27586206896551724
10,topo_niche,gen_low,10,0.3103448275862069,0.0,0.3103448275862069
10,topo_niche,gen_low,11,0.3448275862068966,0.0,0.3448275862068966
10,topo_niche,gen_low,12,0.3793103448275862,0.0,0.3793103448275862
10,topo_niche,gen_low,13,0.41379310344827586,0.0,0.41379310344827586
10,topo_niche,gen_low,14,0.4482758620689655,0.0,0.4482758620689655
10,topo_niche,gen_low,15,0.4827586206896552,0.0,0.4827586206896552
10,topo_niche,gen_low,16,0.5172413793103449,0.0,0.5172413793103449
10,topo_niche,gen_low,17,0.5517241379310345,0.0,0.5517241379310345
10,topo_niche,gen_low,18,0.5862068965517241,0.0,0.5862068965517241
10,topo_niche,gen_low,19,0.6206896551724138,0.0,0.6206896551724138
10,topo_niche,gen_low,20,0.6551724137931034,0.0,0.6551724137931034
10,topo_niche,gen_low,21,0.6896551724137931,0.0,0.6896551724137931
10,topo_niche,gen_low,22,0.7241379310344828,0.03448275862068961,0.7586206896551724
10,topo_niche,gen_low,23,0.7586206896551724,0.034482758620689724,0.7931034482758621
10,topo_niche,gen_low,24,0.7931034482758621,0.2068965517241379,1.0
10,topo_niche,vul_low,1,0.0,0.0,0.0
10,topo_niche,vul_low,2,0.034482758620689655,0.0,0.034482758620689655
10,topo_niche,vul_low,3,0.06896551724137931,0.0,0.06896551724137931
10,topo_niche,vul_low,4,0.10344827586206896,0.0,0.10344827586206896
10,topo_niche,vul_low,5,0.13793103448275862,0.0,0.13793103448275862
10,topo_niche,vul_low,6,0.1724137931034483,0.0,0.1724137931034483
10,topo_niche,vul_low,7,0.20689655172413793,0.0,0.20689655172413793
10,topo_niche,vul_low,8,0.2413793103448276,0.0,0.2413793103448276
10,topo_niche,vul_low,9,0.27586206896551724,0.0,0.27586206896551724
10,topo_niche,vul_low,10,0.3103448275862069,0.03448275862068967,0.3448275862068966
10,topo_niche,vul_low,11,0.3448275862068966,0.03448275862068961,0.3793103448275862
10,topo_niche,vul_low,12,0.3793103448275862,0.03448275862068967,0.41379310344827586
10,topo_niche,vul_low,13,0.41379310344827586,0.03448275862068967,0.4482758620689655
10,topo_niche,vul_low,14,0.4482758620689655,0.03448275862068967,0.4827586206896552
10,topo_niche,vul_low,15,0.4827586206896552,0.03448275862068967,0.5172413793103449
10,topo_niche,vul_low,16,0.5172413793103449,0.03448275862068961,0.5517241379310345
10,topo_niche,vul_low,17,0.5517241379310345,0.03448275862068961,0.5862068965517241
10,topo_niche,vul_low,18,0.5862068965517241,0.034482758620689724,0.6206896551724138
10,topo_niche,vul_low,19,0.6206896551724138,0.03448275862068961,0.6551724137931034
10,topo_niche,vul_low,20,0.6551724137931034,0.034482758620689724,0.6896551724137931
10,topo_niche,vul_low,21,0.6896551724137931,0.06896551724137923,0.7586206896551724
10,topo_niche,vul_low,22,0.7241379310344828,0.10344827586206895,0.8275862068965517
10,topo_niche,vul_low,23,0.7586206896551724,0.13793103448275867,0.896551724137931
10,topo_niche,vul_low,24,0.7931034482758621,0.2068965517241379,1.0
10,topo_niche,rand_basal,1,0.0,0.0,0.0
10,topo_niche,rand_basal,2,0.034482758620689655,0.034482758620689655,0.06896551724137931
10,topo_niche,rand_basal,3,0.06896551724137931,0.034482758620689655,0.10344827586206896
10,topo_niche,rand_basal,4,0.10344827586206896,0.034482758620689655,0.13793103448275862
10,topo_niche,rand_basal,5,0.13793103448275862,0.06896551724137931,0.20689655172413793
10,topo_niche,rand_basal,6,0.1724137931034483,0.06896551724137931,0.2413793103448276
10,topo_niche,rand_basal,7,0.20689655172413793,0.17241379310344826,0.3793103448275862
10,topo_niche,rand_consumer,1,0.0,0.0,0.0
10,topo_niche,rand_consumer,2,0.034482758620689655,0.0,0.034482758620689655
10,topo_niche,rand_consumer,3,0.06896551724137931,0.0,0.06896551724137931
10,topo_niche,rand_consumer,4,0.10344827586206896,0.0,0.10344827586206896
10,topo_niche,rand_consumer,5,0.13793103448275862,0.0,0.13793103448275862
10,topo_niche,rand_consumer,6,0.1724137931034483,0.0,0.1724137931034483
10,topo_niche,rand_consumer,7,0.20689655172413793,0.0,0.20689655172413793
10,topo_niche,rand_consumer,8,0.2413793103448276,0.0,0.2413793103448276
10,topo_niche,rand_consumer,9,0.27586206896551724,0.0,0.27586206896551724
10,topo_niche,rand_consumer,10,0.3103448275862069,0.0,0.3103448275862069
10,topo_niche,rand_consumer,11,0.3448275862068966,0.0,0.3448275862068966
10,topo_niche,rand_consumer,12,0.3793103448275862,0.0,0.3793103448275862
10,topo_niche,rand_consumer,13,0.41379310344827586,0.0,0.41379310344827586
10,topo_niche,rand_consumer,14,0.4482758620689655,0.0,0.4482758620689655
10,topo_niche,rand_consumer,15,0.4827586206896552,0.0,0.4827586206896552
10,topo_niche,rand_consumer,16,0.5172413793103449,0.0,0.5172413793103449
10,topo_niche,rand_consumer,17,0.5517241379310345,0.0,0.5517241379310345
10,topo_niche,rand_consumer,18,0.5862068965517241,0.0,0.5862068965517241
10,topo_niche,rand_consumer,19,0.6206896551724138,0.03448275862068961,0.6551724137931034
10,topo_niche,rand_consumer,20,0.6551724137931034,0.034482758620689724,0.6896551724137931
10,topo_niche,rand_consumer,21,0.6896551724137931,0.03448275862068961,0.7241379310344828
10,topo_niche,rand_consumer,22,0.7241379310344828,0.03448275862068961,0.7586206896551724
10,topo_niche,rand_consumer,23,0.7586206896551724,0.034482758620689724,0.7931034482758621
10,topo_niche,rand_consumer,24,0.7931034482758621,0.2068965517241379,1.0
10,topo_niche,bm_high,1,0.0,0.0,0.0
10,topo_niche,bm_high,2,0.034482758620689655,0.0,0.034482758620689655
10,topo_niche,bm_high,3,0.06896551724137931,0.0,0.06896551724137931
10,topo_niche,bm_high,4,0.10344827586206896,0.0,0.10344827586206896
10,topo_niche,bm_high,5,0.13793103448275862,0.0,0.13793103448275862
10,topo_niche,bm_high,6,0.1724137931034483,0.0,0.1724137931034483
10,topo_niche,bm_high,7,0.20689655172413793,0.0,0.20689655172413793
10,topo_niche,bm_high,8,0.2413793103448276,0.0,0.2413793103448276
10,topo_niche,bm_high,9,0.27586206896551724,0.0,0.27586206896551724
10,topo_niche,bm_high,10,0.3103448275862069,0.0,0.3103448275862069
10,topo_niche,bm_high,11,0.3448275862068966,0.0,0.3448275862068966
10,topo_niche,bm_high,12,0.3793103448275862,0.0,0.3793103448275862
10,topo_niche,bm_high,13,0.41379310344827586,0.0,0.41379310344827586
10,topo_niche,bm_high,14,0.4482758620689655,0.0,0.4482758620689655
10,topo_niche,bm_high,15,0.4827586206896552,0.0,0.4827586206896552
10,topo_niche,bm_high,16,0.5172413793103449,0.0,0.5172413793103449
10,topo_niche,bm_high,17,0.5517241379310345,0.0,0.5517241379310345
10,topo_niche,bm_high,18,0.5862068965517241,0.034482758620689724,0.6206896551724138
10,topo_niche,bm_high,19,0.6206896551724138,0.03448275862068961,0.6551724137931034
10,topo_niche,bm_high,20,0.6551724137931034,0.034482758620689724,0.6896551724137931
10,topo_niche,bm_high,21,0.6896551724137931,0.06896551724137923,0.7586206896551724
10,topo_niche,bm_high,22,0.7241379310344828,0.06896551724137934,0.7931034482758621
10,topo_niche,bm_high,23,0.7586206896551724,0.10344827586206895,0.8620689655172413
10,topo_niche,bm_high,24,0.7931034482758621,0.10344827586206895,0.896551724137931
10,topo_niche,bm_high,25,0.8275862068965517,0.10344827586206895,0.9310344827586207
10,topo_niche,bm_high,26,0.8620689655172413,0.10344827586206906,0.9655172413793104
10,topo_niche,bm_high,27,0.896551724137931,0.10344827586206895,1.0
10,topo_niche,gen_high,1,0.0,0.0,0.0
10,topo_niche,gen_high,2,0.034482758620689655,0.0,0.034482758620689655
10,topo_niche,gen_high,3,0.06896551724137931,0.0,0.06896551724137931
10,topo_niche,gen_high,4,0.10344827586206896,0.0,0.10344827586206896
10,topo_niche,gen_high,5,0.13793103448275862,0.0,0.13793103448275862
10,topo_niche,gen_high,6,0.1724137931034483,0.0,0.1724137931034483
10,topo_niche,gen_high,7,0.20689655172413793,0.0,0.20689655172413793
10,topo_niche,gen_high,8,0.2413793103448276,0.0,0.2413793103448276
10,topo_niche,gen_high,9,0.27586206896551724,0.0,0.27586206896551724
10,topo_niche,gen_high,10,0.3103448275862069,0.0,0.3103448275862069
10,topo_niche,gen_high,11,0.3448275862068966,0.0,0.3448275862068966
10,topo_niche,gen_high,12,0.3793103448275862,0.0,0.3793103448275862
10,topo_niche,gen_high,13,0.41379310344827586,0.0,0.41379310344827586
10,topo_niche,gen_high,14,0.4482758620689655,0.03448275862068967,0.4827586206896552
10,topo_niche,gen_high,15,0.4827586206896552,0.03448275862068967,0.5172413793103449
10,topo_niche,gen_high,16,0.5172413793103449,0.03448275862068961,0.5517241379310345
10,topo_niche,gen_high,17,0.5517241379310345,0.03448275862068961,0.5862068965517241
10,topo_niche,gen_high,18,0.5862068965517241,0.034482758620689724,0.6206896551724138
10,topo_niche,gen_high,19,0.6206896551724138,0.06896551724137934,0.6896551724137931
10,topo_niche,gen_high,20,0.6551724137931034,0.10344827586206895,0.7586206896551724
10,topo_niche,gen_high,21,0.6896551724137931,0.10344827586206895,0.7931034482758621
10,topo_niche,gen_high,22,0.7241379310344828,0.13793103448275856,0.8620689655172413
10,topo_niche,gen_high,23,0.7586206896551724,0.1724137931034483,0.9310344827586207
10,topo_niche,gen_high,24,0.7931034482758621,0.2068965517241379,1.0
10,topo_niche,degree_high,1,0.0,0.0,0.0
10,topo_niche,degree_high,2,0.034482758620689655,0.0,0.034482758620689655
10,topo_niche,degree_high,3,0.06896551724137931,0.0,0.06896551724137931
10,topo_niche,degree_high,4,0.10344827586206896,0.0,0.10344827586206896
10,topo_niche,degree_high,5,0.13793103448275862,0.0,0.13793103448275862
10,topo_niche,degree_high,6,0.1724137931034483,0.0,0.1724137931034483
10,topo_niche,degree_high,7,0.20689655172413793,0.0,0.20689655172413793
10,topo_niche,degree_high,8,0.2413793103448276,0.0,0.2413793103448276
10,topo_niche,degree_high,9,0.27586206896551724,0.0,0.27586206896551724
10,topo_niche,degree_high,10,0.3103448275862069,0.0,0.3103448275862069
10,topo_niche,degree_high,11,0.3448275862068966,0.0,0.3448275862068966
10,topo_niche,degree_high,12,0.3793103448275862,0.0,0.3793103448275862
10,topo_niche,degree_high,13,0.41379310344827586,0.03448275862068967,0.4482758620689655
10,topo_niche,degree_high,14,0.4482758620689655,0.03448275862068967,0.4827586206896552
10,topo_niche,degree_high,15,0.4827586206896552,0.03448275862068967,0.5172413793103449
10,topo_niche,degree_high,16,0.5172413793103449,0.03448275862068961,0.5517241379310345
10,topo_niche,degree_high,17,0.5517241379310345,0.03448275862068961,0.5862068965517241
10,topo_niche,degree_high,18,0.5862068965517241,0.06896551724137934,0.6551724137931034
10,topo_niche,degree_high,19,0.6206896551724138,0.06896551724137934,0.6896551724137931
10,topo_niche,degree_high,20,0.6551724137931034,0.10344827586206895,0.7586206896551724
10,topo_niche,degree_high,21,0.6896551724137931,0.17241379310344818,0.8620689655172413
10,topo_niche,degree_high,22,0.7241379310344828,0.2068965517241379,0.9310344827586207
10,topo_niche,degree_high,23,0.7586206896551724,0.24137931034482762,1.0
10,topo_niche,degree_low,1,0.0,0.0,0.0
10,topo_niche,degree_low,2,0.034482758620689655,0.0,0.034482758620689655
10,topo_niche,degree_low,3,0.06896551724137931,0.0,0.06896551724137931
10,topo_niche,degree_low,4,0.10344827586206896,0.0,0.10344827586206896
10,topo_niche,degree_low,5,0.13793103448275862,0.0,0.13793103448275862
10,topo_niche,degree_low,6,0.1724137931034483,0.0,0.1724137931034483
10,topo_niche,degree_low,7,0.20689655172413793,0.0,0.20689655172413793
10,topo_niche,degree_low,8,0.2413793103448276,0.0,0.2413793103448276
10,topo_niche,degree_low,9,0.27586206896551724,0.0,0.27586206896551724
10,topo_niche,degree_low,10,0.3103448275862069,0.0,0.3103448275862069
10,topo_niche,degree_low,11,0.3448275862068966,0.0,0.3448275862068966
10,topo_niche,degree_low,12,0.3793103448275862,0.0,0.3793103448275862
10,topo_niche,degree_low,13,0.41379310344827586,0.0,0.41379310344827586
10,topo_niche,degree_low,14,0.4482758620689655,0.0,0.4482758620689655
10,topo_niche,degree_low,15,0.4827586206896552,0.0,0.4827586206896552
10,topo_niche,degree_low,16,0.5172413793103449,0.0,0.5172413793103449
10,topo_niche,degree_low,17,0.5517241379310345,0.0,0.5517241379310345
10,topo_niche,degree_low,18,0.5862068965517241,0.0,0.5862068965517241
10,topo_niche,degree_low,19,0.6206896551724138,0.0,0.6206896551724138
10,topo_niche,degree_low,20,0.6551724137931034,0.1724137931034483,0.8275862068965517
10,topo_niche,degree_low,21,0.6896551724137931,0.17241379310344818,0.8620689655172413
10,topo_niche,degree_low,22,0.7241379310344828,0.1724137931034483,0.896551724137931
10,topo_niche,degree_low,23,0.7586206896551724,0.1724137931034483,0.9310344827586207
10,topo_niche,degree_low,24,0.7931034482758621,0.2068965517241379,1.0
10,topo_niche,vul_high,1,0.0,0.0,0.0
10,topo_niche,vul_high,2,0.034482758620689655,0.0,0.034482758620689655
10,topo_niche,vul_high,3,0.06896551724137931,0.0,0.06896551724137931
10,topo_niche,vul_high,4,0.10344827586206896,0.0,0.10344827586206896
10,topo_niche,vul_high,5,0.13793103448275862,0.0,0.13793103448275862
10,topo_niche,vul_high,6,0.1724137931034483,0.0,0.1724137931034483
10,topo_niche,vul_high,7,0.20689655172413793,0.0,0.20689655172413793
10,topo_niche,vul_high,8,0.2413793103448276,0.0,0.2413793103448276
10,topo_niche,vul_high,9,0.27586206896551724,0.0,0.27586206896551724
10,topo_niche,vul_high,10,0.3103448275862069,0.0,0.3103448275862069
10,topo_niche,vul_high,11,0.3448275862068966,0.0,0.3448275862068966
10,topo_niche,vul_high,12,0.3793103448275862,0.0,0.3793103448275862
10,topo_niche,vul_high,13,0.41379310344827586,0.0,0.41379310344827586
10,topo_niche,vul_high,14,0.4482758620689655,0.0,0.4482758620689655
10,topo_niche,vul_high,15,0.4827586206896552,0.0,0.4827586206896552
10,topo_niche,vul_high,16,0.5172413793103449,0.0,0.5172413793103449
10,topo_niche,vul_high,17,0.5517241379310345,0.0,0.5517241379310345
10,topo_niche,vul_high,18,0.5862068965517241,0.0,0.5862068965517241
10,topo_niche,vul_high,19,0.6206896551724138,0.0,0.6206896551724138
10,topo_niche,vul_high,20,0.6551724137931034,0.13793103448275867,0.7931034482758621
10,topo_niche,vul_high,21,0.6896551724137931,0.13793103448275856,0.8275862068965517
10,topo_niche,vul_high,22,0.7241379310344828,0.1724137931034483,0.896551724137931
10,topo_niche,vul_high,23,0.7586206896551724,0.24137931034482762,1.0
10,topo_niche,bm_low,1,0.0,0.0,0.0
10,topo_niche,bm_low,2,0.034482758620689655,0.0,0.034482758620689655
10,topo_niche,bm_low,3,0.06896551724137931,0.0,0.06896551724137931
10,topo_niche,bm_low,4,0.10344827586206896,0.034482758620689655,0.13793103448275862
10,topo_niche,bm_low,5,0.13793103448275862,0.03448275862068967,0.1724137931034483
10,topo_niche,bm_low,6,0.1724137931034483,0.03448275862068964,0.20689655172413793
10,topo_niche,bm_low,7,0.20689655172413793,0.03448275862068967,0.2413793103448276
10,topo_niche,bm_low,8,0.2413793103448276,0.03448275862068964,0.27586206896551724
10,topo_niche,bm_low,9,0.27586206896551724,0.1724137931034483,0.4482758620689655
10,topo_niche,bm_low,10,0.3103448275862069,0.1724137931034483,0.4827586206896552
10,topo_niche,bm_low,11,0.3448275862068966,0.1724137931034483,0.5172413793103449
10,topo_niche,bm_low,12,0.3793103448275862,0.4137931034482759,0.7931034482758621
10,topo_niche,bm_low,13,0.41379310344827586,0.41379310344827586,0.8275862068965517
10,topo_niche,bm_low,14,0.4482758620689655,0.4137931034482758,0.8620689655172413
10,topo_niche,bm_low,15,0.4827586206896552,0.41379310344827586,0.896551724137931
10,topo_niche,bm_low,16,0.5172413793103449,0.4137931034482758,0.9310344827586207
10,topo_niche,bm_low,17,0.5517241379310345,0.4137931034482759,0.9655172413793104
10,topo_niche,bm_low,18,0.5862068965517241,0.4137931034482759,1.0
10,topo_down_size,gen_low,1,0.0,0.0,0.0
10,topo_down_size,gen_low,2,0.034482758620689655,0.10344827586206896,0.13793103448275862
10,topo_down_size,gen_low,3,0.06896551724137931,0.10344827586206898,0.1724137931034483
10,topo_down_size,gen_low,4,0.10344827586206896,0.10344827586206896,0.20689655172413793
10,topo_down_size,gen_low,5,0.13793103448275862,0.10344827586206898,0.2413793103448276
10,topo_down_size,gen_low,6,0.1724137931034483,0.10344827586206895,0.27586206896551724
10,topo_down_size,gen_low,7,0.20689655172413793,0.10344827586206898,0.3103448275862069
10,topo_down_size,gen_low,8,0.2413793103448276,0.10344827586206898,0.3448275862068966
10,topo_down_size,gen_low,9,0.27586206896551724,0.10344827586206895,0.3793103448275862
10,topo_down_size,gen_low,10,0.3103448275862069,0.10344827586206895,0.41379310344827586
10,topo_down_size,gen_low,11,0.3448275862068966,0.10344827586206895,0.4482758620689655
10,topo_down_size,gen_low,12,0.3793103448275862,0.6206896551724138,1.0
10,topo_down_size,vul_low,1,0.0,0.0,0.0
10,topo_down_size,vul_low,2,0.034482758620689655,0.0,0.034482758620689655
10,topo_down_size,vul_low,3,0.06896551724137931,0.0,0.06896551724137931
10,topo_down_size,vul_low,4,0.10344827586206896,0.0,0.10344827586206896
10,topo_down_size,vul_low,5,0.13793103448275862,0.0,0.13793103448275862
10,topo_down_size,vul_low,6,0.1724137931034483,0.0,0.1724137931034483
10,topo_down_size,vul_low,7,0.20689655172413793,0.0,0.20689655172413793
10,topo_down_size,vul_low,8,0.2413793103448276,0.0,0.2413793103448276
10,topo_down_size,vul_low,9,0.27586206896551724,0.0,0.27586206896551724
10,topo_down_size,vul_low,10,0.3103448275862069,0.10344827586206895,0.41379310344827586
10,topo_down_size,vul_low,11,0.3448275862068966,0.3448275862068966,0.6896551724137931
10,topo_down_size,vul_low,12,0.3793103448275862,0.6206896551724138,1.0
10,topo_down_size,rand_basal,1,0.0,0.0,0.0
10,topo_down_size,rand_basal,2,0.034482758620689655,0.0,0.034482758620689655
10,topo_down_size,rand_basal,3,0.06896551724137931,0.0,0.06896551724137931
10,topo_down_size,rand_basal,4,0.10344827586206896,0.0,0.10344827586206896
10,topo_down_size,rand_basal,5,0.13793103448275862,0.0,0.13793103448275862
10,topo_down_size,rand_basal,6,0.1724137931034483,0.0,0.1724137931034483
10,topo_down_size,rand_basal,7,0.20689655172413793,0.0,0.20689655172413793
10,topo_down_size,rand_basal,8,0.2413793103448276,0.0,0.2413793103448276
10,topo_down_size,rand_basal,9,0.27586206896551724,0.0,0.27586206896551724
10,topo_down_size,rand_basal,10,0.3103448275862069,0.0,0.3103448275862069
10,topo_down_size,rand_basal,11,0.3448275862068966,0.0,0.3448275862068966
10,topo_down_size,rand_basal,12,0.3793103448275862,0.0,0.3793103448275862
10,topo_down_size,rand_basal,13,0.41379310344827586,0.0,0.41379310344827586
10,topo_down_size,rand_basal,14,0.4482758620689655,0.0,0.4482758620689655
10,topo_down_size,rand_basal,15,0.4827586206896552,0.0,0.4827586206896552
10,topo_down_size,rand_basal,16,0.5172413793103449,0.0,0.5172413793103449
10,topo_down_size,rand_basal,17,0.5517241379310345,0.0,0.5517241379310345
10,topo_down_size,rand_basal,18,0.5862068965517241,0.0,0.5862068965517241
10,topo_down_size,rand_basal,19,0.6206896551724138,0.03448275862068961,0.6551724137931034
10,topo_down_size,rand_consumer,1,0.0,0.0,0.0
10,topo_down_size,rand_consumer,2,0.034482758620689655,0.0,0.034482758620689655
10,topo_down_size,rand_consumer,3,0.06896551724137931,0.0,0.06896551724137931
10,topo_down_size,rand_consumer,4,0.10344827586206896,0.0,0.10344827586206896
10,topo_down_size,rand_consumer,5,0.13793103448275862,0.10344827586206898,0.2413793103448276
10,topo_down_size,rand_consumer,6,0.1724137931034483,0.10344827586206895,0.27586206896551724
10,topo_down_size,rand_consumer,7,0.20689655172413793,0.10344827586206898,0.3103448275862069
10,topo_down_size,rand_consumer,8,0.2413793103448276,0.10344827586206898,0.3448275862068966
10,topo_down_size,rand_consumer,9,0.27586206896551724,0.10344827586206895,0.3793103448275862
10,topo_down_size,rand_consumer,10,0.3103448275862069,0.10344827586206895,0.41379310344827586
10,topo_down_size,rand_consumer,11,0.3448275862068966,0.10344827586206895,0.4482758620689655
10,topo_down_size,rand_consumer,12,0.3793103448275862,0.6206896551724138,1.0
10,topo_down_size,bm_high,1,0.0,0.0,0.0
10,topo_down_size,bm_high,2,0.034482758620689655,0.10344827586206896,0.13793103448275862
10,topo_down_size,bm_high,3,0.06896551724137931,0.10344827586206898,0.1724137931034483
10,topo_down_size,bm_high,4,0.10344827586206896,0.10344827586206896,0.20689655172413793
10,topo_down_size,bm_high,5,0.13793103448275862,0.10344827586206898,0.2413793103448276
10,topo_down_size,bm_high,6,0.1724137931034483,0.10344827586206895,0.27586206896551724
10,topo_down_size,bm_high,7,0.20689655172413793,0.10344827586206898,0.3103448275862069
10,topo_down_size,bm_high,8,0.2413793103448276,0.10344827586206898,0.3448275862068966
10,topo_down_size,bm_high,9,0.27586206896551724,0.10344827586206895,0.3793103448275862
10,topo_down_size,bm_high,10,0.3103448275862069,0.10344827586206895,0.41379310344827586
10,topo_down_size,bm_high,11,0.3448275862068966,0.10344827586206895,0.4482758620689655
10,topo_down_size,bm_high,12,0.3793103448275862,0.103448275862069,0.4827586206896552
10,topo_down_size,bm_high,13,0.41379310344827586,0.103448275862069,0.5172413793103449
10,topo_down_size,bm_high,14,0.4482758620689655,0.10344827586206895,0.5517241379310345
10,topo_down_size,bm_high,15,0.4827586206896552,0.1034482758620689,0.5862068965517241
10,topo_down_size,bm_high,16,0.5172413793103449,0.10344827586206895,0.6206896551724138
10,topo_down_size,bm_high,17,0.5517241379310345,0.10344827586206895,0.6551724137931034
10,topo_down_size,bm_high,18,0.5862068965517241,0.10344827586206906,0.6896551724137931
10,topo_down_size,bm_high,19,0.6206896551724138,0.10344827586206895,0.7241379310344828
10,topo_down_size,bm_high,20,0.6551724137931034,0.10344827586206895,0.7586206896551724
10,topo_down_size,bm_high,21,0.6896551724137931,0.10344827586206895,0.7931034482758621
10,topo_down_size,bm_high,22,0.7241379310344828,0.10344827586206895,0.8275862068965517
10,topo_down_size,bm_high,23,0.7586206896551724,0.24137931034482762,1.0
10,topo_down_size,gen_high,1,0.0,0.0,0.0
10,topo_down_size,gen_high,2,0.034482758620689655,0.0,0.034482758620689655
10,topo_down_size,gen_high,3,0.06896551724137931,0.0,0.06896551724137931
10,topo_down_size,gen_high,4,0.10344827586206896,0.0,0.10344827586206896
10,topo_down_size,gen_high,5,0.13793103448275862,0.06896551724137931,0.20689655172413793
10,topo_down_size,gen_high,6,0.1724137931034483,0.10344827586206895,0.27586206896551724
10,topo_down_size,gen_high,7,0.20689655172413793,0.17241379310344826,0.3793103448275862
10,topo_down_size,gen_high,8,0.2413793103448276,0.20689655172413793,0.4482758620689655
10,topo_down_size,gen_high,9,0.27586206896551724,0.4137931034482759,0.6896551724137931
10,topo_down_size,gen_high,10,0.3103448275862069,0.4827586206896552,0.7931034482758621
10,topo_down_size,gen_high,11,0.3448275862068966,0.48275862068965514,0.8275862068965517
10,topo_down_size,gen_high,12,0.3793103448275862,0.6206896551724138,1.0
10,topo_down_size,degree_high,1,0.0,0.0,0.0
10,topo_down_size,degree_high,2,0.034482758620689655,0.0,0.034482758620689655
10,topo_down_size,degree_high,3,0.06896551724137931,0.0,0.06896551724137931
10,topo_down_size,degree_high,4,0.10344827586206896,0.0,0.10344827586206896
10,topo_down_size,degree_high,5,0.13793103448275862,0.06896551724137931,0.20689655172413793
10,topo_down_size,degree_high,6,0.1724137931034483,0.10344827586206895,0.27586206896551724
10,topo_down_size,degree_high,7,0.20689655172413793,0.17241379310344826,0.3793103448275862
10,topo_down_size,degree_high,8,0.2413793103448276,0.17241379310344826,0.41379310344827586
10,topo_down_size,degree_high,9,0.27586206896551724,0.3793103448275862,0.6551724137931034
10,topo_down_size,degree_high,10,0.3103448275862069,0.41379310344827586,0.7241379310344828
10,topo_down_size,degree_high,11,0.3448275862068966,0.48275862068965514,0.8275862068965517
10,topo_down_size,degree_high,12,0.3793103448275862,0.6206896551724138,1.0
10,topo_down_size,degree_low,1,0.0,0.0,0.0
10,topo_down_size,degree_low,2,0.034482758620689655,0.0,0.034482758620689655
10,topo_down_size,degree_low,3,0.06896551724137931,0.0,0.06896551724137931
10,topo_down_size,degree_low,4,0.10344827586206896,0.0,0.10344827586206896
10,topo_down_size,degree_low,5,0.13793103448275862,0.10344827586206898,0.2413793103448276
10,topo_down_size,degree_low,6,0.1724137931034483,0.10344827586206895,0.27586206896551724
10,topo_down_size,degree_low,7,0.20689655172413793,0.10344827586206898,0.3103448275862069
10,topo_down_size,degree_low,8,0.2413793103448276,0.10344827586206898,0.3448275862068966
10,topo_down_size,degree_low,9,0.27586206896551724,0.10344827586206895,0.3793103448275862
10,topo_down_size,degree_low,10,0.3103448275862069,0.10344827586206895,0.41379310344827586
10,topo_down_size,degree_low,11,0.3448275862068966,0.10344827586206895,0.4482758620689655
10,topo_down_size,degree_low,12,0.3793103448275862,0.6206896551724138,1.0
10,topo_down_size,vul_high,1,0.0,0.0,0.0
10,topo_down_size,vul_high,2,0.034482758620689655,0.0,0.034482758620689655
10,topo_down_size,vul_high,3,0.06896551724137931,0.0,0.06896551724137931
10,topo_down_size,vul_high,4,0.10344827586206896,0.0,0.10344827586206896
10,topo_down_size,vul_high,5,0.13793103448275862,0.0,0.13793103448275862
10,topo_down_size,vul_high,6,0.1724137931034483,0.0,0.1724137931034483
10,topo_down_size,vul_high,7,0.20689655172413793,0.0,0.20689655172413793
10,topo_down_size,vul_high,8,0.2413793103448276,0.17241379310344826,0.41379310344827586
10,topo_down_size,vul_high,9,0.27586206896551724,0.20689655172413796,0.4827586206896552
10,topo_down_size,vul_high,10,0.3103448275862069,0.2758620689655172,0.5862068965517241
10,topo_down_size,vul_high,11,0.3448275862068966,0.48275862068965514,0.8275862068965517
10,topo_down_size,vul_high,12,0.3793103448275862,0.6206896551724138,1.0
10,topo_down_size,bm_low,1,0.0,0.0,0.0
10,topo_down_size,bm_low,2,0.034482758620689655,0.0,0.034482758620689655
10,topo_down_size,bm_low,3,0.06896551724137931,0.0,0.06896551724137931
10,topo_down_size,bm_low,4,0.10344827586206896,0.0,0.10344827586206896
10,topo_down_size,bm_low,5,0.13793103448275862,0.0,0.13793103448275862
10,topo_down_size,bm_low,6,0.1724137931034483,0.0,0.1724137931034483
10,topo_down_size,bm_low,7,0.20689655172413793,0.0,0.20689655172413793
10,topo_down_size,bm_low,8,0.2413793103448276,0.0,0.2413793103448276
10,topo_down_size,bm_low,9,0.27586206896551724,0.0,0.27586206896551724
10,topo_down_size,bm_low,10,0.3103448275862069,0.0,0.3103448275862069
10,topo_down_size,bm_low,11,0.3448275862068966,0.0,0.3448275862068966
10,topo_down_size,bm_low,12,0.3793103448275862,0.0,0.3793103448275862
10,topo_down_size,bm_low,13,0.41379310344827586,0.0,0.41379310344827586
10,topo_down_size,bm_low,14,0.4482758620689655,0.0,0.4482758620689655
10,topo_down_size,bm_low,15,0.4827586206896552,0.0,0.4827586206896552
10,topo_down_size,bm_low,16,0.5172413793103449,0.0,0.5172413793103449
10,topo_down_size,bm_low,17,0.5517241379310345,0.0,0.5517241379310345
10,topo_down_size,bm_low,18,0.5862068965517241,0.0,0.5862068965517241
10,topo_down_size,bm_low,19,0.6206896551724138,0.0,0.6206896551724138
10,topo_down_size,bm_low,20,0.6551724137931034,0.0,0.6551724137931034
10,topo_down_size,bm_low,21,0.6896551724137931,0.0,0.6896551724137931
10,topo_down_size,bm_low,22,0.7241379310344828,0.0,0.7241379310344828
10,topo_down_size,bm_low,23,0.7586206896551724,0.0,0.7586206896551724
10,topo_down_size,bm_low,24,0.7931034482758621,0.03448275862068961,0.8275862068965517
10,topo_down_size,bm_low,25,0.8275862068965517,0.03448275862068961,0.8620689655172413
10,topo_down_size,bm_low,26,0.8620689655172413,0.034482758620689724,0.896551724137931
10,topo_down_size,bm_low,27,0.896551724137931,0.03448275862068961,0.9310344827586207
10,topo_down_size,bm_low,28,0.9310344827586207,0.034482758620689724,0.9655172413793104
10,topo_down_size,bm_low,29,0.9655172413793104,0.03448275862068961,1.0
10,topo_down,gen_low,1,0.0,0.0,0.0
10,topo_down,gen_low,2,0.02631578947368421,0.0,0.02631578947368421
10,topo_down,gen_low,3,0.05263157894736842,0.0,0.05263157894736842
10,topo_down,gen_low,4,0.07894736842105263,0.0,0.07894736842105263
10,topo_down,gen_low,5,0.10526315789473684,0.0,0.10526315789473684
10,topo_down,gen_low,6,0.13157894736842105,0.0,0.13157894736842105
10,topo_down,gen_low,7,0.15789473684210525,0.0,0.15789473684210525
10,topo_down,gen_low,8,0.18421052631578946,0.0,0.18421052631578946
10,topo_down,gen_low,9,0.21052631578947367,0.0,0.21052631578947367
10,topo_down,gen_low,10,0.23684210526315788,0.0,0.23684210526315788
10,topo_down,gen_low,11,0.2631578947368421,0.0,0.2631578947368421
10,topo_down,gen_low,12,0.2894736842105263,0.0,0.2894736842105263
10,topo_down,gen_low,13,0.3157894736842105,0.0,0.3157894736842105
10,topo_down,gen_low,14,0.34210526315789475,0.0,0.34210526315789475
10,topo_down,gen_low,15,0.3684210526315789,0.0,0.3684210526315789
10,topo_down,gen_low,16,0.39473684210526316,0.0,0.39473684210526316
10,topo_down,gen_low,17,0.42105263157894735,0.0,0.42105263157894735
10,topo_down,gen_low,18,0.4473684210526316,0.0,0.4473684210526316
10,topo_down,gen_low,19,0.47368421052631576,0.0,0.47368421052631576
10,topo_down,gen_low,20,0.5,0.0,0.5
10,topo_down,gen_low,21,0.5263157894736842,0.026315789473684292,0.5526315789473685
10,topo_down,gen_low,22,0.5526315789473685,0.02631578947368418,0.5789473684210527
10,topo_down,gen_low,23,0.5789473684210527,0.02631578947368418,0.6052631578947368
10,topo_down,gen_low,24,0.6052631578947368,0.02631578947368418,0.631578947368421
10,topo_down,gen_low,25,0.631578947368421,0.13157894736842113,0.7631578947368421
10,topo_down,gen_low,26,0.6578947368421053,0.13157894736842102,0.7894736842105263
10,topo_down,gen_low,27,0.6842105263157895,0.13157894736842102,0.8157894736842105
10,topo_down,gen_low,28,0.7105263157894737,0.13157894736842102,0.8421052631578947
10,topo_down,gen_low,29,0.7368421052631579,0.13157894736842113,0.868421052631579
10,topo_down,gen_low,30,0.7631578947368421,0.23684210526315785,1.0
10,topo_down,vul_low,1,0.0,0.0,0.0
10,topo_down,vul_low,2,0.02631578947368421,0.0,0.02631578947368421
10,topo_down,vul_low,3,0.05263157894736842,0.0,0.05263157894736842
10,topo_down,vul_low,4,0.07894736842105263,0.0,0.07894736842105263
10,topo_down,vul_low,5,0.10526315789473684,0.0,0.10526315789473684
10,topo_down,vul_low,6,0.13157894736842105,0.0,0.13157894736842105
10,topo_down,vul_low,7,0.15789473684210525,0.0,0.15789473684210525
10,topo_down,vul_low,8,0.18421052631578946,0.0,0.18421052631578946
10,topo_down,vul_low,9,0.21052631578947367,0.0,0.21052631578947367
10,topo_down,vul_low,10,0.23684210526315788,0.0,0.23684210526315788
10,topo_down,vul_low,11,0.2631578947368421,0.0,0.2631578947368421
10,topo_down,vul_low,12,0.2894736842105263,0.0,0.2894736842105263
10,topo_down,vul_low,13,0.3157894736842105,0.0,0.3157894736842105
10,topo_down,vul_low,14,0.34210526315789475,0.0,0.34210526315789475
10,topo_down,vul_low,15,0.3684210526315789,0.0,0.3684210526315789
10,topo_down,vul_low,16,0.39473684210526316,0.0,0.39473684210526316
10,topo_down,vul_low,17,0.42105263157894735,0.0,0.42105263157894735
10,topo_down,vul_low,18,0.4473684210526316,0.0,0.4473684210526316
10,topo_down,vul_low,19,0.47368421052631576,0.0,0.47368421052631576
10,topo_down,vul_low,20,0.5,0.0,0.5
10,topo_down,vul_low,21,0.5263157894736842,0.026315789473684292,0.5526315789473685
10,topo_down,vul_low,22,0.5526315789473685,0.02631578947368418,0.5789473684210527
10,topo_down,vul_low,23,0.5789473684210527,0.02631578947368418,0.6052631578947368
10,topo_down,vul_low,24,0.6052631578947368,0.02631578947368418,0.631578947368421
10,topo_down,vul_low,25,0.631578947368421,0.13157894736842113,0.7631578947368421
10,topo_down,vul_low,26,0.6578947368421053,0.13157894736842102,0.7894736842105263
10,topo_down,vul_low,27,0.6842105263157895,0.1578947368421052,0.8421052631578947
10,topo_down,vul_low,28,0.7105263157894737,0.1842105263157895,0.8947368421052632
10,topo_down,vul_low,29,0.7368421052631579,0.21052631578947367,0.9473684210526315
10,topo_down,vul_low,30,0.7631578947368421,0.23684210526315785,1.0
10,topo_down,rand_basal,1,0.0,0.0,0.0
10,topo_down,rand_basal,2,0.02631578947368421,0.05263157894736842,0.07894736842105263
10,topo_down,rand_basal,3,0.05263157894736842,0.15789473684210525,0.21052631578947367
10,topo_down,rand_basal,4,0.07894736842105263,0.3157894736842105,0.39473684210526316
10,topo_down,rand_basal,5,0.10526315789473684,0.34210526315789475,0.4473684210526316
10,topo_down,rand_basal,6,0.13157894736842105,0.3421052631578947,0.47368421052631576
10,topo_down,rand_basal,7,0.15789473684210525,0.34210526315789475,0.5
10,topo_down,rand_basal,8,0.18421052631578946,0.3421052631578947,0.5263157894736842
10,topo_down,rand_basal,9,0.21052631578947367,0.3421052631578948,0.5526315789473685
10,topo_down,rand_basal,10,0.23684210526315788,0.5263157894736843,0.7631578947368421
10,topo_down,rand_consumer,1,0.0,0.0,0.0
10,topo_down,rand_consumer,2,0.02631578947368421,0.0,0.02631578947368421
10,topo_down,rand_consumer,3,0.05263157894736842,0.0,0.05263157894736842
10,topo_down,rand_consumer,4,0.07894736842105263,0.0,0.07894736842105263
10,topo_down,rand_consumer,5,0.10526315789473684,0.0,0.10526315789473684
10,topo_down,rand_consumer,6,0.13157894736842105,0.0,0.13157894736842105
10,topo_down,rand_consumer,7,0.15789473684210525,0.0,0.15789473684210525
10,topo_down,rand_consumer,8,0.18421052631578946,0.0,0.18421052631578946
10,topo_down,rand_consumer,9,0.21052631578947367,0.0,0.21052631578947367
10,topo_down,rand_consumer,10,0.23684210526315788,0.0,0.23684210526315788
10,topo_down,rand_consumer,11,0.2631578947368421,0.0,0.2631578947368421
10,topo_down,rand_consumer,12,0.2894736842105263,0.0,0.2894736842105263
10,topo_down,rand_consumer,13,0.3157894736842105,0.0,0.3157894736842105
10,topo_down,rand_consumer,14,0.34210526315789475,0.0,0.34210526315789475
10,topo_down,rand_consumer,15,0.3684210526315789,0.0,0.3684210526315789
10,topo_down,rand_consumer,16,0.39473684210526316,0.0,0.39473684210526316
10,topo_down,rand_consumer,17,0.42105263157894735,0.0,0.42105263157894735
10,topo_down,rand_consumer,18,0.4473684210526316,0.0,0.4473684210526316
10,topo_down,rand_consumer,19,0.47368421052631576,0.0,0.47368421052631576
10,topo_down,rand_consumer,20,0.5,0.0,0.5
10,topo_down,rand_consumer,21,0.5263157894736842,0.0,0.5263157894736842
10,topo_down,rand_consumer,22,0.5526315789473685,0.0,0.5526315789473685
10,topo_down,rand_consumer,23,0.5789473684210527,0.0,0.5789473684210527
10,topo_down,rand_consumer,24,0.6052631578947368,0.0,0.6052631578947368
10,topo_down,rand_consumer,25,0.631578947368421,0.0,0.631578947368421
10,topo_down,rand_consumer,26,0.6578947368421053,0.02631578947368418,0.6842105263157895
10,topo_down,rand_consumer,27,0.6842105263157895,0.07894736842105265,0.7631578947368421
10,topo_down,rand_consumer,28,0.7105263157894737,0.07894736842105265,0.7894736842105263
10,topo_down,rand_consumer,29,0.7368421052631579,0.13157894736842113,0.868421052631579
10,topo_down,rand_consumer,30,0.7631578947368421,0.23684210526315785,1.0
10,topo_down,bm_high,1,0.0,0.0,0.0
10,topo_down,bm_high,2,0.02631578947368421,0.0,0.02631578947368421
10,topo_down,bm_high,3,0.05263157894736842,0.0,0.05263157894736842
10,topo_down,bm_high,4,0.07894736842105263,0.0,0.07894736842105263
10,topo_down,bm_high,5,0.10526315789473684,0.0,0.10526315789473684
10,topo_down,bm_high,6,0.13157894736842105,0.0,0.13157894736842105
10,topo_down,bm_high,7,0.15789473684210525,0.0,0.15789473684210525
10,topo_down,bm_high,8,0.18421052631578946,0.0,0.18421052631578946
10,topo_down,bm_high,9,0.21052631578947367,0.0,0.21052631578947367
10,topo_down,bm_high,10,0.23684210526315788,0.02631578947368421,0.2631578947368421
10,topo_down,bm_high,11,0.2631578947368421,0.026315789473684237,0.2894736842105263
10,topo_down,bm_high,12,0.2894736842105263,0.10526315789473684,0.39473684210526316
10,topo_down,bm_high,13,0.3157894736842105,0.10526315789473684,0.42105263157894735
10,topo_down,bm_high,14,0.34210526315789475,0.10526315789473684,0.4473684210526316
10,topo_down,bm_high,15,0.3684210526315789,0.13157894736842107,0.5
10,topo_down,bm_high,16,0.39473684210526316,0.13157894736842102,0.5263157894736842
10,topo_down,bm_high,17,0.42105263157894735,0.13157894736842113,0.5526315789473685
10,topo_down,bm_high,18,0.4473684210526316,0.13157894736842107,0.5789473684210527
10,topo_down,bm_high,19,0.47368421052631576,0.13157894736842107,0.6052631578947368
10,topo_down,bm_high,20,0.5,0.13157894736842102,0.631578947368421
10,topo_down,bm_high,21,0.5263157894736842,0.13157894736842113,0.6578947368421053
10,topo_down,bm_high,22,0.5526315789473685,0.13157894736842102,0.6842105263157895
10,topo_down,bm_high,23,0.5789473684210527,0.13157894736842102,0.7105263157894737
10,topo_down,bm_high,24,0.6052631578947368,0.13157894736842102,0.7368421052631579
10,topo_down,bm_high,25,0.631578947368421,0.13157894736842113,0.7631578947368421
10,topo_down,bm_high,26,0.6578947368421053,0.13157894736842102,0.7894736842105263
10,topo_down,bm_high,27,0.6842105263157895,0.1578947368421052,0.8421052631578947
10,topo_down,bm_high,28,0.7105263157894737,0.1842105263157895,0.8947368421052632
10,topo_down,bm_high,29,0.7368421052631579,0.1842105263157895,0.9210526315789473
10,topo_down,bm_high,30,0.7631578947368421,0.23684210526315785,1.0
10,topo_down,gen_high,1,0.0,0.0,0.0
10,topo_down,gen_high,2,0.02631578947368421,0.0,0.02631578947368421
10,topo_down,gen_high,3,0.05263157894736842,0.0,0.05263157894736842
10,topo_down,gen_high,4,0.07894736842105263,0.0,0.07894736842105263
10,topo_down,gen_high,5,0.10526315789473684,0.02631578947368421,0.13157894736842105
10,topo_down,gen_high,6,0.13157894736842105,0.02631578947368421,0.15789473684210525
10,topo_down,gen_high,7,0.15789473684210525,0.05263157894736842,0.21052631578947367
10,topo_down,gen_high,8,0.18421052631578946,0.05263157894736842,0.23684210526315788
10,topo_down,gen_high,9,0.21052631578947367,0.07894736842105265,0.2894736842105263
10,topo_down,gen_high,10,0.23684210526315788,0.07894736842105263,0.3157894736842105
10,topo_down,gen_high,11,0.2631578947368421,0.07894736842105265,0.34210526315789475
10,topo_down,gen_high,12,0.2894736842105263,0.0789473684210526,0.3684210526315789
10,topo_down,gen_high,13,0.3157894736842105,0.07894736842105265,0.39473684210526316
10,topo_down,gen_high,14,0.34210526315789475,0.0789473684210526,0.42105263157894735
10,topo_down,gen_high,15,0.3684210526315789,0.07894736842105265,0.4473684210526316
10,topo_down,gen_high,16,0.39473684210526316,0.0789473684210526,0.47368421052631576
10,topo_down,gen_high,17,0.42105263157894735,0.10526315789473684,0.5263157894736842
10,topo_down,gen_high,18,0.4473684210526316,0.10526315789473689,0.5526315789473685
10,topo_down,gen_high,19,0.47368421052631576,0.10526315789473689,0.5789473684210527
10,topo_down,gen_high,20,0.5,0.10526315789473684,0.6052631578947368
10,topo_down,gen_high,21,0.5263157894736842,0.10526315789473684,0.631578947368421
10,topo_down,gen_high,22,0.5526315789473685,0.10526315789473684,0.6578947368421053
10,topo_down,gen_high,23,0.5789473684210527,0.13157894736842102,0.7105263157894737
10,topo_down,gen_high,24,0.6052631578947368,0.13157894736842102,0.7368421052631579
10,topo_down,gen_high,25,0.631578947368421,0.1578947368421053,0.7894736842105263
10,topo_down,gen_high,26,0.6578947368421053,0.1578947368421052,0.8157894736842105
10,topo_down,gen_high,27,0.6842105263157895,0.1842105263157895,0.868421052631579
10,topo_down,gen_high,28,0.7105263157894737,0.21052631578947367,0.9210526315789473
10,topo_down,gen_high,29,0.7368421052631579,0.21052631578947367,0.9473684210526315
10,topo_down,gen_high,30,0.7631578947368421,0.23684210526315785,1.0
10,topo_down,degree_high,1,0.0,0.0,0.0
10,topo_down,degree_high,2,0.02631578947368421,0.0,0.02631578947368421
10,topo_down,degree_high,3,0.05263157894736842,0.0,0.05263157894736842
10,topo_down,degree_high,4,0.07894736842105263,0.0,0.07894736842105263
10,topo_down,degree_high,5,0.10526315789473684,0.0,0.10526315789473684
10,topo_down,degree_high,6,0.13157894736842105,0.02631578947368421,0.15789473684210525
10,topo_down,degree_high,7,0.15789473684210525,0.05263157894736842,0.21052631578947367
10,topo_down,degree_high,8,0.18421052631578946,0.05263157894736842,0.23684210526315788
10,topo_down,degree_high,9,0.21052631578947367,0.07894736842105265,0.2894736842105263
10,topo_down,degree_high,10,0.23684210526315788,0.07894736842105263,0.3157894736842105
10,topo_down,degree_high,11,0.2631578947368421,0.07894736842105265,0.34210526315789475
10,topo_down,degree_high,12,0.2894736842105263,0.0789473684210526,0.3684210526315789
10,topo_down,degree_high,13,0.3157894736842105,0.07894736842105265,0.39473684210526316
10,topo_down,degree_high,14,0.34210526315789475,0.0789473684210526,0.42105263157894735
10,topo_down,degree_high,15,0.3684210526315789,0.07894736842105265,0.4473684210526316
10,topo_down,degree_high,16,0.39473684210526316,0.0789473684210526,0.47368421052631576
10,topo_down,degree_high,17,0.42105263157894735,0.10526315789473684,0.5263157894736842
10,topo_down,degree_high,18,0.4473684210526316,0.10526315789473689,0.5526315789473685
10,topo_down,degree_high,19,0.47368421052631576,0.10526315789473689,0.5789473684210527
10,topo_down,degree_high,20,0.5,0.10526315789473684,0.6052631578947368
10,topo_down,degree_high,21,0.5263157894736842,0.10526315789473684,0.631578947368421
10,topo_down,degree_high,22,0.5526315789473685,0.10526315789473684,0.6578947368421053
10,topo_down,degree_high,23,0.5789473684210527,0.13157894736842102,0.7105263157894737
10,topo_down,degree_high,24,0.6052631578947368,0.13157894736842102,0.7368421052631579
10,topo_down,degree_high,25,0.631578947368421,0.1578947368421053,0.7894736842105263
10,topo_down,degree_high,26,0.6578947368421053,0.1578947368421052,0.8157894736842105
10,topo_down,degree_high,27,0.6842105263157895,0.1842105263157895,0.868421052631579
10,topo_down,degree_high,28,0.7105263157894737,0.21052631578947367,0.9210526315789473
10,topo_down,degree_high,29,0.7368421052631579,0.21052631578947367,0.9473684210526315
10,topo_down,degree_high,30,0.7631578947368421,0.23684210526315785,1.0
10,topo_down,degree_low,1,0.0,0.0,0.0
10,topo_down,degree_low,2,0.02631578947368421,0.0,0.02631578947368421
10,topo_down,degree_low,3,0.05263157894736842,0.0,0.05263157894736842
10,topo_down,degree_low,4,0.07894736842105263,0.0,0.07894736842105263
10,topo_down,degree_low,5,0.10526315789473684,0.0,0.10526315789473684
10,topo_down,degree_low,6,0.13157894736842105,0.0,0.13157894736842105
10,topo_down,degree_low,7,0.15789473684210525,0.0,0.15789473684210525
10,topo_down,degree_low,8,0.18421052631578946,0.0,0.18421052631578946
10,topo_down,degree_low,9,0.21052631578947367,0.0,0.21052631578947367
10,topo_down,degree_low,10,0.23684210526315788,0.0,0.23684210526315788
10,topo_down,degree_low,11,0.2631578947368421,0.0,0.2631578947368421
10,topo_down,degree_low,12,0.2894736842105263,0.0,0.2894736842105263
10,topo_down,degree_low,13,0.3157894736842105,0.0,0.3157894736842105
10,topo_down,degree_low,14,0.34210526315789475,0.0,0.34210526315789475
10,topo_down,degree_low,15,0.3684210526315789,0.0,0.3684210526315789
10,topo_down,degree_low,16,0.39473684210526316,0.0,0.39473684210526316
10,topo_down,degree_low,17,0.42105263157894735,0.0,0.42105263157894735
10,topo_down,degree_low,18,0.4473684210526316,0.0,0.4473684210526316
10,topo_down,degree_low,19,0.47368421052631576,0.0,0.47368421052631576
10,topo_down,degree_low,20,0.5,0.0,0.5
10,topo_down,degree_low,21,0.5263157894736842,0.0,0.5263157894736842
10,topo_down,degree_low,22,0.5526315789473685,0.0,0.5526315789473685
10,topo_down,degree_low,23,0.5789473684210527,0.02631578947368418,0.6052631578947368
10,topo_down,degree_low,24,0.6052631578947368,0.02631578947368418,0.631578947368421
10,topo_down,degree_low,25,0.631578947368421,0.026315789473684292,0.6578947368421053
10,topo_down,degree_low,26,0.6578947368421053,0.02631578947368418,0.6842105263157895
10,topo_down,degree_low,27,0.6842105263157895,0.02631578947368418,0.7105263157894737
10,topo_down,degree_low,28,0.7105263157894737,0.02631578947368418,0.7368421052631579
10,topo_down,degree_low,29,0.7368421052631579,0.052631578947368474,0.7894736842105263
10,topo_down,degree_low,30,0.7631578947368421,0.23684210526315785,1.0
10,topo_down,vul_high,1,0.0,0.0,0.0
10,topo_down,vul_high,2,0.02631578947368421,0.0,0.02631578947368421
10,topo_down,vul_high,3,0.05263157894736842,0.0,0.05263157894736842
10,topo_down,vul_high,4,0.07894736842105263,0.0,0.07894736842105263
10,topo_down,vul_high,5,0.10526315789473684,0.0,0.10526315789473684
10,topo_down,vul_high,6,0.13157894736842105,0.0,0.13157894736842105
10,topo_down,vul_high,7,0.15789473684210525,0.0,0.15789473684210525
10,topo_down,vul_high,8,0.18421052631578946,0.0,0.18421052631578946
10,topo_down,vul_high,9,0.21052631578947367,0.0,0.21052631578947367
10,topo_down,vul_high,10,0.23684210526315788,0.0,0.23684210526315788
10,topo_down,vul_high,11,0.2631578947368421,0.0,0.2631578947368421
10,topo_down,vul_high,12,0.2894736842105263,0.0,0.2894736842105263
10,topo_down,vul_high,13,0.3157894736842105,0.0,0.3157894736842105
10,topo_down,vul_high,14,0.34210526315789475,0.0,0.34210526315789475
10,topo_down,vul_high,15,0.3684210526315789,0.0,0.3684210526315789
10,topo_down,vul_high,16,0.39473684210526316,0.0,0.39473684210526316
10,topo_down,vul_high,17,0.42105263157894735,0.0,0.42105263157894735
10,topo_down,vul_high,18,0.4473684210526316,0.0,0.4473684210526316
10,topo_down,vul_high,19,0.47368421052631576,0.07894736842105271,0.5526315789473685
10,topo_down,vul_high,20,0.5,0.10526315789473684,0.6052631578947368
10,topo_down,vul_high,21,0.5263157894736842,0.10526315789473684,0.631578947368421
10,topo_down,vul_high,22,0.5526315789473685,0.10526315789473684,0.6578947368421053
10,topo_down,vul_high,23,0.5789473684210527,0.13157894736842102,0.7105263157894737
10,topo_down,vul_high,24,0.6052631578947368,0.1578947368421053,0.7631578947368421
10,topo_down,vul_high,25,0.631578947368421,0.1842105263157895,0.8157894736842105
10,topo_down,vul_high,26,0.6578947368421053,0.18421052631578938,0.8421052631578947
10,topo_down,vul_high,27,0.6842105263157895,0.1842105263157895,0.868421052631579
10,topo_down,vul_high,28,0.7105263157894737,0.1842105263157895,0.8947368421052632
10,topo_down,vul_high,29,0.7368421052631579,0.21052631578947367,0.9473684210526315
10,topo_down,vul_high,30,0.7631578947368421,0.23684210526315785,1.0
10,topo_down,bm_low,1,0.0,0.0,0.0
10,topo_down,bm_low,2,0.02631578947368421,0.0,0.02631578947368421
10,topo_down,bm_low,3,0.05263157894736842,0.0,0.05263157894736842
10,topo_down,bm_low,4,0.07894736842105263,0.10526315789473684,0.18421052631578946
10,topo_down,bm_low,5,0.10526315789473684,0.1842105263157895,0.2894736842105263
10,topo_down,bm_low,6,0.13157894736842105,0.23684210526315788,0.3684210526315789
10,topo_down,bm_low,7,0.15789473684210525,0.2894736842105263,0.4473684210526316
10,topo_down,bm_low,8,0.18421052631578946,0.2894736842105263,0.47368421052631576
10,topo_down,bm_low,9,0.21052631578947367,0.2894736842105263,0.5
10,topo_down,bm_low,10,0.23684210526315788,0.2894736842105263,0.5263157894736842
10,topo_down,bm_low,11,0.2631578947368421,0.2894736842105264,0.5526315789473685
10,topo_down,bm_low,12,0.2894736842105263,0.2894736842105263,0.5789473684210527
10,topo_down,bm_low,13,0.3157894736842105,0.2894736842105263,0.6052631578947368
10,topo_down,bm_low,14,0.34210526315789475,0.28947368421052627,0.631578947368421
10,topo_down,bm_low,15,0.3684210526315789,0.2894736842105264,0.6578947368421053
10,topo_down,bm_low,16,0.39473684210526316,0.2894736842105263,0.6842105263157895
10,topo_down,bm_low,17,0.42105263157894735,0.2894736842105263,0.7105263157894737
10,topo_down,bm_low,18,0.4473684210526316,0.28947368421052627,0.7368421052631579
10,topo_down,bm_low,19,0.47368421052631576,0.2894736842105264,0.7631578947368421
10,topo_down,bm_low,20,0.5,0.2894736842105263,0.7894736842105263
10,topo_down,bm_low,21,0.5263157894736842,0.2894736842105263,0.8157894736842105
10,topo_down,bm_low,22,0.5526315789473685,0.2894736842105262,0.8421052631578947
10,topo_down,bm_low,23,0.5789473684210527,0.2894736842105263,0.868421052631579
10,topo_down,bm_low,24,0.6052631578947368,0.2894736842105263,0.8947368421052632
10,topo_down,bm_low,25,0.631578947368421,0.2894736842105263,0.9210526315789473
10,topo_down,bm_low,26,0.6578947368421053,0.2894736842105262,0.9473684210526315
10,topo_down,bm_low,27,0.6842105263157895,0.2894736842105263,0.9736842105263158
10,topo_down,bm_low,28,0.7105263157894737,0.2894736842105263,1.0
1,dyn_niche,gen_low,1,0.0,0.0,0.0
1,dyn_niche,gen_low,2,0.027777777777777776,0.6388888888888888,0.6666666666666666
1,dyn_niche,gen_low,3,0.05555555555555555,0.6388888888888888,0.6944444444444444
1,dyn_niche,gen_low,4,0.08333333333333333,0.6666666666666666,0.75
1,dyn_niche,gen_low,5,0.1111111111111111,0.6666666666666667,0.7777777777777778
1,dyn_niche,gen_low,6,0.1388888888888889,0.6666666666666667,0.8055555555555556
1,dyn_niche,gen_low,7,0.16666666666666666,0.6944444444444445,0.8611111111111112
1,dyn_niche,gen_low,8,0.19444444444444445,0.6944444444444444,0.8888888888888888
1,dyn_niche,gen_low,9,0.2222222222222222,0.6944444444444444,0.9166666666666666
1,dyn_niche,vul_low,1,0.0,0.0,0.0
1,dyn_niche,vul_low,2,0.027777777777777776,0.6388888888888888,0.6666666666666666
1,dyn_niche,vul_low,3,0.05555555555555555,0.6388888888888888,0.6944444444444444
1,dyn_niche,vul_low,4,0.08333333333333333,0.6666666666666666,0.75
1,dyn_niche,vul_low,5,0.1111111111111111,0.6666666666666667,0.7777777777777778
1,dyn_niche,vul_low,6,0.1388888888888889,0.6666666666666667,0.8055555555555556
1,dyn_niche,vul_low,7,0.16666666666666666,0.6666666666666667,0.8333333333333334
1,dyn_niche,vul_low,8,0.19444444444444445,0.6666666666666667,0.8611111111111112
1,dyn_niche,vul_low,9,0.2222222222222222,0.6666666666666666,0.8888888888888888
1,dyn_niche,vul_low,10,0.25,0.6666666666666666,0.9166666666666666
1,dyn_niche,rand_basal,1,0.0,0.0,0.0
1,dyn_niche,rand_basal,2,0.027777777777777776,0.6944444444444444,0.7222222222222222
1,dyn_niche,rand_basal,3,0.05555555555555555,0.7222222222222222,0.7777777777777778
1,dyn_niche,rand_basal,4,0.08333333333333333,0.8055555555555555,0.8888888888888888
1,dyn_niche,rand_consumer,1,0.0,0.0,0.0
1,dyn_niche,rand_consumer,2,0.027777777777777776,0.6388888888888888,0.6666666666666666
1,dyn_niche,rand_consumer,3,0.05555555555555555,0.6388888888888888,0.6944444444444444
1,dyn_niche,rand_consumer,4,0.08333333333333333,0.6388888888888888,0.7222222222222222
1,dyn_niche,rand_consumer,5,0.1111111111111111,0.6388888888888888,0.75
1,dyn_niche,rand_consumer,6,0.1388888888888889,0.6388888888888888,0.7777777777777778
1,dyn_niche,rand_consumer,7,0.16666666666666666,0.6666666666666667,0.8333333333333334
1,dyn_niche,rand_consumer,8,0.19444444444444445,0.6666666666666667,0.8611111111111112
1,dyn_niche,rand_consumer,9,0.2222222222222222,0.6666666666666666,0.8888888888888888
1,dyn_niche,rand_consumer,10,0.25,0.6666666666666666,0.9166666666666666
1,dyn_niche,bm_high,1,0.0,0.0,0.0
1,dyn_niche,bm_high,2,0.027777777777777776,0.6388888888888888,0.6666666666666666
1,dyn_niche,bm_high,3,0.05555555555555555,0.6388888888888888,0.6944444444444444
1,dyn_niche,bm_high,4,0.08333333333333333,0.6944444444444444,0.7777777777777778
1,dyn_niche,bm_high,5,0.1111111111111111,0.6944444444444444,0.8055555555555556
1,dyn_niche,bm_high,6,0.1388888888888889,0.6944444444444444,0.8333333333333334
1,dyn_niche,bm_high,7,0.16666666666666666,0.6944444444444445,0.8611111111111112
1,dyn_niche,bm_high,8,0.19444444444444445,0.6944444444444444,0.8888888888888888
1,dyn_niche,bm_high,9,0.2222222222222222,0.6944444444444444,0.9166666666666666
1,dyn_niche,gen_high,1,0.0,0.0,0.0
1,dyn_niche,gen_high,2,0.027777777777777776,0.6388888888888888,0.6666666666666666
1,dyn_niche,gen_high,3,0.05555555555555555,0.6666666666666666,0.7222222222222222
1,dyn_niche,gen_high,4,0.08333333333333333,0.6666666666666666,0.75
1,dyn_niche,gen_high,5,0.1111111111111111,0.6666666666666667,0.7777777777777778
1,dyn_niche,gen_high,6,0.1388888888888889,0.6666666666666667,0.8055555555555556
1,dyn_niche,gen_high,7,0.16666666666666666,0.6666666666666667,0.8333333333333334
1,dyn_niche,gen_high,8,0.19444444444444445,0.6666666666666667,0.8611111111111112
1,dyn_niche,gen_high,9,0.2222222222222222,0.6666666666666666,0.8888888888888888
1,dyn_niche,gen_high,10,0.25,0.6666666666666666,0.9166666666666666
1,dyn_niche,degree_high,1,0.0,0.0,0.0
1,dyn_niche,degree_high,2,0.027777777777777776,0.6666666666666666,0.6944444444444444
1,dyn_niche,degree_high,3,0.05555555555555555,0.6666666666666666,0.7222222222222222
1,dyn_niche,degree_high,4,0.08333333333333333,0.6944444444444444,0.7777777777777778
1,dyn_niche,degree_high,5,0.1111111111111111,0.7222222222222223,0.8333333333333334
1,dyn_niche,degree_high,6,0.1388888888888889,0.7222222222222223,0.8611111111111112
1,dyn_niche,degree_high,7,0.16666666666666666,0.7222222222222222,0.8888888888888888
1,dyn_niche,degree_high,8,0.19444444444444445,0.7222222222222222,0.9166666666666666
1,dyn_niche,degree_low,1,0.0,0.0,0.0
1,dyn_niche,degree_low,2,0.027777777777777776,0.6666666666666666,0.6944444444444444
1,dyn_niche,degree_low,3,0.05555555555555555,0.6944444444444444,0.75
1,dyn_niche,degree_low,4,0.08333333333333333,0.6944444444444444,0.7777777777777778
1,dyn_niche,degree_low,5,0.1111111111111111,0.6944444444444444,0.8055555555555556
1,dyn_niche,degree_low,6,0.1388888888888889,0.6944444444444444,0.8333333333333334
1,dyn_niche,degree_low,7,0.16666666666666666,0.6944444444444445,0.8611111111111112
1,dyn_niche,degree_low,8,0.19444444444444445,0.6944444444444444,0.8888888888888888
1,dyn_niche,degree_low,9,0.2222222222222222,0.6944444444444444,0.9166666666666666
1,dyn_niche,vul_high,1,0.0,0.0,0.0
1,dyn_niche,vul_high,2,0.027777777777777776,0.6388888888888888,0.6666666666666666
1,dyn_niche,vul_high,3,0.05555555555555555,0.6944444444444444,0.75
1,dyn_niche,vul_high,4,0.08333333333333333,0.6944444444444444,0.7777777777777778
1,dyn_niche,vul_high,5,0.1111111111111111,0.6944444444444444,0.8055555555555556
1,dyn_niche,vul_high,6,0.1388888888888889,0.6944444444444444,0.8333333333333334
1,dyn_niche,vul_high,7,0.16666666666666666,0.6944444444444445,0.8611111111111112
1,dyn_niche,vul_high,8,0.19444444444444445,0.6944444444444444,0.8888888888888888
1,dyn_niche,vul_high,9,0.2222222222222222,0.6944444444444444,0.9166666666666666
1,dyn_niche,bm_low,1,0.0,0.0,0.0
1,dyn_niche,bm_low,2,0.027777777777777776,0.6388888888888888,0.6666666666666666
1,dyn_niche,bm_low,3,0.05555555555555555,0.6388888888888888,0.6944444444444444
1,dyn_niche,bm_low,4,0.08333333333333333,0.6388888888888888,0.7222222222222222
1,dyn_niche,bm_low,5,0.1111111111111111,0.6388888888888888,0.75
1,dyn_niche,bm_low,6,0.1388888888888889,0.6666666666666667,0.8055555555555556
1,dyn_niche,bm_low,7,0.16666666666666666,0.6666666666666667,0.8333333333333334
1,dyn_niche,bm_low,8,0.19444444444444445,0.6666666666666667,0.8611111111111112
1,dyn_niche,bm_low,9,0.2222222222222222,0.6666666666666666,0.8888888888888888
1,dyn_niche,bm_low,10,0.25,0.6666666666666666,0.9166666666666666
1,dyn_down_size,gen_low,1,0.0,0.0,0.0
1,dyn_down_size,gen_low,2,0.027777777777777776,0.0,0.027777777777777776
1,dyn_down_size,gen_low,3,0.05555555555555555,0.0,0.05555555555555555
1,dyn_down_size,gen_low,4,0.08333333333333333,0.0,0.08333333333333333
1,dyn_down_size,gen_low,5,0.1111111111111111,0.0,0.1111111111111111
1,dyn_down_size,gen_low,6,0.1388888888888889,0.0,0.1388888888888889
1,dyn_down_size,gen_low,7,0.16666666666666666,0.0,0.16666666666666666
1,dyn_down_size,gen_low,8,0.19444444444444445,0.0,0.19444444444444445
1,dyn_down_size,gen_low,9,0.2222222222222222,0.0,0.2222222222222222
1,dyn_down_size,gen_low,10,0.25,0.0,0.25
1,dyn_down_size,gen_low,11,0.2777777777777778,0.0,0.2777777777777778
1,dyn_down_size,gen_low,12,0.3055555555555556,0.0,0.3055555555555556
1,dyn_down_size,vul_low,1,0.0,0.0,0.0
1,dyn_down_size,vul_low,2,0.027777777777777776,0.0,0.027777777777777776
1,dyn_down_size,vul_low,3,0.05555555555555555,0.0,0.05555555555555555
1,dyn_down_size,vul_low,4,0.08333333333333333,0.0,0.08333333333333333
1,dyn_down_size,vul_low,5,0.1111111111111111,0.0,0.1111111111111111
1,dyn_down_size,vul_low,6,0.1388888888888889,0.0,0.1388888888888889
1,dyn_down_size,vul_low,7,0.16666666666666666,0.0,0.16666666666666666
1,dyn_down_size,vul_low,8,0.19444444444444445,0.0,0.19444444444444445
1,dyn_down_size,vul_low,9,0.2222222222222222,0.0,0.2222222222222222
1,dyn_down_size,vul_low,10,0.25,0.0,0.25
1,dyn_down_size,vul_low,11,0.2777777777777778,0.0,0.2777777777777778
1,dyn_down_size,vul_low,12,0.3055555555555556,0.0,0.3055555555555556
1,dyn_down_size,rand_basal,1,0.0,0.0,0.0
1,dyn_down_size,rand_basal,2,0.027777777777777776,0.0,0.027777777777777776
1,dyn_down_size,rand_basal,3,0.05555555555555555,0.0,0.05555555555555555
1,dyn_down_size,rand_basal,4,0.08333333333333333,0.0,0.08333333333333333
1,dyn_down_size,rand_basal,5,0.1111111111111111,0.0,0.1111111111111111
1,dyn_down_size,rand_basal,6,0.1388888888888889,0.0,0.1388888888888889
1,dyn_down_size,rand_basal,7,0.16666666666666666,0.0,0.16666666666666666
1,dyn_down_size,rand_basal,8,0.19444444444444445,0.0,0.19444444444444445
1,dyn_down_size,rand_basal,9,0.2222222222222222,0.0,0.2222222222222222
1,dyn_down_size,rand_basal,10,0.25,0.0,0.25
1,dyn_down_size,rand_basal,11,0.2777777777777778,0.0,0.2777777777777778
1,dyn_down_size,rand_basal,12,0.3055555555555556,0.0,0.3055555555555556
1,dyn_down_size,rand_basal,13,0.3333333333333333,0.0,0.3333333333333333
1,dyn_down_size,rand_basal,14,0.3611111111111111,0.0,0.3611111111111111
1,dyn_down_size,rand_basal,15,0.3888888888888889,0.0,0.3888888888888889
1,dyn_down_size,rand_basal,16,0.4166666666666667,0.0,0.4166666666666667
1,dyn_down_size,rand_basal,17,0.4444444444444444,0.0,0.4444444444444444
1,dyn_down_size,rand_basal,18,0.4722222222222222,0.0,0.4722222222222222
1,dyn_down_size,rand_basal,19,0.5,0.02777777777777779,0.5277777777777778
1,dyn_down_size,rand_basal,20,0.5277777777777778,0.02777777777777779,0.5555555555555556
1,dyn_down_size,rand_basal,21,0.5555555555555556,0.02777777777777779,0.5833333333333334
1,dyn_down_size,rand_basal,22,0.5833333333333334,0.16666666666666663,0.75
1,dyn_down_size,rand_basal,23,0.6111111111111112,0.16666666666666663,0.7777777777777778
1,dyn_down_size,rand_basal,24,0.6388888888888888,0.16666666666666674,0.8055555555555556
1,dyn_down_size,rand_basal,25,0.6666666666666666,0.16666666666666674,0.8333333333333334
1,dyn_down_size,rand_basal,26,0.6944444444444444,0.19444444444444442,0.8888888888888888
1,dyn_down_size,rand_consumer,1,0.0,0.0,0.0
1,dyn_down_size,rand_consumer,2,0.027777777777777776,0.0,0.027777777777777776
1,dyn_down_size,rand_consumer,3,0.05555555555555555,0.0,0.05555555555555555
1,dyn_down_size,rand_consumer,4,0.08333333333333333,0.0,0.08333333333333333
1,dyn_down_size,rand_consumer,5,0.1111111111111111,0.0,0.1111111111111111
1,dyn_down_size,rand_consumer,6,0.1388888888888889,0.0,0.1388888888888889
1,dyn_down_size,rand_consumer,7,0.16666666666666666,0.0,0.16666666666666666
1,dyn_down_size,rand_consumer,8,0.19444444444444445,0.0,0.19444444444444445
1,dyn_down_size,rand_consumer,9,0.2222222222222222,0.0,0.2222222222222222
1,dyn_down_size,rand_consumer,10,0.25,0.0,0.25
1,dyn_down_size,rand_consumer,11,0.2777777777777778,0.0,0.2777777777777778
1,dyn_down_size,rand_consumer,12,0.3055555555555556,0.0,0.3055555555555556
1,dyn_down_size,bm_high,1,0.0,0.0,0.0
1,dyn_down_size,bm_high,2,0.027777777777777776,0.0,0.027777777777777776
1,dyn_down_size,bm_high,3,0.05555555555555555,0.0,0.05555555555555555
1,dyn_down_size,bm_high,4,0.08333333333333333,0.0,0.08333333333333333
1,dyn_down_size,bm_high,5,0.1111111111111111,0.0,0.1111111111111111
1,dyn_down_size,bm_high,6,0.1388888888888889,0.0,0.1388888888888889
1,dyn_down_size,bm_high,7,0.16666666666666666,0.0,0.16666666666666666
1,dyn_down_size,bm_high,8,0.19444444444444445,0.0,0.19444444444444445
1,dyn_down_size,bm_high,9,0.2222222222222222,0.0,0.2222222222222222
1,dyn_down_size,bm_high,10,0.25,0.0,0.25
1,dyn_down_size,bm_high,11,0.2777777777777778,0.0,0.2777777777777778
1,dyn_down_size,bm_high,12,0.3055555555555556,0.0,0.3055555555555556
1,dyn_down_size,gen_high,1,0.0,0.0,0.0
1,dyn_down_size,gen_high,2,0.027777777777777776,0.0,0.027777777777777776
1,dyn_down_size,gen_high,3,0.05555555555555555,0.0,0.05555555555555555
1,dyn_down_size,gen_high,4,0.08333333333333333,0.0,0.08333333333333333
1,dyn_down_size,gen_high,5,0.1111111111111111,0.0,0.1111111111111111
1,dyn_down_size,gen_high,6,0.1388888888888889,0.0,0.1388888888888889
1,dyn_down_size,gen_high,7,0.16666666666666666,0.0,0.16666666666666666
1,dyn_down_size,gen_high,8,0.19444444444444445,0.0,0.19444444444444445
1,dyn_down_size,gen_high,9,0.2222222222222222,0.0,0.2222222222222222
1,dyn_down_size,gen_high,10,0.25,0.0,0.25
1,dyn_down_size,gen_high,11,0.2777777777777778,0.0,0.2777777777777778
1,dyn_down_size,gen_high,12,0.3055555555555556,0.0,0.3055555555555556
1,dyn_down_size,degree_high,1,0.0,0.0,0.0
1,dyn_down_size,degree_high,2,0.027777777777777776,0.0,0.027777777777777776
1,dyn_down_size,degree_high,3,0.05555555555555555,0.0,0.05555555555555555
1,dyn_down_size,degree_high,4,0.08333333333333333,0.0,0.08333333333333333
1,dyn_down_size,degree_high,5,0.1111111111111111,0.0,0.1111111111111111
1,dyn_down_size,degree_high,6,0.1388888888888889,0.0,0.1388888888888889
1,dyn_down_size,degree_high,7,0.16666666666666666,0.0,0.16666666666666666
1,dyn_down_size,degree_high,8,0.19444444444444445,0.0,0.19444444444444445
1,dyn_down_size,degree_high,9,0.2222222222222222,0.0,0.2222222222222222
1,dyn_down_size,degree_high,10,0.25,0.0,0.25
1,dyn_down_size,degree_high,11,0.2777777777777778,0.0,0.2777777777777778
1,dyn_down_size,degree_high,12,0.3055555555555556,0.0,0.3055555555555556
1,dyn_down_size,degree_low,1,0.0,0.0,0.0
1,dyn_down_size,degree_low,2,0.027777777777777776,0.0,0.027777777777777776
1,dyn_down_size,degree_low,3,0.05555555555555555,0.0,0.05555555555555555
1,dyn_down_size,degree_low,4,0.08333333333333333,0.0,0.08333333333333333
1,dyn_down_size,degree_low,5,0.1111111111111111,0.0,0.1111111111111111
1,dyn_down_size,degree_low,6,0.1388888888888889,0.0,0.1388888888888889
1,dyn_down_size,degree_low,7,0.16666666666666666,0.0,0.16666666666666666
1,dyn_down_size,degree_low,8,0.19444444444444445,0.0,0.19444444444444445
1,dyn_down_size,degree_low,9,0.2222222222222222,0.0,0.2222222222222222
1,dyn_down_size,degree_low,10,0.25,0.0,0.25
1,dyn_down_size,degree_low,11,0.2777777777777778,0.0,0.2777777777777778
1,dyn_down_size,degree_low,12,0.3055555555555556,0.0,0.3055555555555556
1,dyn_down_size,vul_high,1,0.0,0.0,0.0
1,dyn_down_size,vul_high,2,0.027777777777777776,0.0,0.027777777777777776
1,dyn_down_size,vul_high,3,0.05555555555555555,0.0,0.05555555555555555
1,dyn_down_size,vul_high,4,0.08333333333333333,0.0,0.08333333333333333
1,dyn_down_size,vul_high,5,0.1111111111111111,0.0,0.1111111111111111
1,dyn_down_size,vul_high,6,0.1388888888888889,0.0,0.1388888888888889
1,dyn_down_size,vul_high,7,0.16666666666666666,0.0,0.16666666666666666
1,dyn_down_size,vul_high,8,0.19444444444444445,0.0,0.19444444444444445
1,dyn_down_size,vul_high,9,0.2222222222222222,0.0,0.2222222222222222
1,dyn_down_size,vul_high,10,0.25,0.0,0.25
1,dyn_down_size,vul_high,11,0.2777777777777778,0.0,0.2777777777777778
1,dyn_down_size,vul_high,12,0.3055555555555556,0.0,0.3055555555555556
1,dyn_down_size,bm_low,1,0.0,0.0,0.0
1,dyn_down_size,bm_low,2,0.027777777777777776,0.0,0.027777777777777776
1,dyn_down_size,bm_low,3,0.05555555555555555,0.0,0.05555555555555555
1,dyn_down_size,bm_low,4,0.08333333333333333,0.0,0.08333333333333333
1,dyn_down_size,bm_low,5,0.1111111111111111,0.0,0.1111111111111111
1,dyn_down_size,bm_low,6,0.1388888888888889,0.0,0.1388888888888889
1,dyn_down_size,bm_low,7,0.16666666666666666,0.0,0.16666666666666666
1,dyn_down_size,bm_low,8,0.19444444444444445,0.0,0.19444444444444445
1,dyn_down_size,bm_low,9,0.2222222222222222,0.0,0.2222222222222222
1,dyn_down_size,bm_low,10,0.25,0.0,0.25
1,dyn_down_size,bm_low,11,0.2777777777777778,0.0,0.2777777777777778
1,dyn_down_size,bm_low,12,0.3055555555555556,0.0,0.3055555555555556
1,dyn_down,gen_low,1,0.0,0.0,0.0
1,dyn_down,gen_low,2,0.024390243902439025,0.0,0.024390243902439025
1,dyn_down,gen_low,3,0.04878048780487805,0.0,0.04878048780487805
1,dyn_down,gen_low,4,0.07317073170731707,0.024390243902439032,0.0975609756097561
1,dyn_down,gen_low,5,0.0975609756097561,0.12195121951219512,0.21951219512195122
1,dyn_down,gen_low,6,0.12195121951219512,0.12195121951219512,0.24390243902439024
1,dyn_down,gen_low,7,0.14634146341463414,0.12195121951219515,0.2682926829268293
1,dyn_down,gen_low,8,0.17073170731707318,0.12195121951219509,0.2926829268292683
1,dyn_down,gen_low,9,0.1951219512195122,0.12195121951219512,0.3170731707317073
1,dyn_down,gen_low,10,0.21951219512195122,0.12195121951219515,0.34146341463414637
1,dyn_down,gen_low,11,0.24390243902439024,0.12195121951219512,0.36585365853658536
1,dyn_down,gen_low,12,0.2682926829268293,0.12195121951219512,0.3902439024390244
1,dyn_down,gen_low,13,0.2926829268292683,0.12195121951219512,0.4146341463414634
1,dyn_down,gen_low,14,0.3170731707317073,0.12195121951219512,0.43902439024390244
1,dyn_down,gen_low,15,0.34146341463414637,0.12195121951219512,0.4634146341463415
1,dyn_down,gen_low,16,0.36585365853658536,0.12195121951219512,0.4878048780487805
1,dyn_down,gen_low,17,0.3902439024390244,0.12195121951219512,0.5121951219512195
1,dyn_down,gen_low,18,0.4146341463414634,0.12195121951219517,0.5365853658536586
1,dyn_down,gen_low,19,0.43902439024390244,0.12195121951219517,0.5609756097560976
1,dyn_down,gen_low,20,0.4634146341463415,0.12195121951219506,0.5853658536585366
1,dyn_down,gen_low,21,0.4878048780487805,0.14634146341463417,0.6341463414634146
1,dyn_down,gen_low,22,0.5121951219512195,0.14634146341463417,0.6585365853658537
1,dyn_down,gen_low,23,0.5365853658536586,0.14634146341463417,0.6829268292682927
1,dyn_down,gen_low,24,0.5609756097560976,0.14634146341463405,0.7073170731707317
1,dyn_down,gen_low,25,0.5853658536585366,0.14634146341463417,0.7317073170731707
1,dyn_down,vul_low,1,0.0,0.0,0.0
1,dyn_down,vul_low,2,0.024390243902439025,0.0,0.024390243902439025
1,dyn_down,vul_low,3,0.04878048780487805,0.0,0.04878048780487805
1,dyn_down,vul_low,4,0.07317073170731707,0.0,0.07317073170731707
1,dyn_down,vul_low,5,0.0975609756097561,0.0,0.0975609756097561
1,dyn_down,vul_low,6,0.12195121951219512,0.0,0.12195121951219512
1,dyn_down,vul_low,7,0.14634146341463414,0.0,0.14634146341463414
1,dyn_down,vul_low,8,0.17073170731707318,0.0,0.17073170731707318
1,dyn_down,vul_low,9,0.1951219512195122,0.0,0.1951219512195122
1,dyn_down,vul_low,10,0.21951219512195122,0.0,0.21951219512195122
1,dyn_down,vul_low,11,0.24390243902439024,0.0,0.24390243902439024
1,dyn_down,vul_low,12,0.2682926829268293,0.02439024390243899,0.2926829268292683
1,dyn_down,vul_low,13,0.2926829268292683,0.04878048780487809,0.34146341463414637
1,dyn_down,vul_low,14,0.3170731707317073,0.04878048780487804,0.36585365853658536
1,dyn_down,vul_low,15,0.34146341463414637,0.04878048780487804,0.3902439024390244
1,dyn_down,vul_low,16,0.36585365853658536,0.04878048780487804,0.4146341463414634
1,dyn_down,vul_low,17,0.3902439024390244,0.04878048780487804,0.43902439024390244
1,dyn_down,vul_low,18,0.4146341463414634,0.07317073170731708,0.4878048780487805
1,dyn_down,vul_low,19,0.43902439024390244,0.07317073170731708,0.5121951219512195
1,dyn_down,vul_low,20,0.4634146341463415,0.07317073170731708,0.5365853658536586
1,dyn_down,vul_low,21,0.4878048780487805,0.07317073170731714,0.5609756097560976
1,dyn_down,vul_low,22,0.5121951219512195,0.07317073170731703,0.5853658536585366
1,dyn_down,vul_low,23,0.5365853658536586,0.07317073170731703,0.6097560975609756
1,dyn_down,vul_low,24,0.5609756097560976,0.07317073170731703,0.6341463414634146
1,dyn_down,vul_low,25,0.5853658536585366,0.07317073170731714,0.6585365853658537
1,dyn_down,vul_low,26,0.6097560975609756,0.07317073170731714,0.6829268292682927
1,dyn_down,vul_low,27,0.6341463414634146,0.07317073170731703,0.7073170731707317
1,dyn_down,vul_low,28,0.6585365853658537,0.07317073170731703,0.7317073170731707
1,dyn_down,rand_basal,1,0.0,0.0,0.0
1,dyn_down,rand_basal,2,0.024390243902439025,0.0,0.024390243902439025
1,dyn_down,rand_basal,3,0.04878048780487805,0.0,0.04878048780487805
1,dyn_down,rand_basal,4,0.07317073170731707,0.07317073170731707,0.14634146341463414
1,dyn_down,rand_basal,5,0.0975609756097561,0.07317073170731708,0.17073170731707318
1,dyn_down,rand_basal,6,0.12195121951219512,0.07317073170731708,0.1951219512195122
1,dyn_down,rand_basal,7,0.14634146341463414,0.07317073170731708,0.21951219512195122
1,dyn_down,rand_basal,8,0.17073170731707318,0.0975609756097561,0.2682926829268293
1,dyn_down,rand_basal,9,0.1951219512195122,0.09756097560975607,0.2926829268292683
1,dyn_down,rand_basal,10,0.21951219512195122,0.0975609756097561,0.3170731707317073
1,dyn_down,rand_basal,11,0.24390243902439024,0.09756097560975613,0.34146341463414637
1,dyn_down,rand_basal,12,0.2682926829268293,0.09756097560975607,0.36585365853658536
1,dyn_down,rand_consumer,1,0.0,0.0,0.0
1,dyn_down,rand_consumer,2,0.024390243902439025,0.0,0.024390243902439025
1,dyn_down,rand_consumer,3,0.04878048780487805,0.0,0.04878048780487805
1,dyn_down,rand_consumer,4,0.07317073170731707,0.0,0.07317073170731707
1,dyn_down,rand_consumer,5,0.0975609756097561,0.0,0.0975609756097561
1,dyn_down,rand_consumer,6,0.12195121951219512,0.0,0.12195121951219512
1,dyn_down,rand_consumer,7,0.14634146341463414,0.0,0.14634146341463414
1,dyn_down,rand_consumer,8,0.17073170731707318,0.0,0.17073170731707318
1,dyn_down,rand_consumer,9,0.1951219512195122,0.0,0.1951219512195122
1,dyn_down,rand_consumer,10,0.21951219512195122,0.02439024390243902,0.24390243902439024
1,dyn_down,rand_consumer,11,0.24390243902439024,0.04878048780487804,0.2926829268292683
1,dyn_down,rand_consumer,12,0.2682926829268293,0.09756097560975607,0.36585365853658536
1,dyn_down,rand_consumer,13,0.2926829268292683,0.09756097560975613,0.3902439024390244
1,dyn_down,rand_consumer,14,0.3170731707317073,0.09756097560975607,0.4146341463414634
1,dyn_down,rand_consumer,15,0.34146341463414637,0.09756097560975607,0.43902439024390244
1,dyn_down,rand_consumer,16,0.36585365853658536,0.09756097560975613,0.4634146341463415
1,dyn_down,rand_consumer,17,0.3902439024390244,0.09756097560975607,0.4878048780487805
1,dyn_down,rand_consumer,18,0.4146341463414634,0.09756097560975613,0.5121951219512195
1,dyn_down,rand_consumer,19,0.43902439024390244,0.09756097560975613,0.5365853658536586
1,dyn_down,rand_consumer,20,0.4634146341463415,0.09756097560975613,0.5609756097560976
1,dyn_down,rand_consumer,21,0.4878048780487805,0.09756097560975607,0.5853658536585366
1,dyn_down,rand_consumer,22,0.5121951219512195,0.09756097560975607,0.6097560975609756
1,dyn_down,rand_consumer,23,0.5365853658536586,0.09756097560975607,0.6341463414634146
1,dyn_down,rand_consumer,24,0.5609756097560976,0.09756097560975607,0.6585365853658537
1,dyn_down,rand_consumer,25,0.5853658536585366,0.09756097560975618,0.6829268292682927
1,dyn_down,rand_consumer,26,0.6097560975609756,0.09756097560975607,0.7073170731707317
1,dyn_down,rand_consumer,27,0.6341463414634146,0.09756097560975607,0.7317073170731707
1,dyn_down,bm_high,1,0.0,0.0,0.0
1,dyn_down,bm_high,2,0.024390243902439025,0.0,0.024390243902439025
1,dyn_down,bm_high,3,0.04878048780487805,0.0,0.04878048780487805
1,dyn_down,bm_high,4,0.07317073170731707,0.0,0.07317073170731707
1,dyn_down,bm_high,5,0.0975609756097561,0.0,0.0975609756097561
1,dyn_down,bm_high,6,0.12195121951219512,0.0,0.12195121951219512
1,dyn_down,bm_high,7,0.14634146341463414,0.0,0.14634146341463414
1,dyn_down,bm_high,8,0.17073170731707318,0.0,0.17073170731707318
1,dyn_down,bm_high,9,0.1951219512195122,0.0,0.1951219512195122
1,dyn_down,bm_high,10,0.21951219512195122,0.0,0.21951219512195122
1,dyn_down,bm_high,11,0.24390243902439024,0.0,0.24390243902439024
1,dyn_down,bm_high,12,0.2682926829268293,0.0,0.2682926829268293
1,dyn_down,bm_high,13,0.2926829268292683,0.0,0.2926829268292683
1,dyn_down,bm_high,14,0.3170731707317073,0.0,0.3170731707317073
1,dyn_down,bm_high,15,0.34146341463414637,0.0,0.34146341463414637
1,dyn_down,bm_high,16,0.36585365853658536,0.0,0.36585365853658536
1,dyn_down,bm_high,17,0.3902439024390244,0.0,0.3902439024390244
1,dyn_down,bm_high,18,0.4146341463414634,0.0,0.4146341463414634
1,dyn_down,bm_high,19,0.43902439024390244,0.0,0.43902439024390244
1,dyn_down,bm_high,20,0.4634146341463415,0.0,0.4634146341463415
1,dyn_down,bm_high,21,0.4878048780487805,0.0,0.4878048780487805
1,dyn_down,bm_high,22,0.5121951219512195,0.0,0.5121951219512195
1,dyn_down,bm_high,23,0.5365853658536586,0.0,0.5365853658536586
1,dyn_down,bm_high,24,0.5609756097560976,0.0,0.5609756097560976
1,dyn_down,bm_high,25,0.5853658536585366,0.0,0.5853658536585366
1,dyn_down,bm_high,26,0.6097560975609756,0.0,0.6097560975609756
1,dyn_down,bm_high,27,0.6341463414634146,0.0,0.6341463414634146
1,dyn_down,bm_high,28,0.6585365853658537,0.0,0.6585365853658537
1,dyn_down,bm_high,29,0.6829268292682927,0.0,0.6829268292682927
1,dyn_down,bm_high,30,0.7073170731707317,0.0,0.7073170731707317
1,dyn_down,bm_high,31,0.7317073170731707,0.0,0.7317073170731707
1,dyn_down,gen_high,1,0.0,0.0,0.0
1,dyn_down,gen_high,2,0.024390243902439025,0.0,0.024390243902439025
1,dyn_down,gen_high,3,0.04878048780487805,0.0,0.04878048780487805
1,dyn_down,gen_high,4,0.07317073170731707,0.0,0.07317073170731707
1,dyn_down,gen_high,5,0.0975609756097561,0.0,0.0975609756097561
1,dyn_down,gen_high,6,0.12195121951219512,0.0,0.12195121951219512
1,dyn_down,gen_high,7,0.14634146341463414,0.0,0.14634146341463414
1,dyn_down,gen_high,8,0.17073170731707318,0.0,0.17073170731707318
1,dyn_down,gen_high,9,0.1951219512195122,0.0,0.1951219512195122
1,dyn_down,gen_high,10,0.21951219512195122,0.0,0.21951219512195122
1,dyn_down,gen_high,11,0.24390243902439024,0.0,0.24390243902439024
1,dyn_down,gen_high,12,0.2682926829268293,0.0,0.2682926829268293
1,dyn_down,gen_high,13,0.2926829268292683,0.0,0.2926829268292683
1,dyn_down,gen_high,14,0.3170731707317073,0.0,0.3170731707317073
1,dyn_down,gen_high,15,0.34146341463414637,0.0,0.34146341463414637
1,dyn_down,gen_high,16,0.36585365853658536,0.0,0.36585365853658536
1,dyn_down,gen_high,17,0.3902439024390244,0.0,0.3902439024390244
1,dyn_down,gen_high,18,0.4146341463414634,0.0,0.4146341463414634
1,dyn_down,gen_high,19,0.43902439024390244,0.0,0.43902439024390244
1,dyn_down,gen_high,20,0.4634146341463415,0.0,0.4634146341463415
1,dyn_down,gen_high,21,0.4878048780487805,0.0,0.4878048780487805
1,dyn_down,gen_high,22,0.5121951219512195,0.0,0.5121951219512195
1,dyn_down,gen_high,23,0.5365853658536586,0.0,0.5365853658536586
1,dyn_down,gen_high,24,0.5609756097560976,0.0,0.5609756097560976
1,dyn_down,gen_high,25,0.5853658536585366,0.0,0.5853658536585366
1,dyn_down,gen_high,26,0.6097560975609756,0.0,0.6097560975609756
1,dyn_down,gen_high,27,0.6341463414634146,0.0,0.6341463414634146
1,dyn_down,gen_high,28,0.6585365853658537,0.0,0.6585365853658537
1,dyn_down,gen_high,29,0.6829268292682927,0.0,0.6829268292682927
1,dyn_down,gen_high,30,0.7073170731707317,0.0,0.7073170731707317
1,dyn_down,gen_high,31,0.7317073170731707,0.0,0.7317073170731707
1,dyn_down,degree_high,1,0.0,0.0,0.0
1,dyn_down,degree_high,2,0.024390243902439025,0.0,0.024390243902439025
1,dyn_down,degree_high,3,0.04878048780487805,0.0,0.04878048780487805
1,dyn_down,degree_high,4,0.07317073170731707,0.0,0.07317073170731707
1,dyn_down,degree_high,5,0.0975609756097561,0.0,0.0975609756097561
1,dyn_down,degree_high,6,0.12195121951219512,0.0,0.12195121951219512
1,dyn_down,degree_high,7,0.14634146341463414,0.0,0.14634146341463414
1,dyn_down,degree_high,8,0.17073170731707318,0.0,0.17073170731707318
1,dyn_down,degree_high,9,0.1951219512195122,0.0,0.1951219512195122
1,dyn_down,degree_high,10,0.21951219512195122,0.0,0.21951219512195122
1,dyn_down,degree_high,11,0.24390243902439024,0.0,0.24390243902439024
1,dyn_down,degree_high,12,0.2682926829268293,0.0,0.2682926829268293
1,dyn_down,degree_high,13,0.2926829268292683,0.0,0.2926829268292683
1,dyn_down,degree_high,14,0.3170731707317073,0.0,0.3170731707317073
1,dyn_down,degree_high,15,0.34146341463414637,0.0,0.34146341463414637
1,dyn_down,degree_high,16,0.36585365853658536,0.0,0.36585365853658536
1,dyn_down,degree_high,17,0.3902439024390244,0.0,0.3902439024390244
1,dyn_down,degree_high,18,0.4146341463414634,0.0,0.4146341463414634
1,dyn_down,degree_high,19,0.43902439024390244,0.0,0.43902439024390244
1,dyn_down,degree_high,20,0.4634146341463415,0.04878048780487804,0.5121951219512195
1,dyn_down,degree_high,21,0.4878048780487805,0.04878048780487809,0.5365853658536586
1,dyn_down,degree_high,22,0.5121951219512195,0.04878048780487809,0.5609756097560976
1,dyn_down,degree_high,23,0.5365853658536586,0.04878048780487798,0.5853658536585366
1,dyn_down,degree_high,24,0.5609756097560976,0.04878048780487798,0.6097560975609756
1,dyn_down,degree_high,25,0.5853658536585366,0.04878048780487809,0.6341463414634146
1,dyn_down,degree_high,26,0.6097560975609756,0.04878048780487809,0.6585365853658537
1,dyn_down,degree_high,27,0.6341463414634146,0.04878048780487809,0.6829268292682927
1,dyn_down,degree_high,28,0.6585365853658537,0.04878048780487798,0.7073170731707317
1,dyn_down,degree_high,29,0.6829268292682927,0.04878048780487798,0.7317073170731707
1,dyn_down,degree_low,1,0.0,0.0,0.0
1,dyn_down,degree_low,2,0.024390243902439025,0.0,0.024390243902439025
1,dyn_down,degree_low,3,0.04878048780487805,0.0,0.04878048780487805
1,dyn_down,degree_low,4,0.07317073170731707,0.0,0.07317073170731707
1,dyn_down,degree_low,5,0.0975609756097561,0.0,0.0975609756097561
1,dyn_down,degree_low,6,0.12195121951219512,0.12195121951219512,0.24390243902439024
1,dyn_down,degree_low,7,0.14634146341463414,0.12195121951219515,0.2682926829268293
1,dyn_down,degree_low,8,0.17073170731707318,0.12195121951219509,0.2926829268292683
1,dyn_down,degree_low,9,0.1951219512195122,0.12195121951219512,0.3170731707317073
1,dyn_down,degree_low,10,0.21951219512195122,0.12195121951219515,0.34146341463414637
1,dyn_down,degree_low,11,0.24390243902439024,0.12195121951219512,0.36585365853658536
1,dyn_down,degree_low,12,0.2682926829268293,0.12195121951219512,0.3902439024390244
1,dyn_down,degree_low,13,0.2926829268292683,0.12195121951219512,0.4146341463414634
1,dyn_down,degree_low,14,0.3170731707317073,0.12195121951219512,0.43902439024390244
1,dyn_down,degree_low,15,0.34146341463414637,0.12195121951219512,0.4634146341463415
1,dyn_down,degree_low,16,0.36585365853658536,0.12195121951219512,0.4878048780487805
1,dyn_down,degree_low,17,0.3902439024390244,0.12195121951219512,0.5121951219512195
1,dyn_down,degree_low,18,0.4146341463414634,0.12195121951219517,0.5365853658536586
1,dyn_down,degree_low,19,0.43902439024390244,0.12195121951219517,0.5609756097560976
1,dyn_down,degree_low,20,0.4634146341463415,0.12195121951219506,0.5853658536585366
1,dyn_down,degree_low,21,0.4878048780487805,0.12195121951219512,0.6097560975609756
1,dyn_down,degree_low,22,0.5121951219512195,0.12195121951219512,0.6341463414634146
1,dyn_down,degree_low,23,0.5365853658536586,0.12195121951219512,0.6585365853658537
1,dyn_down,degree_low,24,0.5609756097560976,0.12195121951219512,0.6829268292682927
1,dyn_down,degree_low,25,0.5853658536585366,0.12195121951219512,0.7073170731707317
1,dyn_down,degree_low,26,0.6097560975609756,0.12195121951219512,0.7317073170731707
1,dyn_down,vul_high,1,0.0,0.0,0.0
1,dyn_down,vul_high,2,0.024390243902439025,0.0,0.024390243902439025
1,dyn_down,vul_high,3,0.04878048780487805,0.0,0.04878048780487805
1,dyn_down,vul_high,4,0.07317073170731707,0.0,0.07317073170731707
1,dyn_down,vul_high,5,0.0975609756097561,0.0,0.0975609756097561
1,dyn_down,vul_high,6,0.12195121951219512,0.0,0.12195121951219512
1,dyn_down,vul_high,7,0.14634146341463414,0.0,0.14634146341463414
1,dyn_down,vul_high,8,0.17073170731707318,0.0,0.17073170731707318
1,dyn_down,vul_high,9,0.1951219512195122,0.0,0.1951219512195122
1,dyn_down,vul_high,10,0.21951219512195122,0.0,0.21951219512195122
1,dyn_down,vul_high,11,0.24390243902439024,0.0,0.24390243902439024
1,dyn_down,vul_high,12,0.2682926829268293,0.0,0.2682926829268293
1,dyn_down,vul_high,13,0.2926829268292683,0.0,0.2926829268292683
1,dyn_down,vul_high,14,0.3170731707317073,0.0,0.3170731707317073
1,dyn_down,vul_high,15,0.34146341463414637,0.0,0.34146341463414637
1,dyn_down,vul_high,16,0.36585365853658536,0.0,0.36585365853658536
1,dyn_down,vul_high,17,0.3902439024390244,0.0,0.3902439024390244
1,dyn_down,vul_high,18,0.4146341463414634,0.0,0.4146341463414634
1,dyn_down,vul_high,19,0.43902439024390244,0.0,0.43902439024390244
1,dyn_down,vul_high,20,0.4634146341463415,0.0,0.4634146341463415
1,dyn_down,vul_high,21,0.4878048780487805,0.04878048780487809,0.5365853658536586
1,dyn_down,vul_high,22,0.5121951219512195,0.04878048780487809,0.5609756097560976
1,dyn_down,vul_high,23,0.5365853658536586,0.04878048780487798,0.5853658536585366
1,dyn_down,vul_high,24,0.5609756097560976,0.04878048780487798,0.6097560975609756
1,dyn_down,vul_high,25,0.5853658536585366,0.04878048780487809,0.6341463414634146
1,dyn_down,vul_high,26,0.6097560975609756,0.04878048780487809,0.6585365853658537
1,dyn_down,vul_high,27,0.6341463414634146,0.04878048780487809,0.6829268292682927
1,dyn_down,vul_high,28,0.6585365853658537,0.04878048780487798,0.7073170731707317
1,dyn_down,vul_high,29,0.6829268292682927,0.04878048780487798,0.7317073170731707
1,dyn_down,bm_low,1,0.0,0.0,0.0
1,dyn_down,bm_low,2,0.024390243902439025,0.0,0.024390243902439025
1,dyn_down,bm_low,3,0.04878048780487805,0.0,0.04878048780487805
1,dyn_down,bm_low,4,0.07317073170731707,0.0,0.07317073170731707
1,dyn_down,bm_low,5,0.0975609756097561,0.0,0.0975609756097561
1,dyn_down,bm_low,6,0.12195121951219512,0.0,0.12195121951219512
1,dyn_down,bm_low,7,0.14634146341463414,0.0,0.14634146341463414
1,dyn_down,bm_low,8,0.17073170731707318,0.0,0.17073170731707318
1,dyn_down,bm_low,9,0.1951219512195122,0.0,0.1951219512195122
1,dyn_down,bm_low,10,0.21951219512195122,0.0,0.21951219512195122
1,dyn_down,bm_low,11,0.24390243902439024,0.0,0.24390243902439024
1,dyn_down,bm_low,12,0.2682926829268293,0.0,0.2682926829268293
1,dyn_down,bm_low,13,0.2926829268292683,0.0,0.2926829268292683
1,dyn_down,bm_low,14,0.3170731707317073,0.0,0.3170731707317073
1,dyn_down,bm_low,15,0.34146341463414637,0.0,0.34146341463414637
1,dyn_down,bm_low,16,0.36585365853658536,0.0,0.36585365853658536
1,dyn_down,bm_low,17,0.3902439024390244,0.0,0.3902439024390244
1,dyn_down,bm_low,18,0.4146341463414634,0.0,0.4146341463414634
1,dyn_down,bm_low,19,0.43902439024390244,0.0,0.43902439024390244
1,dyn_down,bm_low,20,0.4634146341463415,0.0,0.4634146341463415
1,dyn_down,bm_low,21,0.4878048780487805,0.0,0.4878048780487805
1,dyn_down,bm_low,22,0.5121951219512195,0.0,0.5121951219512195
1,dyn_down,bm_low,23,0.5365853658536586,0.0,0.5365853658536586
1,dyn_down,bm_low,24,0.5609756097560976,0.0,0.5609756097560976
1,dyn_down,bm_low,25,0.5853658536585366,0.0,0.5853658536585366
1,dyn_down,bm_low,26,0.6097560975609756,0.0,0.6097560975609756
1,dyn_down,bm_low,27,0.6341463414634146,0.0,0.6341463414634146
1,dyn_down,bm_low,28,0.6585365853658537,0.0,0.6585365853658537
1,dyn_down,bm_low,29,0.6829268292682927,0.0,0.6829268292682927
1,dyn_down,bm_low,30,0.7073170731707317,0.0,0.7073170731707317
1,dyn_down,bm_low,31,0.7317073170731707,0.0,0.7317073170731707
2,dyn_niche,gen_low,1,0.0,0.0,0.0
2,dyn_niche,gen_low,2,0.029411764705882353,0.23529411764705882,0.2647058823529412
2,dyn_niche,gen_low,3,0.058823529411764705,0.23529411764705882,0.29411764705882354
2,dyn_niche,gen_low,4,0.08823529411764706,0.23529411764705882,0.3235294117647059
2,dyn_niche,gen_low,5,0.11764705882352941,0.23529411764705885,0.35294117647058826
2,dyn_niche,gen_low,6,0.14705882352941177,0.2352941176470588,0.38235294117647056
2,dyn_niche,gen_low,7,0.17647058823529413,0.2352941176470588,0.4117647058823529
2,dyn_niche,gen_low,8,0.20588235294117646,0.23529411764705882,0.4411764705882353
2,dyn_niche,gen_low,9,0.23529411764705882,0.23529411764705882,0.47058823529411764
2,dyn_niche,gen_low,10,0.2647058823529412,0.23529411764705882,0.5
2,dyn_niche,gen_low,11,0.29411764705882354,0.23529411764705882,0.5294117647058824
2,dyn_niche,gen_low,12,0.3235294117647059,0.23529411764705882,0.5588235294117647
2,dyn_niche,gen_low,13,0.35294117647058826,0.23529411764705882,0.5882352941176471
2,dyn_niche,gen_low,14,0.38235294117647056,0.23529411764705888,0.6176470588235294
2,dyn_niche,gen_low,15,0.4117647058823529,0.23529411764705888,0.6470588235294118
2,dyn_niche,gen_low,16,0.4411764705882353,0.23529411764705888,0.6764705882352942
2,dyn_niche,gen_low,17,0.47058823529411764,0.23529411764705888,0.7058823529411765
2,dyn_niche,gen_low,18,0.5,0.23529411764705888,0.7352941176470589
2,dyn_niche,gen_low,19,0.5294117647058824,0.23529411764705876,0.7647058823529411
2,dyn_niche,gen_low,20,0.5588235294117647,0.23529411764705876,0.7941176470588235
2,dyn_niche,gen_low,21,0.5882352941176471,0.23529411764705876,0.8235294117647058
2,dyn_niche,gen_low,22,0.6176470588235294,0.23529411764705876,0.8529411764705882
2,dyn_niche,vul_low,1,0.0,0.0,0.0
2,dyn_niche,vul_low,2,0.029411764705882353,0.1764705882352941,0.20588235294117646
2,dyn_niche,vul_low,3,0.058823529411764705,0.1764705882352941,0.23529411764705882
2,dyn_niche,vul_low,4,0.08823529411764706,0.20588235294117646,0.29411764705882354
2,dyn_niche,vul_low,5,0.11764705882352941,0.2058823529411765,0.3235294117647059
2,dyn_niche,vul_low,6,0.14705882352941177,0.2058823529411765,0.35294117647058826
2,dyn_niche,vul_low,7,0.17647058823529413,0.20588235294117643,0.38235294117647056
2,dyn_niche,vul_low,8,0.20588235294117646,0.20588235294117646,0.4117647058823529
2,dyn_niche,vul_low,9,0.23529411764705882,0.20588235294117646,0.4411764705882353
2,dyn_niche,vul_low,10,0.2647058823529412,0.20588235294117646,0.47058823529411764
2,dyn_niche,vul_low,11,0.29411764705882354,0.20588235294117646,0.5
2,dyn_niche,vul_low,12,0.3235294117647059,0.23529411764705882,0.5588235294117647
2,dyn_niche,vul_low,13,0.35294117647058826,0.23529411764705882,0.5882352941176471
2,dyn_niche,vul_low,14,0.38235294117647056,0.23529411764705888,0.6176470588235294
2,dyn_niche,vul_low,15,0.4117647058823529,0.23529411764705888,0.6470588235294118
2,dyn_niche,vul_low,16,0.4411764705882353,0.23529411764705888,0.6764705882352942
2,dyn_niche,vul_low,17,0.47058823529411764,0.23529411764705888,0.7058823529411765
2,dyn_niche,vul_low,18,0.5,0.23529411764705888,0.7352941176470589
2,dyn_niche,vul_low,19,0.5294117647058824,0.23529411764705876,0.7647058823529411
2,dyn_niche,vul_low,20,0.5588235294117647,0.23529411764705876,0.7941176470588235
2,dyn_niche,vul_low,21,0.5882352941176471,0.23529411764705876,0.8235294117647058
2,dyn_niche,vul_low,22,0.6176470588235294,0.23529411764705876,0.8529411764705882
2,dyn_niche,rand_basal,1,0.0,0.0,0.0
2,dyn_niche,rand_basal,2,0.029411764705882353,0.1764705882352941,0.20588235294117646
2,dyn_niche,rand_basal,3,0.058823529411764705,0.20588235294117646,0.2647058823529412
2,dyn_niche,rand_basal,4,0.08823529411764706,0.4411764705882353,0.5294117647058824
2,dyn_niche,rand_basal,5,0.11764705882352941,0.4411764705882353,0.5588235294117647
2,dyn_niche,rand_basal,6,0.14705882352941177,0.5588235294117647,0.7058823529411765
2,dyn_niche,rand_consumer,1,0.0,0.0,0.0
2,dyn_niche,rand_consumer,2,0.029411764705882353,0.1764705882352941,0.20588235294117646
2,dyn_niche,rand_consumer,3,0.058823529411764705,0.20588235294117646,0.2647058823529412
2,dyn_niche,rand_consumer,4,0.08823529411764706,0.20588235294117646,0.29411764705882354
2,dyn_niche,rand_consumer,5,0.11764705882352941,0.2058823529411765,0.3235294117647059
2,dyn_niche,rand_consumer,6,0.14705882352941177,0.2058823529411765,0.35294117647058826
2,dyn_niche,rand_consumer,7,0.17647058823529413,0.20588235294117643,0.38235294117647056
2,dyn_niche,rand_consumer,8,0.20588235294117646,0.20588235294117646,0.4117647058823529
2,dyn_niche,rand_consumer,9,0.23529411764705882,0.20588235294117646,0.4411764705882353
2,dyn_niche,rand_consumer,10,0.2647058823529412,0.20588235294117646,0.47058823529411764
2,dyn_niche,rand_consumer,11,0.29411764705882354,0.20588235294117646,0.5
2,dyn_niche,rand_consumer,12,0.3235294117647059,0.20588235294117646,0.5294117647058824
2,dyn_niche,rand_consumer,13,0.35294117647058826,0.20588235294117646,0.5588235294117647
2,dyn_niche,rand_consumer,14,0.38235294117647056,0.20588235294117652,0.5882352941176471
2,dyn_niche,rand_consumer,15,0.4117647058823529,0.20588235294117652,0.6176470588235294
2,dyn_niche,rand_consumer,16,0.4411764705882353,0.26470588235294124,0.7058823529411765
2,dyn_niche,rand_consumer,17,0.47058823529411764,0.26470588235294124,0.7352941176470589
2,dyn_niche,rand_consumer,18,0.5,0.2647058823529411,0.7647058823529411
2,dyn_niche,rand_consumer,19,0.5294117647058824,0.2647058823529411,0.7941176470588235
2,dyn_niche,rand_consumer,20,0.5588235294117647,0.2647058823529411,0.8235294117647058
2,dyn_niche,rand_consumer,21,0.5882352941176471,0.2647058823529411,0.8529411764705882
2,dyn_niche,bm_high,1,0.0,0.0,0.0
2,dyn_niche,bm_high,2,0.029411764705882353,0.1764705882352941,0.20588235294117646
2,dyn_niche,bm_high,3,0.058823529411764705,0.1764705882352941,0.23529411764705882
2,dyn_niche,bm_high,4,0.08823529411764706,0.20588235294117646,0.29411764705882354
2,dyn_niche,bm_high,5,0.11764705882352941,0.23529411764705885,0.35294117647058826
2,dyn_niche,bm_high,6,0.14705882352941177,0.2352941176470588,0.38235294117647056
2,dyn_niche,bm_high,7,0.17647058823529413,0.2352941176470588,0.4117647058823529
2,dyn_niche,bm_high,8,0.20588235294117646,0.23529411764705882,0.4411764705882353
2,dyn_niche,bm_high,9,0.23529411764705882,0.23529411764705882,0.47058823529411764
2,dyn_niche,bm_high,10,0.2647058823529412,0.23529411764705882,0.5
2,dyn_niche,bm_high,11,0.29411764705882354,0.23529411764705882,0.5294117647058824
2,dyn_niche,bm_high,12,0.3235294117647059,0.23529411764705882,0.5588235294117647
2,dyn_niche,bm_high,13,0.35294117647058826,0.23529411764705882,0.5882352941176471
2,dyn_niche,bm_high,14,0.38235294117647056,0.23529411764705888,0.6176470588235294
2,dyn_niche,bm_high,15,0.4117647058823529,0.23529411764705888,0.6470588235294118
2,dyn_niche,bm_high,16,0.4411764705882353,0.23529411764705888,0.6764705882352942
2,dyn_niche,bm_high,17,0.47058823529411764,0.23529411764705888,0.7058823529411765
2,dyn_niche,bm_high,18,0.5,0.23529411764705888,0.7352941176470589
2,dyn_niche,bm_high,19,0.5294117647058824,0.23529411764705876,0.7647058823529411
2,dyn_niche,bm_high,20,0.5588235294117647,0.23529411764705876,0.7941176470588235
2,dyn_niche,bm_high,21,0.5882352941176471,0.23529411764705876,0.8235294117647058
2,dyn_niche,bm_high,22,0.6176470588235294,0.23529411764705876,0.8529411764705882
2,dyn_niche,gen_high,1,0.0,0.0,0.0
2,dyn_niche,gen_high,2,0.029411764705882353,0.1764705882352941,0.20588235294117646
2,dyn_niche,gen_high,3,0.058823529411764705,0.1764705882352941,0.23529411764705882
2,dyn_niche,gen_high,4,0.08823529411764706,0.1764705882352941,0.2647058823529412
2,dyn_niche,gen_high,5,0.11764705882352941,0.17647058823529413,0.29411764705882354
2,dyn_niche,gen_high,6,0.14705882352941177,0.17647058823529413,0.3235294117647059
2,dyn_niche,gen_high,7,0.17647058823529413,0.17647058823529413,0.35294117647058826
2,dyn_niche,gen_high,8,0.20588235294117646,0.1764705882352941,0.38235294117647056
2,dyn_niche,gen_high,9,0.23529411764705882,0.1764705882352941,0.4117647058823529
2,dyn_niche,gen_high,10,0.2647058823529412,0.1764705882352941,0.4411764705882353
2,dyn_niche,gen_high,11,0.29411764705882354,0.1764705882352941,0.47058823529411764
2,dyn_niche,gen_high,12,0.3235294117647059,0.1764705882352941,0.5
2,dyn_niche,gen_high,13,0.35294117647058826,0.1764705882352941,0.5294117647058824
2,dyn_niche,gen_high,14,0.38235294117647056,0.17647058823529416,0.5588235294117647
2,dyn_niche,gen_high,15,0.4117647058823529,0.17647058823529416,0.5882352941176471
2,dyn_niche,gen_high,16,0.4411764705882353,0.17647058823529416,0.6176470588235294
2,dyn_niche,gen_high,17,0.47058823529411764,0.17647058823529416,0.6470588235294118
2,dyn_niche,gen_high,18,0.5,0.17647058823529416,0.6764705882352942
2,dyn_niche,gen_high,19,0.5294117647058824,0.20588235294117652,0.7352941176470589
2,dyn_niche,gen_high,20,0.5588235294117647,0.2058823529411764,0.7647058823529411
2,dyn_niche,gen_high,21,0.5882352941176471,0.2058823529411764,0.7941176470588235
2,dyn_niche,gen_high,22,0.6176470588235294,0.2058823529411764,0.8235294117647058
2,dyn_niche,gen_high,23,0.6470588235294118,0.2058823529411764,0.8529411764705882
2,dyn_niche,degree_high,1,0.0,0.0,0.0
2,dyn_niche,degree_high,2,0.029411764705882353,0.1764705882352941,0.20588235294117646
2,dyn_niche,degree_high,3,0.058823529411764705,0.1764705882352941,0.23529411764705882
2,dyn_niche,degree_high,4,0.08823529411764706,0.1764705882352941,0.2647058823529412
2,dyn_niche,degree_high,5,0.11764705882352941,0.17647058823529413,0.29411764705882354
2,dyn_niche,degree_high,6,0.14705882352941177,0.2352941176470588,0.38235294117647056
2,dyn_niche,degree_high,7,0.17647058823529413,0.2352941176470588,0.4117647058823529
2,dyn_niche,degree_high,8,0.20588235294117646,0.23529411764705882,0.4411764705882353
2,dyn_niche,degree_high,9,0.23529411764705882,0.23529411764705882,0.47058823529411764
2,dyn_niche,degree_high,10,0.2647058823529412,0.23529411764705882,0.5
2,dyn_niche,degree_high,11,0.29411764705882354,0.23529411764705882,0.5294117647058824
2,dyn_niche,degree_high,12,0.3235294117647059,0.23529411764705882,0.5588235294117647
2,dyn_niche,degree_high,13,0.35294117647058826,0.23529411764705882,0.5882352941176471
2,dyn_niche,degree_high,14,0.38235294117647056,0.23529411764705888,0.6176470588235294
2,dyn_niche,degree_high,15,0.4117647058823529,0.23529411764705888,0.6470588235294118
2,dyn_niche,degree_high,16,0.4411764705882353,0.23529411764705888,0.6764705882352942
2,dyn_niche,degree_high,17,0.47058823529411764,0.2941176470588235,0.7647058823529411
2,dyn_niche,degree_high,18,0.5,0.2941176470588235,0.7941176470588235
2,dyn_niche,degree_high,19,0.5294117647058824,0.2941176470588235,0.8235294117647058
2,dyn_niche,degree_high,20,0.5588235294117647,0.2941176470588235,0.8529411764705882
2,dyn_niche,degree_low,1,0.0,0.0,0.0
2,dyn_niche,degree_low,2,0.029411764705882353,0.23529411764705882,0.2647058823529412
2,dyn_niche,degree_low,3,0.058823529411764705,0.23529411764705882,0.29411764705882354
2,dyn_niche,degree_low,4,0.08823529411764706,0.23529411764705882,0.3235294117647059
2,dyn_niche,degree_low,5,0.11764705882352941,0.23529411764705885,0.35294117647058826
2,dyn_niche,degree_low,6,0.14705882352941177,0.2352941176470588,0.38235294117647056
2,dyn_niche,degree_low,7,0.17647058823529413,0.2352941176470588,0.4117647058823529
2,dyn_niche,degree_low,8,0.20588235294117646,0.23529411764705882,0.4411764705882353
2,dyn_niche,degree_low,9,0.23529411764705882,0.23529411764705882,0.47058823529411764
2,dyn_niche,degree_low,10,0.2647058823529412,0.23529411764705882,0.5
2,dyn_niche,degree_low,11,0.29411764705882354,0.2647058823529412,0.5588235294117647
2,dyn_niche,degree_low,12,0.3235294117647059,0.2647058823529412,0.5882352941176471
2,dyn_niche,degree_low,13,0.35294117647058826,0.2647058823529412,0.6176470588235294
2,dyn_niche,degree_low,14,0.38235294117647056,0.26470588235294124,0.6470588235294118
2,dyn_niche,degree_low,15,0.4117647058823529,0.2941176470588236,0.7058823529411765
2,dyn_niche,degree_low,16,0.4411764705882353,0.2941176470588236,0.7352941176470589
2,dyn_niche,degree_low,17,0.47058823529411764,0.2941176470588235,0.7647058823529411
2,dyn_niche,degree_low,18,0.5,0.2941176470588235,0.7941176470588235
2,dyn_niche,degree_low,19,0.5294117647058824,0.2941176470588235,0.8235294117647058
2,dyn_niche,degree_low,20,0.5588235294117647,0.2941176470588235,0.8529411764705882
2,dyn_niche,vul_high,1,0.0,0.0,0.0
2,dyn_niche,vul_high,2,0.029411764705882353,0.1764705882352941,0.20588235294117646
2,dyn_niche,vul_high,3,0.058823529411764705,0.1764705882352941,0.23529411764705882
2,dyn_niche,vul_high,4,0.08823529411764706,0.20588235294117646,0.29411764705882354
2,dyn_niche,vul_high,5,0.11764705882352941,0.2058823529411765,0.3235294117647059
2,dyn_niche,vul_high,6,0.14705882352941177,0.2058823529411765,0.35294117647058826
2,dyn_niche,vul_high,7,0.17647058823529413,0.20588235294117643,0.38235294117647056
2,dyn_niche,vul_high,8,0.20588235294117646,0.20588235294117646,0.4117647058823529
2,dyn_niche,vul_high,9,0.23529411764705882,0.20588235294117646,0.4411764705882353
2,dyn_niche,vul_high,10,0.2647058823529412,0.20588235294117646,0.47058823529411764
2,dyn_niche,vul_high,11,0.29411764705882354,0.20588235294117646,0.5
2,dyn_niche,vul_high,12,0.3235294117647059,0.20588235294117646,0.5294117647058824
2,dyn_niche,vul_high,13,0.35294117647058826,0.20588235294117646,0.5588235294117647
2,dyn_niche,vul_high,14,0.38235294117647056,0.20588235294117652,0.5882352941176471
2,dyn_niche,vul_high,15,0.4117647058823529,0.20588235294117652,0.6176470588235294
2,dyn_niche,vul_high,16,0.4411764705882353,0.20588235294117652,0.6470588235294118
2,dyn_niche,vul_high,17,0.47058823529411764,0.20588235294117652,0.6764705882352942
2,dyn_niche,vul_high,18,0.5,0.20588235294117652,0.7058823529411765
2,dyn_niche,vul_high,19,0.5294117647058824,0.20588235294117652,0.7352941176470589
2,dyn_niche,vul_high,20,0.5588235294117647,0.2058823529411764,0.7647058823529411
2,dyn_niche,vul_high,21,0.5882352941176471,0.2058823529411764,0.7941176470588235
2,dyn_niche,vul_high,22,0.6176470588235294,0.2058823529411764,0.8235294117647058
2,dyn_niche,vul_high,23,0.6470588235294118,0.2058823529411764,0.8529411764705882
2,dyn_niche,bm_low,1,0.0,0.0,0.0
2,dyn_niche,bm_low,2,0.029411764705882353,0.20588235294117646,0.23529411764705882
2,dyn_niche,bm_low,3,0.058823529411764705,0.20588235294117646,0.2647058823529412
2,dyn_niche,bm_low,4,0.08823529411764706,0.20588235294117646,0.29411764705882354
2,dyn_niche,bm_low,5,0.11764705882352941,0.23529411764705885,0.35294117647058826
2,dyn_niche,bm_low,6,0.14705882352941177,0.2352941176470588,0.38235294117647056
2,dyn_niche,bm_low,7,0.17647058823529413,0.2352941176470588,0.4117647058823529
2,dyn_niche,bm_low,8,0.20588235294117646,0.23529411764705882,0.4411764705882353
2,dyn_niche,bm_low,9,0.23529411764705882,0.23529411764705882,0.47058823529411764
2,dyn_niche,bm_low,10,0.2647058823529412,0.23529411764705882,0.5
2,dyn_niche,bm_low,11,0.29411764705882354,0.23529411764705882,0.5294117647058824
2,dyn_niche,bm_low,12,0.3235294117647059,0.23529411764705882,0.5588235294117647
2,dyn_niche,bm_low,13,0.35294117647058826,0.23529411764705882,0.5882352941176471
2,dyn_niche,bm_low,14,0.38235294117647056,0.23529411764705888,0.6176470588235294
2,dyn_niche,bm_low,15,0.4117647058823529,0.23529411764705888,0.6470588235294118
2,dyn_niche,bm_low,16,0.4411764705882353,0.23529411764705888,0.6764705882352942
2,dyn_niche,bm_low,17,0.47058823529411764,0.23529411764705888,0.7058823529411765
2,dyn_niche,bm_low,18,0.5,0.2647058823529411,0.7647058823529411
2,dyn_niche,bm_low,19,0.5294117647058824,0.2647058823529411,0.7941176470588235
2,dyn_niche,bm_low,20,0.5588235294117647,0.2647058823529411,0.8235294117647058
2,dyn_niche,bm_low,21,0.5882352941176471,0.2647058823529411,0.8529411764705882
2,dyn_down_size,gen_low,1,0.0,0.0,0.0
2,dyn_down_size,gen_low,2,0.027777777777777776,0.0,0.027777777777777776
2,dyn_down_size,gen_low,3,0.05555555555555555,0.0,0.05555555555555555
2,dyn_down_size,gen_low,4,0.08333333333333333,0.0,0.08333333333333333
2,dyn_down_size,gen_low,5,0.1111111111111111,0.0,0.1111111111111111
2,dyn_down_size,gen_low,6,0.1388888888888889,0.0,0.1388888888888889
2,dyn_down_size,gen_low,7,0.16666666666666666,0.0,0.16666666666666666
2,dyn_down_size,gen_low,8,0.19444444444444445,0.0,0.19444444444444445
2,dyn_down_size,gen_low,9,0.2222222222222222,0.0,0.2222222222222222
2,dyn_down_size,gen_low,10,0.25,0.0,0.25
2,dyn_down_size,gen_low,11,0.2777777777777778,0.0,0.2777777777777778
2,dyn_down_size,gen_low,12,0.3055555555555556,0.0,0.3055555555555556
2,dyn_down_size,vul_low,1,0.0,0.0,0.0
2,dyn_down_size,vul_low,2,0.027777777777777776,0.0,0.027777777777777776
2,dyn_down_size,vul_low,3,0.05555555555555555,0.0,0.05555555555555555
2,dyn_down_size,vul_low,4,0.08333333333333333,0.0,0.08333333333333333
2,dyn_down_size,vul_low,5,0.1111111111111111,0.0,0.1111111111111111
2,dyn_down_size,vul_low,6,0.1388888888888889,0.0,0.1388888888888889
2,dyn_down_size,vul_low,7,0.16666666666666666,0.0,0.16666666666666666
2,dyn_down_size,vul_low,8,0.19444444444444445,0.0,0.19444444444444445
2,dyn_down_size,vul_low,9,0.2222222222222222,0.0,0.2222222222222222
2,dyn_down_size,vul_low,10,0.25,0.0,0.25
2,dyn_down_size,vul_low,11,0.2777777777777778,0.0,0.2777777777777778
2,dyn_down_size,vul_low,12,0.3055555555555556,0.0,0.3055555555555556
2,dyn_down_size,rand_basal,1,0.0,0.0,0.0
2,dyn_down_size,rand_basal,2,0.027777777777777776,0.0,0.027777777777777776
2,dyn_down_size,rand_basal,3,0.05555555555555555,0.0,0.05555555555555555
2,dyn_down_size,rand_basal,4,0.08333333333333333,0.0,0.08333333333333333
2,dyn_down_size,rand_basal,5,0.1111111111111111,0.0,0.1111111111111111
2,dyn_down_size,rand_basal,6,0.1388888888888889,0.0,0.1388888888888889
2,dyn_down_size,rand_basal,7,0.16666666666666666,0.0,0.16666666666666666
2,dyn_down_size,rand_basal,8,0.19444444444444445,0.0,0.19444444444444445
2,dyn_down_size,rand_basal,9,0.2222222222222222,0.0,0.2222222222222222
2,dyn_down_size,rand_basal,10,0.25,0.0,0.25
2,dyn_down_size,rand_basal,11,0.2777777777777778,0.0,0.2777777777777778
2,dyn_down_size,rand_basal,12,0.3055555555555556,0.0,0.3055555555555556
2,dyn_down_size,rand_basal,13,0.3333333333333333,0.0,0.3333333333333333
2,dyn_down_size,rand_basal,14,0.3611111111111111,0.0,0.3611111111111111
2,dyn_down_size,rand_basal,15,0.3888888888888889,0.0,0.3888888888888889
2,dyn_down_size,rand_basal,16,0.4166666666666667,0.027777777777777735,0.4444444444444444
2,dyn_down_size,rand_basal,17,0.4444444444444444,0.02777777777777779,0.4722222222222222
2,dyn_down_size,rand_basal,18,0.4722222222222222,0.02777777777777779,0.5
2,dyn_down_size,rand_basal,19,0.5,0.02777777777777779,0.5277777777777778
2,dyn_down_size,rand_basal,20,0.5277777777777778,0.05555555555555558,0.5833333333333334
2,dyn_down_size,rand_basal,21,0.5555555555555556,0.05555555555555558,0.6111111111111112
2,dyn_down_size,rand_basal,22,0.5833333333333334,0.05555555555555547,0.6388888888888888
2,dyn_down_size,rand_basal,23,0.6111111111111112,0.05555555555555547,0.6666666666666666
2,dyn_down_size,rand_basal,24,0.6388888888888888,0.05555555555555558,0.6944444444444444
2,dyn_down_size,rand_basal,25,0.6666666666666666,0.13888888888888895,0.8055555555555556
2,dyn_down_size,rand_basal,26,0.6944444444444444,0.13888888888888895,0.8333333333333334
2,dyn_down_size,rand_consumer,1,0.0,0.0,0.0
2,dyn_down_size,rand_consumer,2,0.027777777777777776,0.0,0.027777777777777776
2,dyn_down_size,rand_consumer,3,0.05555555555555555,0.0,0.05555555555555555
2,dyn_down_size,rand_consumer,4,0.08333333333333333,0.0,0.08333333333333333
2,dyn_down_size,rand_consumer,5,0.1111111111111111,0.0,0.1111111111111111
2,dyn_down_size,rand_consumer,6,0.1388888888888889,0.0,0.1388888888888889
2,dyn_down_size,rand_consumer,7,0.16666666666666666,0.0,0.16666666666666666
2,dyn_down_size,rand_consumer,8,0.19444444444444445,0.0,0.19444444444444445
2,dyn_down_size,rand_consumer,9,0.2222222222222222,0.0,0.2222222222222222
2,dyn_down_size,rand_consumer,10,0.25,0.0,0.25
2,dyn_down_size,rand_consumer,11,0.2777777777777778,0.0,0.2777777777777778
2,dyn_down_size,rand_consumer,12,0.3055555555555556,0.0,0.3055555555555556
2,dyn_down_size,bm_high,1,0.0,0.0,0.0
2,dyn_down_size,bm_high,2,0.027777777777777776,0.0,0.027777777777777776
2,dyn_down_size,bm_high,3,0.05555555555555555,0.0,0.05555555555555555
2,dyn_down_size,bm_high,4,0.08333333333333333,0.0,0.08333333333333333
2,dyn_down_size,bm_high,5,0.1111111111111111,0.0,0.1111111111111111
2,dyn_down_size,bm_high,6,0.1388888888888889,0.0,0.1388888888888889
2,dyn_down_size,bm_high,7,0.16666666666666666,0.0,0.16666666666666666
2,dyn_down_size,bm_high,8,0.19444444444444445,0.0,0.19444444444444445
2,dyn_down_size,bm_high,9,0.2222222222222222,0.0,0.2222222222222222
2,dyn_down_size,bm_high,10,0.25,0.0,0.25
2,dyn_down_size,bm_high,11,0.2777777777777778,0.0,0.2777777777777778
2,dyn_down_size,bm_high,12,0.3055555555555556,0.0,0.3055555555555556
2,dyn_down_size,gen_high,1,0.0,0.0,0.0
2,dyn_down_size,gen_high,2,0.027777777777777776,0.0,0.027777777777777776
2,dyn_down_size,gen_high,3,0.05555555555555555,0.0,0.05555555555555555
2,dyn_down_size,gen_high,4,0.08333333333333333,0.0,0.08333333333333333
2,dyn_down_size,gen_high,5,0.1111111111111111,0.0,0.1111111111111111
2,dyn_down_size,gen_high,6,0.1388888888888889,0.0,0.1388888888888889
2,dyn_down_size,gen_high,7,0.16666666666666666,0.0,0.16666666666666666
2,dyn_down_size,gen_high,8,0.19444444444444445,0.0,0.19444444444444445
2,dyn_down_size,gen_high,9,0.2222222222222222,0.0,0.2222222222222222
2,dyn_down_size,gen_high,10,0.25,0.0,0.25
2,dyn_down_size,gen_high,11,0.2777777777777778,0.0,0.2777777777777778
2,dyn_down_size,gen_high,12,0.3055555555555556,0.0,0.3055555555555556
2,dyn_down_size,degree_high,1,0.0,0.0,0.0
2,dyn_down_size,degree_high,2,0.027777777777777776,0.0,0.027777777777777776
2,dyn_down_size,degree_high,3,0.05555555555555555,0.0,0.05555555555555555
2,dyn_down_size,degree_high,4,0.08333333333333333,0.0,0.08333333333333333
2,dyn_down_size,degree_high,5,0.1111111111111111,0.0,0.1111111111111111
2,dyn_down_size,degree_high,6,0.1388888888888889,0.0,0.1388888888888889
2,dyn_down_size,degree_high,7,0.16666666666666666,0.0,0.16666666666666666
2,dyn_down_size,degree_high,8,0.19444444444444445,0.0,0.19444444444444445
2,dyn_down_size,degree_high,9,0.2222222222222222,0.0,0.2222222222222222
2,dyn_down_size,degree_high,10,0.25,0.0,0.25
2,dyn_down_size,degree_high,11,0.2777777777777778,0.0,0.2777777777777778
2,dyn_down_size,degree_high,12,0.3055555555555556,0.0,0.3055555555555556
2,dyn_down_size,degree_low,1,0.0,0.0,0.0
2,dyn_down_size,degree_low,2,0.027777777777777776,0.0,0.027777777777777776
2,dyn_down_size,degree_low,3,0.05555555555555555,0.0,0.05555555555555555
2,dyn_down_size,degree_low,4,0.08333333333333333,0.0,0.08333333333333333
2,dyn_down_size,degree_low,5,0.1111111111111111,0.0,0.1111111111111111
2,dyn_down_size,degree_low,6,0.1388888888888889,0.0,0.1388888888888889
2,dyn_down_size,degree_low,7,0.16666666666666666,0.0,0.16666666666666666
2,dyn_down_size,degree_low,8,0.19444444444444445,0.0,0.19444444444444445
2,dyn_down_size,degree_low,9,0.2222222222222222,0.0,0.2222222222222222
2,dyn_down_size,degree_low,10,0.25,0.0,0.25
2,dyn_down_size,degree_low,11,0.2777777777777778,0.0,0.2777777777777778
2,dyn_down_size,degree_low,12,0.3055555555555556,0.0,0.3055555555555556
2,dyn_down_size,vul_high,1,0.0,0.0,0.0
2,dyn_down_size,vul_high,2,0.027777777777777776,0.0,0.027777777777777776
2,dyn_down_size,vul_high,3,0.05555555555555555,0.0,0.05555555555555555
2,dyn_down_size,vul_high,4,0.08333333333333333,0.0,0.08333333333333333
2,dyn_down_size,vul_high,5,0.1111111111111111,0.0,0.1111111111111111
2,dyn_down_size,vul_high,6,0.1388888888888889,0.0,0.1388888888888889
2,dyn_down_size,vul_high,7,0.16666666666666666,0.0,0.16666666666666666
2,dyn_down_size,vul_high,8,0.19444444444444445,0.0,0.19444444444444445
2,dyn_down_size,vul_high,9,0.2222222222222222,0.0,0.2222222222222222
2,dyn_down_size,vul_high,10,0.25,0.0,0.25
2,dyn_down_size,vul_high,11,0.2777777777777778,0.0,0.2777777777777778
2,dyn_down_size,vul_high,12,0.3055555555555556,0.0,0.3055555555555556
2,dyn_down_size,bm_low,1,0.0,0.0,0.0
2,dyn_down_size,bm_low,2,0.027777777777777776,0.0,0.027777777777777776
2,dyn_down_size,bm_low,3,0.05555555555555555,0.0,0.05555555555555555
2,dyn_down_size,bm_low,4,0.08333333333333333,0.0,0.08333333333333333
2,dyn_down_size,bm_low,5,0.1111111111111111,0.0,0.1111111111111111
2,dyn_down_size,bm_low,6,0.1388888888888889,0.0,0.1388888888888889
2,dyn_down_size,bm_low,7,0.16666666666666666,0.0,0.16666666666666666
2,dyn_down_size,bm_low,8,0.19444444444444445,0.0,0.19444444444444445
2,dyn_down_size,bm_low,9,0.2222222222222222,0.0,0.2222222222222222
2,dyn_down_size,bm_low,10,0.25,0.0,0.25
2,dyn_down_size,bm_low,11,0.2777777777777778,0.0,0.2777777777777778
2,dyn_down_size,bm_low,12,0.3055555555555556,0.0,0.3055555555555556
2,dyn_down,gen_low,1,0.0,0.0,0.0
2,dyn_down,gen_low,2,0.024390243902439025,0.0975609756097561,0.12195121951219512
2,dyn_down,gen_low,3,0.04878048780487805,0.09756097560975609,0.14634146341463414
2,dyn_down,gen_low,4,0.07317073170731707,0.09756097560975611,0.17073170731707318
2,dyn_down,gen_low,5,0.0975609756097561,0.0975609756097561,0.1951219512195122
2,dyn_down,gen_low,6,0.12195121951219512,0.0975609756097561,0.21951219512195122
2,dyn_down,gen_low,7,0.14634146341463414,0.0975609756097561,0.24390243902439024
2,dyn_down,gen_low,8,0.17073170731707318,0.0975609756097561,0.2682926829268293
2,dyn_down,gen_low,9,0.1951219512195122,0.09756097560975607,0.2926829268292683
2,dyn_down,gen_low,10,0.21951219512195122,0.0975609756097561,0.3170731707317073
2,dyn_down,gen_low,11,0.24390243902439024,0.09756097560975613,0.34146341463414637
2,dyn_down,gen_low,12,0.2682926829268293,0.09756097560975607,0.36585365853658536
2,dyn_down,gen_low,13,0.2926829268292683,0.09756097560975613,0.3902439024390244
2,dyn_down,gen_low,14,0.3170731707317073,0.09756097560975607,0.4146341463414634
2,dyn_down,gen_low,15,0.34146341463414637,0.09756097560975607,0.43902439024390244
2,dyn_down,gen_low,16,0.36585365853658536,0.09756097560975613,0.4634146341463415
2,dyn_down,gen_low,17,0.3902439024390244,0.09756097560975607,0.4878048780487805
2,dyn_down,gen_low,18,0.4146341463414634,0.09756097560975613,0.5121951219512195
2,dyn_down,gen_low,19,0.43902439024390244,0.09756097560975613,0.5365853658536586
2,dyn_down,gen_low,20,0.4634146341463415,0.09756097560975613,0.5609756097560976
2,dyn_down,gen_low,21,0.4878048780487805,0.09756097560975607,0.5853658536585366
2,dyn_down,gen_low,22,0.5121951219512195,0.09756097560975607,0.6097560975609756
2,dyn_down,gen_low,23,0.5365853658536586,0.09756097560975607,0.6341463414634146
2,dyn_down,gen_low,24,0.5609756097560976,0.09756097560975607,0.6585365853658537
2,dyn_down,vul_low,1,0.0,0.0,0.0
2,dyn_down,vul_low,2,0.024390243902439025,0.0975609756097561,0.12195121951219512
2,dyn_down,vul_low,3,0.04878048780487805,0.09756097560975609,0.14634146341463414
2,dyn_down,vul_low,4,0.07317073170731707,0.09756097560975611,0.17073170731707318
2,dyn_down,vul_low,5,0.0975609756097561,0.0975609756097561,0.1951219512195122
2,dyn_down,vul_low,6,0.12195121951219512,0.0975609756097561,0.21951219512195122
2,dyn_down,vul_low,7,0.14634146341463414,0.0975609756097561,0.24390243902439024
2,dyn_down,vul_low,8,0.17073170731707318,0.0975609756097561,0.2682926829268293
2,dyn_down,vul_low,9,0.1951219512195122,0.09756097560975607,0.2926829268292683
2,dyn_down,vul_low,10,0.21951219512195122,0.0975609756097561,0.3170731707317073
2,dyn_down,vul_low,11,0.24390243902439024,0.09756097560975613,0.34146341463414637
2,dyn_down,vul_low,12,0.2682926829268293,0.09756097560975607,0.36585365853658536
2,dyn_down,vul_low,13,0.2926829268292683,0.09756097560975613,0.3902439024390244
2,dyn_down,vul_low,14,0.3170731707317073,0.09756097560975607,0.4146341463414634
2,dyn_down,vul_low,15,0.34146341463414637,0.09756097560975607,0.43902439024390244
2,dyn_down,vul_low,16,0.36585365853658536,0.09756097560975613,0.4634146341463415
2,dyn_down,vul_low,17,0.3902439024390244,0.09756097560975607,0.4878048780487805
2,dyn_down,vul_low,18,0.4146341463414634,0.09756097560975613,0.5121951219512195
2,dyn_down,vul_low,19,0.43902439024390244,0.09756097560975613,0.5365853658536586
2,dyn_down,vul_low,20,0.4634146341463415,0.09756097560975613,0.5609756097560976
2,dyn_down,vul_low,21,0.4878048780487805,0.09756097560975607,0.5853658536585366
2,dyn_down,vul_low,22,0.5121951219512195,0.09756097560975607,0.6097560975609756
2,dyn_down,vul_low,23,0.5365853658536586,0.09756097560975607,0.6341463414634146
2,dyn_down,vul_low,24,0.5609756097560976,0.09756097560975607,0.6585365853658537
2,dyn_down,rand_basal,1,0.0,0.0,0.0
2,dyn_down,rand_basal,2,0.024390243902439025,0.0975609756097561,0.12195121951219512
2,dyn_down,rand_basal,3,0.04878048780487805,0.09756097560975609,0.14634146341463414
2,dyn_down,rand_basal,4,0.07317073170731707,0.1951219512195122,0.2682926829268293
2,dyn_down,rand_basal,5,0.0975609756097561,0.19512195121951217,0.2926829268292683
2,dyn_down,rand_basal,6,0.12195121951219512,0.1951219512195122,0.3170731707317073
2,dyn_down,rand_basal,7,0.14634146341463414,0.19512195121951223,0.34146341463414637
2,dyn_down,rand_basal,8,0.17073170731707318,0.19512195121951217,0.36585365853658536
2,dyn_down,rand_basal,9,0.1951219512195122,0.1951219512195122,0.3902439024390244
2,dyn_down,rand_basal,10,0.21951219512195122,0.19512195121951217,0.4146341463414634
2,dyn_down,rand_basal,11,0.24390243902439024,0.1951219512195122,0.43902439024390244
2,dyn_down,rand_basal,12,0.2682926829268293,0.1951219512195122,0.4634146341463415
2,dyn_down,rand_basal,13,0.2926829268292683,0.1951219512195122,0.4878048780487805
2,dyn_down,rand_basal,14,0.3170731707317073,0.1951219512195122,0.5121951219512195
2,dyn_down,rand_basal,15,0.34146341463414637,0.1951219512195122,0.5365853658536586
2,dyn_down,rand_consumer,1,0.0,0.0,0.0
2,dyn_down,rand_consumer,2,0.024390243902439025,0.1951219512195122,0.21951219512195122
2,dyn_down,rand_consumer,3,0.04878048780487805,0.1951219512195122,0.24390243902439024
2,dyn_down,rand_consumer,4,0.07317073170731707,0.1951219512195122,0.2682926829268293
2,dyn_down,rand_consumer,5,0.0975609756097561,0.19512195121951217,0.2926829268292683
2,dyn_down,rand_consumer,6,0.12195121951219512,0.1951219512195122,0.3170731707317073
2,dyn_down,rand_consumer,7,0.14634146341463414,0.19512195121951223,0.34146341463414637
2,dyn_down,rand_consumer,8,0.17073170731707318,0.19512195121951217,0.36585365853658536
2,dyn_down,rand_consumer,9,0.1951219512195122,0.1951219512195122,0.3902439024390244
2,dyn_down,rand_consumer,10,0.21951219512195122,0.19512195121951217,0.4146341463414634
2,dyn_down,rand_consumer,11,0.24390243902439024,0.1951219512195122,0.43902439024390244
2,dyn_down,rand_consumer,12,0.2682926829268293,0.1951219512195122,0.4634146341463415
2,dyn_down,rand_consumer,13,0.2926829268292683,0.1951219512195122,0.4878048780487805
2,dyn_down,rand_consumer,14,0.3170731707317073,0.1951219512195122,0.5121951219512195
2,dyn_down,rand_consumer,15,0.34146341463414637,0.1951219512195122,0.5365853658536586
2,dyn_down,rand_consumer,16,0.36585365853658536,0.19512195121951226,0.5609756097560976
2,dyn_down,rand_consumer,17,0.3902439024390244,0.19512195121951215,0.5853658536585366
2,dyn_down,rand_consumer,18,0.4146341463414634,0.1951219512195122,0.6097560975609756
2,dyn_down,rand_consumer,19,0.43902439024390244,0.1951219512195122,0.6341463414634146
2,dyn_down,rand_consumer,20,0.4634146341463415,0.1951219512195122,0.6585365853658537
2,dyn_down,bm_high,1,0.0,0.0,0.0
2,dyn_down,bm_high,2,0.024390243902439025,0.0975609756097561,0.12195121951219512
2,dyn_down,bm_high,3,0.04878048780487805,0.09756097560975609,0.14634146341463414
2,dyn_down,bm_high,4,0.07317073170731707,0.09756097560975611,0.17073170731707318
2,dyn_down,bm_high,5,0.0975609756097561,0.0975609756097561,0.1951219512195122
2,dyn_down,bm_high,6,0.12195121951219512,0.0975609756097561,0.21951219512195122
2,dyn_down,bm_high,7,0.14634146341463414,0.0975609756097561,0.24390243902439024
2,dyn_down,bm_high,8,0.17073170731707318,0.0975609756097561,0.2682926829268293
2,dyn_down,bm_high,9,0.1951219512195122,0.09756097560975607,0.2926829268292683
2,dyn_down,bm_high,10,0.21951219512195122,0.17073170731707318,0.3902439024390244
2,dyn_down,bm_high,11,0.24390243902439024,0.17073170731707316,0.4146341463414634
2,dyn_down,bm_high,12,0.2682926829268293,0.17073170731707316,0.43902439024390244
2,dyn_down,bm_high,13,0.2926829268292683,0.1707317073170732,0.4634146341463415
2,dyn_down,bm_high,14,0.3170731707317073,0.17073170731707316,0.4878048780487805
2,dyn_down,bm_high,15,0.34146341463414637,0.17073170731707316,0.5121951219512195
2,dyn_down,bm_high,16,0.36585365853658536,0.1707317073170732,0.5365853658536586
2,dyn_down,bm_high,17,0.3902439024390244,0.1707317073170732,0.5609756097560976
2,dyn_down,bm_high,18,0.4146341463414634,0.17073170731707316,0.5853658536585366
2,dyn_down,bm_high,19,0.43902439024390244,0.17073170731707316,0.6097560975609756
2,dyn_down,bm_high,20,0.4634146341463415,0.17073170731707316,0.6341463414634146
2,dyn_down,bm_high,21,0.4878048780487805,0.1707317073170732,0.6585365853658537
2,dyn_down,gen_high,1,0.0,0.0,0.0
2,dyn_down,gen_high,2,0.024390243902439025,0.0975609756097561,0.12195121951219512
2,dyn_down,gen_high,3,0.04878048780487805,0.1951219512195122,0.24390243902439024
2,dyn_down,gen_high,4,0.07317073170731707,0.1951219512195122,0.2682926829268293
2,dyn_down,gen_high,5,0.0975609756097561,0.19512195121951217,0.2926829268292683
2,dyn_down,gen_high,6,0.12195121951219512,0.1951219512195122,0.3170731707317073
2,dyn_down,gen_high,7,0.14634146341463414,0.19512195121951223,0.34146341463414637
2,dyn_down,gen_high,8,0.17073170731707318,0.19512195121951217,0.36585365853658536
2,dyn_down,gen_high,9,0.1951219512195122,0.1951219512195122,0.3902439024390244
2,dyn_down,gen_high,10,0.21951219512195122,0.19512195121951217,0.4146341463414634
2,dyn_down,gen_high,11,0.24390243902439024,0.1951219512195122,0.43902439024390244
2,dyn_down,gen_high,12,0.2682926829268293,0.1951219512195122,0.4634146341463415
2,dyn_down,gen_high,13,0.2926829268292683,0.1951219512195122,0.4878048780487805
2,dyn_down,gen_high,14,0.3170731707317073,0.1951219512195122,0.5121951219512195
2,dyn_down,gen_high,15,0.34146341463414637,0.1951219512195122,0.5365853658536586
2,dyn_down,gen_high,16,0.36585365853658536,0.19512195121951226,0.5609756097560976
2,dyn_down,gen_high,17,0.3902439024390244,0.19512195121951215,0.5853658536585366
2,dyn_down,gen_high,18,0.4146341463414634,0.1951219512195122,0.6097560975609756
2,dyn_down,gen_high,19,0.43902439024390244,0.1951219512195122,0.6341463414634146
2,dyn_down,gen_high,20,0.4634146341463415,0.1951219512195122,0.6585365853658537
2,dyn_down,degree_high,1,0.0,0.0,0.0
2,dyn_down,degree_high,2,0.024390243902439025,0.07317073170731708,0.0975609756097561
2,dyn_down,degree_high,3,0.04878048780487805,0.07317073170731707,0.12195121951219512
2,dyn_down,degree_high,4,0.07317073170731707,0.17073170731707316,0.24390243902439024
2,dyn_down,degree_high,5,0.0975609756097561,0.17073170731707318,0.2682926829268293
2,dyn_down,degree_high,6,0.12195121951219512,0.17073170731707316,0.2926829268292683
2,dyn_down,degree_high,7,0.14634146341463414,0.17073170731707318,0.3170731707317073
2,dyn_down,degree_high,8,0.17073170731707318,0.17073170731707318,0.34146341463414637
2,dyn_down,degree_high,9,0.1951219512195122,0.17073170731707316,0.36585365853658536
2,dyn_down,degree_high,10,0.21951219512195122,0.17073170731707318,0.3902439024390244
2,dyn_down,degree_high,11,0.24390243902439024,0.17073170731707316,0.4146341463414634
2,dyn_down,degree_high,12,0.2682926829268293,0.17073170731707316,0.43902439024390244
2,dyn_down,degree_high,13,0.2926829268292683,0.1707317073170732,0.4634146341463415
2,dyn_down,degree_high,14,0.3170731707317073,0.17073170731707316,0.4878048780487805
2,dyn_down,degree_high,15,0.34146341463414637,0.17073170731707316,0.5121951219512195
2,dyn_down,degree_high,16,0.36585365853658536,0.1707317073170732,0.5365853658536586
2,dyn_down,degree_high,17,0.3902439024390244,0.1707317073170732,0.5609756097560976
2,dyn_down,degree_high,18,0.4146341463414634,0.17073170731707316,0.5853658536585366
2,dyn_down,degree_high,19,0.43902439024390244,0.17073170731707316,0.6097560975609756
2,dyn_down,degree_high,20,0.4634146341463415,0.17073170731707316,0.6341463414634146
2,dyn_down,degree_high,21,0.4878048780487805,0.1707317073170732,0.6585365853658537
2,dyn_down,degree_low,1,0.0,0.0,0.0
2,dyn_down,degree_low,2,0.024390243902439025,0.0975609756097561,0.12195121951219512
2,dyn_down,degree_low,3,0.04878048780487805,0.09756097560975609,0.14634146341463414
2,dyn_down,degree_low,4,0.07317073170731707,0.09756097560975611,0.17073170731707318
2,dyn_down,degree_low,5,0.0975609756097561,0.0975609756097561,0.1951219512195122
2,dyn_down,degree_low,6,0.12195121951219512,0.0975609756097561,0.21951219512195122
2,dyn_down,degree_low,7,0.14634146341463414,0.0975609756097561,0.24390243902439024
2,dyn_down,degree_low,8,0.17073170731707318,0.17073170731707318,0.34146341463414637
2,dyn_down,degree_low,9,0.1951219512195122,0.17073170731707316,0.36585365853658536
2,dyn_down,degree_low,10,0.21951219512195122,0.17073170731707318,0.3902439024390244
2,dyn_down,degree_low,11,0.24390243902439024,0.17073170731707316,0.4146341463414634
2,dyn_down,degree_low,12,0.2682926829268293,0.17073170731707316,0.43902439024390244
2,dyn_down,degree_low,13,0.2926829268292683,0.1707317073170732,0.4634146341463415
2,dyn_down,degree_low,14,0.3170731707317073,0.17073170731707316,0.4878048780487805
2,dyn_down,degree_low,15,0.34146341463414637,0.17073170731707316,0.5121951219512195
2,dyn_down,degree_low,16,0.36585365853658536,0.1707317073170732,0.5365853658536586
2,dyn_down,degree_low,17,0.3902439024390244,0.1707317073170732,0.5609756097560976
2,dyn_down,degree_low,18,0.4146341463414634,0.17073170731707316,0.5853658536585366
2,dyn_down,degree_low,19,0.43902439024390244,0.17073170731707316,0.6097560975609756
2,dyn_down,degree_low,20,0.4634146341463415,0.17073170731707316,0.6341463414634146
2,dyn_down,degree_low,21,0.4878048780487805,0.1707317073170732,0.6585365853658537
2,dyn_down,vul_high,1,0.0,0.0,0.0
2,dyn_down,vul_high,2,0.024390243902439025,0.0975609756097561,0.12195121951219512
2,dyn_down,vul_high,3,0.04878048780487805,0.09756097560975609,0.14634146341463414
2,dyn_down,vul_high,4,0.07317073170731707,0.09756097560975611,0.17073170731707318
2,dyn_down,vul_high,5,0.0975609756097561,0.0975609756097561,0.1951219512195122
2,dyn_down,vul_high,6,0.12195121951219512,0.0975609756097561,0.21951219512195122
2,dyn_down,vul_high,7,0.14634146341463414,0.0975609756097561,0.24390243902439024
2,dyn_down,vul_high,8,0.17073170731707318,0.0975609756097561,0.2682926829268293
2,dyn_down,vul_high,9,0.1951219512195122,0.09756097560975607,0.2926829268292683
2,dyn_down,vul_high,10,0.21951219512195122,0.0975609756097561,0.3170731707317073
2,dyn_down,vul_high,11,0.24390243902439024,0.09756097560975613,0.34146341463414637
2,dyn_down,vul_high,12,0.2682926829268293,0.09756097560975607,0.36585365853658536
2,dyn_down,vul_high,13,0.2926829268292683,0.09756097560975613,0.3902439024390244
2,dyn_down,vul_high,14,0.3170731707317073,0.09756097560975607,0.4146341463414634
2,dyn_down,vul_high,15,0.34146341463414637,0.09756097560975607,0.43902439024390244
2,dyn_down,vul_high,16,0.36585365853658536,0.09756097560975613,0.4634146341463415
2,dyn_down,vul_high,17,0.3902439024390244,0.09756097560975607,0.4878048780487805
2,dyn_down,vul_high,18,0.4146341463414634,0.09756097560975613,0.5121951219512195
2,dyn_down,vul_high,19,0.43902439024390244,0.09756097560975613,0.5365853658536586
2,dyn_down,vul_high,20,0.4634146341463415,0.09756097560975613,0.5609756097560976
2,dyn_down,vul_high,21,0.4878048780487805,0.09756097560975607,0.5853658536585366
2,dyn_down,vul_high,22,0.5121951219512195,0.09756097560975607,0.6097560975609756
2,dyn_down,vul_high,23,0.5365853658536586,0.09756097560975607,0.6341463414634146
2,dyn_down,vul_high,24,0.5609756097560976,0.09756097560975607,0.6585365853658537
2,dyn_down,bm_low,1,0.0,0.0,0.0
2,dyn_down,bm_low,2,0.024390243902439025,0.0975609756097561,0.12195121951219512
2,dyn_down,bm_low,3,0.04878048780487805,0.09756097560975609,0.14634146341463414
2,dyn_down,bm_low,4,0.07317073170731707,0.09756097560975611,0.17073170731707318
2,dyn_down,bm_low,5,0.0975609756097561,0.0975609756097561,0.1951219512195122
2,dyn_down,bm_low,6,0.12195121951219512,0.0975609756097561,0.21951219512195122
2,dyn_down,bm_low,7,0.14634146341463414,0.0975609756097561,0.24390243902439024
2,dyn_down,bm_low,8,0.17073170731707318,0.0975609756097561,0.2682926829268293
2,dyn_down,bm_low,9,0.1951219512195122,0.09756097560975607,0.2926829268292683
2,dyn_down,bm_low,10,0.21951219512195122,0.0975609756097561,0.3170731707317073
2,dyn_down,bm_low,11,0.24390243902439024,0.09756097560975613,0.34146341463414637
2,dyn_down,bm_low,12,0.2682926829268293,0.09756097560975607,0.36585365853658536
2,dyn_down,bm_low,13,0.2926829268292683,0.09756097560975613,0.3902439024390244
2,dyn_down,bm_low,14,0.3170731707317073,0.09756097560975607,0.4146341463414634
2,dyn_down,bm_low,15,0.34146341463414637,0.17073170731707316,0.5121951219512195
2,dyn_down,bm_low,16,0.36585365853658536,0.1707317073170732,0.5365853658536586
2,dyn_down,bm_low,17,0.3902439024390244,0.1707317073170732,0.5609756097560976
2,dyn_down,bm_low,18,0.4146341463414634,0.17073170731707316,0.5853658536585366
2,dyn_down,bm_low,19,0.43902439024390244,0.17073170731707316,0.6097560975609756
2,dyn_down,bm_low,20,0.4634146341463415,0.17073170731707316,0.6341463414634146
2,dyn_down,bm_low,21,0.4878048780487805,0.1707317073170732,0.6585365853658537
3,dyn_niche,gen_low,1,0.0,0.0,0.0
3,dyn_niche,gen_low,2,0.029411764705882353,0.2647058823529412,0.29411764705882354
3,dyn_niche,gen_low,3,0.058823529411764705,0.32352941176470584,0.38235294117647056
3,dyn_niche,gen_low,4,0.08823529411764706,0.32352941176470584,0.4117647058823529
3,dyn_niche,gen_low,5,0.11764705882352941,0.32352941176470584,0.4411764705882353
3,dyn_niche,gen_low,6,0.14705882352941177,0.32352941176470584,0.47058823529411764
3,dyn_niche,gen_low,7,0.17647058823529413,0.32352941176470584,0.5
3,dyn_niche,gen_low,8,0.20588235294117646,0.3235294117647059,0.5294117647058824
3,dyn_niche,gen_low,9,0.23529411764705882,0.3235294117647059,0.5588235294117647
3,dyn_niche,gen_low,10,0.2647058823529412,0.3235294117647059,0.5882352941176471
3,dyn_niche,gen_low,11,0.29411764705882354,0.3235294117647059,0.6176470588235294
3,dyn_niche,gen_low,12,0.3235294117647059,0.3235294117647059,0.6470588235294118
3,dyn_niche,gen_low,13,0.35294117647058826,0.3235294117647059,0.6764705882352942
3,dyn_niche,gen_low,14,0.38235294117647056,0.32352941176470595,0.7058823529411765
3,dyn_niche,gen_low,15,0.4117647058823529,0.32352941176470595,0.7352941176470589
3,dyn_niche,gen_low,16,0.4411764705882353,0.32352941176470584,0.7647058823529411
3,dyn_niche,gen_low,17,0.47058823529411764,0.32352941176470584,0.7941176470588235
3,dyn_niche,gen_low,18,0.5,0.32352941176470584,0.8235294117647058
3,dyn_niche,gen_low,19,0.5294117647058824,0.32352941176470584,0.8529411764705882
3,dyn_niche,vul_low,1,0.0,0.0,0.0
3,dyn_niche,vul_low,2,0.029411764705882353,0.2647058823529412,0.29411764705882354
3,dyn_niche,vul_low,3,0.058823529411764705,0.2647058823529412,0.3235294117647059
3,dyn_niche,vul_low,4,0.08823529411764706,0.2941176470588235,0.38235294117647056
3,dyn_niche,vul_low,5,0.11764705882352941,0.2941176470588235,0.4117647058823529
3,dyn_niche,vul_low,6,0.14705882352941177,0.3529411764705882,0.5
3,dyn_niche,vul_low,7,0.17647058823529413,0.3529411764705882,0.5294117647058824
3,dyn_niche,vul_low,8,0.20588235294117646,0.35294117647058826,0.5588235294117647
3,dyn_niche,vul_low,9,0.23529411764705882,0.3823529411764706,0.6176470588235294
3,dyn_niche,vul_low,10,0.2647058823529412,0.3823529411764706,0.6470588235294118
3,dyn_niche,vul_low,11,0.29411764705882354,0.3823529411764706,0.6764705882352942
3,dyn_niche,vul_low,12,0.3235294117647059,0.3823529411764706,0.7058823529411765
3,dyn_niche,vul_low,13,0.35294117647058826,0.41176470588235287,0.7647058823529411
3,dyn_niche,vul_low,14,0.38235294117647056,0.4117647058823529,0.7941176470588235
3,dyn_niche,vul_low,15,0.4117647058823529,0.4117647058823529,0.8235294117647058
3,dyn_niche,vul_low,16,0.4411764705882353,0.4117647058823529,0.8529411764705882
3,dyn_niche,rand_basal,1,0.0,0.0,0.0
3,dyn_niche,rand_basal,2,0.029411764705882353,0.29411764705882354,0.3235294117647059
3,dyn_niche,rand_basal,3,0.058823529411764705,0.38235294117647056,0.4411764705882353
3,dyn_niche,rand_basal,4,0.08823529411764706,0.5,0.5882352941176471
3,dyn_niche,rand_basal,5,0.11764705882352941,0.6176470588235294,0.7352941176470589
3,dyn_niche,rand_basal,6,0.14705882352941177,0.7058823529411764,0.8529411764705882
3,dyn_niche,rand_consumer,1,0.0,0.0,0.0
3,dyn_niche,rand_consumer,2,0.029411764705882353,0.23529411764705882,0.2647058823529412
3,dyn_niche,rand_consumer,3,0.058823529411764705,0.23529411764705882,0.29411764705882354
3,dyn_niche,rand_consumer,4,0.08823529411764706,0.23529411764705882,0.3235294117647059
3,dyn_niche,rand_consumer,5,0.11764705882352941,0.23529411764705885,0.35294117647058826
3,dyn_niche,rand_consumer,6,0.14705882352941177,0.2647058823529411,0.4117647058823529
3,dyn_niche,rand_consumer,7,0.17647058823529413,0.32352941176470584,0.5
3,dyn_niche,rand_consumer,8,0.20588235294117646,0.3235294117647059,0.5294117647058824
3,dyn_niche,rand_consumer,9,0.23529411764705882,0.3235294117647059,0.5588235294117647
3,dyn_niche,rand_consumer,10,0.2647058823529412,0.3235294117647059,0.5882352941176471
3,dyn_niche,rand_consumer,11,0.29411764705882354,0.3235294117647059,0.6176470588235294
3,dyn_niche,rand_consumer,12,0.3235294117647059,0.3235294117647059,0.6470588235294118
3,dyn_niche,rand_consumer,13,0.35294117647058826,0.3235294117647059,0.6764705882352942
3,dyn_niche,rand_consumer,14,0.38235294117647056,0.32352941176470595,0.7058823529411765
3,dyn_niche,rand_consumer,15,0.4117647058823529,0.32352941176470595,0.7352941176470589
3,dyn_niche,rand_consumer,16,0.4411764705882353,0.3529411764705882,0.7941176470588235
3,dyn_niche,rand_consumer,17,0.47058823529411764,0.3529411764705882,0.8235294117647058
3,dyn_niche,rand_consumer,18,0.5,0.3529411764705882,0.8529411764705882
3,dyn_niche,bm_high,1,0.0,0.0,0.0
3,dyn_niche,bm_high,2,0.029411764705882353,0.2647058823529412,0.29411764705882354
3,dyn_niche,bm_high,3,0.058823529411764705,0.29411764705882354,0.35294117647058826
3,dyn_niche,bm_high,4,0.08823529411764706,0.2941176470588235,0.38235294117647056
3,dyn_niche,bm_high,5,0.11764705882352941,0.2941176470588235,0.4117647058823529
3,dyn_niche,bm_high,6,0.14705882352941177,0.2941176470588235,0.4411764705882353
3,dyn_niche,bm_high,7,0.17647058823529413,0.32352941176470584,0.5
3,dyn_niche,bm_high,8,0.20588235294117646,0.3235294117647059,0.5294117647058824
3,dyn_niche,bm_high,9,0.23529411764705882,0.3235294117647059,0.5588235294117647
3,dyn_niche,bm_high,10,0.2647058823529412,0.3235294117647059,0.5882352941176471
3,dyn_niche,bm_high,11,0.29411764705882354,0.3235294117647059,0.6176470588235294
3,dyn_niche,bm_high,12,0.3235294117647059,0.3235294117647059,0.6470588235294118
3,dyn_niche,bm_high,13,0.35294117647058826,0.35294117647058826,0.7058823529411765
3,dyn_niche,bm_high,14,0.38235294117647056,0.38235294117647056,0.7647058823529411
3,dyn_niche,bm_high,15,0.4117647058823529,0.38235294117647056,0.7941176470588235
3,dyn_niche,bm_high,16,0.4411764705882353,0.38235294117647056,0.8235294117647058
3,dyn_niche,bm_high,17,0.47058823529411764,0.38235294117647056,0.8529411764705882
3,dyn_niche,gen_high,1,0.0,0.0,0.0
3,dyn_niche,gen_high,2,0.029411764705882353,0.2647058823529412,0.29411764705882354
3,dyn_niche,gen_high,3,0.058823529411764705,0.2647058823529412,0.3235294117647059
3,dyn_niche,gen_high,4,0.08823529411764706,0.2647058823529412,0.35294117647058826
3,dyn_niche,gen_high,5,0.11764705882352941,0.2647058823529411,0.38235294117647056
3,dyn_niche,gen_high,6,0.14705882352941177,0.2647058823529411,0.4117647058823529
3,dyn_niche,gen_high,7,0.17647058823529413,0.2647058823529411,0.4411764705882353
3,dyn_niche,gen_high,8,0.20588235294117646,0.2647058823529412,0.47058823529411764
3,dyn_niche,gen_high,9,0.23529411764705882,0.2647058823529412,0.5
3,dyn_niche,gen_high,10,0.2647058823529412,0.2647058823529412,0.5294117647058824
3,dyn_niche,gen_high,11,0.29411764705882354,0.2647058823529412,0.5588235294117647
3,dyn_niche,gen_high,12,0.3235294117647059,0.2647058823529412,0.5882352941176471
3,dyn_niche,gen_high,13,0.35294117647058826,0.2647058823529412,0.6176470588235294
3,dyn_niche,gen_high,14,0.38235294117647056,0.26470588235294124,0.6470588235294118
3,dyn_niche,gen_high,15,0.4117647058823529,0.26470588235294124,0.6764705882352942
3,dyn_niche,gen_high,16,0.4411764705882353,0.2941176470588236,0.7352941176470589
3,dyn_niche,gen_high,17,0.47058823529411764,0.2941176470588235,0.7647058823529411
3,dyn_niche,gen_high,18,0.5,0.2941176470588235,0.7941176470588235
3,dyn_niche,gen_high,19,0.5294117647058824,0.2941176470588235,0.8235294117647058
3,dyn_niche,gen_high,20,0.5588235294117647,0.2941176470588235,0.8529411764705882
3,dyn_niche,degree_high,1,0.0,0.0,0.0
3,dyn_niche,degree_high,2,0.029411764705882353,0.2647058823529412,0.29411764705882354
3,dyn_niche,degree_high,3,0.058823529411764705,0.32352941176470584,0.38235294117647056
3,dyn_niche,degree_high,4,0.08823529411764706,0.32352941176470584,0.4117647058823529
3,dyn_niche,degree_high,5,0.11764705882352941,0.32352941176470584,0.4411764705882353
3,dyn_niche,degree_high,6,0.14705882352941177,0.32352941176470584,0.47058823529411764
3,dyn_niche,degree_high,7,0.17647058823529413,0.32352941176470584,0.5
3,dyn_niche,degree_high,8,0.20588235294117646,0.3235294117647059,0.5294117647058824
3,dyn_niche,degree_high,9,0.23529411764705882,0.3235294117647059,0.5588235294117647
3,dyn_niche,degree_high,10,0.2647058823529412,0.3235294117647059,0.5882352941176471
3,dyn_niche,degree_high,11,0.29411764705882354,0.3235294117647059,0.6176470588235294
3,dyn_niche,degree_high,12,0.3235294117647059,0.3235294117647059,0.6470588235294118
3,dyn_niche,degree_high,13,0.35294117647058826,0.3235294117647059,0.6764705882352942
3,dyn_niche,degree_high,14,0.38235294117647056,0.32352941176470595,0.7058823529411765
3,dyn_niche,degree_high,15,0.4117647058823529,0.32352941176470595,0.7352941176470589
3,dyn_niche,degree_high,16,0.4411764705882353,0.32352941176470584,0.7647058823529411
3,dyn_niche,degree_high,17,0.47058823529411764,0.32352941176470584,0.7941176470588235
3,dyn_niche,degree_high,18,0.5,0.32352941176470584,0.8235294117647058
3,dyn_niche,degree_high,19,0.5294117647058824,0.32352941176470584,0.8529411764705882
3,dyn_niche,degree_low,1,0.0,0.0,0.0
3,dyn_niche,degree_low,2,0.029411764705882353,0.2647058823529412,0.29411764705882354
3,dyn_niche,degree_low,3,0.058823529411764705,0.29411764705882354,0.35294117647058826
3,dyn_niche,degree_low,4,0.08823529411764706,0.2941176470588235,0.38235294117647056
3,dyn_niche,degree_low,5,0.11764705882352941,0.2941176470588235,0.4117647058823529
3,dyn_niche,degree_low,6,0.14705882352941177,0.32352941176470584,0.47058823529411764
3,dyn_niche,degree_low,7,0.17647058823529413,0.32352941176470584,0.5
3,dyn_niche,degree_low,8,0.20588235294117646,0.3235294117647059,0.5294117647058824
3,dyn_niche,degree_low,9,0.23529411764705882,0.3235294117647059,0.5588235294117647
3,dyn_niche,degree_low,10,0.2647058823529412,0.3823529411764706,0.6470588235294118
3,dyn_niche,degree_low,11,0.29411764705882354,0.3823529411764706,0.6764705882352942
3,dyn_niche,degree_low,12,0.3235294117647059,0.411764705882353,0.7352941176470589
3,dyn_niche,degree_low,13,0.35294117647058826,0.41176470588235287,0.7647058823529411
3,dyn_niche,degree_low,14,0.38235294117647056,0.4117647058823529,0.7941176470588235
3,dyn_niche,degree_low,15,0.4117647058823529,0.4117647058823529,0.8235294117647058
3,dyn_niche,degree_low,16,0.4411764705882353,0.4117647058823529,0.8529411764705882
3,dyn_niche,vul_high,1,0.0,0.0,0.0
3,dyn_niche,vul_high,2,0.029411764705882353,0.23529411764705882,0.2647058823529412
3,dyn_niche,vul_high,3,0.058823529411764705,0.23529411764705882,0.29411764705882354
3,dyn_niche,vul_high,4,0.08823529411764706,0.23529411764705882,0.3235294117647059
3,dyn_niche,vul_high,5,0.11764705882352941,0.23529411764705885,0.35294117647058826
3,dyn_niche,vul_high,6,0.14705882352941177,0.2941176470588235,0.4411764705882353
3,dyn_niche,vul_high,7,0.17647058823529413,0.2941176470588235,0.47058823529411764
3,dyn_niche,vul_high,8,0.20588235294117646,0.3235294117647059,0.5294117647058824
3,dyn_niche,vul_high,9,0.23529411764705882,0.35294117647058826,0.5882352941176471
3,dyn_niche,vul_high,10,0.2647058823529412,0.35294117647058826,0.6176470588235294
3,dyn_niche,vul_high,11,0.29411764705882354,0.35294117647058826,0.6470588235294118
3,dyn_niche,vul_high,12,0.3235294117647059,0.35294117647058826,0.6764705882352942
3,dyn_niche,vul_high,13,0.35294117647058826,0.35294117647058826,0.7058823529411765
3,dyn_niche,vul_high,14,0.38235294117647056,0.3529411764705883,0.7352941176470589
3,dyn_niche,vul_high,15,0.4117647058823529,0.3529411764705882,0.7647058823529411
3,dyn_niche,vul_high,16,0.4411764705882353,0.3529411764705882,0.7941176470588235
3,dyn_niche,vul_high,17,0.47058823529411764,0.3529411764705882,0.8235294117647058
3,dyn_niche,vul_high,18,0.5,0.3529411764705882,0.8529411764705882
3,dyn_niche,bm_low,1,0.0,0.0,0.0
3,dyn_niche,bm_low,2,0.029411764705882353,0.3529411764705882,0.38235294117647056
3,dyn_niche,bm_low,3,0.058823529411764705,0.38235294117647056,0.4411764705882353
3,dyn_niche,bm_low,4,0.08823529411764706,0.38235294117647056,0.47058823529411764
3,dyn_niche,bm_low,5,0.11764705882352941,0.38235294117647056,0.5
3,dyn_niche,bm_low,6,0.14705882352941177,0.4117647058823529,0.5588235294117647
3,dyn_niche,bm_low,7,0.17647058823529413,0.4117647058823529,0.5882352941176471
3,dyn_niche,bm_low,8,0.20588235294117646,0.411764705882353,0.6176470588235294
3,dyn_niche,bm_low,9,0.23529411764705882,0.411764705882353,0.6470588235294118
3,dyn_niche,bm_low,10,0.2647058823529412,0.411764705882353,0.6764705882352942
3,dyn_niche,bm_low,11,0.29411764705882354,0.411764705882353,0.7058823529411765
3,dyn_niche,bm_low,12,0.3235294117647059,0.411764705882353,0.7352941176470589
3,dyn_niche,bm_low,13,0.35294117647058826,0.41176470588235287,0.7647058823529411
3,dyn_niche,bm_low,14,0.38235294117647056,0.4117647058823529,0.7941176470588235
3,dyn_niche,bm_low,15,0.4117647058823529,0.4117647058823529,0.8235294117647058
3,dyn_niche,bm_low,16,0.4411764705882353,0.4117647058823529,0.8529411764705882
3,dyn_down_size,gen_low,1,0.0,0.0,0.0
3,dyn_down_size,gen_low,2,0.027777777777777776,0.027777777777777776,0.05555555555555555
3,dyn_down_size,gen_low,3,0.05555555555555555,0.027777777777777776,0.08333333333333333
3,dyn_down_size,gen_low,4,0.08333333333333333,0.027777777777777776,0.1111111111111111
3,dyn_down_size,gen_low,5,0.1111111111111111,0.02777777777777779,0.1388888888888889
3,dyn_down_size,gen_low,6,0.1388888888888889,0.027777777777777762,0.16666666666666666
3,dyn_down_size,gen_low,7,0.16666666666666666,0.02777777777777779,0.19444444444444445
3,dyn_down_size,gen_low,8,0.19444444444444445,0.027777777777777762,0.2222222222222222
3,dyn_down_size,gen_low,9,0.2222222222222222,0.02777777777777779,0.25
3,dyn_down_size,gen_low,10,0.25,0.02777777777777779,0.2777777777777778
3,dyn_down_size,gen_low,11,0.2777777777777778,0.02777777777777779,0.3055555555555556
3,dyn_down_size,gen_low,12,0.3055555555555556,0.027777777777777735,0.3333333333333333
3,dyn_down_size,vul_low,1,0.0,0.0,0.0
3,dyn_down_size,vul_low,2,0.027777777777777776,0.027777777777777776,0.05555555555555555
3,dyn_down_size,vul_low,3,0.05555555555555555,0.027777777777777776,0.08333333333333333
3,dyn_down_size,vul_low,4,0.08333333333333333,0.027777777777777776,0.1111111111111111
3,dyn_down_size,vul_low,5,0.1111111111111111,0.02777777777777779,0.1388888888888889
3,dyn_down_size,vul_low,6,0.1388888888888889,0.027777777777777762,0.16666666666666666
3,dyn_down_size,vul_low,7,0.16666666666666666,0.02777777777777779,0.19444444444444445
3,dyn_down_size,vul_low,8,0.19444444444444445,0.027777777777777762,0.2222222222222222
3,dyn_down_size,vul_low,9,0.2222222222222222,0.02777777777777779,0.25
3,dyn_down_size,vul_low,10,0.25,0.02777777777777779,0.2777777777777778
3,dyn_down_size,vul_low,11,0.2777777777777778,0.02777777777777779,0.3055555555555556
3,dyn_down_size,vul_low,12,0.3055555555555556,0.027777777777777735,0.3333333333333333
3,dyn_down_size,rand_basal,1,0.0,0.0,0.0
3,dyn_down_size,rand_basal,2,0.027777777777777776,0.027777777777777776,0.05555555555555555
3,dyn_down_size,rand_basal,3,0.05555555555555555,0.027777777777777776,0.08333333333333333
3,dyn_down_size,rand_basal,4,0.08333333333333333,0.027777777777777776,0.1111111111111111
3,dyn_down_size,rand_basal,5,0.1111111111111111,0.02777777777777779,0.1388888888888889
3,dyn_down_size,rand_basal,6,0.1388888888888889,0.027777777777777762,0.16666666666666666
3,dyn_down_size,rand_basal,7,0.16666666666666666,0.02777777777777779,0.19444444444444445
3,dyn_down_size,rand_basal,8,0.19444444444444445,0.027777777777777762,0.2222222222222222
3,dyn_down_size,rand_basal,9,0.2222222222222222,0.02777777777777779,0.25
3,dyn_down_size,rand_basal,10,0.25,0.02777777777777779,0.2777777777777778
3,dyn_down_size,rand_basal,11,0.2777777777777778,0.02777777777777779,0.3055555555555556
3,dyn_down_size,rand_basal,12,0.3055555555555556,0.027777777777777735,0.3333333333333333
3,dyn_down_size,rand_basal,13,0.3333333333333333,0.02777777777777779,0.3611111111111111
3,dyn_down_size,rand_basal,14,0.3611111111111111,0.02777777777777779,0.3888888888888889
3,dyn_down_size,rand_basal,15,0.3888888888888889,0.02777777777777779,0.4166666666666667
3,dyn_down_size,rand_basal,16,0.4166666666666667,0.055555555555555525,0.4722222222222222
3,dyn_down_size,rand_basal,17,0.4444444444444444,0.05555555555555558,0.5
3,dyn_down_size,rand_basal,18,0.4722222222222222,0.05555555555555558,0.5277777777777778
3,dyn_down_size,rand_basal,19,0.5,0.05555555555555558,0.5555555555555556
3,dyn_down_size,rand_basal,20,0.5277777777777778,0.13888888888888884,0.6666666666666666
3,dyn_down_size,rand_basal,21,0.5555555555555556,0.2777777777777778,0.8333333333333334
3,dyn_down_size,rand_basal,22,0.5833333333333334,0.2777777777777778,0.8611111111111112
3,dyn_down_size,rand_basal,23,0.6111111111111112,0.2777777777777777,0.8888888888888888
3,dyn_down_size,rand_basal,24,0.6388888888888888,0.3055555555555556,0.9444444444444444
3,dyn_down_size,rand_consumer,1,0.0,0.0,0.0
3,dyn_down_size,rand_consumer,2,0.027777777777777776,0.027777777777777776,0.05555555555555555
3,dyn_down_size,rand_consumer,3,0.05555555555555555,0.027777777777777776,0.08333333333333333
3,dyn_down_size,rand_consumer,4,0.08333333333333333,0.027777777777777776,0.1111111111111111
3,dyn_down_size,rand_consumer,5,0.1111111111111111,0.02777777777777779,0.1388888888888889
3,dyn_down_size,rand_consumer,6,0.1388888888888889,0.027777777777777762,0.16666666666666666
3,dyn_down_size,rand_consumer,7,0.16666666666666666,0.02777777777777779,0.19444444444444445
3,dyn_down_size,rand_consumer,8,0.19444444444444445,0.027777777777777762,0.2222222222222222
3,dyn_down_size,rand_consumer,9,0.2222222222222222,0.02777777777777779,0.25
3,dyn_down_size,rand_consumer,10,0.25,0.02777777777777779,0.2777777777777778
3,dyn_down_size,rand_consumer,11,0.2777777777777778,0.02777777777777779,0.3055555555555556
3,dyn_down_size,rand_consumer,12,0.3055555555555556,0.027777777777777735,0.3333333333333333
3,dyn_down_size,bm_high,1,0.0,0.0,0.0
3,dyn_down_size,bm_high,2,0.027777777777777776,0.0,0.027777777777777776
3,dyn_down_size,bm_high,3,0.05555555555555555,0.0,0.05555555555555555
3,dyn_down_size,bm_high,4,0.08333333333333333,0.0,0.08333333333333333
3,dyn_down_size,bm_high,5,0.1111111111111111,0.0,0.1111111111111111
3,dyn_down_size,bm_high,6,0.1388888888888889,0.0,0.1388888888888889
3,dyn_down_size,bm_high,7,0.16666666666666666,0.0,0.16666666666666666
3,dyn_down_size,bm_high,8,0.19444444444444445,0.0,0.19444444444444445
3,dyn_down_size,bm_high,9,0.2222222222222222,0.0,0.2222222222222222
3,dyn_down_size,bm_high,10,0.25,0.0,0.25
3,dyn_down_size,bm_high,11,0.2777777777777778,0.0,0.2777777777777778
3,dyn_down_size,bm_high,12,0.3055555555555556,0.0,0.3055555555555556
3,dyn_down_size,bm_high,13,0.3333333333333333,0.0,0.3333333333333333
3,dyn_down_size,gen_high,1,0.0,0.0,0.0
3,dyn_down_size,gen_high,2,0.027777777777777776,0.027777777777777776,0.05555555555555555
3,dyn_down_size,gen_high,3,0.05555555555555555,0.027777777777777776,0.08333333333333333
3,dyn_down_size,gen_high,4,0.08333333333333333,0.027777777777777776,0.1111111111111111
3,dyn_down_size,gen_high,5,0.1111111111111111,0.02777777777777779,0.1388888888888889
3,dyn_down_size,gen_high,6,0.1388888888888889,0.027777777777777762,0.16666666666666666
3,dyn_down_size,gen_high,7,0.16666666666666666,0.02777777777777779,0.19444444444444445
3,dyn_down_size,gen_high,8,0.19444444444444445,0.027777777777777762,0.2222222222222222
3,dyn_down_size,gen_high,9,0.2222222222222222,0.02777777777777779,0.25
3,dyn_down_size,gen_high,10,0.25,0.02777777777777779,0.2777777777777778
3,dyn_down_size,gen_high,11,0.2777777777777778,0.02777777777777779,0.3055555555555556
3,dyn_down_size,gen_high,12,0.3055555555555556,0.027777777777777735,0.3333333333333333
3,dyn_down_size,degree_high,1,0.0,0.0,0.0
3,dyn_down_size,degree_high,2,0.027777777777777776,0.027777777777777776,0.05555555555555555
3,dyn_down_size,degree_high,3,0.05555555555555555,0.027777777777777776,0.08333333333333333
3,dyn_down_size,degree_high,4,0.08333333333333333,0.027777777777777776,0.1111111111111111
3,dyn_down_size,degree_high,5,0.1111111111111111,0.02777777777777779,0.1388888888888889
3,dyn_down_size,degree_high,6,0.1388888888888889,0.027777777777777762,0.16666666666666666
3,dyn_down_size,degree_high,7,0.16666666666666666,0.02777777777777779,0.19444444444444445
3,dyn_down_size,degree_high,8,0.19444444444444445,0.027777777777777762,0.2222222222222222
3,dyn_down_size,degree_high,9,0.2222222222222222,0.02777777777777779,0.25
3,dyn_down_size,degree_high,10,0.25,0.02777777777777779,0.2777777777777778
3,dyn_down_size,degree_high,11,0.2777777777777778,0.02777777777777779,0.3055555555555556
3,dyn_down_size,degree_high,12,0.3055555555555556,0.027777777777777735,0.3333333333333333
3,dyn_down_size,degree_low,1,0.0,0.0,0.0
3,dyn_down_size,degree_low,2,0.027777777777777776,0.027777777777777776,0.05555555555555555
3,dyn_down_size,degree_low,3,0.05555555555555555,0.027777777777777776,0.08333333333333333
3,dyn_down_size,degree_low,4,0.08333333333333333,0.027777777777777776,0.1111111111111111
3,dyn_down_size,degree_low,5,0.1111111111111111,0.02777777777777779,0.1388888888888889
3,dyn_down_size,degree_low,6,0.1388888888888889,0.027777777777777762,0.16666666666666666
3,dyn_down_size,degree_low,7,0.16666666666666666,0.02777777777777779,0.19444444444444445
3,dyn_down_size,degree_low,8,0.19444444444444445,0.027777777777777762,0.2222222222222222
3,dyn_down_size,degree_low,9,0.2222222222222222,0.02777777777777779,0.25
3,dyn_down_size,degree_low,10,0.25,0.02777777777777779,0.2777777777777778
3,dyn_down_size,degree_low,11,0.2777777777777778,0.02777777777777779,0.3055555555555556
3,dyn_down_size,degree_low,12,0.3055555555555556,0.027777777777777735,0.3333333333333333
3,dyn_down_size,vul_high,1,0.0,0.0,0.0
3,dyn_down_size,vul_high,2,0.027777777777777776,0.027777777777777776,0.05555555555555555
3,dyn_down_size,vul_high,3,0.05555555555555555,0.027777777777777776,0.08333333333333333
3,dyn_down_size,vul_high,4,0.08333333333333333,0.027777777777777776,0.1111111111111111
3,dyn_down_size,vul_high,5,0.1111111111111111,0.02777777777777779,0.1388888888888889
3,dyn_down_size,vul_high,6,0.1388888888888889,0.027777777777777762,0.16666666666666666
3,dyn_down_size,vul_high,7,0.16666666666666666,0.02777777777777779,0.19444444444444445
3,dyn_down_size,vul_high,8,0.19444444444444445,0.027777777777777762,0.2222222222222222
3,dyn_down_size,vul_high,9,0.2222222222222222,0.02777777777777779,0.25
3,dyn_down_size,vul_high,10,0.25,0.02777777777777779,0.2777777777777778
3,dyn_down_size,vul_high,11,0.2777777777777778,0.02777777777777779,0.3055555555555556
3,dyn_down_size,vul_high,12,0.3055555555555556,0.027777777777777735,0.3333333333333333
3,dyn_down_size,bm_low,1,0.0,0.0,0.0
3,dyn_down_size,bm_low,2,0.027777777777777776,0.0,0.027777777777777776
3,dyn_down_size,bm_low,3,0.05555555555555555,0.0,0.05555555555555555
3,dyn_down_size,bm_low,4,0.08333333333333333,0.0,0.08333333333333333
3,dyn_down_size,bm_low,5,0.1111111111111111,0.0,0.1111111111111111
3,dyn_down_size,bm_low,6,0.1388888888888889,0.0,0.1388888888888889
3,dyn_down_size,bm_low,7,0.16666666666666666,0.0,0.16666666666666666
3,dyn_down_size,bm_low,8,0.19444444444444445,0.0,0.19444444444444445
3,dyn_down_size,bm_low,9,0.2222222222222222,0.0,0.2222222222222222
3,dyn_down_size,bm_low,10,0.25,0.0,0.25
3,dyn_down_size,bm_low,11,0.2777777777777778,0.0,0.2777777777777778
3,dyn_down_size,bm_low,12,0.3055555555555556,0.0,0.3055555555555556
3,dyn_down_size,bm_low,13,0.3333333333333333,0.0,0.3333333333333333
3,dyn_down,gen_low,1,0.0,0.0,0.0
3,dyn_down,gen_low,2,0.024390243902439025,0.024390243902439025,0.04878048780487805
3,dyn_down,gen_low,3,0.04878048780487805,0.02439024390243902,0.07317073170731707
3,dyn_down,gen_low,4,0.07317073170731707,0.024390243902439032,0.0975609756097561
3,dyn_down,gen_low,5,0.0975609756097561,0.02439024390243902,0.12195121951219512
3,dyn_down,gen_low,6,0.12195121951219512,0.02439024390243902,0.14634146341463414
3,dyn_down,gen_low,7,0.14634146341463414,0.024390243902439046,0.17073170731707318
3,dyn_down,gen_low,8,0.17073170731707318,0.02439024390243902,0.1951219512195122
3,dyn_down,gen_low,9,0.1951219512195122,0.02439024390243902,0.21951219512195122
3,dyn_down,gen_low,10,0.21951219512195122,0.02439024390243902,0.24390243902439024
3,dyn_down,gen_low,11,0.24390243902439024,0.024390243902439046,0.2682926829268293
3,dyn_down,gen_low,12,0.2682926829268293,0.02439024390243899,0.2926829268292683
3,dyn_down,gen_low,13,0.2926829268292683,0.024390243902439046,0.3170731707317073
3,dyn_down,gen_low,14,0.3170731707317073,0.024390243902439046,0.34146341463414637
3,dyn_down,gen_low,15,0.34146341463414637,0.02439024390243899,0.36585365853658536
3,dyn_down,gen_low,16,0.36585365853658536,0.024390243902439046,0.3902439024390244
3,dyn_down,gen_low,17,0.3902439024390244,0.02439024390243899,0.4146341463414634
3,dyn_down,gen_low,18,0.4146341463414634,0.024390243902439046,0.43902439024390244
3,dyn_down,gen_low,19,0.43902439024390244,0.024390243902439046,0.4634146341463415
3,dyn_down,gen_low,20,0.4634146341463415,0.02439024390243899,0.4878048780487805
3,dyn_down,gen_low,21,0.4878048780487805,0.024390243902439046,0.5121951219512195
3,dyn_down,gen_low,22,0.5121951219512195,0.024390243902439046,0.5365853658536586
3,dyn_down,gen_low,23,0.5365853658536586,0.024390243902439046,0.5609756097560976
3,dyn_down,gen_low,24,0.5609756097560976,0.024390243902438935,0.5853658536585366
3,dyn_down,gen_low,25,0.5853658536585366,0.024390243902439046,0.6097560975609756
3,dyn_down,gen_low,26,0.6097560975609756,0.024390243902439046,0.6341463414634146
3,dyn_down,gen_low,27,0.6341463414634146,0.024390243902439046,0.6585365853658537
3,dyn_down,gen_low,28,0.6585365853658537,0.024390243902439046,0.6829268292682927
3,dyn_down,gen_low,29,0.6829268292682927,0.024390243902438935,0.7073170731707317
3,dyn_down,vul_low,1,0.0,0.0,0.0
3,dyn_down,vul_low,2,0.024390243902439025,0.024390243902439025,0.04878048780487805
3,dyn_down,vul_low,3,0.04878048780487805,0.02439024390243902,0.07317073170731707
3,dyn_down,vul_low,4,0.07317073170731707,0.024390243902439032,0.0975609756097561
3,dyn_down,vul_low,5,0.0975609756097561,0.02439024390243902,0.12195121951219512
3,dyn_down,vul_low,6,0.12195121951219512,0.02439024390243902,0.14634146341463414
3,dyn_down,vul_low,7,0.14634146341463414,0.024390243902439046,0.17073170731707318
3,dyn_down,vul_low,8,0.17073170731707318,0.02439024390243902,0.1951219512195122
3,dyn_down,vul_low,9,0.1951219512195122,0.02439024390243902,0.21951219512195122
3,dyn_down,vul_low,10,0.21951219512195122,0.02439024390243902,0.24390243902439024
3,dyn_down,vul_low,11,0.24390243902439024,0.024390243902439046,0.2682926829268293
3,dyn_down,vul_low,12,0.2682926829268293,0.02439024390243899,0.2926829268292683
3,dyn_down,vul_low,13,0.2926829268292683,0.024390243902439046,0.3170731707317073
3,dyn_down,vul_low,14,0.3170731707317073,0.024390243902439046,0.34146341463414637
3,dyn_down,vul_low,15,0.34146341463414637,0.02439024390243899,0.36585365853658536
3,dyn_down,vul_low,16,0.36585365853658536,0.024390243902439046,0.3902439024390244
3,dyn_down,vul_low,17,0.3902439024390244,0.02439024390243899,0.4146341463414634
3,dyn_down,vul_low,18,0.4146341463414634,0.024390243902439046,0.43902439024390244
3,dyn_down,vul_low,19,0.43902439024390244,0.024390243902439046,0.4634146341463415
3,dyn_down,vul_low,20,0.4634146341463415,0.02439024390243899,0.4878048780487805
3,dyn_down,vul_low,21,0.4878048780487805,0.024390243902439046,0.5121951219512195
3,dyn_down,vul_low,22,0.5121951219512195,0.024390243902439046,0.5365853658536586
3,dyn_down,vul_low,23,0.5365853658536586,0.024390243902439046,0.5609756097560976
3,dyn_down,vul_low,24,0.5609756097560976,0.024390243902438935,0.5853658536585366
3,dyn_down,vul_low,25,0.5853658536585366,0.024390243902439046,0.6097560975609756
3,dyn_down,vul_low,26,0.6097560975609756,0.024390243902439046,0.6341463414634146
3,dyn_down,vul_low,27,0.6341463414634146,0.024390243902439046,0.6585365853658537
3,dyn_down,vul_low,28,0.6585365853658537,0.024390243902439046,0.6829268292682927
3,dyn_down,vul_low,29,0.6829268292682927,0.024390243902438935,0.7073170731707317
3,dyn_down,rand_basal,1,0.0,0.0,0.0
3,dyn_down,rand_basal,2,0.024390243902439025,0.024390243902439025,0.04878048780487805
3,dyn_down,rand_basal,3,0.04878048780487805,0.02439024390243902,0.07317073170731707
3,dyn_down,rand_basal,4,0.07317073170731707,0.07317073170731707,0.14634146341463414
3,dyn_down,rand_basal,5,0.0975609756097561,0.07317073170731708,0.17073170731707318
3,dyn_down,rand_basal,6,0.12195121951219512,0.07317073170731708,0.1951219512195122
3,dyn_down,rand_basal,7,0.14634146341463414,0.07317073170731708,0.21951219512195122
3,dyn_down,rand_basal,8,0.17073170731707318,0.07317073170731705,0.24390243902439024
3,dyn_down,rand_basal,9,0.1951219512195122,0.07317073170731708,0.2682926829268293
3,dyn_down,rand_basal,10,0.21951219512195122,0.07317073170731705,0.2926829268292683
3,dyn_down,rand_basal,11,0.24390243902439024,0.07317073170731708,0.3170731707317073
3,dyn_down,rand_basal,12,0.2682926829268293,0.07317073170731708,0.34146341463414637
3,dyn_down,rand_basal,13,0.2926829268292683,0.07317073170731708,0.36585365853658536
3,dyn_down,rand_consumer,1,0.0,0.0,0.0
3,dyn_down,rand_consumer,2,0.024390243902439025,0.024390243902439025,0.04878048780487805
3,dyn_down,rand_consumer,3,0.04878048780487805,0.02439024390243902,0.07317073170731707
3,dyn_down,rand_consumer,4,0.07317073170731707,0.024390243902439032,0.0975609756097561
3,dyn_down,rand_consumer,5,0.0975609756097561,0.02439024390243902,0.12195121951219512
3,dyn_down,rand_consumer,6,0.12195121951219512,0.02439024390243902,0.14634146341463414
3,dyn_down,rand_consumer,7,0.14634146341463414,0.024390243902439046,0.17073170731707318
3,dyn_down,rand_consumer,8,0.17073170731707318,0.02439024390243902,0.1951219512195122
3,dyn_down,rand_consumer,9,0.1951219512195122,0.02439024390243902,0.21951219512195122
3,dyn_down,rand_consumer,10,0.21951219512195122,0.02439024390243902,0.24390243902439024
3,dyn_down,rand_consumer,11,0.24390243902439024,0.024390243902439046,0.2682926829268293
3,dyn_down,rand_consumer,12,0.2682926829268293,0.02439024390243899,0.2926829268292683
3,dyn_down,rand_consumer,13,0.2926829268292683,0.024390243902439046,0.3170731707317073
3,dyn_down,rand_consumer,14,0.3170731707317073,0.024390243902439046,0.34146341463414637
3,dyn_down,rand_consumer,15,0.34146341463414637,0.02439024390243899,0.36585365853658536
3,dyn_down,rand_consumer,16,0.36585365853658536,0.04878048780487804,0.4146341463414634
3,dyn_down,rand_consumer,17,0.3902439024390244,0.04878048780487804,0.43902439024390244
3,dyn_down,rand_consumer,18,0.4146341463414634,0.04878048780487809,0.4634146341463415
3,dyn_down,rand_consumer,19,0.43902439024390244,0.04878048780487804,0.4878048780487805
3,dyn_down,rand_consumer,20,0.4634146341463415,0.04878048780487804,0.5121951219512195
3,dyn_down,rand_consumer,21,0.4878048780487805,0.04878048780487809,0.5365853658536586
3,dyn_down,rand_consumer,22,0.5121951219512195,0.04878048780487809,0.5609756097560976
3,dyn_down,rand_consumer,23,0.5365853658536586,0.04878048780487798,0.5853658536585366
3,dyn_down,rand_consumer,24,0.5609756097560976,0.04878048780487798,0.6097560975609756
3,dyn_down,rand_consumer,25,0.5853658536585366,0.04878048780487809,0.6341463414634146
3,dyn_down,rand_consumer,26,0.6097560975609756,0.04878048780487809,0.6585365853658537
3,dyn_down,rand_consumer,27,0.6341463414634146,0.04878048780487809,0.6829268292682927
3,dyn_down,rand_consumer,28,0.6585365853658537,0.04878048780487798,0.7073170731707317
3,dyn_down,bm_high,1,0.0,0.0,0.0
3,dyn_down,bm_high,2,0.024390243902439025,0.024390243902439025,0.04878048780487805
3,dyn_down,bm_high,3,0.04878048780487805,0.02439024390243902,0.07317073170731707
3,dyn_down,bm_high,4,0.07317073170731707,0.024390243902439032,0.0975609756097561
3,dyn_down,bm_high,5,0.0975609756097561,0.02439024390243902,0.12195121951219512
3,dyn_down,bm_high,6,0.12195121951219512,0.02439024390243902,0.14634146341463414
3,dyn_down,bm_high,7,0.14634146341463414,0.024390243902439046,0.17073170731707318
3,dyn_down,bm_high,8,0.17073170731707318,0.02439024390243902,0.1951219512195122
3,dyn_down,bm_high,9,0.1951219512195122,0.02439024390243902,0.21951219512195122
3,dyn_down,bm_high,10,0.21951219512195122,0.02439024390243902,0.24390243902439024
3,dyn_down,bm_high,11,0.24390243902439024,0.024390243902439046,0.2682926829268293
3,dyn_down,bm_high,12,0.2682926829268293,0.02439024390243899,0.2926829268292683
3,dyn_down,bm_high,13,0.2926829268292683,0.024390243902439046,0.3170731707317073
3,dyn_down,bm_high,14,0.3170731707317073,0.024390243902439046,0.34146341463414637
3,dyn_down,bm_high,15,0.34146341463414637,0.02439024390243899,0.36585365853658536
3,dyn_down,bm_high,16,0.36585365853658536,0.04878048780487804,0.4146341463414634
3,dyn_down,bm_high,17,0.3902439024390244,0.04878048780487804,0.43902439024390244
3,dyn_down,bm_high,18,0.4146341463414634,0.07317073170731708,0.4878048780487805
3,dyn_down,bm_high,19,0.43902439024390244,0.07317073170731708,0.5121951219512195
3,dyn_down,bm_high,20,0.4634146341463415,0.07317073170731708,0.5365853658536586
3,dyn_down,bm_high,21,0.4878048780487805,0.07317073170731714,0.5609756097560976
3,dyn_down,bm_high,22,0.5121951219512195,0.07317073170731703,0.5853658536585366
3,dyn_down,bm_high,23,0.5365853658536586,0.07317073170731703,0.6097560975609756
3,dyn_down,bm_high,24,0.5609756097560976,0.07317073170731703,0.6341463414634146
3,dyn_down,bm_high,25,0.5853658536585366,0.07317073170731714,0.6585365853658537
3,dyn_down,bm_high,26,0.6097560975609756,0.07317073170731714,0.6829268292682927
3,dyn_down,bm_high,27,0.6341463414634146,0.07317073170731703,0.7073170731707317
3,dyn_down,gen_high,1,0.0,0.0,0.0
3,dyn_down,gen_high,2,0.024390243902439025,0.024390243902439025,0.04878048780487805
3,dyn_down,gen_high,3,0.04878048780487805,0.02439024390243902,0.07317073170731707
3,dyn_down,gen_high,4,0.07317073170731707,0.024390243902439032,0.0975609756097561
3,dyn_down,gen_high,5,0.0975609756097561,0.02439024390243902,0.12195121951219512
3,dyn_down,gen_high,6,0.12195121951219512,0.048780487804878064,0.17073170731707318
3,dyn_down,gen_high,7,0.14634146341463414,0.048780487804878064,0.1951219512195122
3,dyn_down,gen_high,8,0.17073170731707318,0.04878048780487804,0.21951219512195122
3,dyn_down,gen_high,9,0.1951219512195122,0.04878048780487804,0.24390243902439024
3,dyn_down,gen_high,10,0.21951219512195122,0.048780487804878064,0.2682926829268293
3,dyn_down,gen_high,11,0.24390243902439024,0.04878048780487804,0.2926829268292683
3,dyn_down,gen_high,12,0.2682926829268293,0.04878048780487804,0.3170731707317073
3,dyn_down,gen_high,13,0.2926829268292683,0.04878048780487809,0.34146341463414637
3,dyn_down,gen_high,14,0.3170731707317073,0.04878048780487804,0.36585365853658536
3,dyn_down,gen_high,15,0.34146341463414637,0.04878048780487804,0.3902439024390244
3,dyn_down,gen_high,16,0.36585365853658536,0.04878048780487804,0.4146341463414634
3,dyn_down,gen_high,17,0.3902439024390244,0.04878048780487804,0.43902439024390244
3,dyn_down,gen_high,18,0.4146341463414634,0.04878048780487809,0.4634146341463415
3,dyn_down,gen_high,19,0.43902439024390244,0.04878048780487804,0.4878048780487805
3,dyn_down,gen_high,20,0.4634146341463415,0.04878048780487804,0.5121951219512195
3,dyn_down,gen_high,21,0.4878048780487805,0.04878048780487809,0.5365853658536586
3,dyn_down,gen_high,22,0.5121951219512195,0.04878048780487809,0.5609756097560976
3,dyn_down,gen_high,23,0.5365853658536586,0.04878048780487798,0.5853658536585366
3,dyn_down,gen_high,24,0.5609756097560976,0.04878048780487798,0.6097560975609756
3,dyn_down,gen_high,25,0.5853658536585366,0.04878048780487809,0.6341463414634146
3,dyn_down,gen_high,26,0.6097560975609756,0.04878048780487809,0.6585365853658537
3,dyn_down,gen_high,27,0.6341463414634146,0.04878048780487809,0.6829268292682927
3,dyn_down,gen_high,28,0.6585365853658537,0.04878048780487798,0.7073170731707317
3,dyn_down,degree_high,1,0.0,0.0,0.0
3,dyn_down,degree_high,2,0.024390243902439025,0.024390243902439025,0.04878048780487805
3,dyn_down,degree_high,3,0.04878048780487805,0.02439024390243902,0.07317073170731707
3,dyn_down,degree_high,4,0.07317073170731707,0.024390243902439032,0.0975609756097561
3,dyn_down,degree_high,5,0.0975609756097561,0.02439024390243902,0.12195121951219512
3,dyn_down,degree_high,6,0.12195121951219512,0.02439024390243902,0.14634146341463414
3,dyn_down,degree_high,7,0.14634146341463414,0.024390243902439046,0.17073170731707318
3,dyn_down,degree_high,8,0.17073170731707318,0.02439024390243902,0.1951219512195122
3,dyn_down,degree_high,9,0.1951219512195122,0.02439024390243902,0.21951219512195122
3,dyn_down,degree_high,10,0.21951219512195122,0.02439024390243902,0.24390243902439024
3,dyn_down,degree_high,11,0.24390243902439024,0.024390243902439046,0.2682926829268293
3,dyn_down,degree_high,12,0.2682926829268293,0.02439024390243899,0.2926829268292683
3,dyn_down,degree_high,13,0.2926829268292683,0.024390243902439046,0.3170731707317073
3,dyn_down,degree_high,14,0.3170731707317073,0.024390243902439046,0.34146341463414637
3,dyn_down,degree_high,15,0.34146341463414637,0.02439024390243899,0.36585365853658536
3,dyn_down,degree_high,16,0.36585365853658536,0.024390243902439046,0.3902439024390244
3,dyn_down,degree_high,17,0.3902439024390244,0.02439024390243899,0.4146341463414634
3,dyn_down,degree_high,18,0.4146341463414634,0.024390243902439046,0.43902439024390244
3,dyn_down,degree_high,19,0.43902439024390244,0.024390243902439046,0.4634146341463415
3,dyn_down,degree_high,20,0.4634146341463415,0.02439024390243899,0.4878048780487805
3,dyn_down,degree_high,21,0.4878048780487805,0.024390243902439046,0.5121951219512195
3,dyn_down,degree_high,22,0.5121951219512195,0.024390243902439046,0.5365853658536586
3,dyn_down,degree_high,23,0.5365853658536586,0.024390243902439046,0.5609756097560976
3,dyn_down,degree_high,24,0.5609756097560976,0.024390243902438935,0.5853658536585366
3,dyn_down,degree_high,25,0.5853658536585366,0.024390243902439046,0.6097560975609756
3,dyn_down,degree_high,26,0.6097560975609756,0.024390243902439046,0.6341463414634146
3,dyn_down,degree_high,27,0.6341463414634146,0.024390243902439046,0.6585365853658537
3,dyn_down,degree_high,28,0.6585365853658537,0.024390243902439046,0.6829268292682927
3,dyn_down,degree_high,29,0.6829268292682927,0.024390243902438935,0.7073170731707317
3,dyn_down,degree_low,1,0.0,0.0,0.0
3,dyn_down,degree_low,2,0.024390243902439025,0.024390243902439025,0.04878048780487805
3,dyn_down,degree_low,3,0.04878048780487805,0.02439024390243902,0.07317073170731707
3,dyn_down,degree_low,4,0.07317073170731707,0.024390243902439032,0.0975609756097561
3,dyn_down,degree_low,5,0.0975609756097561,0.02439024390243902,0.12195121951219512
3,dyn_down,degree_low,6,0.12195121951219512,0.02439024390243902,0.14634146341463414
3,dyn_down,degree_low,7,0.14634146341463414,0.024390243902439046,0.17073170731707318
3,dyn_down,degree_low,8,0.17073170731707318,0.02439024390243902,0.1951219512195122
3,dyn_down,degree_low,9,0.1951219512195122,0.02439024390243902,0.21951219512195122
3,dyn_down,degree_low,10,0.21951219512195122,0.02439024390243902,0.24390243902439024
3,dyn_down,degree_low,11,0.24390243902439024,0.024390243902439046,0.2682926829268293
3,dyn_down,degree_low,12,0.2682926829268293,0.02439024390243899,0.2926829268292683
3,dyn_down,degree_low,13,0.2926829268292683,0.024390243902439046,0.3170731707317073
3,dyn_down,degree_low,14,0.3170731707317073,0.024390243902439046,0.34146341463414637
3,dyn_down,degree_low,15,0.34146341463414637,0.02439024390243899,0.36585365853658536
3,dyn_down,degree_low,16,0.36585365853658536,0.024390243902439046,0.3902439024390244
3,dyn_down,degree_low,17,0.3902439024390244,0.02439024390243899,0.4146341463414634
3,dyn_down,degree_low,18,0.4146341463414634,0.024390243902439046,0.43902439024390244
3,dyn_down,degree_low,19,0.43902439024390244,0.024390243902439046,0.4634146341463415
3,dyn_down,degree_low,20,0.4634146341463415,0.02439024390243899,0.4878048780487805
3,dyn_down,degree_low,21,0.4878048780487805,0.024390243902439046,0.5121951219512195
3,dyn_down,degree_low,22,0.5121951219512195,0.024390243902439046,0.5365853658536586
3,dyn_down,degree_low,23,0.5365853658536586,0.024390243902439046,0.5609756097560976
3,dyn_down,degree_low,24,0.5609756097560976,0.024390243902438935,0.5853658536585366
3,dyn_down,degree_low,25,0.5853658536585366,0.024390243902439046,0.6097560975609756
3,dyn_down,degree_low,26,0.6097560975609756,0.024390243902439046,0.6341463414634146
3,dyn_down,degree_low,27,0.6341463414634146,0.024390243902439046,0.6585365853658537
3,dyn_down,degree_low,28,0.6585365853658537,0.024390243902439046,0.6829268292682927
3,dyn_down,degree_low,29,0.6829268292682927,0.024390243902438935,0.7073170731707317
3,dyn_down,vul_high,1,0.0,0.0,0.0
3,dyn_down,vul_high,2,0.024390243902439025,0.024390243902439025,0.04878048780487805
3,dyn_down,vul_high,3,0.04878048780487805,0.02439024390243902,0.07317073170731707
3,dyn_down,vul_high,4,0.07317073170731707,0.024390243902439032,0.0975609756097561
3,dyn_down,vul_high,5,0.0975609756097561,0.02439024390243902,0.12195121951219512
3,dyn_down,vul_high,6,0.12195121951219512,0.02439024390243902,0.14634146341463414
3,dyn_down,vul_high,7,0.14634146341463414,0.024390243902439046,0.17073170731707318
3,dyn_down,vul_high,8,0.17073170731707318,0.02439024390243902,0.1951219512195122
3,dyn_down,vul_high,9,0.1951219512195122,0.02439024390243902,0.21951219512195122
3,dyn_down,vul_high,10,0.21951219512195122,0.02439024390243902,0.24390243902439024
3,dyn_down,vul_high,11,0.24390243902439024,0.024390243902439046,0.2682926829268293
3,dyn_down,vul_high,12,0.2682926829268293,0.02439024390243899,0.2926829268292683
3,dyn_down,vul_high,13,0.2926829268292683,0.024390243902439046,0.3170731707317073
3,dyn_down,vul_high,14,0.3170731707317073,0.024390243902439046,0.34146341463414637
3,dyn_down,vul_high,15,0.34146341463414637,0.02439024390243899,0.36585365853658536
3,dyn_down,vul_high,16,0.36585365853658536,0.024390243902439046,0.3902439024390244
3,dyn_down,vul_high,17,0.3902439024390244,0.02439024390243899,0.4146341463414634
3,dyn_down,vul_high,18,0.4146341463414634,0.024390243902439046,0.43902439024390244
3,dyn_down,vul_high,19,0.43902439024390244,0.024390243902439046,0.4634146341463415
3,dyn_down,vul_high,20,0.4634146341463415,0.02439024390243899,0.4878048780487805
3,dyn_down,vul_high,21,0.4878048780487805,0.024390243902439046,0.5121951219512195
3,dyn_down,vul_high,22,0.5121951219512195,0.024390243902439046,0.5365853658536586
3,dyn_down,vul_high,23,0.5365853658536586,0.024390243902439046,0.5609756097560976
3,dyn_down,vul_high,24,0.5609756097560976,0.024390243902438935,0.5853658536585366
3,dyn_down,vul_high,25,0.5853658536585366,0.024390243902439046,0.6097560975609756
3,dyn_down,vul_high,26,0.6097560975609756,0.024390243902439046,0.6341463414634146
3,dyn_down,vul_high,27,0.6341463414634146,0.024390243902439046,0.6585365853658537
3,dyn_down,vul_high,28,0.6585365853658537,0.024390243902439046,0.6829268292682927
3,dyn_down,vul_high,29,0.6829268292682927,0.024390243902438935,0.7073170731707317
3,dyn_down,bm_low,1,0.0,0.0,0.0
3,dyn_down,bm_low,2,0.024390243902439025,0.024390243902439025,0.04878048780487805
3,dyn_down,bm_low,3,0.04878048780487805,0.02439024390243902,0.07317073170731707
3,dyn_down,bm_low,4,0.07317073170731707,0.024390243902439032,0.0975609756097561
3,dyn_down,bm_low,5,0.0975609756097561,0.02439024390243902,0.12195121951219512
3,dyn_down,bm_low,6,0.12195121951219512,0.02439024390243902,0.14634146341463414
3,dyn_down,bm_low,7,0.14634146341463414,0.024390243902439046,0.17073170731707318
3,dyn_down,bm_low,8,0.17073170731707318,0.02439024390243902,0.1951219512195122
3,dyn_down,bm_low,9,0.1951219512195122,0.02439024390243902,0.21951219512195122
3,dyn_down,bm_low,10,0.21951219512195122,0.02439024390243902,0.24390243902439024
3,dyn_down,bm_low,11,0.24390243902439024,0.024390243902439046,0.2682926829268293
3,dyn_down,bm_low,12,0.2682926829268293,0.02439024390243899,0.2926829268292683
3,dyn_down,bm_low,13,0.2926829268292683,0.024390243902439046,0.3170731707317073
3,dyn_down,bm_low,14,0.3170731707317073,0.024390243902439046,0.34146341463414637
3,dyn_down,bm_low,15,0.34146341463414637,0.02439024390243899,0.36585365853658536
3,dyn_down,bm_low,16,0.36585365853658536,0.024390243902439046,0.3902439024390244
3,dyn_down,bm_low,17,0.3902439024390244,0.02439024390243899,0.4146341463414634
3,dyn_down,bm_low,18,0.4146341463414634,0.024390243902439046,0.43902439024390244
3,dyn_down,bm_low,19,0.43902439024390244,0.024390243902439046,0.4634146341463415
3,dyn_down,bm_low,20,0.4634146341463415,0.02439024390243899,0.4878048780487805
3,dyn_down,bm_low,21,0.4878048780487805,0.024390243902439046,0.5121951219512195
3,dyn_down,bm_low,22,0.5121951219512195,0.024390243902439046,0.5365853658536586
3,dyn_down,bm_low,23,0.5365853658536586,0.024390243902439046,0.5609756097560976
3,dyn_down,bm_low,24,0.5609756097560976,0.024390243902438935,0.5853658536585366
3,dyn_down,bm_low,25,0.5853658536585366,0.024390243902439046,0.6097560975609756
3,dyn_down,bm_low,26,0.6097560975609756,0.024390243902439046,0.6341463414634146
3,dyn_down,bm_low,27,0.6341463414634146,0.024390243902439046,0.6585365853658537
3,dyn_down,bm_low,28,0.6585365853658537,0.024390243902439046,0.6829268292682927
3,dyn_down,bm_low,29,0.6829268292682927,0.024390243902438935,0.7073170731707317
4,dyn_niche,gen_low,1,0.0,0.0,0.0
4,dyn_niche,gen_low,2,0.029411764705882353,0.5294117647058824,0.5588235294117647
4,dyn_niche,gen_low,3,0.058823529411764705,0.5294117647058824,0.5882352941176471
4,dyn_niche,gen_low,4,0.08823529411764706,0.5294117647058824,0.6176470588235294
4,dyn_niche,gen_low,5,0.11764705882352941,0.5294117647058824,0.6470588235294118
4,dyn_niche,gen_low,6,0.14705882352941177,0.5294117647058824,0.6764705882352942
4,dyn_niche,gen_low,7,0.17647058823529413,0.5294117647058824,0.7058823529411765
4,dyn_niche,gen_low,8,0.20588235294117646,0.5294117647058825,0.7352941176470589
4,dyn_niche,gen_low,9,0.23529411764705882,0.5294117647058822,0.7647058823529411
4,dyn_niche,gen_low,10,0.2647058823529412,0.5588235294117647,0.8235294117647058
4,dyn_niche,gen_low,11,0.29411764705882354,0.5588235294117647,0.8529411764705882
4,dyn_niche,gen_low,12,0.3235294117647059,0.588235294117647,0.9117647058823529
4,dyn_niche,vul_low,1,0.0,0.0,0.0
4,dyn_niche,vul_low,2,0.029411764705882353,0.5294117647058824,0.5588235294117647
4,dyn_niche,vul_low,3,0.058823529411764705,0.5882352941176471,0.6470588235294118
4,dyn_niche,vul_low,4,0.08823529411764706,0.5882352941176471,0.6764705882352942
4,dyn_niche,vul_low,5,0.11764705882352941,0.5882352941176471,0.7058823529411765
4,dyn_niche,vul_low,6,0.14705882352941177,0.6176470588235293,0.7647058823529411
4,dyn_niche,vul_low,7,0.17647058823529413,0.6470588235294117,0.8235294117647058
4,dyn_niche,vul_low,8,0.20588235294117646,0.6764705882352942,0.8823529411764706
4,dyn_niche,vul_low,9,0.23529411764705882,0.6764705882352942,0.9117647058823529
4,dyn_niche,rand_basal,1,0.0,0.0,0.0
4,dyn_niche,rand_basal,2,0.029411764705882353,0.6764705882352942,0.7058823529411765
4,dyn_niche,rand_basal,3,0.058823529411764705,0.7352941176470588,0.7941176470588235
4,dyn_niche,rand_basal,4,0.08823529411764706,0.7941176470588235,0.8823529411764706
4,dyn_niche,rand_consumer,1,0.0,0.0,0.0
4,dyn_niche,rand_consumer,2,0.029411764705882353,0.5882352941176471,0.6176470588235294
4,dyn_niche,rand_consumer,3,0.058823529411764705,0.5882352941176471,0.6470588235294118
4,dyn_niche,rand_consumer,4,0.08823529411764706,0.5882352941176471,0.6764705882352942
4,dyn_niche,rand_consumer,5,0.11764705882352941,0.6470588235294117,0.7647058823529411
4,dyn_niche,rand_consumer,6,0.14705882352941177,0.6470588235294117,0.7941176470588235
4,dyn_niche,rand_consumer,7,0.17647058823529413,0.6470588235294117,0.8235294117647058
4,dyn_niche,rand_consumer,8,0.20588235294117646,0.6470588235294117,0.8529411764705882
4,dyn_niche,rand_consumer,9,0.23529411764705882,0.6470588235294117,0.8823529411764706
4,dyn_niche,rand_consumer,10,0.2647058823529412,0.6470588235294117,0.9117647058823529
4,dyn_niche,bm_high,1,0.0,0.0,0.0
4,dyn_niche,bm_high,2,0.029411764705882353,0.5294117647058824,0.5588235294117647
4,dyn_niche,bm_high,3,0.058823529411764705,0.5882352941176471,0.6470588235294118
4,dyn_niche,bm_high,4,0.08823529411764706,0.5882352941176471,0.6764705882352942
4,dyn_niche,bm_high,5,0.11764705882352941,0.6470588235294117,0.7647058823529411
4,dyn_niche,bm_high,6,0.14705882352941177,0.6470588235294117,0.7941176470588235
4,dyn_niche,bm_high,7,0.17647058823529413,0.6470588235294117,0.8235294117647058
4,dyn_niche,bm_high,8,0.20588235294117646,0.6470588235294117,0.8529411764705882
4,dyn_niche,bm_high,9,0.23529411764705882,0.6470588235294117,0.8823529411764706
4,dyn_niche,bm_high,10,0.2647058823529412,0.6470588235294117,0.9117647058823529
4,dyn_niche,gen_high,1,0.0,0.0,0.0
4,dyn_niche,gen_high,2,0.029411764705882353,0.5294117647058824,0.5588235294117647
4,dyn_niche,gen_high,3,0.058823529411764705,0.5882352941176471,0.6470588235294118
4,dyn_niche,gen_high,4,0.08823529411764706,0.5882352941176471,0.6764705882352942
4,dyn_niche,gen_high,5,0.11764705882352941,0.5882352941176471,0.7058823529411765
4,dyn_niche,gen_high,6,0.14705882352941177,0.6470588235294117,0.7941176470588235
4,dyn_niche,gen_high,7,0.17647058823529413,0.6470588235294117,0.8235294117647058
4,dyn_niche,gen_high,8,0.20588235294117646,0.6470588235294117,0.8529411764705882
4,dyn_niche,gen_high,9,0.23529411764705882,0.6470588235294117,0.8823529411764706
4,dyn_niche,gen_high,10,0.2647058823529412,0.6470588235294117,0.9117647058823529
4,dyn_niche,degree_high,1,0.0,0.0,0.0
4,dyn_niche,degree_high,2,0.029411764705882353,0.5294117647058824,0.5588235294117647
4,dyn_niche,degree_high,3,0.058823529411764705,0.6176470588235294,0.6764705882352942
4,dyn_niche,degree_high,4,0.08823529411764706,0.676470588235294,0.7647058823529411
4,dyn_niche,degree_high,5,0.11764705882352941,0.676470588235294,0.7941176470588235
4,dyn_niche,degree_high,6,0.14705882352941177,0.676470588235294,0.8235294117647058
4,dyn_niche,degree_high,7,0.17647058823529413,0.676470588235294,0.8529411764705882
4,dyn_niche,degree_high,8,0.20588235294117646,0.6764705882352942,0.8823529411764706
4,dyn_niche,degree_high,9,0.23529411764705882,0.6764705882352942,0.9117647058823529
4,dyn_niche,degree_low,1,0.0,0.0,0.0
4,dyn_niche,degree_low,2,0.029411764705882353,0.6764705882352942,0.7058823529411765
4,dyn_niche,degree_low,3,0.058823529411764705,0.6764705882352942,0.7352941176470589
4,dyn_niche,degree_low,4,0.08823529411764706,0.676470588235294,0.7647058823529411
4,dyn_niche,degree_low,5,0.11764705882352941,0.676470588235294,0.7941176470588235
4,dyn_niche,degree_low,6,0.14705882352941177,0.676470588235294,0.8235294117647058
4,dyn_niche,degree_low,7,0.17647058823529413,0.676470588235294,0.8529411764705882
4,dyn_niche,degree_low,8,0.20588235294117646,0.6764705882352942,0.8823529411764706
4,dyn_niche,degree_low,9,0.23529411764705882,0.6764705882352942,0.9117647058823529
4,dyn_niche,vul_high,1,0.0,0.0,0.0
4,dyn_niche,vul_high,2,0.029411764705882353,0.5294117647058824,0.5588235294117647
4,dyn_niche,vul_high,3,0.058823529411764705,0.5294117647058824,0.5882352941176471
4,dyn_niche,vul_high,4,0.08823529411764706,0.5294117647058824,0.6176470588235294
4,dyn_niche,vul_high,5,0.11764705882352941,0.5588235294117647,0.6764705882352942
4,dyn_niche,vul_high,6,0.14705882352941177,0.6176470588235293,0.7647058823529411
4,dyn_niche,vul_high,7,0.17647058823529413,0.6176470588235293,0.7941176470588235
4,dyn_niche,vul_high,8,0.20588235294117646,0.6176470588235294,0.8235294117647058
4,dyn_niche,vul_high,9,0.23529411764705882,0.6176470588235294,0.8529411764705882
4,dyn_niche,vul_high,10,0.2647058823529412,0.6176470588235294,0.8823529411764706
4,dyn_niche,vul_high,11,0.29411764705882354,0.6176470588235294,0.9117647058823529
4,dyn_niche,bm_low,1,0.0,0.0,0.0
4,dyn_niche,bm_low,2,0.029411764705882353,0.5294117647058824,0.5588235294117647
4,dyn_niche,bm_low,3,0.058823529411764705,0.5882352941176471,0.6470588235294118
4,dyn_niche,bm_low,4,0.08823529411764706,0.5882352941176471,0.6764705882352942
4,dyn_niche,bm_low,5,0.11764705882352941,0.5882352941176471,0.7058823529411765
4,dyn_niche,bm_low,6,0.14705882352941177,0.5882352941176471,0.7352941176470589
4,dyn_niche,bm_low,7,0.17647058823529413,0.6176470588235293,0.7941176470588235
4,dyn_niche,bm_low,8,0.20588235294117646,0.6176470588235294,0.8235294117647058
4,dyn_niche,bm_low,9,0.23529411764705882,0.6470588235294117,0.8823529411764706
4,dyn_niche,bm_low,10,0.2647058823529412,0.6470588235294117,0.9117647058823529
4,dyn_down_size,gen_low,1,0.0,0.0,0.0
4,dyn_down_size,gen_low,2,0.027777777777777776,0.0,0.027777777777777776
4,dyn_down_size,gen_low,3,0.05555555555555555,0.0,0.05555555555555555
4,dyn_down_size,gen_low,4,0.08333333333333333,0.0,0.08333333333333333
4,dyn_down_size,gen_low,5,0.1111111111111111,0.0,0.1111111111111111
4,dyn_down_size,gen_low,6,0.1388888888888889,0.0,0.1388888888888889
4,dyn_down_size,gen_low,7,0.16666666666666666,0.0,0.16666666666666666
4,dyn_down_size,gen_low,8,0.19444444444444445,0.0,0.19444444444444445
4,dyn_down_size,gen_low,9,0.2222222222222222,0.0,0.2222222222222222
4,dyn_down_size,gen_low,10,0.25,0.0,0.25
4,dyn_down_size,gen_low,11,0.2777777777777778,0.0,0.2777777777777778
4,dyn_down_size,gen_low,12,0.3055555555555556,0.0,0.3055555555555556
4,dyn_down_size,vul_low,1,0.0,0.0,0.0
4,dyn_down_size,vul_low,2,0.027777777777777776,0.0,0.027777777777777776
4,dyn_down_size,vul_low,3,0.05555555555555555,0.0,0.05555555555555555
4,dyn_down_size,vul_low,4,0.08333333333333333,0.0,0.08333333333333333
4,dyn_down_size,vul_low,5,0.1111111111111111,0.0,0.1111111111111111
4,dyn_down_size,vul_low,6,0.1388888888888889,0.0,0.1388888888888889
4,dyn_down_size,vul_low,7,0.16666666666666666,0.0,0.16666666666666666
4,dyn_down_size,vul_low,8,0.19444444444444445,0.0,0.19444444444444445
4,dyn_down_size,vul_low,9,0.2222222222222222,0.0,0.2222222222222222
4,dyn_down_size,vul_low,10,0.25,0.0,0.25
4,dyn_down_size,vul_low,11,0.2777777777777778,0.0,0.2777777777777778
4,dyn_down_size,vul_low,12,0.3055555555555556,0.0,0.3055555555555556
4,dyn_down_size,rand_basal,1,0.0,0.0,0.0
4,dyn_down_size,rand_basal,2,0.027777777777777776,0.0,0.027777777777777776
4,dyn_down_size,rand_basal,3,0.05555555555555555,0.0,0.05555555555555555
4,dyn_down_size,rand_basal,4,0.08333333333333333,0.0,0.08333333333333333
4,dyn_down_size,rand_basal,5,0.1111111111111111,0.0,0.1111111111111111
4,dyn_down_size,rand_basal,6,0.1388888888888889,0.0,0.1388888888888889
4,dyn_down_size,rand_basal,7,0.16666666666666666,0.0,0.16666666666666666
4,dyn_down_size,rand_basal,8,0.19444444444444445,0.0,0.19444444444444445
4,dyn_down_size,rand_basal,9,0.2222222222222222,0.0,0.2222222222222222
4,dyn_down_size,rand_basal,10,0.25,0.0,0.25
4,dyn_down_size,rand_basal,11,0.2777777777777778,0.0,0.2777777777777778
4,dyn_down_size,rand_basal,12,0.3055555555555556,0.0,0.3055555555555556
4,dyn_down_size,rand_basal,13,0.3333333333333333,0.0,0.3333333333333333
4,dyn_down_size,rand_basal,14,0.3611111111111111,0.0,0.3611111111111111
4,dyn_down_size,rand_basal,15,0.3888888888888889,0.0,0.3888888888888889
4,dyn_down_size,rand_basal,16,0.4166666666666667,0.0,0.4166666666666667
4,dyn_down_size,rand_basal,17,0.4444444444444444,0.0,0.4444444444444444
4,dyn_down_size,rand_basal,18,0.4722222222222222,0.0,0.4722222222222222
4,dyn_down_size,rand_basal,19,0.5,0.0,0.5
4,dyn_down_size,rand_basal,20,0.5277777777777778,0.0,0.5277777777777778
4,dyn_down_size,rand_basal,21,0.5555555555555556,0.0,0.5555555555555556
4,dyn_down_size,rand_basal,22,0.5833333333333334,0.0,0.5833333333333334
4,dyn_down_size,rand_basal,23,0.6111111111111112,0.0,0.6111111111111112
4,dyn_down_size,rand_basal,24,0.6388888888888888,0.0,0.6388888888888888
4,dyn_down_size,rand_basal,25,0.6666666666666666,0.08333333333333337,0.75
4,dyn_down_size,rand_basal,26,0.6944444444444444,0.25,0.9444444444444444
4,dyn_down_size,rand_consumer,1,0.0,0.0,0.0
4,dyn_down_size,rand_consumer,2,0.027777777777777776,0.0,0.027777777777777776
4,dyn_down_size,rand_consumer,3,0.05555555555555555,0.0,0.05555555555555555
4,dyn_down_size,rand_consumer,4,0.08333333333333333,0.0,0.08333333333333333
4,dyn_down_size,rand_consumer,5,0.1111111111111111,0.0,0.1111111111111111
4,dyn_down_size,rand_consumer,6,0.1388888888888889,0.0,0.1388888888888889
4,dyn_down_size,rand_consumer,7,0.16666666666666666,0.0,0.16666666666666666
4,dyn_down_size,rand_consumer,8,0.19444444444444445,0.0,0.19444444444444445
4,dyn_down_size,rand_consumer,9,0.2222222222222222,0.0,0.2222222222222222
4,dyn_down_size,rand_consumer,10,0.25,0.0,0.25
4,dyn_down_size,rand_consumer,11,0.2777777777777778,0.0,0.2777777777777778
4,dyn_down_size,rand_consumer,12,0.3055555555555556,0.0,0.3055555555555556
4,dyn_down_size,bm_high,1,0.0,0.0,0.0
4,dyn_down_size,bm_high,2,0.027777777777777776,0.0,0.027777777777777776
4,dyn_down_size,bm_high,3,0.05555555555555555,0.0,0.05555555555555555
4,dyn_down_size,bm_high,4,0.08333333333333333,0.0,0.08333333333333333
4,dyn_down_size,bm_high,5,0.1111111111111111,0.0,0.1111111111111111
4,dyn_down_size,bm_high,6,0.1388888888888889,0.0,0.1388888888888889
4,dyn_down_size,bm_high,7,0.16666666666666666,0.0,0.16666666666666666
4,dyn_down_size,bm_high,8,0.19444444444444445,0.0,0.19444444444444445
4,dyn_down_size,bm_high,9,0.2222222222222222,0.0,0.2222222222222222
4,dyn_down_size,bm_high,10,0.25,0.0,0.25
4,dyn_down_size,bm_high,11,0.2777777777777778,0.0,0.2777777777777778
4,dyn_down_size,bm_high,12,0.3055555555555556,0.0,0.3055555555555556
4,dyn_down_size,gen_high,1,0.0,0.0,0.0
4,dyn_down_size,gen_high,2,0.027777777777777776,0.0,0.027777777777777776
4,dyn_down_size,gen_high,3,0.05555555555555555,0.0,0.05555555555555555
4,dyn_down_size,gen_high,4,0.08333333333333333,0.0,0.08333333333333333
4,dyn_down_size,gen_high,5,0.1111111111111111,0.0,0.1111111111111111
4,dyn_down_size,gen_high,6,0.1388888888888889,0.0,0.1388888888888889
4,dyn_down_size,gen_high,7,0.16666666666666666,0.0,0.16666666666666666
4,dyn_down_size,gen_high,8,0.19444444444444445,0.0,0.19444444444444445
4,dyn_down_size,gen_high,9,0.2222222222222222,0.0,0.2222222222222222
4,dyn_down_size,gen_high,10,0.25,0.0,0.25
4,dyn_down_size,gen_high,11,0.2777777777777778,0.0,0.2777777777777778
4,dyn_down_size,gen_high,12,0.3055555555555556,0.0,0.3055555555555556
4,dyn_down_size,degree_high,1,0.0,0.0,0.0
4,dyn_down_size,degree_high,2,0.027777777777777776,0.0,0.027777777777777776
4,dyn_down_size,degree_high,3,0.05555555555555555,0.0,0.05555555555555555
4,dyn_down_size,degree_high,4,0.08333333333333333,0.0,0.08333333333333333
4,dyn_down_size,degree_high,5,0.1111111111111111,0.0,0.1111111111111111
4,dyn_down_size,degree_high,6,0.1388888888888889,0.0,0.1388888888888889
4,dyn_down_size,degree_high,7,0.16666666666666666,0.0,0.16666666666666666
4,dyn_down_size,degree_high,8,0.19444444444444445,0.0,0.19444444444444445
4,dyn_down_size,degree_high,9,0.2222222222222222,0.0,0.2222222222222222
4,dyn_down_size,degree_high,10,0.25,0.0,0.25
4,dyn_down_size,degree_high,11,0.2777777777777778,0.0,0.2777777777777778
4,dyn_down_size,degree_high,12,0.3055555555555556,0.0,0.3055555555555556
4,dyn_down_size,degree_low,1,0.0,0.0,0.0
4,dyn_down_size,degree_low,2,0.027777777777777776,0.0,0.027777777777777776
4,dyn_down_size,degree_low,3,0.05555555555555555,0.0,0.05555555555555555
4,dyn_down_size,degree_low,4,0.08333333333333333,0.0,0.08333333333333333
4,dyn_down_size,degree_low,5,0.1111111111111111,0.0,0.1111111111111111
4,dyn_down_size,degree_low,6,0.1388888888888889,0.0,0.1388888888888889
4,dyn_down_size,degree_low,7,0.16666666666666666,0.0,0.16666666666666666
4,dyn_down_size,degree_low,8,0.19444444444444445,0.0,0.19444444444444445
4,dyn_down_size,degree_low,9,0.2222222222222222,0.0,0.2222222222222222
4,dyn_down_size,degree_low,10,0.25,0.0,0.25
4,dyn_down_size,degree_low,11,0.2777777777777778,0.0,0.2777777777777778
4,dyn_down_size,degree_low,12,0.3055555555555556,0.0,0.3055555555555556
4,dyn_down_size,vul_high,1,0.0,0.0,0.0
4,dyn_down_size,vul_high,2,0.027777777777777776,0.0,0.027777777777777776
4,dyn_down_size,vul_high,3,0.05555555555555555,0.0,0.05555555555555555
4,dyn_down_size,vul_high,4,0.08333333333333333,0.0,0.08333333333333333
4,dyn_down_size,vul_high,5,0.1111111111111111,0.0,0.1111111111111111
4,dyn_down_size,vul_high,6,0.1388888888888889,0.0,0.1388888888888889
4,dyn_down_size,vul_high,7,0.16666666666666666,0.0,0.16666666666666666
4,dyn_down_size,vul_high,8,0.19444444444444445,0.0,0.19444444444444445
4,dyn_down_size,vul_high,9,0.2222222222222222,0.0,0.2222222222222222
4,dyn_down_size,vul_high,10,0.25,0.0,0.25
4,dyn_down_size,vul_high,11,0.2777777777777778,0.0,0.2777777777777778
4,dyn_down_size,vul_high,12,0.3055555555555556,0.0,0.3055555555555556
4,dyn_down_size,bm_low,1,0.0,0.0,0.0
4,dyn_down_size,bm_low,2,0.027777777777777776,0.0,0.027777777777777776
4,dyn_down_size,bm_low,3,0.05555555555555555,0.0,0.05555555555555555
4,dyn_down_size,bm_low,4,0.08333333333333333,0.0,0.08333333333333333
4,dyn_down_size,bm_low,5,0.1111111111111111,0.0,0.1111111111111111
4,dyn_down_size,bm_low,6,0.1388888888888889,0.0,0.1388888888888889
4,dyn_down_size,bm_low,7,0.16666666666666666,0.0,0.16666666666666666
4,dyn_down_size,bm_low,8,0.19444444444444445,0.0,0.19444444444444445
4,dyn_down_size,bm_low,9,0.2222222222222222,0.0,0.2222222222222222
4,dyn_down_size,bm_low,10,0.25,0.0,0.25
4,dyn_down_size,bm_low,11,0.2777777777777778,0.0,0.2777777777777778
4,dyn_down_size,bm_low,12,0.3055555555555556,0.0,0.3055555555555556
4,dyn_down,gen_low,1,0.0,0.0,0.0
4,dyn_down,gen_low,2,0.024390243902439025,0.024390243902439025,0.04878048780487805
4,dyn_down,gen_low,3,0.04878048780487805,0.02439024390243902,0.07317073170731707
4,dyn_down,gen_low,4,0.07317073170731707,0.024390243902439032,0.0975609756097561
4,dyn_down,gen_low,5,0.0975609756097561,0.02439024390243902,0.12195121951219512
4,dyn_down,gen_low,6,0.12195121951219512,0.02439024390243902,0.14634146341463414
4,dyn_down,gen_low,7,0.14634146341463414,0.024390243902439046,0.17073170731707318
4,dyn_down,gen_low,8,0.17073170731707318,0.02439024390243902,0.1951219512195122
4,dyn_down,gen_low,9,0.1951219512195122,0.02439024390243902,0.21951219512195122
4,dyn_down,gen_low,10,0.21951219512195122,0.02439024390243902,0.24390243902439024
4,dyn_down,gen_low,11,0.24390243902439024,0.024390243902439046,0.2682926829268293
4,dyn_down,gen_low,12,0.2682926829268293,0.02439024390243899,0.2926829268292683
4,dyn_down,gen_low,13,0.2926829268292683,0.024390243902439046,0.3170731707317073
4,dyn_down,gen_low,14,0.3170731707317073,0.024390243902439046,0.34146341463414637
4,dyn_down,gen_low,15,0.34146341463414637,0.02439024390243899,0.36585365853658536
4,dyn_down,gen_low,16,0.36585365853658536,0.04878048780487804,0.4146341463414634
4,dyn_down,gen_low,17,0.3902439024390244,0.04878048780487804,0.43902439024390244
4,dyn_down,gen_low,18,0.4146341463414634,0.04878048780487809,0.4634146341463415
4,dyn_down,gen_low,19,0.43902439024390244,0.04878048780487804,0.4878048780487805
4,dyn_down,gen_low,20,0.4634146341463415,0.04878048780487804,0.5121951219512195
4,dyn_down,gen_low,21,0.4878048780487805,0.04878048780487809,0.5365853658536586
4,dyn_down,gen_low,22,0.5121951219512195,0.04878048780487809,0.5609756097560976
4,dyn_down,gen_low,23,0.5365853658536586,0.04878048780487798,0.5853658536585366
4,dyn_down,gen_low,24,0.5609756097560976,0.04878048780487798,0.6097560975609756
4,dyn_down,gen_low,25,0.5853658536585366,0.04878048780487809,0.6341463414634146
4,dyn_down,gen_low,26,0.6097560975609756,0.04878048780487809,0.6585365853658537
4,dyn_down,vul_low,1,0.0,0.0,0.0
4,dyn_down,vul_low,2,0.024390243902439025,0.024390243902439025,0.04878048780487805
4,dyn_down,vul_low,3,0.04878048780487805,0.02439024390243902,0.07317073170731707
4,dyn_down,vul_low,4,0.07317073170731707,0.024390243902439032,0.0975609756097561
4,dyn_down,vul_low,5,0.0975609756097561,0.02439024390243902,0.12195121951219512
4,dyn_down,vul_low,6,0.12195121951219512,0.02439024390243902,0.14634146341463414
4,dyn_down,vul_low,7,0.14634146341463414,0.024390243902439046,0.17073170731707318
4,dyn_down,vul_low,8,0.17073170731707318,0.02439024390243902,0.1951219512195122
4,dyn_down,vul_low,9,0.1951219512195122,0.02439024390243902,0.21951219512195122
4,dyn_down,vul_low,10,0.21951219512195122,0.02439024390243902,0.24390243902439024
4,dyn_down,vul_low,11,0.24390243902439024,0.024390243902439046,0.2682926829268293
4,dyn_down,vul_low,12,0.2682926829268293,0.02439024390243899,0.2926829268292683
4,dyn_down,vul_low,13,0.2926829268292683,0.024390243902439046,0.3170731707317073
4,dyn_down,vul_low,14,0.3170731707317073,0.024390243902439046,0.34146341463414637
4,dyn_down,vul_low,15,0.34146341463414637,0.02439024390243899,0.36585365853658536
4,dyn_down,vul_low,16,0.36585365853658536,0.024390243902439046,0.3902439024390244
4,dyn_down,vul_low,17,0.3902439024390244,0.02439024390243899,0.4146341463414634
4,dyn_down,vul_low,18,0.4146341463414634,0.024390243902439046,0.43902439024390244
4,dyn_down,vul_low,19,0.43902439024390244,0.024390243902439046,0.4634146341463415
4,dyn_down,vul_low,20,0.4634146341463415,0.02439024390243899,0.4878048780487805
4,dyn_down,vul_low,21,0.4878048780487805,0.024390243902439046,0.5121951219512195
4,dyn_down,vul_low,22,0.5121951219512195,0.024390243902439046,0.5365853658536586
4,dyn_down,vul_low,23,0.5365853658536586,0.024390243902439046,0.5609756097560976
4,dyn_down,vul_low,24,0.5609756097560976,0.024390243902438935,0.5853658536585366
4,dyn_down,vul_low,25,0.5853658536585366,0.024390243902439046,0.6097560975609756
4,dyn_down,vul_low,26,0.6097560975609756,0.024390243902439046,0.6341463414634146
4,dyn_down,vul_low,27,0.6341463414634146,0.024390243902439046,0.6585365853658537
4,dyn_down,rand_basal,1,0.0,0.0,0.0
4,dyn_down,rand_basal,2,0.024390243902439025,0.024390243902439025,0.04878048780487805
4,dyn_down,rand_basal,3,0.04878048780487805,0.04878048780487805,0.0975609756097561
4,dyn_down,rand_basal,4,0.07317073170731707,0.04878048780487805,0.12195121951219512
4,dyn_down,rand_basal,5,0.0975609756097561,0.04878048780487804,0.14634146341463414
4,dyn_down,rand_basal,6,0.12195121951219512,0.048780487804878064,0.17073170731707318
4,dyn_down,rand_basal,7,0.14634146341463414,0.048780487804878064,0.1951219512195122
4,dyn_down,rand_basal,8,0.17073170731707318,0.04878048780487804,0.21951219512195122
4,dyn_down,rand_basal,9,0.1951219512195122,0.04878048780487804,0.24390243902439024
4,dyn_down,rand_basal,10,0.21951219512195122,0.048780487804878064,0.2682926829268293
4,dyn_down,rand_basal,11,0.24390243902439024,0.04878048780487804,0.2926829268292683
4,dyn_down,rand_basal,12,0.2682926829268293,0.04878048780487804,0.3170731707317073
4,dyn_down,rand_basal,13,0.2926829268292683,0.04878048780487809,0.34146341463414637
4,dyn_down,rand_basal,14,0.3170731707317073,0.04878048780487804,0.36585365853658536
4,dyn_down,rand_basal,15,0.34146341463414637,0.04878048780487804,0.3902439024390244
4,dyn_down,rand_consumer,1,0.0,0.0,0.0
4,dyn_down,rand_consumer,2,0.024390243902439025,0.024390243902439025,0.04878048780487805
4,dyn_down,rand_consumer,3,0.04878048780487805,0.02439024390243902,0.07317073170731707
4,dyn_down,rand_consumer,4,0.07317073170731707,0.024390243902439032,0.0975609756097561
4,dyn_down,rand_consumer,5,0.0975609756097561,0.02439024390243902,0.12195121951219512
4,dyn_down,rand_consumer,6,0.12195121951219512,0.02439024390243902,0.14634146341463414
4,dyn_down,rand_consumer,7,0.14634146341463414,0.024390243902439046,0.17073170731707318
4,dyn_down,rand_consumer,8,0.17073170731707318,0.02439024390243902,0.1951219512195122
4,dyn_down,rand_consumer,9,0.1951219512195122,0.02439024390243902,0.21951219512195122
4,dyn_down,rand_consumer,10,0.21951219512195122,0.02439024390243902,0.24390243902439024
4,dyn_down,rand_consumer,11,0.24390243902439024,0.024390243902439046,0.2682926829268293
4,dyn_down,rand_consumer,12,0.2682926829268293,0.02439024390243899,0.2926829268292683
4,dyn_down,rand_consumer,13,0.2926829268292683,0.024390243902439046,0.3170731707317073
4,dyn_down,rand_consumer,14,0.3170731707317073,0.024390243902439046,0.34146341463414637
4,dyn_down,rand_consumer,15,0.34146341463414637,0.02439024390243899,0.36585365853658536
4,dyn_down,rand_consumer,16,0.36585365853658536,0.024390243902439046,0.3902439024390244
4,dyn_down,rand_consumer,17,0.3902439024390244,0.02439024390243899,0.4146341463414634
4,dyn_down,rand_consumer,18,0.4146341463414634,0.024390243902439046,0.43902439024390244
4,dyn_down,rand_consumer,19,0.43902439024390244,0.024390243902439046,0.4634146341463415
4,dyn_down,rand_consumer,20,0.4634146341463415,0.02439024390243899,0.4878048780487805
4,dyn_down,rand_consumer,21,0.4878048780487805,0.024390243902439046,0.5121951219512195
4,dyn_down,rand_consumer,22,0.5121951219512195,0.024390243902439046,0.5365853658536586
4,dyn_down,rand_consumer,23,0.5365853658536586,0.024390243902439046,0.5609756097560976
4,dyn_down,rand_consumer,24,0.5609756097560976,0.024390243902438935,0.5853658536585366
4,dyn_down,rand_consumer,25,0.5853658536585366,0.024390243902439046,0.6097560975609756
4,dyn_down,rand_consumer,26,0.6097560975609756,0.024390243902439046,0.6341463414634146
4,dyn_down,rand_consumer,27,0.6341463414634146,0.024390243902439046,0.6585365853658537
4,dyn_down,bm_high,1,0.0,0.0,0.0
4,dyn_down,bm_high,2,0.024390243902439025,0.024390243902439025,0.04878048780487805
4,dyn_down,bm_high,3,0.04878048780487805,0.02439024390243902,0.07317073170731707
4,dyn_down,bm_high,4,0.07317073170731707,0.024390243902439032,0.0975609756097561
4,dyn_down,bm_high,5,0.0975609756097561,0.02439024390243902,0.12195121951219512
4,dyn_down,bm_high,6,0.12195121951219512,0.02439024390243902,0.14634146341463414
4,dyn_down,bm_high,7,0.14634146341463414,0.024390243902439046,0.17073170731707318
4,dyn_down,bm_high,8,0.17073170731707318,0.02439024390243902,0.1951219512195122
4,dyn_down,bm_high,9,0.1951219512195122,0.02439024390243902,0.21951219512195122
4,dyn_down,bm_high,10,0.21951219512195122,0.02439024390243902,0.24390243902439024
4,dyn_down,bm_high,11,0.24390243902439024,0.024390243902439046,0.2682926829268293
4,dyn_down,bm_high,12,0.2682926829268293,0.02439024390243899,0.2926829268292683
4,dyn_down,bm_high,13,0.2926829268292683,0.024390243902439046,0.3170731707317073
4,dyn_down,bm_high,14,0.3170731707317073,0.024390243902439046,0.34146341463414637
4,dyn_down,bm_high,15,0.34146341463414637,0.02439024390243899,0.36585365853658536
4,dyn_down,bm_high,16,0.36585365853658536,0.024390243902439046,0.3902439024390244
4,dyn_down,bm_high,17,0.3902439024390244,0.02439024390243899,0.4146341463414634
4,dyn_down,bm_high,18,0.4146341463414634,0.024390243902439046,0.43902439024390244
4,dyn_down,bm_high,19,0.43902439024390244,0.024390243902439046,0.4634146341463415
4,dyn_down,bm_high,20,0.4634146341463415,0.02439024390243899,0.4878048780487805
4,dyn_down,bm_high,21,0.4878048780487805,0.024390243902439046,0.5121951219512195
4,dyn_down,bm_high,22,0.5121951219512195,0.024390243902439046,0.5365853658536586
4,dyn_down,bm_high,23,0.5365853658536586,0.024390243902439046,0.5609756097560976
4,dyn_down,bm_high,24,0.5609756097560976,0.024390243902438935,0.5853658536585366
4,dyn_down,bm_high,25,0.5853658536585366,0.024390243902439046,0.6097560975609756
4,dyn_down,bm_high,26,0.6097560975609756,0.024390243902439046,0.6341463414634146
4,dyn_down,bm_high,27,0.6341463414634146,0.024390243902439046,0.6585365853658537
4,dyn_down,gen_high,1,0.0,0.0,0.0
4,dyn_down,gen_high,2,0.024390243902439025,0.024390243902439025,0.04878048780487805
4,dyn_down,gen_high,3,0.04878048780487805,0.02439024390243902,0.07317073170731707
4,dyn_down,gen_high,4,0.07317073170731707,0.024390243902439032,0.0975609756097561
4,dyn_down,gen_high,5,0.0975609756097561,0.02439024390243902,0.12195121951219512
4,dyn_down,gen_high,6,0.12195121951219512,0.02439024390243902,0.14634146341463414
4,dyn_down,gen_high,7,0.14634146341463414,0.024390243902439046,0.17073170731707318
4,dyn_down,gen_high,8,0.17073170731707318,0.02439024390243902,0.1951219512195122
4,dyn_down,gen_high,9,0.1951219512195122,0.02439024390243902,0.21951219512195122
4,dyn_down,gen_high,10,0.21951219512195122,0.02439024390243902,0.24390243902439024
4,dyn_down,gen_high,11,0.24390243902439024,0.024390243902439046,0.2682926829268293
4,dyn_down,gen_high,12,0.2682926829268293,0.02439024390243899,0.2926829268292683
4,dyn_down,gen_high,13,0.2926829268292683,0.04878048780487809,0.34146341463414637
4,dyn_down,gen_high,14,0.3170731707317073,0.04878048780487804,0.36585365853658536
4,dyn_down,gen_high,15,0.34146341463414637,0.04878048780487804,0.3902439024390244
4,dyn_down,gen_high,16,0.36585365853658536,0.04878048780487804,0.4146341463414634
4,dyn_down,gen_high,17,0.3902439024390244,0.04878048780487804,0.43902439024390244
4,dyn_down,gen_high,18,0.4146341463414634,0.04878048780487809,0.4634146341463415
4,dyn_down,gen_high,19,0.43902439024390244,0.04878048780487804,0.4878048780487805
4,dyn_down,gen_high,20,0.4634146341463415,0.04878048780487804,0.5121951219512195
4,dyn_down,gen_high,21,0.4878048780487805,0.04878048780487809,0.5365853658536586
4,dyn_down,gen_high,22,0.5121951219512195,0.04878048780487809,0.5609756097560976
4,dyn_down,gen_high,23,0.5365853658536586,0.04878048780487798,0.5853658536585366
4,dyn_down,gen_high,24,0.5609756097560976,0.04878048780487798,0.6097560975609756
4,dyn_down,gen_high,25,0.5853658536585366,0.04878048780487809,0.6341463414634146
4,dyn_down,gen_high,26,0.6097560975609756,0.04878048780487809,0.6585365853658537
4,dyn_down,degree_high,1,0.0,0.0,0.0
4,dyn_down,degree_high,2,0.024390243902439025,0.024390243902439025,0.04878048780487805
4,dyn_down,degree_high,3,0.04878048780487805,0.02439024390243902,0.07317073170731707
4,dyn_down,degree_high,4,0.07317073170731707,0.024390243902439032,0.0975609756097561
4,dyn_down,degree_high,5,0.0975609756097561,0.02439024390243902,0.12195121951219512
4,dyn_down,degree_high,6,0.12195121951219512,0.02439024390243902,0.14634146341463414
4,dyn_down,degree_high,7,0.14634146341463414,0.024390243902439046,0.17073170731707318
4,dyn_down,degree_high,8,0.17073170731707318,0.02439024390243902,0.1951219512195122
4,dyn_down,degree_high,9,0.1951219512195122,0.02439024390243902,0.21951219512195122
4,dyn_down,degree_high,10,0.21951219512195122,0.02439024390243902,0.24390243902439024
4,dyn_down,degree_high,11,0.24390243902439024,0.024390243902439046,0.2682926829268293
4,dyn_down,degree_high,12,0.2682926829268293,0.02439024390243899,0.2926829268292683
4,dyn_down,degree_high,13,0.2926829268292683,0.024390243902439046,0.3170731707317073
4,dyn_down,degree_high,14,0.3170731707317073,0.024390243902439046,0.34146341463414637
4,dyn_down,degree_high,15,0.34146341463414637,0.02439024390243899,0.36585365853658536
4,dyn_down,degree_high,16,0.36585365853658536,0.024390243902439046,0.3902439024390244
4,dyn_down,degree_high,17,0.3902439024390244,0.02439024390243899,0.4146341463414634
4,dyn_down,degree_high,18,0.4146341463414634,0.024390243902439046,0.43902439024390244
4,dyn_down,degree_high,19,0.43902439024390244,0.024390243902439046,0.4634146341463415
4,dyn_down,degree_high,20,0.4634146341463415,0.02439024390243899,0.4878048780487805
4,dyn_down,degree_high,21,0.4878048780487805,0.024390243902439046,0.5121951219512195
4,dyn_down,degree_high,22,0.5121951219512195,0.024390243902439046,0.5365853658536586
4,dyn_down,degree_high,23,0.5365853658536586,0.024390243902439046,0.5609756097560976
4,dyn_down,degree_high,24,0.5609756097560976,0.024390243902438935,0.5853658536585366
4,dyn_down,degree_high,25,0.5853658536585366,0.024390243902439046,0.6097560975609756
4,dyn_down,degree_high,26,0.6097560975609756,0.024390243902439046,0.6341463414634146
4,dyn_down,degree_high,27,0.6341463414634146,0.024390243902439046,0.6585365853658537
4,dyn_down,degree_low,1,0.0,0.0,0.0
4,dyn_down,degree_low,2,0.024390243902439025,0.024390243902439025,0.04878048780487805
4,dyn_down,degree_low,3,0.04878048780487805,0.02439024390243902,0.07317073170731707
4,dyn_down,degree_low,4,0.07317073170731707,0.024390243902439032,0.0975609756097561
4,dyn_down,degree_low,5,0.0975609756097561,0.02439024390243902,0.12195121951219512
4,dyn_down,degree_low,6,0.12195121951219512,0.02439024390243902,0.14634146341463414
4,dyn_down,degree_low,7,0.14634146341463414,0.024390243902439046,0.17073170731707318
4,dyn_down,degree_low,8,0.17073170731707318,0.02439024390243902,0.1951219512195122
4,dyn_down,degree_low,9,0.1951219512195122,0.02439024390243902,0.21951219512195122
4,dyn_down,degree_low,10,0.21951219512195122,0.02439024390243902,0.24390243902439024
4,dyn_down,degree_low,11,0.24390243902439024,0.024390243902439046,0.2682926829268293
4,dyn_down,degree_low,12,0.2682926829268293,0.02439024390243899,0.2926829268292683
4,dyn_down,degree_low,13,0.2926829268292683,0.024390243902439046,0.3170731707317073
4,dyn_down,degree_low,14,0.3170731707317073,0.024390243902439046,0.34146341463414637
4,dyn_down,degree_low,15,0.34146341463414637,0.02439024390243899,0.36585365853658536
4,dyn_down,degree_low,16,0.36585365853658536,0.024390243902439046,0.3902439024390244
4,dyn_down,degree_low,17,0.3902439024390244,0.02439024390243899,0.4146341463414634
4,dyn_down,degree_low,18,0.4146341463414634,0.024390243902439046,0.43902439024390244
4,dyn_down,degree_low,19,0.43902439024390244,0.024390243902439046,0.4634146341463415
4,dyn_down,degree_low,20,0.4634146341463415,0.02439024390243899,0.4878048780487805
4,dyn_down,degree_low,21,0.4878048780487805,0.024390243902439046,0.5121951219512195
4,dyn_down,degree_low,22,0.5121951219512195,0.024390243902439046,0.5365853658536586
4,dyn_down,degree_low,23,0.5365853658536586,0.024390243902439046,0.5609756097560976
4,dyn_down,degree_low,24,0.5609756097560976,0.024390243902438935,0.5853658536585366
4,dyn_down,degree_low,25,0.5853658536585366,0.024390243902439046,0.6097560975609756
4,dyn_down,degree_low,26,0.6097560975609756,0.024390243902439046,0.6341463414634146
4,dyn_down,degree_low,27,0.6341463414634146,0.024390243902439046,0.6585365853658537
4,dyn_down,vul_high,1,0.0,0.0,0.0
4,dyn_down,vul_high,2,0.024390243902439025,0.024390243902439025,0.04878048780487805
4,dyn_down,vul_high,3,0.04878048780487805,0.02439024390243902,0.07317073170731707
4,dyn_down,vul_high,4,0.07317073170731707,0.024390243902439032,0.0975609756097561
4,dyn_down,vul_high,5,0.0975609756097561,0.02439024390243902,0.12195121951219512
4,dyn_down,vul_high,6,0.12195121951219512,0.02439024390243902,0.14634146341463414
4,dyn_down,vul_high,7,0.14634146341463414,0.024390243902439046,0.17073170731707318
4,dyn_down,vul_high,8,0.17073170731707318,0.02439024390243902,0.1951219512195122
4,dyn_down,vul_high,9,0.1951219512195122,0.02439024390243902,0.21951219512195122
4,dyn_down,vul_high,10,0.21951219512195122,0.02439024390243902,0.24390243902439024
4,dyn_down,vul_high,11,0.24390243902439024,0.024390243902439046,0.2682926829268293
4,dyn_down,vul_high,12,0.2682926829268293,0.02439024390243899,0.2926829268292683
4,dyn_down,vul_high,13,0.2926829268292683,0.024390243902439046,0.3170731707317073
4,dyn_down,vul_high,14,0.3170731707317073,0.024390243902439046,0.34146341463414637
4,dyn_down,vul_high,15,0.34146341463414637,0.02439024390243899,0.36585365853658536
4,dyn_down,vul_high,16,0.36585365853658536,0.024390243902439046,0.3902439024390244
4,dyn_down,vul_high,17,0.3902439024390244,0.02439024390243899,0.4146341463414634
4,dyn_down,vul_high,18,0.4146341463414634,0.024390243902439046,0.43902439024390244
4,dyn_down,vul_high,19,0.43902439024390244,0.024390243902439046,0.4634146341463415
4,dyn_down,vul_high,20,0.4634146341463415,0.02439024390243899,0.4878048780487805
4,dyn_down,vul_high,21,0.4878048780487805,0.024390243902439046,0.5121951219512195
4,dyn_down,vul_high,22,0.5121951219512195,0.024390243902439046,0.5365853658536586
4,dyn_down,vul_high,23,0.5365853658536586,0.024390243902439046,0.5609756097560976
4,dyn_down,vul_high,24,0.5609756097560976,0.024390243902438935,0.5853658536585366
4,dyn_down,vul_high,25,0.5853658536585366,0.024390243902439046,0.6097560975609756
4,dyn_down,vul_high,26,0.6097560975609756,0.024390243902439046,0.6341463414634146
4,dyn_down,vul_high,27,0.6341463414634146,0.024390243902439046,0.6585365853658537
4,dyn_down,bm_low,1,0.0,0.0,0.0
4,dyn_down,bm_low,2,0.024390243902439025,0.024390243902439025,0.04878048780487805
4,dyn_down,bm_low,3,0.04878048780487805,0.02439024390243902,0.07317073170731707
4,dyn_down,bm_low,4,0.07317073170731707,0.024390243902439032,0.0975609756097561
4,dyn_down,bm_low,5,0.0975609756097561,0.02439024390243902,0.12195121951219512
4,dyn_down,bm_low,6,0.12195121951219512,0.02439024390243902,0.14634146341463414
4,dyn_down,bm_low,7,0.14634146341463414,0.024390243902439046,0.17073170731707318
4,dyn_down,bm_low,8,0.17073170731707318,0.02439024390243902,0.1951219512195122
4,dyn_down,bm_low,9,0.1951219512195122,0.02439024390243902,0.21951219512195122
4,dyn_down,bm_low,10,0.21951219512195122,0.02439024390243902,0.24390243902439024
4,dyn_down,bm_low,11,0.24390243902439024,0.024390243902439046,0.2682926829268293
4,dyn_down,bm_low,12,0.2682926829268293,0.02439024390243899,0.2926829268292683
4,dyn_down,bm_low,13,0.2926829268292683,0.024390243902439046,0.3170731707317073
4,dyn_down,bm_low,14,0.3170731707317073,0.024390243902439046,0.34146341463414637
4,dyn_down,bm_low,15,0.34146341463414637,0.02439024390243899,0.36585365853658536
4,dyn_down,bm_low,16,0.36585365853658536,0.024390243902439046,0.3902439024390244
4,dyn_down,bm_low,17,0.3902439024390244,0.02439024390243899,0.4146341463414634
4,dyn_down,bm_low,18,0.4146341463414634,0.024390243902439046,0.43902439024390244
4,dyn_down,bm_low,19,0.43902439024390244,0.024390243902439046,0.4634146341463415
4,dyn_down,bm_low,20,0.4634146341463415,0.02439024390243899,0.4878048780487805
4,dyn_down,bm_low,21,0.4878048780487805,0.024390243902439046,0.5121951219512195
4,dyn_down,bm_low,22,0.5121951219512195,0.024390243902439046,0.5365853658536586
4,dyn_down,bm_low,23,0.5365853658536586,0.024390243902439046,0.5609756097560976
4,dyn_down,bm_low,24,0.5609756097560976,0.024390243902438935,0.5853658536585366
4,dyn_down,bm_low,25,0.5853658536585366,0.024390243902439046,0.6097560975609756
4,dyn_down,bm_low,26,0.6097560975609756,0.024390243902439046,0.6341463414634146
4,dyn_down,bm_low,27,0.6341463414634146,0.024390243902439046,0.6585365853658537
5,dyn_niche,gen_low,1,0.0,0.0,0.0
5,dyn_niche,gen_low,2,0.029411764705882353,0.6764705882352942,0.7058823529411765
5,dyn_niche,gen_low,3,0.058823529411764705,0.6764705882352942,0.7352941176470589
5,dyn_niche,gen_low,4,0.08823529411764706,0.676470588235294,0.7647058823529411
5,dyn_niche,gen_low,5,0.11764705882352941,0.676470588235294,0.7941176470588235
5,dyn_niche,gen_low,6,0.14705882352941177,0.676470588235294,0.8235294117647058
5,dyn_niche,gen_low,7,0.17647058823529413,0.676470588235294,0.8529411764705882
5,dyn_niche,gen_low,8,0.20588235294117646,0.6764705882352942,0.8823529411764706
5,dyn_niche,gen_low,9,0.23529411764705882,0.6764705882352942,0.9117647058823529
5,dyn_niche,gen_low,10,0.2647058823529412,0.6764705882352942,0.9411764705882353
5,dyn_niche,vul_low,1,0.0,0.0,0.0
5,dyn_niche,vul_low,2,0.029411764705882353,0.6764705882352942,0.7058823529411765
5,dyn_niche,vul_low,3,0.058823529411764705,0.7058823529411764,0.7647058823529411
5,dyn_niche,vul_low,4,0.08823529411764706,0.7058823529411764,0.7941176470588235
5,dyn_niche,vul_low,5,0.11764705882352941,0.7058823529411764,0.8235294117647058
5,dyn_niche,vul_low,6,0.14705882352941177,0.7058823529411764,0.8529411764705882
5,dyn_niche,vul_low,7,0.17647058823529413,0.7058823529411764,0.8823529411764706
5,dyn_niche,vul_low,8,0.20588235294117646,0.7058823529411764,0.9117647058823529
5,dyn_niche,vul_low,9,0.23529411764705882,0.7058823529411764,0.9411764705882353
5,dyn_niche,rand_basal,1,0.0,0.0,0.0
5,dyn_niche,rand_basal,2,0.029411764705882353,0.8235294117647058,0.8529411764705882
5,dyn_niche,rand_basal,3,0.058823529411764705,0.8823529411764706,0.9411764705882353
5,dyn_niche,rand_consumer,1,0.0,0.0,0.0
5,dyn_niche,rand_consumer,2,0.029411764705882353,0.7647058823529411,0.7941176470588235
5,dyn_niche,rand_consumer,3,0.058823529411764705,0.7647058823529411,0.8235294117647058
5,dyn_niche,rand_consumer,4,0.08823529411764706,0.7647058823529411,0.8529411764705882
5,dyn_niche,rand_consumer,5,0.11764705882352941,0.7647058823529411,0.8823529411764706
5,dyn_niche,rand_consumer,6,0.14705882352941177,0.7647058823529411,0.9117647058823529
5,dyn_niche,rand_consumer,7,0.17647058823529413,0.7647058823529411,0.9411764705882353
5,dyn_niche,bm_high,1,0.0,0.0,0.0
5,dyn_niche,bm_high,2,0.029411764705882353,0.6764705882352942,0.7058823529411765
5,dyn_niche,bm_high,3,0.058823529411764705,0.6764705882352942,0.7352941176470589
5,dyn_niche,bm_high,4,0.08823529411764706,0.676470588235294,0.7647058823529411
5,dyn_niche,bm_high,5,0.11764705882352941,0.7058823529411764,0.8235294117647058
5,dyn_niche,bm_high,6,0.14705882352941177,0.7058823529411764,0.8529411764705882
5,dyn_niche,bm_high,7,0.17647058823529413,0.7058823529411764,0.8823529411764706
5,dyn_niche,bm_high,8,0.20588235294117646,0.7058823529411764,0.9117647058823529
5,dyn_niche,bm_high,9,0.23529411764705882,0.7058823529411764,0.9411764705882353
5,dyn_niche,gen_high,1,0.0,0.0,0.0
5,dyn_niche,gen_high,2,0.029411764705882353,0.6764705882352942,0.7058823529411765
5,dyn_niche,gen_high,3,0.058823529411764705,0.6764705882352942,0.7352941176470589
5,dyn_niche,gen_high,4,0.08823529411764706,0.676470588235294,0.7647058823529411
5,dyn_niche,gen_high,5,0.11764705882352941,0.7058823529411764,0.8235294117647058
5,dyn_niche,gen_high,6,0.14705882352941177,0.7058823529411764,0.8529411764705882
5,dyn_niche,gen_high,7,0.17647058823529413,0.7058823529411764,0.8823529411764706
5,dyn_niche,gen_high,8,0.20588235294117646,0.7058823529411764,0.9117647058823529
5,dyn_niche,gen_high,9,0.23529411764705882,0.7058823529411764,0.9411764705882353
5,dyn_niche,degree_high,1,0.0,0.0,0.0
5,dyn_niche,degree_high,2,0.029411764705882353,0.6764705882352942,0.7058823529411765
5,dyn_niche,degree_high,3,0.058823529411764705,0.6764705882352942,0.7352941176470589
5,dyn_niche,degree_high,4,0.08823529411764706,0.7058823529411764,0.7941176470588235
5,dyn_niche,degree_high,5,0.11764705882352941,0.7058823529411764,0.8235294117647058
5,dyn_niche,degree_high,6,0.14705882352941177,0.7352941176470588,0.8823529411764706
5,dyn_niche,degree_high,7,0.17647058823529413,0.7352941176470588,0.9117647058823529
5,dyn_niche,degree_high,8,0.20588235294117646,0.7352941176470589,0.9411764705882353
5,dyn_niche,degree_low,1,0.0,0.0,0.0
5,dyn_niche,degree_low,2,0.029411764705882353,0.6764705882352942,0.7058823529411765
5,dyn_niche,degree_low,3,0.058823529411764705,0.6764705882352942,0.7352941176470589
5,dyn_niche,degree_low,4,0.08823529411764706,0.676470588235294,0.7647058823529411
5,dyn_niche,degree_low,5,0.11764705882352941,0.7058823529411764,0.8235294117647058
5,dyn_niche,degree_low,6,0.14705882352941177,0.7058823529411764,0.8529411764705882
5,dyn_niche,degree_low,7,0.17647058823529413,0.7058823529411764,0.8823529411764706
5,dyn_niche,degree_low,8,0.20588235294117646,0.7058823529411764,0.9117647058823529
5,dyn_niche,degree_low,9,0.23529411764705882,0.7058823529411764,0.9411764705882353
5,dyn_niche,vul_high,1,0.0,0.0,0.0
5,dyn_niche,vul_high,2,0.029411764705882353,0.6764705882352942,0.7058823529411765
5,dyn_niche,vul_high,3,0.058823529411764705,0.6764705882352942,0.7352941176470589
5,dyn_niche,vul_high,4,0.08823529411764706,0.676470588235294,0.7647058823529411
5,dyn_niche,vul_high,5,0.11764705882352941,0.7352941176470588,0.8529411764705882
5,dyn_niche,vul_high,6,0.14705882352941177,0.7647058823529411,0.9117647058823529
5,dyn_niche,vul_high,7,0.17647058823529413,0.7647058823529411,0.9411764705882353
5,dyn_niche,bm_low,1,0.0,0.0,0.0
5,dyn_niche,bm_low,2,0.029411764705882353,0.6764705882352942,0.7058823529411765
5,dyn_niche,bm_low,3,0.058823529411764705,0.6764705882352942,0.7352941176470589
5,dyn_niche,bm_low,4,0.08823529411764706,0.7352941176470588,0.8235294117647058
5,dyn_niche,bm_low,5,0.11764705882352941,0.7352941176470588,0.8529411764705882
5,dyn_niche,bm_low,6,0.14705882352941177,0.7647058823529411,0.9117647058823529
5,dyn_niche,bm_low,7,0.17647058823529413,0.7647058823529411,0.9411764705882353
5,dyn_down_size,gen_low,1,0.0,0.0,0.0
5,dyn_down_size,gen_low,2,0.027777777777777776,0.0,0.027777777777777776
5,dyn_down_size,gen_low,3,0.05555555555555555,0.0,0.05555555555555555
5,dyn_down_size,gen_low,4,0.08333333333333333,0.0,0.08333333333333333
5,dyn_down_size,gen_low,5,0.1111111111111111,0.0,0.1111111111111111
5,dyn_down_size,gen_low,6,0.1388888888888889,0.0,0.1388888888888889
5,dyn_down_size,gen_low,7,0.16666666666666666,0.0,0.16666666666666666
5,dyn_down_size,gen_low,8,0.19444444444444445,0.0,0.19444444444444445
5,dyn_down_size,gen_low,9,0.2222222222222222,0.0,0.2222222222222222
5,dyn_down_size,gen_low,10,0.25,0.0,0.25
5,dyn_down_size,gen_low,11,0.2777777777777778,0.0,0.2777777777777778
5,dyn_down_size,gen_low,12,0.3055555555555556,0.0,0.3055555555555556
5,dyn_down_size,vul_low,1,0.0,0.0,0.0
5,dyn_down_size,vul_low,2,0.027777777777777776,0.0,0.027777777777777776
5,dyn_down_size,vul_low,3,0.05555555555555555,0.0,0.05555555555555555
5,dyn_down_size,vul_low,4,0.08333333333333333,0.0,0.08333333333333333
5,dyn_down_size,vul_low,5,0.1111111111111111,0.0,0.1111111111111111
5,dyn_down_size,vul_low,6,0.1388888888888889,0.0,0.1388888888888889
5,dyn_down_size,vul_low,7,0.16666666666666666,0.0,0.16666666666666666
5,dyn_down_size,vul_low,8,0.19444444444444445,0.0,0.19444444444444445
5,dyn_down_size,vul_low,9,0.2222222222222222,0.0,0.2222222222222222
5,dyn_down_size,vul_low,10,0.25,0.0,0.25
5,dyn_down_size,vul_low,11,0.2777777777777778,0.0,0.2777777777777778
5,dyn_down_size,vul_low,12,0.3055555555555556,0.0,0.3055555555555556
5,dyn_down_size,rand_basal,1,0.0,0.0,0.0
5,dyn_down_size,rand_basal,2,0.027777777777777776,0.0,0.027777777777777776
5,dyn_down_size,rand_basal,3,0.05555555555555555,0.0,0.05555555555555555
5,dyn_down_size,rand_basal,4,0.08333333333333333,0.0,0.08333333333333333
5,dyn_down_size,rand_basal,5,0.1111111111111111,0.0,0.1111111111111111
5,dyn_down_size,rand_basal,6,0.1388888888888889,0.0,0.1388888888888889
5,dyn_down_size,rand_basal,7,0.16666666666666666,0.0,0.16666666666666666
5,dyn_down_size,rand_basal,8,0.19444444444444445,0.0,0.19444444444444445
5,dyn_down_size,rand_basal,9,0.2222222222222222,0.0,0.2222222222222222
5,dyn_down_size,rand_basal,10,0.25,0.0,0.25
5,dyn_down_size,rand_basal,11,0.2777777777777778,0.0,0.2777777777777778
5,dyn_down_size,rand_basal,12,0.3055555555555556,0.0,0.3055555555555556
5,dyn_down_size,rand_basal,13,0.3333333333333333,0.0,0.3333333333333333
5,dyn_down_size,rand_basal,14,0.3611111111111111,0.0,0.3611111111111111
5,dyn_down_size,rand_basal,15,0.3888888888888889,0.0,0.3888888888888889
5,dyn_down_size,rand_basal,16,0.4166666666666667,0.0,0.4166666666666667
5,dyn_down_size,rand_basal,17,0.4444444444444444,0.0,0.4444444444444444
5,dyn_down_size,rand_basal,18,0.4722222222222222,0.0,0.4722222222222222
5,dyn_down_size,rand_basal,19,0.5,0.0,0.5
5,dyn_down_size,rand_basal,20,0.5277777777777778,0.0,0.5277777777777778
5,dyn_down_size,rand_basal,21,0.5555555555555556,0.0,0.5555555555555556
5,dyn_down_size,rand_basal,22,0.5833333333333334,0.0,0.5833333333333334
5,dyn_down_size,rand_basal,23,0.6111111111111112,0.0,0.6111111111111112
5,dyn_down_size,rand_basal,24,0.6388888888888888,0.02777777777777779,0.6666666666666666
5,dyn_down_size,rand_basal,25,0.6666666666666666,0.16666666666666674,0.8333333333333334
5,dyn_down_size,rand_consumer,1,0.0,0.0,0.0
5,dyn_down_size,rand_consumer,2,0.027777777777777776,0.0,0.027777777777777776
5,dyn_down_size,rand_consumer,3,0.05555555555555555,0.0,0.05555555555555555
5,dyn_down_size,rand_consumer,4,0.08333333333333333,0.0,0.08333333333333333
5,dyn_down_size,rand_consumer,5,0.1111111111111111,0.0,0.1111111111111111
5,dyn_down_size,rand_consumer,6,0.1388888888888889,0.0,0.1388888888888889
5,dyn_down_size,rand_consumer,7,0.16666666666666666,0.0,0.16666666666666666
5,dyn_down_size,rand_consumer,8,0.19444444444444445,0.0,0.19444444444444445
5,dyn_down_size,rand_consumer,9,0.2222222222222222,0.0,0.2222222222222222
5,dyn_down_size,rand_consumer,10,0.25,0.0,0.25
5,dyn_down_size,rand_consumer,11,0.2777777777777778,0.0,0.2777777777777778
5,dyn_down_size,rand_consumer,12,0.3055555555555556,0.0,0.3055555555555556
5,dyn_down_size,bm_high,1,0.0,0.0,0.0
5,dyn_down_size,bm_high,2,0.027777777777777776,0.0,0.027777777777777776
5,dyn_down_size,bm_high,3,0.05555555555555555,0.0,0.05555555555555555
5,dyn_down_size,bm_high,4,0.08333333333333333,0.0,0.08333333333333333
5,dyn_down_size,bm_high,5,0.1111111111111111,0.0,0.1111111111111111
5,dyn_down_size,bm_high,6,0.1388888888888889,0.0,0.1388888888888889
5,dyn_down_size,bm_high,7,0.16666666666666666,0.0,0.16666666666666666
5,dyn_down_size,bm_high,8,0.19444444444444445,0.0,0.19444444444444445
5,dyn_down_size,bm_high,9,0.2222222222222222,0.0,0.2222222222222222
5,dyn_down_size,bm_high,10,0.25,0.0,0.25
5,dyn_down_size,bm_high,11,0.2777777777777778,0.0,0.2777777777777778
5,dyn_down_size,bm_high,12,0.3055555555555556,0.0,0.3055555555555556
5,dyn_down_size,gen_high,1,0.0,0.0,0.0
5,dyn_down_size,gen_high,2,0.027777777777777776,0.0,0.027777777777777776
5,dyn_down_size,gen_high,3,0.05555555555555555,0.0,0.05555555555555555
5,dyn_down_size,gen_high,4,0.08333333333333333,0.0,0.08333333333333333
5,dyn_down_size,gen_high,5,0.1111111111111111,0.0,0.1111111111111111
5,dyn_down_size,gen_high,6,0.1388888888888889,0.0,0.1388888888888889
5,dyn_down_size,gen_high,7,0.16666666666666666,0.0,0.16666666666666666
5,dyn_down_size,gen_high,8,0.19444444444444445,0.0,0.19444444444444445
5,dyn_down_size,gen_high,9,0.2222222222222222,0.0,0.2222222222222222
5,dyn_down_size,gen_high,10,0.25,0.0,0.25
5,dyn_down_size,gen_high,11,0.2777777777777778,0.0,0.2777777777777778
5,dyn_down_size,gen_high,12,0.3055555555555556,0.0,0.3055555555555556
5,dyn_down_size,degree_high,1,0.0,0.0,0.0
5,dyn_down_size,degree_high,2,0.027777777777777776,0.0,0.027777777777777776
5,dyn_down_size,degree_high,3,0.05555555555555555,0.0,0.05555555555555555
5,dyn_down_size,degree_high,4,0.08333333333333333,0.0,0.08333333333333333
5,dyn_down_size,degree_high,5,0.1111111111111111,0.0,0.1111111111111111
5,dyn_down_size,degree_high,6,0.1388888888888889,0.0,0.1388888888888889
5,dyn_down_size,degree_high,7,0.16666666666666666,0.0,0.16666666666666666
5,dyn_down_size,degree_high,8,0.19444444444444445,0.0,0.19444444444444445
5,dyn_down_size,degree_high,9,0.2222222222222222,0.0,0.2222222222222222
5,dyn_down_size,degree_high,10,0.25,0.0,0.25
5,dyn_down_size,degree_high,11,0.2777777777777778,0.0,0.2777777777777778
5,dyn_down_size,degree_high,12,0.3055555555555556,0.0,0.3055555555555556
5,dyn_down_size,degree_low,1,0.0,0.0,0.0
5,dyn_down_size,degree_low,2,0.027777777777777776,0.0,0.027777777777777776
5,dyn_down_size,degree_low,3,0.05555555555555555,0.0,0.05555555555555555
5,dyn_down_size,degree_low,4,0.08333333333333333,0.0,0.08333333333333333
5,dyn_down_size,degree_low,5,0.1111111111111111,0.0,0.1111111111111111
5,dyn_down_size,degree_low,6,0.1388888888888889,0.0,0.1388888888888889
5,dyn_down_size,degree_low,7,0.16666666666666666,0.0,0.16666666666666666
5,dyn_down_size,degree_low,8,0.19444444444444445,0.0,0.19444444444444445
5,dyn_down_size,degree_low,9,0.2222222222222222,0.0,0.2222222222222222
5,dyn_down_size,degree_low,10,0.25,0.0,0.25
5,dyn_down_size,degree_low,11,0.2777777777777778,0.0,0.2777777777777778
5,dyn_down_size,degree_low,12,0.3055555555555556,0.0,0.3055555555555556
5,dyn_down_size,vul_high,1,0.0,0.0,0.0
5,dyn_down_size,vul_high,2,0.027777777777777776,0.0,0.027777777777777776
5,dyn_down_size,vul_high,3,0.05555555555555555,0.0,0.05555555555555555
5,dyn_down_size,vul_high,4,0.08333333333333333,0.0,0.08333333333333333
5,dyn_down_size,vul_high,5,0.1111111111111111,0.0,0.1111111111111111
5,dyn_down_size,vul_high,6,0.1388888888888889,0.0,0.1388888888888889
5,dyn_down_size,vul_high,7,0.16666666666666666,0.0,0.16666666666666666
5,dyn_down_size,vul_high,8,0.19444444444444445,0.0,0.19444444444444445
5,dyn_down_size,vul_high,9,0.2222222222222222,0.0,0.2222222222222222
5,dyn_down_size,vul_high,10,0.25,0.0,0.25
5,dyn_down_size,vul_high,11,0.2777777777777778,0.0,0.2777777777777778
5,dyn_down_size,vul_high,12,0.3055555555555556,0.0,0.3055555555555556
5,dyn_down_size,bm_low,1,0.0,0.0,0.0
5,dyn_down_size,bm_low,2,0.027777777777777776,0.0,0.027777777777777776
5,dyn_down_size,bm_low,3,0.05555555555555555,0.0,0.05555555555555555
5,dyn_down_size,bm_low,4,0.08333333333333333,0.027777777777777776,0.1111111111111111
5,dyn_down_size,bm_low,5,0.1111111111111111,0.02777777777777779,0.1388888888888889
5,dyn_down_size,bm_low,6,0.1388888888888889,0.027777777777777762,0.16666666666666666
5,dyn_down_size,bm_low,7,0.16666666666666666,0.02777777777777779,0.19444444444444445
5,dyn_down_size,bm_low,8,0.19444444444444445,0.027777777777777762,0.2222222222222222
5,dyn_down_size,bm_low,9,0.2222222222222222,0.02777777777777779,0.25
5,dyn_down_size,bm_low,10,0.25,0.02777777777777779,0.2777777777777778
5,dyn_down_size,bm_low,11,0.2777777777777778,0.02777777777777779,0.3055555555555556
5,dyn_down,gen_low,1,0.0,0.0,0.0
5,dyn_down,gen_low,2,0.024390243902439025,0.0975609756097561,0.12195121951219512
5,dyn_down,gen_low,3,0.04878048780487805,0.09756097560975609,0.14634146341463414
5,dyn_down,gen_low,4,0.07317073170731707,0.09756097560975611,0.17073170731707318
5,dyn_down,gen_low,5,0.0975609756097561,0.0975609756097561,0.1951219512195122
5,dyn_down,gen_low,6,0.12195121951219512,0.12195121951219512,0.24390243902439024
5,dyn_down,gen_low,7,0.14634146341463414,0.14634146341463414,0.2926829268292683
5,dyn_down,gen_low,8,0.17073170731707318,0.14634146341463414,0.3170731707317073
5,dyn_down,gen_low,9,0.1951219512195122,0.14634146341463417,0.34146341463414637
5,dyn_down,gen_low,10,0.21951219512195122,0.14634146341463414,0.36585365853658536
5,dyn_down,gen_low,11,0.24390243902439024,0.14634146341463417,0.3902439024390244
5,dyn_down,gen_low,12,0.2682926829268293,0.1463414634146341,0.4146341463414634
5,dyn_down,gen_low,13,0.2926829268292683,0.14634146341463417,0.43902439024390244
5,dyn_down,gen_low,14,0.3170731707317073,0.14634146341463417,0.4634146341463415
5,dyn_down,gen_low,15,0.34146341463414637,0.1463414634146341,0.4878048780487805
5,dyn_down,gen_low,16,0.36585365853658536,0.14634146341463417,0.5121951219512195
5,dyn_down,gen_low,17,0.3902439024390244,0.14634146341463417,0.5365853658536586
5,dyn_down,gen_low,18,0.4146341463414634,0.14634146341463422,0.5609756097560976
5,dyn_down,gen_low,19,0.43902439024390244,0.1463414634146341,0.5853658536585366
5,dyn_down,gen_low,20,0.4634146341463415,0.1463414634146341,0.6097560975609756
5,dyn_down,gen_low,21,0.4878048780487805,0.14634146341463417,0.6341463414634146
5,dyn_down,gen_low,22,0.5121951219512195,0.14634146341463417,0.6585365853658537
5,dyn_down,gen_low,23,0.5365853658536586,0.14634146341463417,0.6829268292682927
5,dyn_down,gen_low,24,0.5609756097560976,0.14634146341463405,0.7073170731707317
5,dyn_down,gen_low,25,0.5853658536585366,0.14634146341463417,0.7317073170731707
5,dyn_down,vul_low,1,0.0,0.0,0.0
5,dyn_down,vul_low,2,0.024390243902439025,0.0975609756097561,0.12195121951219512
5,dyn_down,vul_low,3,0.04878048780487805,0.09756097560975609,0.14634146341463414
5,dyn_down,vul_low,4,0.07317073170731707,0.09756097560975611,0.17073170731707318
5,dyn_down,vul_low,5,0.0975609756097561,0.12195121951219512,0.21951219512195122
5,dyn_down,vul_low,6,0.12195121951219512,0.14634146341463417,0.2682926829268293
5,dyn_down,vul_low,7,0.14634146341463414,0.14634146341463414,0.2926829268292683
5,dyn_down,vul_low,8,0.17073170731707318,0.14634146341463414,0.3170731707317073
5,dyn_down,vul_low,9,0.1951219512195122,0.14634146341463417,0.34146341463414637
5,dyn_down,vul_low,10,0.21951219512195122,0.14634146341463414,0.36585365853658536
5,dyn_down,vul_low,11,0.24390243902439024,0.14634146341463417,0.3902439024390244
5,dyn_down,vul_low,12,0.2682926829268293,0.1463414634146341,0.4146341463414634
5,dyn_down,vul_low,13,0.2926829268292683,0.14634146341463417,0.43902439024390244
5,dyn_down,vul_low,14,0.3170731707317073,0.14634146341463417,0.4634146341463415
5,dyn_down,vul_low,15,0.34146341463414637,0.17073170731707316,0.5121951219512195
5,dyn_down,vul_low,16,0.36585365853658536,0.1707317073170732,0.5365853658536586
5,dyn_down,vul_low,17,0.3902439024390244,0.1707317073170732,0.5609756097560976
5,dyn_down,vul_low,18,0.4146341463414634,0.17073170731707316,0.5853658536585366
5,dyn_down,vul_low,19,0.43902439024390244,0.17073170731707316,0.6097560975609756
5,dyn_down,vul_low,20,0.4634146341463415,0.17073170731707316,0.6341463414634146
5,dyn_down,vul_low,21,0.4878048780487805,0.1707317073170732,0.6585365853658537
5,dyn_down,vul_low,22,0.5121951219512195,0.1707317073170732,0.6829268292682927
5,dyn_down,vul_low,23,0.5365853658536586,0.1707317073170731,0.7073170731707317
5,dyn_down,vul_low,24,0.5609756097560976,0.1707317073170731,0.7317073170731707
5,dyn_down,rand_basal,1,0.0,0.0,0.0
5,dyn_down,rand_basal,2,0.024390243902439025,0.0975609756097561,0.12195121951219512
5,dyn_down,rand_basal,3,0.04878048780487805,0.09756097560975609,0.14634146341463414
5,dyn_down,rand_basal,4,0.07317073170731707,0.09756097560975611,0.17073170731707318
5,dyn_down,rand_basal,5,0.0975609756097561,0.0975609756097561,0.1951219512195122
5,dyn_down,rand_basal,6,0.12195121951219512,0.0975609756097561,0.21951219512195122
5,dyn_down,rand_basal,7,0.14634146341463414,0.0975609756097561,0.24390243902439024
5,dyn_down,rand_basal,8,0.17073170731707318,0.12195121951219509,0.2926829268292683
5,dyn_down,rand_basal,9,0.1951219512195122,0.12195121951219512,0.3170731707317073
5,dyn_down,rand_basal,10,0.21951219512195122,0.12195121951219515,0.34146341463414637
5,dyn_down,rand_basal,11,0.24390243902439024,0.12195121951219512,0.36585365853658536
5,dyn_down,rand_basal,12,0.2682926829268293,0.12195121951219512,0.3902439024390244
5,dyn_down,rand_consumer,1,0.0,0.0,0.0
5,dyn_down,rand_consumer,2,0.024390243902439025,0.0975609756097561,0.12195121951219512
5,dyn_down,rand_consumer,3,0.04878048780487805,0.09756097560975609,0.14634146341463414
5,dyn_down,rand_consumer,4,0.07317073170731707,0.09756097560975611,0.17073170731707318
5,dyn_down,rand_consumer,5,0.0975609756097561,0.0975609756097561,0.1951219512195122
5,dyn_down,rand_consumer,6,0.12195121951219512,0.0975609756097561,0.21951219512195122
5,dyn_down,rand_consumer,7,0.14634146341463414,0.0975609756097561,0.24390243902439024
5,dyn_down,rand_consumer,8,0.17073170731707318,0.0975609756097561,0.2682926829268293
5,dyn_down,rand_consumer,9,0.1951219512195122,0.09756097560975607,0.2926829268292683
5,dyn_down,rand_consumer,10,0.21951219512195122,0.0975609756097561,0.3170731707317073
5,dyn_down,rand_consumer,11,0.24390243902439024,0.09756097560975613,0.34146341463414637
5,dyn_down,rand_consumer,12,0.2682926829268293,0.09756097560975607,0.36585365853658536
5,dyn_down,rand_consumer,13,0.2926829268292683,0.09756097560975613,0.3902439024390244
5,dyn_down,rand_consumer,14,0.3170731707317073,0.09756097560975607,0.4146341463414634
5,dyn_down,rand_consumer,15,0.34146341463414637,0.09756097560975607,0.43902439024390244
5,dyn_down,rand_consumer,16,0.36585365853658536,0.09756097560975613,0.4634146341463415
5,dyn_down,rand_consumer,17,0.3902439024390244,0.09756097560975607,0.4878048780487805
5,dyn_down,rand_consumer,18,0.4146341463414634,0.09756097560975613,0.5121951219512195
5,dyn_down,rand_consumer,19,0.43902439024390244,0.09756097560975613,0.5365853658536586
5,dyn_down,rand_consumer,20,0.4634146341463415,0.09756097560975613,0.5609756097560976
5,dyn_down,rand_consumer,21,0.4878048780487805,0.09756097560975607,0.5853658536585366
5,dyn_down,rand_consumer,22,0.5121951219512195,0.09756097560975607,0.6097560975609756
5,dyn_down,rand_consumer,23,0.5365853658536586,0.09756097560975607,0.6341463414634146
5,dyn_down,rand_consumer,24,0.5609756097560976,0.09756097560975607,0.6585365853658537
5,dyn_down,rand_consumer,25,0.5853658536585366,0.09756097560975618,0.6829268292682927
5,dyn_down,rand_consumer,26,0.6097560975609756,0.09756097560975607,0.7073170731707317
5,dyn_down,rand_consumer,27,0.6341463414634146,0.09756097560975607,0.7317073170731707
5,dyn_down,bm_high,1,0.0,0.0,0.0
5,dyn_down,bm_high,2,0.024390243902439025,0.0975609756097561,0.12195121951219512
5,dyn_down,bm_high,3,0.04878048780487805,0.09756097560975609,0.14634146341463414
5,dyn_down,bm_high,4,0.07317073170731707,0.09756097560975611,0.17073170731707318
5,dyn_down,bm_high,5,0.0975609756097561,0.12195121951219512,0.21951219512195122
5,dyn_down,bm_high,6,0.12195121951219512,0.12195121951219512,0.24390243902439024
5,dyn_down,bm_high,7,0.14634146341463414,0.12195121951219515,0.2682926829268293
5,dyn_down,bm_high,8,0.17073170731707318,0.12195121951219509,0.2926829268292683
5,dyn_down,bm_high,9,0.1951219512195122,0.14634146341463417,0.34146341463414637
5,dyn_down,bm_high,10,0.21951219512195122,0.14634146341463414,0.36585365853658536
5,dyn_down,bm_high,11,0.24390243902439024,0.14634146341463417,0.3902439024390244
5,dyn_down,bm_high,12,0.2682926829268293,0.1463414634146341,0.4146341463414634
5,dyn_down,bm_high,13,0.2926829268292683,0.14634146341463417,0.43902439024390244
5,dyn_down,bm_high,14,0.3170731707317073,0.14634146341463417,0.4634146341463415
5,dyn_down,bm_high,15,0.34146341463414637,0.1463414634146341,0.4878048780487805
5,dyn_down,bm_high,16,0.36585365853658536,0.14634146341463417,0.5121951219512195
5,dyn_down,bm_high,17,0.3902439024390244,0.14634146341463417,0.5365853658536586
5,dyn_down,bm_high,18,0.4146341463414634,0.14634146341463422,0.5609756097560976
5,dyn_down,bm_high,19,0.43902439024390244,0.1463414634146341,0.5853658536585366
5,dyn_down,bm_high,20,0.4634146341463415,0.1463414634146341,0.6097560975609756
5,dyn_down,bm_high,21,0.4878048780487805,0.14634146341463417,0.6341463414634146
5,dyn_down,bm_high,22,0.5121951219512195,0.14634146341463417,0.6585365853658537
5,dyn_down,bm_high,23,0.5365853658536586,0.14634146341463417,0.6829268292682927
5,dyn_down,bm_high,24,0.5609756097560976,0.14634146341463405,0.7073170731707317
5,dyn_down,bm_high,25,0.5853658536585366,0.14634146341463417,0.7317073170731707
5,dyn_down,gen_high,1,0.0,0.0,0.0
5,dyn_down,gen_high,2,0.024390243902439025,0.0975609756097561,0.12195121951219512
5,dyn_down,gen_high,3,0.04878048780487805,0.09756097560975609,0.14634146341463414
5,dyn_down,gen_high,4,0.07317073170731707,0.14634146341463417,0.21951219512195122
5,dyn_down,gen_high,5,0.0975609756097561,0.14634146341463414,0.24390243902439024
5,dyn_down,gen_high,6,0.12195121951219512,0.14634146341463417,0.2682926829268293
5,dyn_down,gen_high,7,0.14634146341463414,0.24390243902439027,0.3902439024390244
5,dyn_down,gen_high,8,0.17073170731707318,0.2439024390243902,0.4146341463414634
5,dyn_down,gen_high,9,0.1951219512195122,0.24390243902439024,0.43902439024390244
5,dyn_down,gen_high,10,0.21951219512195122,0.24390243902439027,0.4634146341463415
5,dyn_down,gen_high,11,0.24390243902439024,0.24390243902439024,0.4878048780487805
5,dyn_down,gen_high,12,0.2682926829268293,0.24390243902439024,0.5121951219512195
5,dyn_down,gen_high,13,0.2926829268292683,0.2439024390243903,0.5365853658536586
5,dyn_down,gen_high,14,0.3170731707317073,0.2439024390243903,0.5609756097560976
5,dyn_down,gen_high,15,0.34146341463414637,0.24390243902439018,0.5853658536585366
5,dyn_down,gen_high,16,0.36585365853658536,0.24390243902439024,0.6097560975609756
5,dyn_down,gen_high,17,0.3902439024390244,0.24390243902439024,0.6341463414634146
5,dyn_down,gen_high,18,0.4146341463414634,0.2439024390243903,0.6585365853658537
5,dyn_down,gen_high,19,0.43902439024390244,0.2439024390243903,0.6829268292682927
5,dyn_down,gen_high,20,0.4634146341463415,0.24390243902439018,0.7073170731707317
5,dyn_down,gen_high,21,0.4878048780487805,0.24390243902439024,0.7317073170731707
5,dyn_down,degree_high,1,0.0,0.0,0.0
5,dyn_down,degree_high,2,0.024390243902439025,0.07317073170731708,0.0975609756097561
5,dyn_down,degree_high,3,0.04878048780487805,0.07317073170731707,0.12195121951219512
5,dyn_down,degree_high,4,0.07317073170731707,0.07317073170731707,0.14634146341463414
5,dyn_down,degree_high,5,0.0975609756097561,0.0975609756097561,0.1951219512195122
5,dyn_down,degree_high,6,0.12195121951219512,0.0975609756097561,0.21951219512195122
5,dyn_down,degree_high,7,0.14634146341463414,0.12195121951219515,0.2682926829268293
5,dyn_down,degree_high,8,0.17073170731707318,0.12195121951219509,0.2926829268292683
5,dyn_down,degree_high,9,0.1951219512195122,0.12195121951219512,0.3170731707317073
5,dyn_down,degree_high,10,0.21951219512195122,0.12195121951219515,0.34146341463414637
5,dyn_down,degree_high,11,0.24390243902439024,0.12195121951219512,0.36585365853658536
5,dyn_down,degree_high,12,0.2682926829268293,0.12195121951219512,0.3902439024390244
5,dyn_down,degree_high,13,0.2926829268292683,0.12195121951219512,0.4146341463414634
5,dyn_down,degree_high,14,0.3170731707317073,0.12195121951219512,0.43902439024390244
5,dyn_down,degree_high,15,0.34146341463414637,0.12195121951219512,0.4634146341463415
5,dyn_down,degree_high,16,0.36585365853658536,0.12195121951219512,0.4878048780487805
5,dyn_down,degree_high,17,0.3902439024390244,0.12195121951219512,0.5121951219512195
5,dyn_down,degree_high,18,0.4146341463414634,0.12195121951219517,0.5365853658536586
5,dyn_down,degree_high,19,0.43902439024390244,0.1463414634146341,0.5853658536585366
5,dyn_down,degree_high,20,0.4634146341463415,0.1463414634146341,0.6097560975609756
5,dyn_down,degree_high,21,0.4878048780487805,0.14634146341463417,0.6341463414634146
5,dyn_down,degree_high,22,0.5121951219512195,0.14634146341463417,0.6585365853658537
5,dyn_down,degree_high,23,0.5365853658536586,0.14634146341463417,0.6829268292682927
5,dyn_down,degree_high,24,0.5609756097560976,0.14634146341463405,0.7073170731707317
5,dyn_down,degree_high,25,0.5853658536585366,0.14634146341463417,0.7317073170731707
5,dyn_down,degree_low,1,0.0,0.0,0.0
5,dyn_down,degree_low,2,0.024390243902439025,0.0975609756097561,0.12195121951219512
5,dyn_down,degree_low,3,0.04878048780487805,0.09756097560975609,0.14634146341463414
5,dyn_down,degree_low,4,0.07317073170731707,0.14634146341463417,0.21951219512195122
5,dyn_down,degree_low,5,0.0975609756097561,0.14634146341463414,0.24390243902439024
5,dyn_down,degree_low,6,0.12195121951219512,0.14634146341463417,0.2682926829268293
5,dyn_down,degree_low,7,0.14634146341463414,0.14634146341463414,0.2926829268292683
5,dyn_down,degree_low,8,0.17073170731707318,0.14634146341463414,0.3170731707317073
5,dyn_down,degree_low,9,0.1951219512195122,0.14634146341463417,0.34146341463414637
5,dyn_down,degree_low,10,0.21951219512195122,0.14634146341463414,0.36585365853658536
5,dyn_down,degree_low,11,0.24390243902439024,0.14634146341463417,0.3902439024390244
5,dyn_down,degree_low,12,0.2682926829268293,0.1463414634146341,0.4146341463414634
5,dyn_down,degree_low,13,0.2926829268292683,0.21951219512195125,0.5121951219512195
5,dyn_down,degree_low,14,0.3170731707317073,0.21951219512195125,0.5365853658536586
5,dyn_down,degree_low,15,0.34146341463414637,0.24390243902439018,0.5853658536585366
5,dyn_down,degree_low,16,0.36585365853658536,0.24390243902439024,0.6097560975609756
5,dyn_down,degree_low,17,0.3902439024390244,0.24390243902439024,0.6341463414634146
5,dyn_down,degree_low,18,0.4146341463414634,0.2439024390243903,0.6585365853658537
5,dyn_down,degree_low,19,0.43902439024390244,0.2439024390243903,0.6829268292682927
5,dyn_down,degree_low,20,0.4634146341463415,0.24390243902439018,0.7073170731707317
5,dyn_down,degree_low,21,0.4878048780487805,0.24390243902439024,0.7317073170731707
5,dyn_down,vul_high,1,0.0,0.0,0.0
5,dyn_down,vul_high,2,0.024390243902439025,0.0975609756097561,0.12195121951219512
5,dyn_down,vul_high,3,0.04878048780487805,0.09756097560975609,0.14634146341463414
5,dyn_down,vul_high,4,0.07317073170731707,0.09756097560975611,0.17073170731707318
5,dyn_down,vul_high,5,0.0975609756097561,0.14634146341463414,0.24390243902439024
5,dyn_down,vul_high,6,0.12195121951219512,0.14634146341463417,0.2682926829268293
5,dyn_down,vul_high,7,0.14634146341463414,0.14634146341463414,0.2926829268292683
5,dyn_down,vul_high,8,0.17073170731707318,0.14634146341463414,0.3170731707317073
5,dyn_down,vul_high,9,0.1951219512195122,0.14634146341463417,0.34146341463414637
5,dyn_down,vul_high,10,0.21951219512195122,0.14634146341463414,0.36585365853658536
5,dyn_down,vul_high,11,0.24390243902439024,0.14634146341463417,0.3902439024390244
5,dyn_down,vul_high,12,0.2682926829268293,0.1463414634146341,0.4146341463414634
5,dyn_down,vul_high,13,0.2926829268292683,0.14634146341463417,0.43902439024390244
5,dyn_down,vul_high,14,0.3170731707317073,0.14634146341463417,0.4634146341463415
5,dyn_down,vul_high,15,0.34146341463414637,0.1463414634146341,0.4878048780487805
5,dyn_down,vul_high,16,0.36585365853658536,0.14634146341463417,0.5121951219512195
5,dyn_down,vul_high,17,0.3902439024390244,0.14634146341463417,0.5365853658536586
5,dyn_down,vul_high,18,0.4146341463414634,0.14634146341463422,0.5609756097560976
5,dyn_down,vul_high,19,0.43902439024390244,0.1463414634146341,0.5853658536585366
5,dyn_down,vul_high,20,0.4634146341463415,0.1463414634146341,0.6097560975609756
5,dyn_down,vul_high,21,0.4878048780487805,0.14634146341463417,0.6341463414634146
5,dyn_down,vul_high,22,0.5121951219512195,0.14634146341463417,0.6585365853658537
5,dyn_down,vul_high,23,0.5365853658536586,0.14634146341463417,0.6829268292682927
5,dyn_down,vul_high,24,0.5609756097560976,0.14634146341463405,0.7073170731707317
5,dyn_down,vul_high,25,0.5853658536585366,0.14634146341463417,0.7317073170731707
5,dyn_down,bm_low,1,0.0,0.0,0.0
5,dyn_down,bm_low,2,0.024390243902439025,0.0975609756097561,0.12195121951219512
5,dyn_down,bm_low,3,0.04878048780487805,0.09756097560975609,0.14634146341463414
5,dyn_down,bm_low,4,0.07317073170731707,0.09756097560975611,0.17073170731707318
5,dyn_down,bm_low,5,0.0975609756097561,0.0975609756097561,0.1951219512195122
5,dyn_down,bm_low,6,0.12195121951219512,0.0975609756097561,0.21951219512195122
5,dyn_down,bm_low,7,0.14634146341463414,0.0975609756097561,0.24390243902439024
5,dyn_down,bm_low,8,0.17073170731707318,0.0975609756097561,0.2682926829268293
5,dyn_down,bm_low,9,0.1951219512195122,0.09756097560975607,0.2926829268292683
5,dyn_down,bm_low,10,0.21951219512195122,0.0975609756097561,0.3170731707317073
5,dyn_down,bm_low,11,0.24390243902439024,0.12195121951219512,0.36585365853658536
5,dyn_down,bm_low,12,0.2682926829268293,0.12195121951219512,0.3902439024390244
5,dyn_down,bm_low,13,0.2926829268292683,0.12195121951219512,0.4146341463414634
5,dyn_down,bm_low,14,0.3170731707317073,0.12195121951219512,0.43902439024390244
5,dyn_down,bm_low,15,0.34146341463414637,0.12195121951219512,0.4634146341463415
5,dyn_down,bm_low,16,0.36585365853658536,0.12195121951219512,0.4878048780487805
5,dyn_down,bm_low,17,0.3902439024390244,0.14634146341463417,0.5365853658536586
5,dyn_down,bm_low,18,0.4146341463414634,0.14634146341463422,0.5609756097560976
5,dyn_down,bm_low,19,0.43902439024390244,0.1463414634146341,0.5853658536585366
5,dyn_down,bm_low,20,0.4634146341463415,0.1463414634146341,0.6097560975609756
5,dyn_down,bm_low,21,0.4878048780487805,0.14634146341463417,0.6341463414634146
5,dyn_down,bm_low,22,0.5121951219512195,0.14634146341463417,0.6585365853658537
5,dyn_down,bm_low,23,0.5365853658536586,0.14634146341463417,0.6829268292682927
5,dyn_down,bm_low,24,0.5609756097560976,0.14634146341463405,0.7073170731707317
5,dyn_down,bm_low,25,0.5853658536585366,0.14634146341463417,0.7317073170731707
6,dyn_niche,gen_low,1,0.0,0.0,0.0
6,dyn_niche,gen_low,2,0.02857142857142857,0.34285714285714286,0.37142857142857144
6,dyn_niche,gen_low,3,0.05714285714285714,0.34285714285714286,0.4
6,dyn_niche,gen_low,4,0.08571428571428572,0.34285714285714286,0.42857142857142855
6,dyn_niche,gen_low,5,0.11428571428571428,0.34285714285714286,0.45714285714285713
6,dyn_niche,gen_low,6,0.14285714285714285,0.34285714285714286,0.4857142857142857
6,dyn_niche,gen_low,7,0.17142857142857143,0.3428571428571428,0.5142857142857142
6,dyn_niche,gen_low,8,0.2,0.3428571428571428,0.5428571428571428
6,dyn_niche,gen_low,9,0.22857142857142856,0.34285714285714286,0.5714285714285714
6,dyn_niche,gen_low,10,0.2571428571428571,0.34285714285714286,0.6
6,dyn_niche,gen_low,11,0.2857142857142857,0.34285714285714286,0.6285714285714286
6,dyn_niche,gen_low,12,0.3142857142857143,0.34285714285714286,0.6571428571428571
6,dyn_niche,gen_low,13,0.34285714285714286,0.34285714285714286,0.6857142857142857
6,dyn_niche,gen_low,14,0.37142857142857144,0.34285714285714286,0.7142857142857143
6,dyn_niche,gen_low,15,0.4,0.34285714285714286,0.7428571428571429
6,dyn_niche,gen_low,16,0.42857142857142855,0.3428571428571429,0.7714285714285715
6,dyn_niche,gen_low,17,0.45714285714285713,0.3428571428571429,0.8
6,dyn_niche,gen_low,18,0.4857142857142857,0.3428571428571429,0.8285714285714286
6,dyn_niche,vul_low,1,0.0,0.0,0.0
6,dyn_niche,vul_low,2,0.02857142857142857,0.34285714285714286,0.37142857142857144
6,dyn_niche,vul_low,3,0.05714285714285714,0.34285714285714286,0.4
6,dyn_niche,vul_low,4,0.08571428571428572,0.34285714285714286,0.42857142857142855
6,dyn_niche,vul_low,5,0.11428571428571428,0.34285714285714286,0.45714285714285713
6,dyn_niche,vul_low,6,0.14285714285714285,0.34285714285714286,0.4857142857142857
6,dyn_niche,vul_low,7,0.17142857142857143,0.3428571428571428,0.5142857142857142
6,dyn_niche,vul_low,8,0.2,0.3428571428571428,0.5428571428571428
6,dyn_niche,vul_low,9,0.22857142857142856,0.34285714285714286,0.5714285714285714
6,dyn_niche,vul_low,10,0.2571428571428571,0.34285714285714286,0.6
6,dyn_niche,vul_low,11,0.2857142857142857,0.34285714285714286,0.6285714285714286
6,dyn_niche,vul_low,12,0.3142857142857143,0.34285714285714286,0.6571428571428571
6,dyn_niche,vul_low,13,0.34285714285714286,0.34285714285714286,0.6857142857142857
6,dyn_niche,vul_low,14,0.37142857142857144,0.34285714285714286,0.7142857142857143
6,dyn_niche,vul_low,15,0.4,0.34285714285714286,0.7428571428571429
6,dyn_niche,vul_low,16,0.42857142857142855,0.3428571428571429,0.7714285714285715
6,dyn_niche,vul_low,17,0.45714285714285713,0.3428571428571429,0.8
6,dyn_niche,vul_low,18,0.4857142857142857,0.3428571428571429,0.8285714285714286
6,dyn_niche,rand_basal,1,0.0,0.0,0.0
6,dyn_niche,rand_basal,2,0.02857142857142857,0.37142857142857144,0.4
6,dyn_niche,rand_basal,3,0.05714285714285714,0.42857142857142855,0.4857142857142857
6,dyn_niche,rand_basal,4,0.08571428571428572,0.4285714285714285,0.5142857142857142
6,dyn_niche,rand_basal,5,0.11428571428571428,0.6,0.7142857142857143
6,dyn_niche,rand_basal,6,0.14285714285714285,0.6000000000000001,0.7428571428571429
6,dyn_niche,rand_basal,7,0.17142857142857143,0.6571428571428573,0.8285714285714286
6,dyn_niche,rand_consumer,1,0.0,0.0,0.0
6,dyn_niche,rand_consumer,2,0.02857142857142857,0.37142857142857144,0.4
6,dyn_niche,rand_consumer,3,0.05714285714285714,0.3714285714285714,0.42857142857142855
6,dyn_niche,rand_consumer,4,0.08571428571428572,0.37142857142857144,0.45714285714285713
6,dyn_niche,rand_consumer,5,0.11428571428571428,0.37142857142857144,0.4857142857142857
6,dyn_niche,rand_consumer,6,0.14285714285714285,0.39999999999999997,0.5428571428571428
6,dyn_niche,rand_consumer,7,0.17142857142857143,0.39999999999999997,0.5714285714285714
6,dyn_niche,rand_consumer,8,0.2,0.39999999999999997,0.6
6,dyn_niche,rand_consumer,9,0.22857142857142856,0.4,0.6285714285714286
6,dyn_niche,rand_consumer,10,0.2571428571428571,0.4,0.6571428571428571
6,dyn_niche,rand_consumer,11,0.2857142857142857,0.4,0.6857142857142857
6,dyn_niche,rand_consumer,12,0.3142857142857143,0.4,0.7142857142857143
6,dyn_niche,rand_consumer,13,0.34285714285714286,0.4,0.7428571428571429
6,dyn_niche,rand_consumer,14,0.37142857142857144,0.4,0.7714285714285715
6,dyn_niche,rand_consumer,15,0.4,0.4,0.8
6,dyn_niche,rand_consumer,16,0.42857142857142855,0.4000000000000001,0.8285714285714286
6,dyn_niche,bm_high,1,0.0,0.0,0.0
6,dyn_niche,bm_high,2,0.02857142857142857,0.34285714285714286,0.37142857142857144
6,dyn_niche,bm_high,3,0.05714285714285714,0.34285714285714286,0.4
6,dyn_niche,bm_high,4,0.08571428571428572,0.34285714285714286,0.42857142857142855
6,dyn_niche,bm_high,5,0.11428571428571428,0.37142857142857144,0.4857142857142857
6,dyn_niche,bm_high,6,0.14285714285714285,0.45714285714285713,0.6
6,dyn_niche,bm_high,7,0.17142857142857143,0.5142857142857142,0.6857142857142857
6,dyn_niche,bm_high,8,0.2,0.5142857142857142,0.7142857142857143
6,dyn_niche,bm_high,9,0.22857142857142856,0.5142857142857143,0.7428571428571429
6,dyn_niche,bm_high,10,0.2571428571428571,0.5142857142857143,0.7714285714285715
6,dyn_niche,bm_high,11,0.2857142857142857,0.5142857142857143,0.8
6,dyn_niche,bm_high,12,0.3142857142857143,0.5142857142857143,0.8285714285714286
6,dyn_niche,gen_high,1,0.0,0.0,0.0
6,dyn_niche,gen_high,2,0.02857142857142857,0.37142857142857144,0.4
6,dyn_niche,gen_high,3,0.05714285714285714,0.3714285714285714,0.42857142857142855
6,dyn_niche,gen_high,4,0.08571428571428572,0.37142857142857144,0.45714285714285713
6,dyn_niche,gen_high,5,0.11428571428571428,0.37142857142857144,0.4857142857142857
6,dyn_niche,gen_high,6,0.14285714285714285,0.3714285714285714,0.5142857142857142
6,dyn_niche,gen_high,7,0.17142857142857143,0.3714285714285714,0.5428571428571428
6,dyn_niche,gen_high,8,0.2,0.3714285714285714,0.5714285714285714
6,dyn_niche,gen_high,9,0.22857142857142856,0.37142857142857144,0.6
6,dyn_niche,gen_high,10,0.2571428571428571,0.37142857142857144,0.6285714285714286
6,dyn_niche,gen_high,11,0.2857142857142857,0.37142857142857144,0.6571428571428571
6,dyn_niche,gen_high,12,0.3142857142857143,0.37142857142857144,0.6857142857142857
6,dyn_niche,gen_high,13,0.34285714285714286,0.37142857142857144,0.7142857142857143
6,dyn_niche,gen_high,14,0.37142857142857144,0.37142857142857144,0.7428571428571429
6,dyn_niche,gen_high,15,0.4,0.37142857142857144,0.7714285714285715
6,dyn_niche,gen_high,16,0.42857142857142855,0.3714285714285715,0.8
6,dyn_niche,gen_high,17,0.45714285714285713,0.3714285714285715,0.8285714285714286
6,dyn_niche,degree_high,1,0.0,0.0,0.0
6,dyn_niche,degree_high,2,0.02857142857142857,0.37142857142857144,0.4
6,dyn_niche,degree_high,3,0.05714285714285714,0.3714285714285714,0.42857142857142855
6,dyn_niche,degree_high,4,0.08571428571428572,0.37142857142857144,0.45714285714285713
6,dyn_niche,degree_high,5,0.11428571428571428,0.37142857142857144,0.4857142857142857
6,dyn_niche,degree_high,6,0.14285714285714285,0.3714285714285714,0.5142857142857142
6,dyn_niche,degree_high,7,0.17142857142857143,0.3714285714285714,0.5428571428571428
6,dyn_niche,degree_high,8,0.2,0.42857142857142855,0.6285714285714286
6,dyn_niche,degree_high,9,0.22857142857142856,0.4571428571428572,0.6857142857142857
6,dyn_niche,degree_high,10,0.2571428571428571,0.4571428571428572,0.7142857142857143
6,dyn_niche,degree_high,11,0.2857142857142857,0.4571428571428572,0.7428571428571429
6,dyn_niche,degree_high,12,0.3142857142857143,0.4571428571428572,0.7714285714285715
6,dyn_niche,degree_high,13,0.34285714285714286,0.4571428571428572,0.8
6,dyn_niche,degree_high,14,0.37142857142857144,0.4571428571428572,0.8285714285714286
6,dyn_niche,degree_low,1,0.0,0.0,0.0
6,dyn_niche,degree_low,2,0.02857142857142857,0.37142857142857144,0.4
6,dyn_niche,degree_low,3,0.05714285714285714,0.39999999999999997,0.45714285714285713
6,dyn_niche,degree_low,4,0.08571428571428572,0.4,0.4857142857142857
6,dyn_niche,degree_low,5,0.11428571428571428,0.39999999999999997,0.5142857142857142
6,dyn_niche,degree_low,6,0.14285714285714285,0.39999999999999997,0.5428571428571428
6,dyn_niche,degree_low,7,0.17142857142857143,0.39999999999999997,0.5714285714285714
6,dyn_niche,degree_low,8,0.2,0.39999999999999997,0.6
6,dyn_niche,degree_low,9,0.22857142857142856,0.4,0.6285714285714286
6,dyn_niche,degree_low,10,0.2571428571428571,0.4,0.6571428571428571
6,dyn_niche,degree_low,11,0.2857142857142857,0.4,0.6857142857142857
6,dyn_niche,degree_low,12,0.3142857142857143,0.4,0.7142857142857143
6,dyn_niche,degree_low,13,0.34285714285714286,0.4,0.7428571428571429
6,dyn_niche,degree_low,14,0.37142857142857144,0.4,0.7714285714285715
6,dyn_niche,degree_low,15,0.4,0.4,0.8
6,dyn_niche,degree_low,16,0.42857142857142855,0.4000000000000001,0.8285714285714286
6,dyn_niche,vul_high,1,0.0,0.0,0.0
6,dyn_niche,vul_high,2,0.02857142857142857,0.37142857142857144,0.4
6,dyn_niche,vul_high,3,0.05714285714285714,0.3714285714285714,0.42857142857142855
6,dyn_niche,vul_high,4,0.08571428571428572,0.37142857142857144,0.45714285714285713
6,dyn_niche,vul_high,5,0.11428571428571428,0.37142857142857144,0.4857142857142857
6,dyn_niche,vul_high,6,0.14285714285714285,0.3714285714285714,0.5142857142857142
6,dyn_niche,vul_high,7,0.17142857142857143,0.3714285714285714,0.5428571428571428
6,dyn_niche,vul_high,8,0.2,0.3714285714285714,0.5714285714285714
6,dyn_niche,vul_high,9,0.22857142857142856,0.37142857142857144,0.6
6,dyn_niche,vul_high,10,0.2571428571428571,0.37142857142857144,0.6285714285714286
6,dyn_niche,vul_high,11,0.2857142857142857,0.37142857142857144,0.6571428571428571
6,dyn_niche,vul_high,12,0.3142857142857143,0.37142857142857144,0.6857142857142857
6,dyn_niche,vul_high,13,0.34285714285714286,0.37142857142857144,0.7142857142857143
6,dyn_niche,vul_high,14,0.37142857142857144,0.37142857142857144,0.7428571428571429
6,dyn_niche,vul_high,15,0.4,0.37142857142857144,0.7714285714285715
6,dyn_niche,vul_high,16,0.42857142857142855,0.3714285714285715,0.8
6,dyn_niche,vul_high,17,0.45714285714285713,0.3714285714285715,0.8285714285714286
6,dyn_niche,bm_low,1,0.0,0.0,0.0
6,dyn_niche,bm_low,2,0.02857142857142857,0.37142857142857144,0.4
6,dyn_niche,bm_low,3,0.05714285714285714,0.3714285714285714,0.42857142857142855
6,dyn_niche,bm_low,4,0.08571428571428572,0.37142857142857144,0.45714285714285713
6,dyn_niche,bm_low,5,0.11428571428571428,0.37142857142857144,0.4857142857142857
6,dyn_niche,bm_low,6,0.14285714285714285,0.3714285714285714,0.5142857142857142
6,dyn_niche,bm_low,7,0.17142857142857143,0.3714285714285714,0.5428571428571428
6,dyn_niche,bm_low,8,0.2,0.3714285714285714,0.5714285714285714
6,dyn_niche,bm_low,9,0.22857142857142856,0.37142857142857144,0.6
6,dyn_niche,bm_low,10,0.2571428571428571,0.37142857142857144,0.6285714285714286
6,dyn_niche,bm_low,11,0.2857142857142857,0.48571428571428577,0.7714285714285715
6,dyn_niche,bm_low,12,0.3142857142857143,0.48571428571428577,0.8
6,dyn_niche,bm_low,13,0.34285714285714286,0.48571428571428577,0.8285714285714286
6,dyn_down_size,gen_low,1,0.0,0.0,0.0
6,dyn_down_size,gen_low,2,0.027777777777777776,0.0,0.027777777777777776
6,dyn_down_size,gen_low,3,0.05555555555555555,0.0,0.05555555555555555
6,dyn_down_size,gen_low,4,0.08333333333333333,0.0,0.08333333333333333
6,dyn_down_size,gen_low,5,0.1111111111111111,0.0,0.1111111111111111
6,dyn_down_size,gen_low,6,0.1388888888888889,0.0,0.1388888888888889
6,dyn_down_size,gen_low,7,0.16666666666666666,0.0,0.16666666666666666
6,dyn_down_size,gen_low,8,0.19444444444444445,0.0,0.19444444444444445
6,dyn_down_size,gen_low,9,0.2222222222222222,0.0,0.2222222222222222
6,dyn_down_size,gen_low,10,0.25,0.0,0.25
6,dyn_down_size,gen_low,11,0.2777777777777778,0.0,0.2777777777777778
6,dyn_down_size,gen_low,12,0.3055555555555556,0.0,0.3055555555555556
6,dyn_down_size,vul_low,1,0.0,0.0,0.0
6,dyn_down_size,vul_low,2,0.027777777777777776,0.0,0.027777777777777776
6,dyn_down_size,vul_low,3,0.05555555555555555,0.0,0.05555555555555555
6,dyn_down_size,vul_low,4,0.08333333333333333,0.0,0.08333333333333333
6,dyn_down_size,vul_low,5,0.1111111111111111,0.0,0.1111111111111111
6,dyn_down_size,vul_low,6,0.1388888888888889,0.0,0.1388888888888889
6,dyn_down_size,vul_low,7,0.16666666666666666,0.0,0.16666666666666666
6,dyn_down_size,vul_low,8,0.19444444444444445,0.0,0.19444444444444445
6,dyn_down_size,vul_low,9,0.2222222222222222,0.0,0.2222222222222222
6,dyn_down_size,vul_low,10,0.25,0.0,0.25
6,dyn_down_size,vul_low,11,0.2777777777777778,0.0,0.2777777777777778
6,dyn_down_size,vul_low,12,0.3055555555555556,0.0,0.3055555555555556
6,dyn_down_size,rand_basal,1,0.0,0.0,0.0
6,dyn_down_size,rand_basal,2,0.027777777777777776,0.0,0.027777777777777776
6,dyn_down_size,rand_basal,3,0.05555555555555555,0.0,0.05555555555555555
6,dyn_down_size,rand_basal,4,0.08333333333333333,0.0,0.08333333333333333
6,dyn_down_size,rand_basal,5,0.1111111111111111,0.0,0.1111111111111111
6,dyn_down_size,rand_basal,6,0.1388888888888889,0.0,0.1388888888888889
6,dyn_down_size,rand_basal,7,0.16666666666666666,0.0,0.16666666666666666
6,dyn_down_size,rand_basal,8,0.19444444444444445,0.0,0.19444444444444445
6,dyn_down_size,rand_basal,9,0.2222222222222222,0.0,0.2222222222222222
6,dyn_down_size,rand_basal,10,0.25,0.0,0.25
6,dyn_down_size,rand_basal,11,0.2777777777777778,0.0,0.2777777777777778
6,dyn_down_size,rand_basal,12,0.3055555555555556,0.0,0.3055555555555556
6,dyn_down_size,rand_basal,13,0.3333333333333333,0.0,0.3333333333333333
6,dyn_down_size,rand_basal,14,0.3611111111111111,0.0,0.3611111111111111
6,dyn_down_size,rand_basal,15,0.3888888888888889,0.0,0.3888888888888889
6,dyn_down_size,rand_basal,16,0.4166666666666667,0.0,0.4166666666666667
6,dyn_down_size,rand_basal,17,0.4444444444444444,0.0,0.4444444444444444
6,dyn_down_size,rand_basal,18,0.4722222222222222,0.0,0.4722222222222222
6,dyn_down_size,rand_basal,19,0.5,0.0,0.5
6,dyn_down_size,rand_basal,20,0.5277777777777778,0.0,0.5277777777777778
6,dyn_down_size,rand_basal,21,0.5555555555555556,0.0,0.5555555555555556
6,dyn_down_size,rand_basal,22,0.5833333333333334,0.0,0.5833333333333334
6,dyn_down_size,rand_basal,23,0.6111111111111112,0.0,0.6111111111111112
6,dyn_down_size,rand_basal,24,0.6388888888888888,0.02777777777777779,0.6666666666666666
6,dyn_down_size,rand_basal,25,0.6666666666666666,0.08333333333333337,0.75
6,dyn_down_size,rand_basal,26,0.6944444444444444,0.08333333333333337,0.7777777777777778
6,dyn_down_size,rand_consumer,1,0.0,0.0,0.0
6,dyn_down_size,rand_consumer,2,0.027777777777777776,0.0,0.027777777777777776
6,dyn_down_size,rand_consumer,3,0.05555555555555555,0.0,0.05555555555555555
6,dyn_down_size,rand_consumer,4,0.08333333333333333,0.0,0.08333333333333333
6,dyn_down_size,rand_consumer,5,0.1111111111111111,0.0,0.1111111111111111
6,dyn_down_size,rand_consumer,6,0.1388888888888889,0.0,0.1388888888888889
6,dyn_down_size,rand_consumer,7,0.16666666666666666,0.0,0.16666666666666666
6,dyn_down_size,rand_consumer,8,0.19444444444444445,0.0,0.19444444444444445
6,dyn_down_size,rand_consumer,9,0.2222222222222222,0.0,0.2222222222222222
6,dyn_down_size,rand_consumer,10,0.25,0.0,0.25
6,dyn_down_size,rand_consumer,11,0.2777777777777778,0.0,0.2777777777777778
6,dyn_down_size,rand_consumer,12,0.3055555555555556,0.0,0.3055555555555556
6,dyn_down_size,bm_high,1,0.0,0.0,0.0
6,dyn_down_size,bm_high,2,0.027777777777777776,0.0,0.027777777777777776
6,dyn_down_size,bm_high,3,0.05555555555555555,0.0,0.05555555555555555
6,dyn_down_size,bm_high,4,0.08333333333333333,0.0,0.08333333333333333
6,dyn_down_size,bm_high,5,0.1111111111111111,0.0,0.1111111111111111
6,dyn_down_size,bm_high,6,0.1388888888888889,0.0,0.1388888888888889
6,dyn_down_size,bm_high,7,0.16666666666666666,0.0,0.16666666666666666
6,dyn_down_size,bm_high,8,0.19444444444444445,0.0,0.19444444444444445
6,dyn_down_size,bm_high,9,0.2222222222222222,0.0,0.2222222222222222
6,dyn_down_size,bm_high,10,0.25,0.0,0.25
6,dyn_down_size,bm_high,11,0.2777777777777778,0.0,0.2777777777777778
6,dyn_down_size,bm_high,12,0.3055555555555556,0.0,0.3055555555555556
6,dyn_down_size,gen_high,1,0.0,0.0,0.0
6,dyn_down_size,gen_high,2,0.027777777777777776,0.0,0.027777777777777776
6,dyn_down_size,gen_high,3,0.05555555555555555,0.0,0.05555555555555555
6,dyn_down_size,gen_high,4,0.08333333333333333,0.0,0.08333333333333333
6,dyn_down_size,gen_high,5,0.1111111111111111,0.0,0.1111111111111111
6,dyn_down_size,gen_high,6,0.1388888888888889,0.0,0.1388888888888889
6,dyn_down_size,gen_high,7,0.16666666666666666,0.0,0.16666666666666666
6,dyn_down_size,gen_high,8,0.19444444444444445,0.0,0.19444444444444445
6,dyn_down_size,gen_high,9,0.2222222222222222,0.0,0.2222222222222222
6,dyn_down_size,gen_high,10,0.25,0.0,0.25
6,dyn_down_size,gen_high,11,0.2777777777777778,0.0,0.2777777777777778
6,dyn_down_size,gen_high,12,0.3055555555555556,0.0,0.3055555555555556
6,dyn_down_size,degree_high,1,0.0,0.0,0.0
6,dyn_down_size,degree_high,2,0.027777777777777776,0.0,0.027777777777777776
6,dyn_down_size,degree_high,3,0.05555555555555555,0.0,0.05555555555555555
6,dyn_down_size,degree_high,4,0.08333333333333333,0.0,0.08333333333333333
6,dyn_down_size,degree_high,5,0.1111111111111111,0.0,0.1111111111111111
6,dyn_down_size,degree_high,6,0.1388888888888889,0.0,0.1388888888888889
6,dyn_down_size,degree_high,7,0.16666666666666666,0.0,0.16666666666666666
6,dyn_down_size,degree_high,8,0.19444444444444445,0.0,0.19444444444444445
6,dyn_down_size,degree_high,9,0.2222222222222222,0.0,0.2222222222222222
6,dyn_down_size,degree_high,10,0.25,0.0,0.25
6,dyn_down_size,degree_high,11,0.2777777777777778,0.0,0.2777777777777778
6,dyn_down_size,degree_high,12,0.3055555555555556,0.0,0.3055555555555556
6,dyn_down_size,degree_low,1,0.0,0.0,0.0
6,dyn_down_size,degree_low,2,0.027777777777777776,0.0,0.027777777777777776
6,dyn_down_size,degree_low,3,0.05555555555555555,0.0,0.05555555555555555
6,dyn_down_size,degree_low,4,0.08333333333333333,0.0,0.08333333333333333
6,dyn_down_size,degree_low,5,0.1111111111111111,0.0,0.1111111111111111
6,dyn_down_size,degree_low,6,0.1388888888888889,0.0,0.1388888888888889
6,dyn_down_size,degree_low,7,0.16666666666666666,0.0,0.16666666666666666
6,dyn_down_size,degree_low,8,0.19444444444444445,0.0,0.19444444444444445
6,dyn_down_size,degree_low,9,0.2222222222222222,0.0,0.2222222222222222
6,dyn_down_size,degree_low,10,0.25,0.0,0.25
6,dyn_down_size,degree_low,11,0.2777777777777778,0.0,0.2777777777777778
6,dyn_down_size,degree_low,12,0.3055555555555556,0.0,0.3055555555555556
6,dyn_down_size,vul_high,1,0.0,0.0,0.0
6,dyn_down_size,vul_high,2,0.027777777777777776,0.0,0.027777777777777776
6,dyn_down_size,vul_high,3,0.05555555555555555,0.0,0.05555555555555555
6,dyn_down_size,vul_high,4,0.08333333333333333,0.0,0.08333333333333333
6,dyn_down_size,vul_high,5,0.1111111111111111,0.0,0.1111111111111111
6,dyn_down_size,vul_high,6,0.1388888888888889,0.0,0.1388888888888889
6,dyn_down_size,vul_high,7,0.16666666666666666,0.0,0.16666666666666666
6,dyn_down_size,vul_high,8,0.19444444444444445,0.0,0.19444444444444445
6,dyn_down_size,vul_high,9,0.2222222222222222,0.0,0.2222222222222222
6,dyn_down_size,vul_high,10,0.25,0.0,0.25
6,dyn_down_size,vul_high,11,0.2777777777777778,0.0,0.2777777777777778
6,dyn_down_size,vul_high,12,0.3055555555555556,0.0,0.3055555555555556
6,dyn_down_size,bm_low,1,0.0,0.0,0.0
6,dyn_down_size,bm_low,2,0.027777777777777776,0.0,0.027777777777777776
6,dyn_down_size,bm_low,3,0.05555555555555555,0.0,0.05555555555555555
6,dyn_down_size,bm_low,4,0.08333333333333333,0.0,0.08333333333333333
6,dyn_down_size,bm_low,5,0.1111111111111111,0.0,0.1111111111111111
6,dyn_down_size,bm_low,6,0.1388888888888889,0.0,0.1388888888888889
6,dyn_down_size,bm_low,7,0.16666666666666666,0.0,0.16666666666666666
6,dyn_down_size,bm_low,8,0.19444444444444445,0.0,0.19444444444444445
6,dyn_down_size,bm_low,9,0.2222222222222222,0.0,0.2222222222222222
6,dyn_down_size,bm_low,10,0.25,0.0,0.25
6,dyn_down_size,bm_low,11,0.2777777777777778,0.0,0.2777777777777778
6,dyn_down_size,bm_low,12,0.3055555555555556,0.0,0.3055555555555556
6,dyn_down,gen_low,1,0.0,0.0,0.0
6,dyn_down,gen_low,2,0.024390243902439025,0.07317073170731708,0.0975609756097561
6,dyn_down,gen_low,3,0.04878048780487805,0.07317073170731707,0.12195121951219512
6,dyn_down,gen_low,4,0.07317073170731707,0.17073170731707316,0.24390243902439024
6,dyn_down,gen_low,5,0.0975609756097561,0.17073170731707318,0.2682926829268293
6,dyn_down,gen_low,6,0.12195121951219512,0.17073170731707316,0.2926829268292683
6,dyn_down,gen_low,7,0.14634146341463414,0.17073170731707318,0.3170731707317073
6,dyn_down,gen_low,8,0.17073170731707318,0.17073170731707318,0.34146341463414637
6,dyn_down,gen_low,9,0.1951219512195122,0.17073170731707316,0.36585365853658536
6,dyn_down,gen_low,10,0.21951219512195122,0.17073170731707318,0.3902439024390244
6,dyn_down,gen_low,11,0.24390243902439024,0.17073170731707316,0.4146341463414634
6,dyn_down,gen_low,12,0.2682926829268293,0.17073170731707316,0.43902439024390244
6,dyn_down,gen_low,13,0.2926829268292683,0.1707317073170732,0.4634146341463415
6,dyn_down,gen_low,14,0.3170731707317073,0.17073170731707316,0.4878048780487805
6,dyn_down,gen_low,15,0.34146341463414637,0.17073170731707316,0.5121951219512195
6,dyn_down,gen_low,16,0.36585365853658536,0.1707317073170732,0.5365853658536586
6,dyn_down,gen_low,17,0.3902439024390244,0.1707317073170732,0.5609756097560976
6,dyn_down,gen_low,18,0.4146341463414634,0.17073170731707316,0.5853658536585366
6,dyn_down,gen_low,19,0.43902439024390244,0.17073170731707316,0.6097560975609756
6,dyn_down,gen_low,20,0.4634146341463415,0.17073170731707316,0.6341463414634146
6,dyn_down,gen_low,21,0.4878048780487805,0.1707317073170732,0.6585365853658537
6,dyn_down,vul_low,1,0.0,0.0,0.0
6,dyn_down,vul_low,2,0.024390243902439025,0.07317073170731708,0.0975609756097561
6,dyn_down,vul_low,3,0.04878048780487805,0.07317073170731707,0.12195121951219512
6,dyn_down,vul_low,4,0.07317073170731707,0.07317073170731707,0.14634146341463414
6,dyn_down,vul_low,5,0.0975609756097561,0.07317073170731708,0.17073170731707318
6,dyn_down,vul_low,6,0.12195121951219512,0.07317073170731708,0.1951219512195122
6,dyn_down,vul_low,7,0.14634146341463414,0.07317073170731708,0.21951219512195122
6,dyn_down,vul_low,8,0.17073170731707318,0.07317073170731705,0.24390243902439024
6,dyn_down,vul_low,9,0.1951219512195122,0.09756097560975607,0.2926829268292683
6,dyn_down,vul_low,10,0.21951219512195122,0.0975609756097561,0.3170731707317073
6,dyn_down,vul_low,11,0.24390243902439024,0.09756097560975613,0.34146341463414637
6,dyn_down,vul_low,12,0.2682926829268293,0.09756097560975607,0.36585365853658536
6,dyn_down,vul_low,13,0.2926829268292683,0.09756097560975613,0.3902439024390244
6,dyn_down,vul_low,14,0.3170731707317073,0.09756097560975607,0.4146341463414634
6,dyn_down,vul_low,15,0.34146341463414637,0.09756097560975607,0.43902439024390244
6,dyn_down,vul_low,16,0.36585365853658536,0.09756097560975613,0.4634146341463415
6,dyn_down,vul_low,17,0.3902439024390244,0.09756097560975607,0.4878048780487805
6,dyn_down,vul_low,18,0.4146341463414634,0.09756097560975613,0.5121951219512195
6,dyn_down,vul_low,19,0.43902439024390244,0.09756097560975613,0.5365853658536586
6,dyn_down,vul_low,20,0.4634146341463415,0.09756097560975613,0.5609756097560976
6,dyn_down,vul_low,21,0.4878048780487805,0.09756097560975607,0.5853658536585366
6,dyn_down,vul_low,22,0.5121951219512195,0.09756097560975607,0.6097560975609756
6,dyn_down,vul_low,23,0.5365853658536586,0.09756097560975607,0.6341463414634146
6,dyn_down,vul_low,24,0.5609756097560976,0.09756097560975607,0.6585365853658537
6,dyn_down,rand_basal,1,0.0,0.0,0.0
6,dyn_down,rand_basal,2,0.024390243902439025,0.07317073170731708,0.0975609756097561
6,dyn_down,rand_basal,3,0.04878048780487805,0.07317073170731707,0.12195121951219512
6,dyn_down,rand_basal,4,0.07317073170731707,0.07317073170731707,0.14634146341463414
6,dyn_down,rand_basal,5,0.0975609756097561,0.07317073170731708,0.17073170731707318
6,dyn_down,rand_basal,6,0.12195121951219512,0.07317073170731708,0.1951219512195122
6,dyn_down,rand_basal,7,0.14634146341463414,0.07317073170731708,0.21951219512195122
6,dyn_down,rand_basal,8,0.17073170731707318,0.07317073170731705,0.24390243902439024
6,dyn_down,rand_basal,9,0.1951219512195122,0.07317073170731708,0.2682926829268293
6,dyn_down,rand_basal,10,0.21951219512195122,0.07317073170731705,0.2926829268292683
6,dyn_down,rand_basal,11,0.24390243902439024,0.07317073170731708,0.3170731707317073
6,dyn_down,rand_basal,12,0.2682926829268293,0.07317073170731708,0.34146341463414637
6,dyn_down,rand_basal,13,0.2926829268292683,0.07317073170731708,0.36585365853658536
6,dyn_down,rand_basal,14,0.3170731707317073,0.07317073170731708,0.3902439024390244
6,dyn_down,rand_basal,15,0.34146341463414637,0.07317073170731703,0.4146341463414634
6,dyn_down,rand_consumer,1,0.0,0.0,0.0
6,dyn_down,rand_consumer,2,0.024390243902439025,0.07317073170731708,0.0975609756097561
6,dyn_down,rand_consumer,3,0.04878048780487805,0.07317073170731707,0.12195121951219512
6,dyn_down,rand_consumer,4,0.07317073170731707,0.07317073170731707,0.14634146341463414
6,dyn_down,rand_consumer,5,0.0975609756097561,0.07317073170731708,0.17073170731707318
6,dyn_down,rand_consumer,6,0.12195121951219512,0.07317073170731708,0.1951219512195122
6,dyn_down,rand_consumer,7,0.14634146341463414,0.07317073170731708,0.21951219512195122
6,dyn_down,rand_consumer,8,0.17073170731707318,0.07317073170731705,0.24390243902439024
6,dyn_down,rand_consumer,9,0.1951219512195122,0.07317073170731708,0.2682926829268293
6,dyn_down,rand_consumer,10,0.21951219512195122,0.07317073170731705,0.2926829268292683
6,dyn_down,rand_consumer,11,0.24390243902439024,0.07317073170731708,0.3170731707317073
6,dyn_down,rand_consumer,12,0.2682926829268293,0.07317073170731708,0.34146341463414637
6,dyn_down,rand_consumer,13,0.2926829268292683,0.07317073170731708,0.36585365853658536
6,dyn_down,rand_consumer,14,0.3170731707317073,0.07317073170731708,0.3902439024390244
6,dyn_down,rand_consumer,15,0.34146341463414637,0.07317073170731703,0.4146341463414634
6,dyn_down,rand_consumer,16,0.36585365853658536,0.07317073170731708,0.43902439024390244
6,dyn_down,rand_consumer,17,0.3902439024390244,0.07317073170731708,0.4634146341463415
6,dyn_down,rand_consumer,18,0.4146341463414634,0.07317073170731708,0.4878048780487805
6,dyn_down,rand_consumer,19,0.43902439024390244,0.07317073170731708,0.5121951219512195
6,dyn_down,rand_consumer,20,0.4634146341463415,0.07317073170731708,0.5365853658536586
6,dyn_down,rand_consumer,21,0.4878048780487805,0.07317073170731714,0.5609756097560976
6,dyn_down,rand_consumer,22,0.5121951219512195,0.07317073170731703,0.5853658536585366
6,dyn_down,rand_consumer,23,0.5365853658536586,0.07317073170731703,0.6097560975609756
6,dyn_down,rand_consumer,24,0.5609756097560976,0.07317073170731703,0.6341463414634146
6,dyn_down,rand_consumer,25,0.5853658536585366,0.07317073170731714,0.6585365853658537
6,dyn_down,bm_high,1,0.0,0.0,0.0
6,dyn_down,bm_high,2,0.024390243902439025,0.07317073170731708,0.0975609756097561
6,dyn_down,bm_high,3,0.04878048780487805,0.07317073170731707,0.12195121951219512
6,dyn_down,bm_high,4,0.07317073170731707,0.07317073170731707,0.14634146341463414
6,dyn_down,bm_high,5,0.0975609756097561,0.07317073170731708,0.17073170731707318
6,dyn_down,bm_high,6,0.12195121951219512,0.07317073170731708,0.1951219512195122
6,dyn_down,bm_high,7,0.14634146341463414,0.07317073170731708,0.21951219512195122
6,dyn_down,bm_high,8,0.17073170731707318,0.07317073170731705,0.24390243902439024
6,dyn_down,bm_high,9,0.1951219512195122,0.07317073170731708,0.2682926829268293
6,dyn_down,bm_high,10,0.21951219512195122,0.07317073170731705,0.2926829268292683
6,dyn_down,bm_high,11,0.24390243902439024,0.07317073170731708,0.3170731707317073
6,dyn_down,bm_high,12,0.2682926829268293,0.07317073170731708,0.34146341463414637
6,dyn_down,bm_high,13,0.2926829268292683,0.07317073170731708,0.36585365853658536
6,dyn_down,bm_high,14,0.3170731707317073,0.07317073170731708,0.3902439024390244
6,dyn_down,bm_high,15,0.34146341463414637,0.07317073170731703,0.4146341463414634
6,dyn_down,bm_high,16,0.36585365853658536,0.07317073170731708,0.43902439024390244
6,dyn_down,bm_high,17,0.3902439024390244,0.07317073170731708,0.4634146341463415
6,dyn_down,bm_high,18,0.4146341463414634,0.07317073170731708,0.4878048780487805
6,dyn_down,bm_high,19,0.43902439024390244,0.07317073170731708,0.5121951219512195
6,dyn_down,bm_high,20,0.4634146341463415,0.07317073170731708,0.5365853658536586
6,dyn_down,bm_high,21,0.4878048780487805,0.07317073170731714,0.5609756097560976
6,dyn_down,bm_high,22,0.5121951219512195,0.07317073170731703,0.5853658536585366
6,dyn_down,bm_high,23,0.5365853658536586,0.07317073170731703,0.6097560975609756
6,dyn_down,bm_high,24,0.5609756097560976,0.07317073170731703,0.6341463414634146
6,dyn_down,bm_high,25,0.5853658536585366,0.07317073170731714,0.6585365853658537
6,dyn_down,gen_high,1,0.0,0.0,0.0
6,dyn_down,gen_high,2,0.024390243902439025,0.07317073170731708,0.0975609756097561
6,dyn_down,gen_high,3,0.04878048780487805,0.07317073170731707,0.12195121951219512
6,dyn_down,gen_high,4,0.07317073170731707,0.07317073170731707,0.14634146341463414
6,dyn_down,gen_high,5,0.0975609756097561,0.07317073170731708,0.17073170731707318
6,dyn_down,gen_high,6,0.12195121951219512,0.07317073170731708,0.1951219512195122
6,dyn_down,gen_high,7,0.14634146341463414,0.07317073170731708,0.21951219512195122
6,dyn_down,gen_high,8,0.17073170731707318,0.07317073170731705,0.24390243902439024
6,dyn_down,gen_high,9,0.1951219512195122,0.12195121951219512,0.3170731707317073
6,dyn_down,gen_high,10,0.21951219512195122,0.12195121951219515,0.34146341463414637
6,dyn_down,gen_high,11,0.24390243902439024,0.12195121951219512,0.36585365853658536
6,dyn_down,gen_high,12,0.2682926829268293,0.12195121951219512,0.3902439024390244
6,dyn_down,gen_high,13,0.2926829268292683,0.12195121951219512,0.4146341463414634
6,dyn_down,gen_high,14,0.3170731707317073,0.12195121951219512,0.43902439024390244
6,dyn_down,gen_high,15,0.34146341463414637,0.12195121951219512,0.4634146341463415
6,dyn_down,gen_high,16,0.36585365853658536,0.12195121951219512,0.4878048780487805
6,dyn_down,gen_high,17,0.3902439024390244,0.12195121951219512,0.5121951219512195
6,dyn_down,gen_high,18,0.4146341463414634,0.12195121951219517,0.5365853658536586
6,dyn_down,gen_high,19,0.43902439024390244,0.12195121951219517,0.5609756097560976
6,dyn_down,gen_high,20,0.4634146341463415,0.12195121951219506,0.5853658536585366
6,dyn_down,gen_high,21,0.4878048780487805,0.12195121951219512,0.6097560975609756
6,dyn_down,gen_high,22,0.5121951219512195,0.12195121951219512,0.6341463414634146
6,dyn_down,gen_high,23,0.5365853658536586,0.12195121951219512,0.6585365853658537
6,dyn_down,degree_high,1,0.0,0.0,0.0
6,dyn_down,degree_high,2,0.024390243902439025,0.1951219512195122,0.21951219512195122
6,dyn_down,degree_high,3,0.04878048780487805,0.1951219512195122,0.24390243902439024
6,dyn_down,degree_high,4,0.07317073170731707,0.1951219512195122,0.2682926829268293
6,dyn_down,degree_high,5,0.0975609756097561,0.19512195121951217,0.2926829268292683
6,dyn_down,degree_high,6,0.12195121951219512,0.1951219512195122,0.3170731707317073
6,dyn_down,degree_high,7,0.14634146341463414,0.19512195121951223,0.34146341463414637
6,dyn_down,degree_high,8,0.17073170731707318,0.19512195121951217,0.36585365853658536
6,dyn_down,degree_high,9,0.1951219512195122,0.1951219512195122,0.3902439024390244
6,dyn_down,degree_high,10,0.21951219512195122,0.19512195121951217,0.4146341463414634
6,dyn_down,degree_high,11,0.24390243902439024,0.1951219512195122,0.43902439024390244
6,dyn_down,degree_high,12,0.2682926829268293,0.1951219512195122,0.4634146341463415
6,dyn_down,degree_high,13,0.2926829268292683,0.1951219512195122,0.4878048780487805
6,dyn_down,degree_high,14,0.3170731707317073,0.1951219512195122,0.5121951219512195
6,dyn_down,degree_high,15,0.34146341463414637,0.1951219512195122,0.5365853658536586
6,dyn_down,degree_high,16,0.36585365853658536,0.19512195121951226,0.5609756097560976
6,dyn_down,degree_high,17,0.3902439024390244,0.19512195121951215,0.5853658536585366
6,dyn_down,degree_high,18,0.4146341463414634,0.1951219512195122,0.6097560975609756
6,dyn_down,degree_high,19,0.43902439024390244,0.1951219512195122,0.6341463414634146
6,dyn_down,degree_high,20,0.4634146341463415,0.1951219512195122,0.6585365853658537
6,dyn_down,degree_low,1,0.0,0.0,0.0
6,dyn_down,degree_low,2,0.024390243902439025,0.07317073170731708,0.0975609756097561
6,dyn_down,degree_low,3,0.04878048780487805,0.1951219512195122,0.24390243902439024
6,dyn_down,degree_low,4,0.07317073170731707,0.1951219512195122,0.2682926829268293
6,dyn_down,degree_low,5,0.0975609756097561,0.19512195121951217,0.2926829268292683
6,dyn_down,degree_low,6,0.12195121951219512,0.1951219512195122,0.3170731707317073
6,dyn_down,degree_low,7,0.14634146341463414,0.19512195121951223,0.34146341463414637
6,dyn_down,degree_low,8,0.17073170731707318,0.19512195121951217,0.36585365853658536
6,dyn_down,degree_low,9,0.1951219512195122,0.1951219512195122,0.3902439024390244
6,dyn_down,degree_low,10,0.21951219512195122,0.19512195121951217,0.4146341463414634
6,dyn_down,degree_low,11,0.24390243902439024,0.1951219512195122,0.43902439024390244
6,dyn_down,degree_low,12,0.2682926829268293,0.1951219512195122,0.4634146341463415
6,dyn_down,degree_low,13,0.2926829268292683,0.1951219512195122,0.4878048780487805
6,dyn_down,degree_low,14,0.3170731707317073,0.1951219512195122,0.5121951219512195
6,dyn_down,degree_low,15,0.34146341463414637,0.1951219512195122,0.5365853658536586
6,dyn_down,degree_low,16,0.36585365853658536,0.19512195121951226,0.5609756097560976
6,dyn_down,degree_low,17,0.3902439024390244,0.19512195121951215,0.5853658536585366
6,dyn_down,degree_low,18,0.4146341463414634,0.1951219512195122,0.6097560975609756
6,dyn_down,degree_low,19,0.43902439024390244,0.1951219512195122,0.6341463414634146
6,dyn_down,degree_low,20,0.4634146341463415,0.1951219512195122,0.6585365853658537
6,dyn_down,vul_high,1,0.0,0.0,0.0
6,dyn_down,vul_high,2,0.024390243902439025,0.07317073170731708,0.0975609756097561
6,dyn_down,vul_high,3,0.04878048780487805,0.07317073170731707,0.12195121951219512
6,dyn_down,vul_high,4,0.07317073170731707,0.07317073170731707,0.14634146341463414
6,dyn_down,vul_high,5,0.0975609756097561,0.07317073170731708,0.17073170731707318
6,dyn_down,vul_high,6,0.12195121951219512,0.07317073170731708,0.1951219512195122
6,dyn_down,vul_high,7,0.14634146341463414,0.07317073170731708,0.21951219512195122
6,dyn_down,vul_high,8,0.17073170731707318,0.07317073170731705,0.24390243902439024
6,dyn_down,vul_high,9,0.1951219512195122,0.07317073170731708,0.2682926829268293
6,dyn_down,vul_high,10,0.21951219512195122,0.07317073170731705,0.2926829268292683
6,dyn_down,vul_high,11,0.24390243902439024,0.07317073170731708,0.3170731707317073
6,dyn_down,vul_high,12,0.2682926829268293,0.07317073170731708,0.34146341463414637
6,dyn_down,vul_high,13,0.2926829268292683,0.07317073170731708,0.36585365853658536
6,dyn_down,vul_high,14,0.3170731707317073,0.07317073170731708,0.3902439024390244
6,dyn_down,vul_high,15,0.34146341463414637,0.07317073170731703,0.4146341463414634
6,dyn_down,vul_high,16,0.36585365853658536,0.07317073170731708,0.43902439024390244
6,dyn_down,vul_high,17,0.3902439024390244,0.07317073170731708,0.4634146341463415
6,dyn_down,vul_high,18,0.4146341463414634,0.07317073170731708,0.4878048780487805
6,dyn_down,vul_high,19,0.43902439024390244,0.07317073170731708,0.5121951219512195
6,dyn_down,vul_high,20,0.4634146341463415,0.07317073170731708,0.5365853658536586
6,dyn_down,vul_high,21,0.4878048780487805,0.07317073170731714,0.5609756097560976
6,dyn_down,vul_high,22,0.5121951219512195,0.07317073170731703,0.5853658536585366
6,dyn_down,vul_high,23,0.5365853658536586,0.07317073170731703,0.6097560975609756
6,dyn_down,vul_high,24,0.5609756097560976,0.07317073170731703,0.6341463414634146
6,dyn_down,vul_high,25,0.5853658536585366,0.07317073170731714,0.6585365853658537
6,dyn_down,bm_low,1,0.0,0.0,0.0
6,dyn_down,bm_low,2,0.024390243902439025,0.07317073170731708,0.0975609756097561
6,dyn_down,bm_low,3,0.04878048780487805,0.07317073170731707,0.12195121951219512
6,dyn_down,bm_low,4,0.07317073170731707,0.07317073170731707,0.14634146341463414
6,dyn_down,bm_low,5,0.0975609756097561,0.07317073170731708,0.17073170731707318
6,dyn_down,bm_low,6,0.12195121951219512,0.07317073170731708,0.1951219512195122
6,dyn_down,bm_low,7,0.14634146341463414,0.07317073170731708,0.21951219512195122
6,dyn_down,bm_low,8,0.17073170731707318,0.07317073170731705,0.24390243902439024
6,dyn_down,bm_low,9,0.1951219512195122,0.07317073170731708,0.2682926829268293
6,dyn_down,bm_low,10,0.21951219512195122,0.07317073170731705,0.2926829268292683
6,dyn_down,bm_low,11,0.24390243902439024,0.07317073170731708,0.3170731707317073
6,dyn_down,bm_low,12,0.2682926829268293,0.07317073170731708,0.34146341463414637
6,dyn_down,bm_low,13,0.2926829268292683,0.07317073170731708,0.36585365853658536
6,dyn_down,bm_low,14,0.3170731707317073,0.07317073170731708,0.3902439024390244
6,dyn_down,bm_low,15,0.34146341463414637,0.07317073170731703,0.4146341463414634
6,dyn_down,bm_low,16,0.36585365853658536,0.07317073170731708,0.43902439024390244
6,dyn_down,bm_low,17,0.3902439024390244,0.07317073170731708,0.4634146341463415
6,dyn_down,bm_low,18,0.4146341463414634,0.07317073170731708,0.4878048780487805
6,dyn_down,bm_low,19,0.43902439024390244,0.07317073170731708,0.5121951219512195
6,dyn_down,bm_low,20,0.4634146341463415,0.07317073170731708,0.5365853658536586
6,dyn_down,bm_low,21,0.4878048780487805,0.07317073170731714,0.5609756097560976
6,dyn_down,bm_low,22,0.5121951219512195,0.07317073170731703,0.5853658536585366
6,dyn_down,bm_low,23,0.5365853658536586,0.07317073170731703,0.6097560975609756
6,dyn_down,bm_low,24,0.5609756097560976,0.07317073170731703,0.6341463414634146
6,dyn_down,bm_low,25,0.5853658536585366,0.07317073170731714,0.6585365853658537
7,dyn_niche,gen_low,1,0.0,0.0,0.0
7,dyn_niche,gen_low,2,0.029411764705882353,0.7647058823529411,0.7941176470588235
7,dyn_niche,gen_low,3,0.058823529411764705,0.7941176470588235,0.8529411764705882
7,dyn_niche,gen_low,4,0.08823529411764706,0.7941176470588235,0.8823529411764706
7,dyn_niche,gen_low,5,0.11764705882352941,0.7941176470588235,0.9117647058823529
7,dyn_niche,gen_low,6,0.14705882352941177,0.7941176470588235,0.9411764705882353
7,dyn_niche,vul_low,1,0.0,0.0,0.0
7,dyn_niche,vul_low,2,0.029411764705882353,0.7647058823529411,0.7941176470588235
7,dyn_niche,vul_low,3,0.058823529411764705,0.7941176470588235,0.8529411764705882
7,dyn_niche,vul_low,4,0.08823529411764706,0.7941176470588235,0.8823529411764706
7,dyn_niche,vul_low,5,0.11764705882352941,0.7941176470588235,0.9117647058823529
7,dyn_niche,vul_low,6,0.14705882352941177,0.7941176470588235,0.9411764705882353
7,dyn_niche,rand_basal,1,0.0,0.0,0.0
7,dyn_niche,rand_basal,2,0.029411764705882353,0.8235294117647058,0.8529411764705882
7,dyn_niche,rand_basal,3,0.058823529411764705,0.8235294117647058,0.8823529411764706
7,dyn_niche,rand_consumer,1,0.0,0.0,0.0
7,dyn_niche,rand_consumer,2,0.029411764705882353,0.7647058823529411,0.7941176470588235
7,dyn_niche,rand_consumer,3,0.058823529411764705,0.7647058823529411,0.8235294117647058
7,dyn_niche,rand_consumer,4,0.08823529411764706,0.7647058823529411,0.8529411764705882
7,dyn_niche,rand_consumer,5,0.11764705882352941,0.7647058823529411,0.8823529411764706
7,dyn_niche,rand_consumer,6,0.14705882352941177,0.7647058823529411,0.9117647058823529
7,dyn_niche,rand_consumer,7,0.17647058823529413,0.7647058823529411,0.9411764705882353
7,dyn_niche,bm_high,1,0.0,0.0,0.0
7,dyn_niche,bm_high,2,0.029411764705882353,0.7647058823529411,0.7941176470588235
7,dyn_niche,bm_high,3,0.058823529411764705,0.7647058823529411,0.8235294117647058
7,dyn_niche,bm_high,4,0.08823529411764706,0.7647058823529411,0.8529411764705882
7,dyn_niche,bm_high,5,0.11764705882352941,0.7647058823529411,0.8823529411764706
7,dyn_niche,bm_high,6,0.14705882352941177,0.7647058823529411,0.9117647058823529
7,dyn_niche,bm_high,7,0.17647058823529413,0.7647058823529411,0.9411764705882353
7,dyn_niche,gen_high,1,0.0,0.0,0.0
7,dyn_niche,gen_high,2,0.029411764705882353,0.7647058823529411,0.7941176470588235
7,dyn_niche,gen_high,3,0.058823529411764705,0.7647058823529411,0.8235294117647058
7,dyn_niche,gen_high,4,0.08823529411764706,0.7647058823529411,0.8529411764705882
7,dyn_niche,gen_high,5,0.11764705882352941,0.7647058823529411,0.8823529411764706
7,dyn_niche,gen_high,6,0.14705882352941177,0.7647058823529411,0.9117647058823529
7,dyn_niche,gen_high,7,0.17647058823529413,0.7647058823529411,0.9411764705882353
7,dyn_niche,degree_high,1,0.0,0.0,0.0
7,dyn_niche,degree_high,2,0.029411764705882353,0.7647058823529411,0.7941176470588235
7,dyn_niche,degree_high,3,0.058823529411764705,0.7647058823529411,0.8235294117647058
7,dyn_niche,degree_high,4,0.08823529411764706,0.7647058823529411,0.8529411764705882
7,dyn_niche,degree_high,5,0.11764705882352941,0.7647058823529411,0.8823529411764706
7,dyn_niche,degree_high,6,0.14705882352941177,0.7647058823529411,0.9117647058823529
7,dyn_niche,degree_high,7,0.17647058823529413,0.7647058823529411,0.9411764705882353
7,dyn_niche,degree_low,1,0.0,0.0,0.0
7,dyn_niche,degree_low,2,0.029411764705882353,0.7647058823529411,0.7941176470588235
7,dyn_niche,degree_low,3,0.058823529411764705,0.7941176470588235,0.8529411764705882
7,dyn_niche,degree_low,4,0.08823529411764706,0.7941176470588235,0.8823529411764706
7,dyn_niche,degree_low,5,0.11764705882352941,0.7941176470588235,0.9117647058823529
7,dyn_niche,degree_low,6,0.14705882352941177,0.7941176470588235,0.9411764705882353
7,dyn_niche,vul_high,1,0.0,0.0,0.0
7,dyn_niche,vul_high,2,0.029411764705882353,0.7647058823529411,0.7941176470588235
7,dyn_niche,vul_high,3,0.058823529411764705,0.7647058823529411,0.8235294117647058
7,dyn_niche,vul_high,4,0.08823529411764706,0.7647058823529411,0.8529411764705882
7,dyn_niche,vul_high,5,0.11764705882352941,0.7647058823529411,0.8823529411764706
7,dyn_niche,vul_high,6,0.14705882352941177,0.7647058823529411,0.9117647058823529
7,dyn_niche,vul_high,7,0.17647058823529413,0.7647058823529411,0.9411764705882353
7,dyn_niche,bm_low,1,0.0,0.0,0.0
7,dyn_niche,bm_low,2,0.029411764705882353,0.7647058823529411,0.7941176470588235
7,dyn_niche,bm_low,3,0.058823529411764705,0.7941176470588235,0.8529411764705882
7,dyn_niche,bm_low,4,0.08823529411764706,0.7941176470588235,0.8823529411764706
7,dyn_niche,bm_low,5,0.11764705882352941,0.7941176470588235,0.9117647058823529
7,dyn_niche,bm_low,6,0.14705882352941177,0.7941176470588235,0.9411764705882353
7,dyn_down_size,gen_low,1,0.0,0.0,0.0
7,dyn_down_size,gen_low,2,0.027777777777777776,0.0,0.027777777777777776
7,dyn_down_size,gen_low,3,0.05555555555555555,0.0,0.05555555555555555
7,dyn_down_size,gen_low,4,0.08333333333333333,0.0,0.08333333333333333
7,dyn_down_size,gen_low,5,0.1111111111111111,0.0,0.1111111111111111
7,dyn_down_size,gen_low,6,0.1388888888888889,0.0,0.1388888888888889
7,dyn_down_size,gen_low,7,0.16666666666666666,0.0,0.16666666666666666
7,dyn_down_size,gen_low,8,0.19444444444444445,0.0,0.19444444444444445
7,dyn_down_size,gen_low,9,0.2222222222222222,0.0,0.2222222222222222
7,dyn_down_size,gen_low,10,0.25,0.0,0.25
7,dyn_down_size,gen_low,11,0.2777777777777778,0.0,0.2777777777777778
7,dyn_down_size,gen_low,12,0.3055555555555556,0.0,0.3055555555555556
7,dyn_down_size,vul_low,1,0.0,0.0,0.0
7,dyn_down_size,vul_low,2,0.027777777777777776,0.0,0.027777777777777776
7,dyn_down_size,vul_low,3,0.05555555555555555,0.0,0.05555555555555555
7,dyn_down_size,vul_low,4,0.08333333333333333,0.0,0.08333333333333333
7,dyn_down_size,vul_low,5,0.1111111111111111,0.0,0.1111111111111111
7,dyn_down_size,vul_low,6,0.1388888888888889,0.0,0.1388888888888889
7,dyn_down_size,vul_low,7,0.16666666666666666,0.0,0.16666666666666666
7,dyn_down_size,vul_low,8,0.19444444444444445,0.0,0.19444444444444445
7,dyn_down_size,vul_low,9,0.2222222222222222,0.0,0.2222222222222222
7,dyn_down_size,vul_low,10,0.25,0.0,0.25
7,dyn_down_size,vul_low,11,0.2777777777777778,0.0,0.2777777777777778
7,dyn_down_size,vul_low,12,0.3055555555555556,0.0,0.3055555555555556
7,dyn_down_size,rand_basal,1,0.0,0.0,0.0
7,dyn_down_size,rand_basal,2,0.027777777777777776,0.0,0.027777777777777776
7,dyn_down_size,rand_basal,3,0.05555555555555555,0.0,0.05555555555555555
7,dyn_down_size,rand_basal,4,0.08333333333333333,0.0,0.08333333333333333
7,dyn_down_size,rand_basal,5,0.1111111111111111,0.0,0.1111111111111111
7,dyn_down_size,rand_basal,6,0.1388888888888889,0.0,0.1388888888888889
7,dyn_down_size,rand_basal,7,0.16666666666666666,0.0,0.16666666666666666
7,dyn_down_size,rand_basal,8,0.19444444444444445,0.0,0.19444444444444445
7,dyn_down_size,rand_basal,9,0.2222222222222222,0.0,0.2222222222222222
7,dyn_down_size,rand_basal,10,0.25,0.0,0.25
7,dyn_down_size,rand_basal,11,0.2777777777777778,0.0,0.2777777777777778
7,dyn_down_size,rand_basal,12,0.3055555555555556,0.0,0.3055555555555556
7,dyn_down_size,rand_basal,13,0.3333333333333333,0.0,0.3333333333333333
7,dyn_down_size,rand_basal,14,0.3611111111111111,0.0,0.3611111111111111
7,dyn_down_size,rand_basal,15,0.3888888888888889,0.0,0.3888888888888889
7,dyn_down_size,rand_basal,16,0.4166666666666667,0.0,0.4166666666666667
7,dyn_down_size,rand_basal,17,0.4444444444444444,0.0,0.4444444444444444
7,dyn_down_size,rand_basal,18,0.4722222222222222,0.0,0.4722222222222222
7,dyn_down_size,rand_basal,19,0.5,0.0,0.5
7,dyn_down_size,rand_basal,20,0.5277777777777778,0.0,0.5277777777777778
7,dyn_down_size,rand_basal,21,0.5555555555555556,0.0,0.5555555555555556
7,dyn_down_size,rand_basal,22,0.5833333333333334,0.0,0.5833333333333334
7,dyn_down_size,rand_basal,23,0.6111111111111112,0.0,0.6111111111111112
7,dyn_down_size,rand_basal,24,0.6388888888888888,0.0,0.6388888888888888
7,dyn_down_size,rand_basal,25,0.6666666666666666,0.05555555555555558,0.7222222222222222
7,dyn_down_size,rand_basal,26,0.6944444444444444,0.25,0.9444444444444444
7,dyn_down_size,rand_consumer,1,0.0,0.0,0.0
7,dyn_down_size,rand_consumer,2,0.027777777777777776,0.0,0.027777777777777776
7,dyn_down_size,rand_consumer,3,0.05555555555555555,0.0,0.05555555555555555
7,dyn_down_size,rand_consumer,4,0.08333333333333333,0.0,0.08333333333333333
7,dyn_down_size,rand_consumer,5,0.1111111111111111,0.0,0.1111111111111111
7,dyn_down_size,rand_consumer,6,0.1388888888888889,0.0,0.1388888888888889
7,dyn_down_size,rand_consumer,7,0.16666666666666666,0.0,0.16666666666666666
7,dyn_down_size,rand_consumer,8,0.19444444444444445,0.0,0.19444444444444445
7,dyn_down_size,rand_consumer,9,0.2222222222222222,0.0,0.2222222222222222
7,dyn_down_size,rand_consumer,10,0.25,0.0,0.25
7,dyn_down_size,rand_consumer,11,0.2777777777777778,0.0,0.2777777777777778
7,dyn_down_size,rand_consumer,12,0.3055555555555556,0.0,0.3055555555555556
7,dyn_down_size,bm_high,1,0.0,0.0,0.0
7,dyn_down_size,bm_high,2,0.027777777777777776,0.0,0.027777777777777776
7,dyn_down_size,bm_high,3,0.05555555555555555,0.0,0.05555555555555555
7,dyn_down_size,bm_high,4,0.08333333333333333,0.0,0.08333333333333333
7,dyn_down_size,bm_high,5,0.1111111111111111,0.0,0.1111111111111111
7,dyn_down_size,bm_high,6,0.1388888888888889,0.0,0.1388888888888889
7,dyn_down_size,bm_high,7,0.16666666666666666,0.0,0.16666666666666666
7,dyn_down_size,bm_high,8,0.19444444444444445,0.0,0.19444444444444445
7,dyn_down_size,bm_high,9,0.2222222222222222,0.0,0.2222222222222222
7,dyn_down_size,bm_high,10,0.25,0.0,0.25
7,dyn_down_size,bm_high,11,0.2777777777777778,0.0,0.2777777777777778
7,dyn_down_size,bm_high,12,0.3055555555555556,0.0,0.3055555555555556
7,dyn_down_size,gen_high,1,0.0,0.0,0.0
7,dyn_down_size,gen_high,2,0.027777777777777776,0.0,0.027777777777777776
7,dyn_down_size,gen_high,3,0.05555555555555555,0.0,0.05555555555555555
7,dyn_down_size,gen_high,4,0.08333333333333333,0.0,0.08333333333333333
7,dyn_down_size,gen_high,5,0.1111111111111111,0.0,0.1111111111111111
7,dyn_down_size,gen_high,6,0.1388888888888889,0.0,0.1388888888888889
7,dyn_down_size,gen_high,7,0.16666666666666666,0.0,0.16666666666666666
7,dyn_down_size,gen_high,8,0.19444444444444445,0.0,0.19444444444444445
7,dyn_down_size,gen_high,9,0.2222222222222222,0.0,0.2222222222222222
7,dyn_down_size,gen_high,10,0.25,0.0,0.25
7,dyn_down_size,gen_high,11,0.2777777777777778,0.0,0.2777777777777778
7,dyn_down_size,gen_high,12,0.3055555555555556,0.0,0.3055555555555556
7,dyn_down_size,degree_high,1,0.0,0.0,0.0
7,dyn_down_size,degree_high,2,0.027777777777777776,0.0,0.027777777777777776
7,dyn_down_size,degree_high,3,0.05555555555555555,0.0,0.05555555555555555
7,dyn_down_size,degree_high,4,0.08333333333333333,0.0,0.08333333333333333
7,dyn_down_size,degree_high,5,0.1111111111111111,0.0,0.1111111111111111
7,dyn_down_size,degree_high,6,0.1388888888888889,0.0,0.1388888888888889
7,dyn_down_size,degree_high,7,0.16666666666666666,0.0,0.16666666666666666
7,dyn_down_size,degree_high,8,0.19444444444444445,0.0,0.19444444444444445
7,dyn_down_size,degree_high,9,0.2222222222222222,0.0,0.2222222222222222
7,dyn_down_size,degree_high,10,0.25,0.0,0.25
7,dyn_down_size,degree_high,11,0.2777777777777778,0.0,0.2777777777777778
7,dyn_down_size,degree_high,12,0.3055555555555556,0.0,0.3055555555555556
7,dyn_down_size,degree_low,1,0.0,0.0,0.0
7,dyn_down_size,degree_low,2,0.027777777777777776,0.0,0.027777777777777776
7,dyn_down_size,degree_low,3,0.05555555555555555,0.0,0.05555555555555555
7,dyn_down_size,degree_low,4,0.08333333333333333,0.0,0.08333333333333333
7,dyn_down_size,degree_low,5,0.1111111111111111,0.0,0.1111111111111111
7,dyn_down_size,degree_low,6,0.1388888888888889,0.0,0.1388888888888889
7,dyn_down_size,degree_low,7,0.16666666666666666,0.0,0.16666666666666666
7,dyn_down_size,degree_low,8,0.19444444444444445,0.0,0.19444444444444445
7,dyn_down_size,degree_low,9,0.2222222222222222,0.0,0.2222222222222222
7,dyn_down_size,degree_low,10,0.25,0.0,0.25
7,dyn_down_size,degree_low,11,0.2777777777777778,0.0,0.2777777777777778
7,dyn_down_size,degree_low,12,0.3055555555555556,0.0,0.3055555555555556
7,dyn_down_size,vul_high,1,0.0,0.0,0.0
7,dyn_down_size,vul_high,2,0.027777777777777776,0.0,0.027777777777777776
7,dyn_down_size,vul_high,3,0.05555555555555555,0.0,0.05555555555555555
7,dyn_down_size,vul_high,4,0.08333333333333333,0.0,0.08333333333333333
7,dyn_down_size,vul_high,5,0.1111111111111111,0.0,0.1111111111111111
7,dyn_down_size,vul_high,6,0.1388888888888889,0.0,0.1388888888888889
7,dyn_down_size,vul_high,7,0.16666666666666666,0.0,0.16666666666666666
7,dyn_down_size,vul_high,8,0.19444444444444445,0.0,0.19444444444444445
7,dyn_down_size,vul_high,9,0.2222222222222222,0.0,0.2222222222222222
7,dyn_down_size,vul_high,10,0.25,0.0,0.25
7,dyn_down_size,vul_high,11,0.2777777777777778,0.0,0.2777777777777778
7,dyn_down_size,vul_high,12,0.3055555555555556,0.0,0.3055555555555556
7,dyn_down_size,bm_low,1,0.0,0.0,0.0
7,dyn_down_size,bm_low,2,0.027777777777777776,0.0,0.027777777777777776
7,dyn_down_size,bm_low,3,0.05555555555555555,0.0,0.05555555555555555
7,dyn_down_size,bm_low,4,0.08333333333333333,0.0,0.08333333333333333
7,dyn_down_size,bm_low,5,0.1111111111111111,0.0,0.1111111111111111
7,dyn_down_size,bm_low,6,0.1388888888888889,0.0,0.1388888888888889
7,dyn_down_size,bm_low,7,0.16666666666666666,0.0,0.16666666666666666
7,dyn_down_size,bm_low,8,0.19444444444444445,0.0,0.19444444444444445
7,dyn_down_size,bm_low,9,0.2222222222222222,0.0,0.2222222222222222
7,dyn_down_size,bm_low,10,0.25,0.0,0.25
7,dyn_down_size,bm_low,11,0.2777777777777778,0.0,0.2777777777777778
7,dyn_down_size,bm_low,12,0.3055555555555556,0.0,0.3055555555555556
7,dyn_down,gen_low,1,0.0,0.0,0.0
7,dyn_down,gen_low,2,0.024390243902439025,0.024390243902439025,0.04878048780487805
7,dyn_down,gen_low,3,0.04878048780487805,0.02439024390243902,0.07317073170731707
7,dyn_down,gen_low,4,0.07317073170731707,0.024390243902439032,0.0975609756097561
7,dyn_down,gen_low,5,0.0975609756097561,0.02439024390243902,0.12195121951219512
7,dyn_down,gen_low,6,0.12195121951219512,0.02439024390243902,0.14634146341463414
7,dyn_down,gen_low,7,0.14634146341463414,0.024390243902439046,0.17073170731707318
7,dyn_down,gen_low,8,0.17073170731707318,0.02439024390243902,0.1951219512195122
7,dyn_down,gen_low,9,0.1951219512195122,0.02439024390243902,0.21951219512195122
7,dyn_down,gen_low,10,0.21951219512195122,0.02439024390243902,0.24390243902439024
7,dyn_down,gen_low,11,0.24390243902439024,0.024390243902439046,0.2682926829268293
7,dyn_down,gen_low,12,0.2682926829268293,0.02439024390243899,0.2926829268292683
7,dyn_down,gen_low,13,0.2926829268292683,0.024390243902439046,0.3170731707317073
7,dyn_down,gen_low,14,0.3170731707317073,0.024390243902439046,0.34146341463414637
7,dyn_down,gen_low,15,0.34146341463414637,0.02439024390243899,0.36585365853658536
7,dyn_down,gen_low,16,0.36585365853658536,0.024390243902439046,0.3902439024390244
7,dyn_down,gen_low,17,0.3902439024390244,0.02439024390243899,0.4146341463414634
7,dyn_down,gen_low,18,0.4146341463414634,0.024390243902439046,0.43902439024390244
7,dyn_down,gen_low,19,0.43902439024390244,0.024390243902439046,0.4634146341463415
7,dyn_down,gen_low,20,0.4634146341463415,0.02439024390243899,0.4878048780487805
7,dyn_down,gen_low,21,0.4878048780487805,0.024390243902439046,0.5121951219512195
7,dyn_down,gen_low,22,0.5121951219512195,0.024390243902439046,0.5365853658536586
7,dyn_down,gen_low,23,0.5365853658536586,0.024390243902439046,0.5609756097560976
7,dyn_down,gen_low,24,0.5609756097560976,0.024390243902438935,0.5853658536585366
7,dyn_down,gen_low,25,0.5853658536585366,0.024390243902439046,0.6097560975609756
7,dyn_down,gen_low,26,0.6097560975609756,0.024390243902439046,0.6341463414634146
7,dyn_down,gen_low,27,0.6341463414634146,0.024390243902439046,0.6585365853658537
7,dyn_down,vul_low,1,0.0,0.0,0.0
7,dyn_down,vul_low,2,0.024390243902439025,0.024390243902439025,0.04878048780487805
7,dyn_down,vul_low,3,0.04878048780487805,0.02439024390243902,0.07317073170731707
7,dyn_down,vul_low,4,0.07317073170731707,0.024390243902439032,0.0975609756097561
7,dyn_down,vul_low,5,0.0975609756097561,0.02439024390243902,0.12195121951219512
7,dyn_down,vul_low,6,0.12195121951219512,0.02439024390243902,0.14634146341463414
7,dyn_down,vul_low,7,0.14634146341463414,0.024390243902439046,0.17073170731707318
7,dyn_down,vul_low,8,0.17073170731707318,0.02439024390243902,0.1951219512195122
7,dyn_down,vul_low,9,0.1951219512195122,0.02439024390243902,0.21951219512195122
7,dyn_down,vul_low,10,0.21951219512195122,0.02439024390243902,0.24390243902439024
7,dyn_down,vul_low,11,0.24390243902439024,0.024390243902439046,0.2682926829268293
7,dyn_down,vul_low,12,0.2682926829268293,0.02439024390243899,0.2926829268292683
7,dyn_down,vul_low,13,0.2926829268292683,0.024390243902439046,0.3170731707317073
7,dyn_down,vul_low,14,0.3170731707317073,0.024390243902439046,0.34146341463414637
7,dyn_down,vul_low,15,0.34146341463414637,0.02439024390243899,0.36585365853658536
7,dyn_down,vul_low,16,0.36585365853658536,0.024390243902439046,0.3902439024390244
7,dyn_down,vul_low,17,0.3902439024390244,0.02439024390243899,0.4146341463414634
7,dyn_down,vul_low,18,0.4146341463414634,0.024390243902439046,0.43902439024390244
7,dyn_down,vul_low,19,0.43902439024390244,0.024390243902439046,0.4634146341463415
7,dyn_down,vul_low,20,0.4634146341463415,0.02439024390243899,0.4878048780487805
7,dyn_down,vul_low,21,0.4878048780487805,0.024390243902439046,0.5121951219512195
7,dyn_down,vul_low,22,0.5121951219512195,0.024390243902439046,0.5365853658536586
7,dyn_down,vul_low,23,0.5365853658536586,0.024390243902439046,0.5609756097560976
7,dyn_down,vul_low,24,0.5609756097560976,0.024390243902438935,0.5853658536585366
7,dyn_down,vul_low,25,0.5853658536585366,0.024390243902439046,0.6097560975609756
7,dyn_down,vul_low,26,0.6097560975609756,0.024390243902439046,0.6341463414634146
7,dyn_down,vul_low,27,0.6341463414634146,0.024390243902439046,0.6585365853658537
7,dyn_down,rand_basal,1,0.0,0.0,0.0
7,dyn_down,rand_basal,2,0.024390243902439025,0.024390243902439025,0.04878048780487805
7,dyn_down,rand_basal,3,0.04878048780487805,0.02439024390243902,0.07317073170731707
7,dyn_down,rand_basal,4,0.07317073170731707,0.024390243902439032,0.0975609756097561
7,dyn_down,rand_basal,5,0.0975609756097561,0.02439024390243902,0.12195121951219512
7,dyn_down,rand_basal,6,0.12195121951219512,0.02439024390243902,0.14634146341463414
7,dyn_down,rand_basal,7,0.14634146341463414,0.048780487804878064,0.1951219512195122
7,dyn_down,rand_basal,8,0.17073170731707318,0.04878048780487804,0.21951219512195122
7,dyn_down,rand_basal,9,0.1951219512195122,0.07317073170731708,0.2682926829268293
7,dyn_down,rand_basal,10,0.21951219512195122,0.12195121951219515,0.34146341463414637
7,dyn_down,rand_basal,11,0.24390243902439024,0.12195121951219512,0.36585365853658536
7,dyn_down,rand_basal,12,0.2682926829268293,0.12195121951219512,0.3902439024390244
7,dyn_down,rand_basal,13,0.2926829268292683,0.12195121951219512,0.4146341463414634
7,dyn_down,rand_basal,14,0.3170731707317073,0.12195121951219512,0.43902439024390244
7,dyn_down,rand_basal,15,0.34146341463414637,0.12195121951219512,0.4634146341463415
7,dyn_down,rand_consumer,1,0.0,0.0,0.0
7,dyn_down,rand_consumer,2,0.024390243902439025,0.024390243902439025,0.04878048780487805
7,dyn_down,rand_consumer,3,0.04878048780487805,0.02439024390243902,0.07317073170731707
7,dyn_down,rand_consumer,4,0.07317073170731707,0.024390243902439032,0.0975609756097561
7,dyn_down,rand_consumer,5,0.0975609756097561,0.02439024390243902,0.12195121951219512
7,dyn_down,rand_consumer,6,0.12195121951219512,0.02439024390243902,0.14634146341463414
7,dyn_down,rand_consumer,7,0.14634146341463414,0.024390243902439046,0.17073170731707318
7,dyn_down,rand_consumer,8,0.17073170731707318,0.02439024390243902,0.1951219512195122
7,dyn_down,rand_consumer,9,0.1951219512195122,0.02439024390243902,0.21951219512195122
7,dyn_down,rand_consumer,10,0.21951219512195122,0.02439024390243902,0.24390243902439024
7,dyn_down,rand_consumer,11,0.24390243902439024,0.024390243902439046,0.2682926829268293
7,dyn_down,rand_consumer,12,0.2682926829268293,0.02439024390243899,0.2926829268292683
7,dyn_down,rand_consumer,13,0.2926829268292683,0.024390243902439046,0.3170731707317073
7,dyn_down,rand_consumer,14,0.3170731707317073,0.024390243902439046,0.34146341463414637
7,dyn_down,rand_consumer,15,0.34146341463414637,0.02439024390243899,0.36585365853658536
7,dyn_down,rand_consumer,16,0.36585365853658536,0.024390243902439046,0.3902439024390244
7,dyn_down,rand_consumer,17,0.3902439024390244,0.02439024390243899,0.4146341463414634
7,dyn_down,rand_consumer,18,0.4146341463414634,0.024390243902439046,0.43902439024390244
7,dyn_down,rand_consumer,19,0.43902439024390244,0.024390243902439046,0.4634146341463415
7,dyn_down,rand_consumer,20,0.4634146341463415,0.02439024390243899,0.4878048780487805
7,dyn_down,rand_consumer,21,0.4878048780487805,0.024390243902439046,0.5121951219512195
7,dyn_down,rand_consumer,22,0.5121951219512195,0.024390243902439046,0.5365853658536586
7,dyn_down,rand_consumer,23,0.5365853658536586,0.024390243902439046,0.5609756097560976
7,dyn_down,rand_consumer,24,0.5609756097560976,0.024390243902438935,0.5853658536585366
7,dyn_down,rand_consumer,25,0.5853658536585366,0.024390243902439046,0.6097560975609756
7,dyn_down,rand_consumer,26,0.6097560975609756,0.024390243902439046,0.6341463414634146
7,dyn_down,rand_consumer,27,0.6341463414634146,0.024390243902439046,0.6585365853658537
7,dyn_down,bm_high,1,0.0,0.0,0.0
7,dyn_down,bm_high,2,0.024390243902439025,0.024390243902439025,0.04878048780487805
7,dyn_down,bm_high,3,0.04878048780487805,0.02439024390243902,0.07317073170731707
7,dyn_down,bm_high,4,0.07317073170731707,0.024390243902439032,0.0975609756097561
7,dyn_down,bm_high,5,0.0975609756097561,0.02439024390243902,0.12195121951219512
7,dyn_down,bm_high,6,0.12195121951219512,0.02439024390243902,0.14634146341463414
7,dyn_down,bm_high,7,0.14634146341463414,0.024390243902439046,0.17073170731707318
7,dyn_down,bm_high,8,0.17073170731707318,0.02439024390243902,0.1951219512195122
7,dyn_down,bm_high,9,0.1951219512195122,0.02439024390243902,0.21951219512195122
7,dyn_down,bm_high,10,0.21951219512195122,0.02439024390243902,0.24390243902439024
7,dyn_down,bm_high,11,0.24390243902439024,0.024390243902439046,0.2682926829268293
7,dyn_down,bm_high,12,0.2682926829268293,0.02439024390243899,0.2926829268292683
7,dyn_down,bm_high,13,0.2926829268292683,0.024390243902439046,0.3170731707317073
7,dyn_down,bm_high,14,0.3170731707317073,0.024390243902439046,0.34146341463414637
7,dyn_down,bm_high,15,0.34146341463414637,0.02439024390243899,0.36585365853658536
7,dyn_down,bm_high,16,0.36585365853658536,0.024390243902439046,0.3902439024390244
7,dyn_down,bm_high,17,0.3902439024390244,0.02439024390243899,0.4146341463414634
7,dyn_down,bm_high,18,0.4146341463414634,0.024390243902439046,0.43902439024390244
7,dyn_down,bm_high,19,0.43902439024390244,0.024390243902439046,0.4634146341463415
7,dyn_down,bm_high,20,0.4634146341463415,0.02439024390243899,0.4878048780487805
7,dyn_down,bm_high,21,0.4878048780487805,0.024390243902439046,0.5121951219512195
7,dyn_down,bm_high,22,0.5121951219512195,0.024390243902439046,0.5365853658536586
7,dyn_down,bm_high,23,0.5365853658536586,0.024390243902439046,0.5609756097560976
7,dyn_down,bm_high,24,0.5609756097560976,0.024390243902438935,0.5853658536585366
7,dyn_down,bm_high,25,0.5853658536585366,0.024390243902439046,0.6097560975609756
7,dyn_down,bm_high,26,0.6097560975609756,0.024390243902439046,0.6341463414634146
7,dyn_down,bm_high,27,0.6341463414634146,0.024390243902439046,0.6585365853658537
7,dyn_down,gen_high,1,0.0,0.0,0.0
7,dyn_down,gen_high,2,0.024390243902439025,0.024390243902439025,0.04878048780487805
7,dyn_down,gen_high,3,0.04878048780487805,0.02439024390243902,0.07317073170731707
7,dyn_down,gen_high,4,0.07317073170731707,0.024390243902439032,0.0975609756097561
7,dyn_down,gen_high,5,0.0975609756097561,0.02439024390243902,0.12195121951219512
7,dyn_down,gen_high,6,0.12195121951219512,0.02439024390243902,0.14634146341463414
7,dyn_down,gen_high,7,0.14634146341463414,0.024390243902439046,0.17073170731707318
7,dyn_down,gen_high,8,0.17073170731707318,0.02439024390243902,0.1951219512195122
7,dyn_down,gen_high,9,0.1951219512195122,0.02439024390243902,0.21951219512195122
7,dyn_down,gen_high,10,0.21951219512195122,0.02439024390243902,0.24390243902439024
7,dyn_down,gen_high,11,0.24390243902439024,0.024390243902439046,0.2682926829268293
7,dyn_down,gen_high,12,0.2682926829268293,0.02439024390243899,0.2926829268292683
7,dyn_down,gen_high,13,0.2926829268292683,0.024390243902439046,0.3170731707317073
7,dyn_down,gen_high,14,0.3170731707317073,0.024390243902439046,0.34146341463414637
7,dyn_down,gen_high,15,0.34146341463414637,0.02439024390243899,0.36585365853658536
7,dyn_down,gen_high,16,0.36585365853658536,0.024390243902439046,0.3902439024390244
7,dyn_down,gen_high,17,0.3902439024390244,0.02439024390243899,0.4146341463414634
7,dyn_down,gen_high,18,0.4146341463414634,0.024390243902439046,0.43902439024390244
7,dyn_down,gen_high,19,0.43902439024390244,0.024390243902439046,0.4634146341463415
7,dyn_down,gen_high,20,0.4634146341463415,0.02439024390243899,0.4878048780487805
7,dyn_down,gen_high,21,0.4878048780487805,0.024390243902439046,0.5121951219512195
7,dyn_down,gen_high,22,0.5121951219512195,0.024390243902439046,0.5365853658536586
7,dyn_down,gen_high,23,0.5365853658536586,0.024390243902439046,0.5609756097560976
7,dyn_down,gen_high,24,0.5609756097560976,0.024390243902438935,0.5853658536585366
7,dyn_down,gen_high,25,0.5853658536585366,0.024390243902439046,0.6097560975609756
7,dyn_down,gen_high,26,0.6097560975609756,0.024390243902439046,0.6341463414634146
7,dyn_down,gen_high,27,0.6341463414634146,0.024390243902439046,0.6585365853658537
7,dyn_down,degree_high,1,0.0,0.0,0.0
7,dyn_down,degree_high,2,0.024390243902439025,0.024390243902439025,0.04878048780487805
7,dyn_down,degree_high,3,0.04878048780487805,0.02439024390243902,0.07317073170731707
7,dyn_down,degree_high,4,0.07317073170731707,0.024390243902439032,0.0975609756097561
7,dyn_down,degree_high,5,0.0975609756097561,0.02439024390243902,0.12195121951219512
7,dyn_down,degree_high,6,0.12195121951219512,0.02439024390243902,0.14634146341463414
7,dyn_down,degree_high,7,0.14634146341463414,0.024390243902439046,0.17073170731707318
7,dyn_down,degree_high,8,0.17073170731707318,0.02439024390243902,0.1951219512195122
7,dyn_down,degree_high,9,0.1951219512195122,0.02439024390243902,0.21951219512195122
7,dyn_down,degree_high,10,0.21951219512195122,0.02439024390243902,0.24390243902439024
7,dyn_down,degree_high,11,0.24390243902439024,0.024390243902439046,0.2682926829268293
7,dyn_down,degree_high,12,0.2682926829268293,0.02439024390243899,0.2926829268292683
7,dyn_down,degree_high,13,0.2926829268292683,0.024390243902439046,0.3170731707317073
7,dyn_down,degree_high,14,0.3170731707317073,0.024390243902439046,0.34146341463414637
7,dyn_down,degree_high,15,0.34146341463414637,0.02439024390243899,0.36585365853658536
7,dyn_down,degree_high,16,0.36585365853658536,0.024390243902439046,0.3902439024390244
7,dyn_down,degree_high,17,0.3902439024390244,0.02439024390243899,0.4146341463414634
7,dyn_down,degree_high,18,0.4146341463414634,0.024390243902439046,0.43902439024390244
7,dyn_down,degree_high,19,0.43902439024390244,0.024390243902439046,0.4634146341463415
7,dyn_down,degree_high,20,0.4634146341463415,0.04878048780487804,0.5121951219512195
7,dyn_down,degree_high,21,0.4878048780487805,0.04878048780487809,0.5365853658536586
7,dyn_down,degree_high,22,0.5121951219512195,0.04878048780487809,0.5609756097560976
7,dyn_down,degree_high,23,0.5365853658536586,0.04878048780487798,0.5853658536585366
7,dyn_down,degree_high,24,0.5609756097560976,0.04878048780487798,0.6097560975609756
7,dyn_down,degree_high,25,0.5853658536585366,0.04878048780487809,0.6341463414634146
7,dyn_down,degree_high,26,0.6097560975609756,0.04878048780487809,0.6585365853658537
7,dyn_down,degree_low,1,0.0,0.0,0.0
7,dyn_down,degree_low,2,0.024390243902439025,0.024390243902439025,0.04878048780487805
7,dyn_down,degree_low,3,0.04878048780487805,0.02439024390243902,0.07317073170731707
7,dyn_down,degree_low,4,0.07317073170731707,0.024390243902439032,0.0975609756097561
7,dyn_down,degree_low,5,0.0975609756097561,0.02439024390243902,0.12195121951219512
7,dyn_down,degree_low,6,0.12195121951219512,0.02439024390243902,0.14634146341463414
7,dyn_down,degree_low,7,0.14634146341463414,0.024390243902439046,0.17073170731707318
7,dyn_down,degree_low,8,0.17073170731707318,0.02439024390243902,0.1951219512195122
7,dyn_down,degree_low,9,0.1951219512195122,0.02439024390243902,0.21951219512195122
7,dyn_down,degree_low,10,0.21951219512195122,0.02439024390243902,0.24390243902439024
7,dyn_down,degree_low,11,0.24390243902439024,0.024390243902439046,0.2682926829268293
7,dyn_down,degree_low,12,0.2682926829268293,0.02439024390243899,0.2926829268292683
7,dyn_down,degree_low,13,0.2926829268292683,0.024390243902439046,0.3170731707317073
7,dyn_down,degree_low,14,0.3170731707317073,0.024390243902439046,0.34146341463414637
7,dyn_down,degree_low,15,0.34146341463414637,0.02439024390243899,0.36585365853658536
7,dyn_down,degree_low,16,0.36585365853658536,0.024390243902439046,0.3902439024390244
7,dyn_down,degree_low,17,0.3902439024390244,0.02439024390243899,0.4146341463414634
7,dyn_down,degree_low,18,0.4146341463414634,0.024390243902439046,0.43902439024390244
7,dyn_down,degree_low,19,0.43902439024390244,0.024390243902439046,0.4634146341463415
7,dyn_down,degree_low,20,0.4634146341463415,0.02439024390243899,0.4878048780487805
7,dyn_down,degree_low,21,0.4878048780487805,0.024390243902439046,0.5121951219512195
7,dyn_down,degree_low,22,0.5121951219512195,0.024390243902439046,0.5365853658536586
7,dyn_down,degree_low,23,0.5365853658536586,0.024390243902439046,0.5609756097560976
7,dyn_down,degree_low,24,0.5609756097560976,0.024390243902438935,0.5853658536585366
7,dyn_down,degree_low,25,0.5853658536585366,0.024390243902439046,0.6097560975609756
7,dyn_down,degree_low,26,0.6097560975609756,0.024390243902439046,0.6341463414634146
7,dyn_down,degree_low,27,0.6341463414634146,0.024390243902439046,0.6585365853658537
7,dyn_down,vul_high,1,0.0,0.0,0.0
7,dyn_down,vul_high,2,0.024390243902439025,0.0,0.024390243902439025
7,dyn_down,vul_high,3,0.04878048780487805,0.0,0.04878048780487805
7,dyn_down,vul_high,4,0.07317073170731707,0.0,0.07317073170731707
7,dyn_down,vul_high,5,0.0975609756097561,0.0,0.0975609756097561
7,dyn_down,vul_high,6,0.12195121951219512,0.0,0.12195121951219512
7,dyn_down,vul_high,7,0.14634146341463414,0.0,0.14634146341463414
7,dyn_down,vul_high,8,0.17073170731707318,0.0,0.17073170731707318
7,dyn_down,vul_high,9,0.1951219512195122,0.0,0.1951219512195122
7,dyn_down,vul_high,10,0.21951219512195122,0.0,0.21951219512195122
7,dyn_down,vul_high,11,0.24390243902439024,0.0,0.24390243902439024
7,dyn_down,vul_high,12,0.2682926829268293,0.0,0.2682926829268293
7,dyn_down,vul_high,13,0.2926829268292683,0.0,0.2926829268292683
7,dyn_down,vul_high,14,0.3170731707317073,0.0,0.3170731707317073
7,dyn_down,vul_high,15,0.34146341463414637,0.0,0.34146341463414637
7,dyn_down,vul_high,16,0.36585365853658536,0.0,0.36585365853658536
7,dyn_down,vul_high,17,0.3902439024390244,0.0,0.3902439024390244
7,dyn_down,vul_high,18,0.4146341463414634,0.0,0.4146341463414634
7,dyn_down,vul_high,19,0.43902439024390244,0.0,0.43902439024390244
7,dyn_down,vul_high,20,0.4634146341463415,0.0,0.4634146341463415
7,dyn_down,vul_high,21,0.4878048780487805,0.0,0.4878048780487805
7,dyn_down,vul_high,22,0.5121951219512195,0.0,0.5121951219512195
7,dyn_down,vul_high,23,0.5365853658536586,0.0,0.5365853658536586
7,dyn_down,vul_high,24,0.5609756097560976,0.0,0.5609756097560976
7,dyn_down,vul_high,25,0.5853658536585366,0.0,0.5853658536585366
7,dyn_down,vul_high,26,0.6097560975609756,0.0,0.6097560975609756
7,dyn_down,vul_high,27,0.6341463414634146,0.0,0.6341463414634146
7,dyn_down,vul_high,28,0.6585365853658537,0.0,0.6585365853658537
7,dyn_down,bm_low,1,0.0,0.0,0.0
7,dyn_down,bm_low,2,0.024390243902439025,0.024390243902439025,0.04878048780487805
7,dyn_down,bm_low,3,0.04878048780487805,0.02439024390243902,0.07317073170731707
7,dyn_down,bm_low,4,0.07317073170731707,0.024390243902439032,0.0975609756097561
7,dyn_down,bm_low,5,0.0975609756097561,0.02439024390243902,0.12195121951219512
7,dyn_down,bm_low,6,0.12195121951219512,0.02439024390243902,0.14634146341463414
7,dyn_down,bm_low,7,0.14634146341463414,0.024390243902439046,0.17073170731707318
7,dyn_down,bm_low,8,0.17073170731707318,0.02439024390243902,0.1951219512195122
7,dyn_down,bm_low,9,0.1951219512195122,0.02439024390243902,0.21951219512195122
7,dyn_down,bm_low,10,0.21951219512195122,0.02439024390243902,0.24390243902439024
7,dyn_down,bm_low,11,0.24390243902439024,0.024390243902439046,0.2682926829268293
7,dyn_down,bm_low,12,0.2682926829268293,0.02439024390243899,0.2926829268292683
7,dyn_down,bm_low,13,0.2926829268292683,0.024390243902439046,0.3170731707317073
7,dyn_down,bm_low,14,0.3170731707317073,0.024390243902439046,0.34146341463414637
7,dyn_down,bm_low,15,0.34146341463414637,0.02439024390243899,0.36585365853658536
7,dyn_down,bm_low,16,0.36585365853658536,0.024390243902439046,0.3902439024390244
7,dyn_down,bm_low,17,0.3902439024390244,0.02439024390243899,0.4146341463414634
7,dyn_down,bm_low,18,0.4146341463414634,0.024390243902439046,0.43902439024390244
7,dyn_down,bm_low,19,0.43902439024390244,0.024390243902439046,0.4634146341463415
7,dyn_down,bm_low,20,0.4634146341463415,0.04878048780487804,0.5121951219512195
7,dyn_down,bm_low,21,0.4878048780487805,0.04878048780487809,0.5365853658536586
7,dyn_down,bm_low,22,0.5121951219512195,0.04878048780487809,0.5609756097560976
7,dyn_down,bm_low,23,0.5365853658536586,0.04878048780487798,0.5853658536585366
7,dyn_down,bm_low,24,0.5609756097560976,0.04878048780487798,0.6097560975609756
7,dyn_down,bm_low,25,0.5853658536585366,0.04878048780487809,0.6341463414634146
7,dyn_down,bm_low,26,0.6097560975609756,0.04878048780487809,0.6585365853658537
8,dyn_niche,gen_low,1,0.0,0.0,0.0
8,dyn_niche,gen_low,2,0.029411764705882353,0.6764705882352942,0.7058823529411765
8,dyn_niche,gen_low,3,0.058823529411764705,0.6764705882352942,0.7352941176470589
8,dyn_niche,gen_low,4,0.08823529411764706,0.676470588235294,0.7647058823529411
8,dyn_niche,gen_low,5,0.11764705882352941,0.676470588235294,0.7941176470588235
8,dyn_niche,gen_low,6,0.14705882352941177,0.676470588235294,0.8235294117647058
8,dyn_niche,gen_low,7,0.17647058823529413,0.676470588235294,0.8529411764705882
8,dyn_niche,gen_low,8,0.20588235294117646,0.6764705882352942,0.8823529411764706
8,dyn_niche,vul_low,1,0.0,0.0,0.0
8,dyn_niche,vul_low,2,0.029411764705882353,0.6764705882352942,0.7058823529411765
8,dyn_niche,vul_low,3,0.058823529411764705,0.7352941176470588,0.7941176470588235
8,dyn_niche,vul_low,4,0.08823529411764706,0.7352941176470588,0.8235294117647058
8,dyn_niche,vul_low,5,0.11764705882352941,0.7352941176470588,0.8529411764705882
8,dyn_niche,vul_low,6,0.14705882352941177,0.7352941176470588,0.8823529411764706
8,dyn_niche,rand_basal,1,0.0,0.0,0.0
8,dyn_niche,rand_basal,2,0.029411764705882353,0.7058823529411765,0.7352941176470589
8,dyn_niche,rand_basal,3,0.058823529411764705,0.7058823529411764,0.7647058823529411
8,dyn_niche,rand_basal,4,0.08823529411764706,0.7058823529411764,0.7941176470588235
8,dyn_niche,rand_basal,5,0.11764705882352941,0.7058823529411764,0.8235294117647058
8,dyn_niche,rand_consumer,1,0.0,0.0,0.0
8,dyn_niche,rand_consumer,2,0.029411764705882353,0.6764705882352942,0.7058823529411765
8,dyn_niche,rand_consumer,3,0.058823529411764705,0.7352941176470588,0.7941176470588235
8,dyn_niche,rand_consumer,4,0.08823529411764706,0.7352941176470588,0.8235294117647058
8,dyn_niche,rand_consumer,5,0.11764705882352941,0.7352941176470588,0.8529411764705882
8,dyn_niche,rand_consumer,6,0.14705882352941177,0.7352941176470588,0.8823529411764706
8,dyn_niche,bm_high,1,0.0,0.0,0.0
8,dyn_niche,bm_high,2,0.029411764705882353,0.6764705882352942,0.7058823529411765
8,dyn_niche,bm_high,3,0.058823529411764705,0.6764705882352942,0.7352941176470589
8,dyn_niche,bm_high,4,0.08823529411764706,0.7058823529411764,0.7941176470588235
8,dyn_niche,bm_high,5,0.11764705882352941,0.7058823529411764,0.8235294117647058
8,dyn_niche,bm_high,6,0.14705882352941177,0.7058823529411764,0.8529411764705882
8,dyn_niche,bm_high,7,0.17647058823529413,0.7058823529411764,0.8823529411764706
8,dyn_niche,gen_high,1,0.0,0.0,0.0
8,dyn_niche,gen_high,2,0.029411764705882353,0.6764705882352942,0.7058823529411765
8,dyn_niche,gen_high,3,0.058823529411764705,0.6764705882352942,0.7352941176470589
8,dyn_niche,gen_high,4,0.08823529411764706,0.676470588235294,0.7647058823529411
8,dyn_niche,gen_high,5,0.11764705882352941,0.7058823529411764,0.8235294117647058
8,dyn_niche,gen_high,6,0.14705882352941177,0.7058823529411764,0.8529411764705882
8,dyn_niche,gen_high,7,0.17647058823529413,0.7058823529411764,0.8823529411764706
8,dyn_niche,degree_high,1,0.0,0.0,0.0
8,dyn_niche,degree_high,2,0.029411764705882353,0.6764705882352942,0.7058823529411765
8,dyn_niche,degree_high,3,0.058823529411764705,0.6764705882352942,0.7352941176470589
8,dyn_niche,degree_high,4,0.08823529411764706,0.676470588235294,0.7647058823529411
8,dyn_niche,degree_high,5,0.11764705882352941,0.676470588235294,0.7941176470588235
8,dyn_niche,degree_high,6,0.14705882352941177,0.676470588235294,0.8235294117647058
8,dyn_niche,degree_high,7,0.17647058823529413,0.676470588235294,0.8529411764705882
8,dyn_niche,degree_high,8,0.20588235294117646,0.6764705882352942,0.8823529411764706
8,dyn_niche,degree_low,1,0.0,0.0,0.0
8,dyn_niche,degree_low,2,0.029411764705882353,0.6764705882352942,0.7058823529411765
8,dyn_niche,degree_low,3,0.058823529411764705,0.6764705882352942,0.7352941176470589
8,dyn_niche,degree_low,4,0.08823529411764706,0.676470588235294,0.7647058823529411
8,dyn_niche,degree_low,5,0.11764705882352941,0.676470588235294,0.7941176470588235
8,dyn_niche,degree_low,6,0.14705882352941177,0.676470588235294,0.8235294117647058
8,dyn_niche,degree_low,7,0.17647058823529413,0.676470588235294,0.8529411764705882
8,dyn_niche,degree_low,8,0.20588235294117646,0.6764705882352942,0.8823529411764706
8,dyn_niche,vul_high,1,0.0,0.0,0.0
8,dyn_niche,vul_high,2,0.029411764705882353,0.6764705882352942,0.7058823529411765
8,dyn_niche,vul_high,3,0.058823529411764705,0.6764705882352942,0.7352941176470589
8,dyn_niche,vul_high,4,0.08823529411764706,0.676470588235294,0.7647058823529411
8,dyn_niche,vul_high,5,0.11764705882352941,0.7058823529411764,0.8235294117647058
8,dyn_niche,vul_high,6,0.14705882352941177,0.7058823529411764,0.8529411764705882
8,dyn_niche,vul_high,7,0.17647058823529413,0.7058823529411764,0.8823529411764706
8,dyn_niche,bm_low,1,0.0,0.0,0.0
8,dyn_niche,bm_low,2,0.029411764705882353,0.7058823529411765,0.7352941176470589
8,dyn_niche,bm_low,3,0.058823529411764705,0.7058823529411764,0.7647058823529411
8,dyn_niche,bm_low,4,0.08823529411764706,0.7058823529411764,0.7941176470588235
8,dyn_niche,bm_low,5,0.11764705882352941,0.7352941176470588,0.8529411764705882
8,dyn_niche,bm_low,6,0.14705882352941177,0.7352941176470588,0.8823529411764706
8,dyn_down_size,gen_low,1,0.0,0.0,0.0
8,dyn_down_size,gen_low,2,0.027777777777777776,0.027777777777777776,0.05555555555555555
8,dyn_down_size,gen_low,3,0.05555555555555555,0.027777777777777776,0.08333333333333333
8,dyn_down_size,gen_low,4,0.08333333333333333,0.027777777777777776,0.1111111111111111
8,dyn_down_size,gen_low,5,0.1111111111111111,0.02777777777777779,0.1388888888888889
8,dyn_down_size,gen_low,6,0.1388888888888889,0.027777777777777762,0.16666666666666666
8,dyn_down_size,gen_low,7,0.16666666666666666,0.02777777777777779,0.19444444444444445
8,dyn_down_size,gen_low,8,0.19444444444444445,0.027777777777777762,0.2222222222222222
8,dyn_down_size,gen_low,9,0.2222222222222222,0.02777777777777779,0.25
8,dyn_down_size,gen_low,10,0.25,0.02777777777777779,0.2777777777777778
8,dyn_down_size,gen_low,11,0.2777777777777778,0.02777777777777779,0.3055555555555556
8,dyn_down_size,gen_low,12,0.3055555555555556,0.027777777777777735,0.3333333333333333
8,dyn_down_size,vul_low,1,0.0,0.0,0.0
8,dyn_down_size,vul_low,2,0.027777777777777776,0.027777777777777776,0.05555555555555555
8,dyn_down_size,vul_low,3,0.05555555555555555,0.027777777777777776,0.08333333333333333
8,dyn_down_size,vul_low,4,0.08333333333333333,0.027777777777777776,0.1111111111111111
8,dyn_down_size,vul_low,5,0.1111111111111111,0.02777777777777779,0.1388888888888889
8,dyn_down_size,vul_low,6,0.1388888888888889,0.027777777777777762,0.16666666666666666
8,dyn_down_size,vul_low,7,0.16666666666666666,0.02777777777777779,0.19444444444444445
8,dyn_down_size,vul_low,8,0.19444444444444445,0.027777777777777762,0.2222222222222222
8,dyn_down_size,vul_low,9,0.2222222222222222,0.02777777777777779,0.25
8,dyn_down_size,vul_low,10,0.25,0.02777777777777779,0.2777777777777778
8,dyn_down_size,vul_low,11,0.2777777777777778,0.02777777777777779,0.3055555555555556
8,dyn_down_size,vul_low,12,0.3055555555555556,0.027777777777777735,0.3333333333333333
8,dyn_down_size,rand_basal,1,0.0,0.0,0.0
8,dyn_down_size,rand_basal,2,0.027777777777777776,0.027777777777777776,0.05555555555555555
8,dyn_down_size,rand_basal,3,0.05555555555555555,0.027777777777777776,0.08333333333333333
8,dyn_down_size,rand_basal,4,0.08333333333333333,0.027777777777777776,0.1111111111111111
8,dyn_down_size,rand_basal,5,0.1111111111111111,0.02777777777777779,0.1388888888888889
8,dyn_down_size,rand_basal,6,0.1388888888888889,0.027777777777777762,0.16666666666666666
8,dyn_down_size,rand_basal,7,0.16666666666666666,0.02777777777777779,0.19444444444444445
8,dyn_down_size,rand_basal,8,0.19444444444444445,0.027777777777777762,0.2222222222222222
8,dyn_down_size,rand_basal,9,0.2222222222222222,0.02777777777777779,0.25
8,dyn_down_size,rand_basal,10,0.25,0.02777777777777779,0.2777777777777778
8,dyn_down_size,rand_basal,11,0.2777777777777778,0.02777777777777779,0.3055555555555556
8,dyn_down_size,rand_basal,12,0.3055555555555556,0.027777777777777735,0.3333333333333333
8,dyn_down_size,rand_basal,13,0.3333333333333333,0.02777777777777779,0.3611111111111111
8,dyn_down_size,rand_basal,14,0.3611111111111111,0.02777777777777779,0.3888888888888889
8,dyn_down_size,rand_basal,15,0.3888888888888889,0.02777777777777779,0.4166666666666667
8,dyn_down_size,rand_basal,16,0.4166666666666667,0.027777777777777735,0.4444444444444444
8,dyn_down_size,rand_basal,17,0.4444444444444444,0.02777777777777779,0.4722222222222222
8,dyn_down_size,rand_basal,18,0.4722222222222222,0.02777777777777779,0.5
8,dyn_down_size,rand_basal,19,0.5,0.02777777777777779,0.5277777777777778
8,dyn_down_size,rand_basal,20,0.5277777777777778,0.02777777777777779,0.5555555555555556
8,dyn_down_size,rand_basal,21,0.5555555555555556,0.02777777777777779,0.5833333333333334
8,dyn_down_size,rand_basal,22,0.5833333333333334,0.02777777777777779,0.6111111111111112
8,dyn_down_size,rand_basal,23,0.6111111111111112,0.05555555555555547,0.6666666666666666
8,dyn_down_size,rand_basal,24,0.6388888888888888,0.05555555555555558,0.6944444444444444
8,dyn_down_size,rand_basal,25,0.6666666666666666,0.2777777777777778,0.9444444444444444
8,dyn_down_size,rand_consumer,1,0.0,0.0,0.0
8,dyn_down_size,rand_consumer,2,0.027777777777777776,0.027777777777777776,0.05555555555555555
8,dyn_down_size,rand_consumer,3,0.05555555555555555,0.027777777777777776,0.08333333333333333
8,dyn_down_size,rand_consumer,4,0.08333333333333333,0.027777777777777776,0.1111111111111111
8,dyn_down_size,rand_consumer,5,0.1111111111111111,0.02777777777777779,0.1388888888888889
8,dyn_down_size,rand_consumer,6,0.1388888888888889,0.027777777777777762,0.16666666666666666
8,dyn_down_size,rand_consumer,7,0.16666666666666666,0.02777777777777779,0.19444444444444445
8,dyn_down_size,rand_consumer,8,0.19444444444444445,0.027777777777777762,0.2222222222222222
8,dyn_down_size,rand_consumer,9,0.2222222222222222,0.02777777777777779,0.25
8,dyn_down_size,rand_consumer,10,0.25,0.02777777777777779,0.2777777777777778
8,dyn_down_size,rand_consumer,11,0.2777777777777778,0.02777777777777779,0.3055555555555556
8,dyn_down_size,rand_consumer,12,0.3055555555555556,0.027777777777777735,0.3333333333333333
8,dyn_down_size,bm_high,1,0.0,0.0,0.0
8,dyn_down_size,bm_high,2,0.027777777777777776,0.027777777777777776,0.05555555555555555
8,dyn_down_size,bm_high,3,0.05555555555555555,0.027777777777777776,0.08333333333333333
8,dyn_down_size,bm_high,4,0.08333333333333333,0.027777777777777776,0.1111111111111111
8,dyn_down_size,bm_high,5,0.1111111111111111,0.02777777777777779,0.1388888888888889
8,dyn_down_size,bm_high,6,0.1388888888888889,0.027777777777777762,0.16666666666666666
8,dyn_down_size,bm_high,7,0.16666666666666666,0.02777777777777779,0.19444444444444445
8,dyn_down_size,bm_high,8,0.19444444444444445,0.027777777777777762,0.2222222222222222
8,dyn_down_size,bm_high,9,0.2222222222222222,0.02777777777777779,0.25
8,dyn_down_size,bm_high,10,0.25,0.02777777777777779,0.2777777777777778
8,dyn_down_size,bm_high,11,0.2777777777777778,0.02777777777777779,0.3055555555555556
8,dyn_down_size,bm_high,12,0.3055555555555556,0.027777777777777735,0.3333333333333333
8,dyn_down_size,gen_high,1,0.0,0.0,0.0
8,dyn_down_size,gen_high,2,0.027777777777777776,0.027777777777777776,0.05555555555555555
8,dyn_down_size,gen_high,3,0.05555555555555555,0.027777777777777776,0.08333333333333333
8,dyn_down_size,gen_high,4,0.08333333333333333,0.027777777777777776,0.1111111111111111
8,dyn_down_size,gen_high,5,0.1111111111111111,0.02777777777777779,0.1388888888888889
8,dyn_down_size,gen_high,6,0.1388888888888889,0.027777777777777762,0.16666666666666666
8,dyn_down_size,gen_high,7,0.16666666666666666,0.02777777777777779,0.19444444444444445
8,dyn_down_size,gen_high,8,0.19444444444444445,0.027777777777777762,0.2222222222222222
8,dyn_down_size,gen_high,9,0.2222222222222222,0.02777777777777779,0.25
8,dyn_down_size,gen_high,10,0.25,0.02777777777777779,0.2777777777777778
8,dyn_down_size,gen_high,11,0.2777777777777778,0.02777777777777779,0.3055555555555556
8,dyn_down_size,gen_high,12,0.3055555555555556,0.027777777777777735,0.3333333333333333
8,dyn_down_size,degree_high,1,0.0,0.0,0.0
8,dyn_down_size,degree_high,2,0.027777777777777776,0.027777777777777776,0.05555555555555555
8,dyn_down_size,degree_high,3,0.05555555555555555,0.027777777777777776,0.08333333333333333
8,dyn_down_size,degree_high,4,0.08333333333333333,0.027777777777777776,0.1111111111111111
8,dyn_down_size,degree_high,5,0.1111111111111111,0.02777777777777779,0.1388888888888889
8,dyn_down_size,degree_high,6,0.1388888888888889,0.027777777777777762,0.16666666666666666
8,dyn_down_size,degree_high,7,0.16666666666666666,0.02777777777777779,0.19444444444444445
8,dyn_down_size,degree_high,8,0.19444444444444445,0.027777777777777762,0.2222222222222222
8,dyn_down_size,degree_high,9,0.2222222222222222,0.02777777777777779,0.25
8,dyn_down_size,degree_high,10,0.25,0.02777777777777779,0.2777777777777778
8,dyn_down_size,degree_high,11,0.2777777777777778,0.02777777777777779,0.3055555555555556
8,dyn_down_size,degree_high,12,0.3055555555555556,0.027777777777777735,0.3333333333333333
8,dyn_down_size,degree_low,1,0.0,0.0,0.0
8,dyn_down_size,degree_low,2,0.027777777777777776,0.027777777777777776,0.05555555555555555
8,dyn_down_size,degree_low,3,0.05555555555555555,0.027777777777777776,0.08333333333333333
8,dyn_down_size,degree_low,4,0.08333333333333333,0.027777777777777776,0.1111111111111111
8,dyn_down_size,degree_low,5,0.1111111111111111,0.02777777777777779,0.1388888888888889
8,dyn_down_size,degree_low,6,0.1388888888888889,0.027777777777777762,0.16666666666666666
8,dyn_down_size,degree_low,7,0.16666666666666666,0.02777777777777779,0.19444444444444445
8,dyn_down_size,degree_low,8,0.19444444444444445,0.027777777777777762,0.2222222222222222
8,dyn_down_size,degree_low,9,0.2222222222222222,0.02777777777777779,0.25
8,dyn_down_size,degree_low,10,0.25,0.02777777777777779,0.2777777777777778
8,dyn_down_size,degree_low,11,0.2777777777777778,0.02777777777777779,0.3055555555555556
8,dyn_down_size,degree_low,12,0.3055555555555556,0.027777777777777735,0.3333333333333333
8,dyn_down_size,vul_high,1,0.0,0.0,0.0
8,dyn_down_size,vul_high,2,0.027777777777777776,0.027777777777777776,0.05555555555555555
8,dyn_down_size,vul_high,3,0.05555555555555555,0.027777777777777776,0.08333333333333333
8,dyn_down_size,vul_high,4,0.08333333333333333,0.027777777777777776,0.1111111111111111
8,dyn_down_size,vul_high,5,0.1111111111111111,0.02777777777777779,0.1388888888888889
8,dyn_down_size,vul_high,6,0.1388888888888889,0.027777777777777762,0.16666666666666666
8,dyn_down_size,vul_high,7,0.16666666666666666,0.02777777777777779,0.19444444444444445
8,dyn_down_size,vul_high,8,0.19444444444444445,0.027777777777777762,0.2222222222222222
8,dyn_down_size,vul_high,9,0.2222222222222222,0.02777777777777779,0.25
8,dyn_down_size,vul_high,10,0.25,0.02777777777777779,0.2777777777777778
8,dyn_down_size,vul_high,11,0.2777777777777778,0.02777777777777779,0.3055555555555556
8,dyn_down_size,vul_high,12,0.3055555555555556,0.027777777777777735,0.3333333333333333
8,dyn_down_size,bm_low,1,0.0,0.0,0.0
8,dyn_down_size,bm_low,2,0.027777777777777776,0.027777777777777776,0.05555555555555555
8,dyn_down_size,bm_low,3,0.05555555555555555,0.027777777777777776,0.08333333333333333
8,dyn_down_size,bm_low,4,0.08333333333333333,0.027777777777777776,0.1111111111111111
8,dyn_down_size,bm_low,5,0.1111111111111111,0.02777777777777779,0.1388888888888889
8,dyn_down_size,bm_low,6,0.1388888888888889,0.027777777777777762,0.16666666666666666
8,dyn_down_size,bm_low,7,0.16666666666666666,0.02777777777777779,0.19444444444444445
8,dyn_down_size,bm_low,8,0.19444444444444445,0.027777777777777762,0.2222222222222222
8,dyn_down_size,bm_low,9,0.2222222222222222,0.02777777777777779,0.25
8,dyn_down_size,bm_low,10,0.25,0.02777777777777779,0.2777777777777778
8,dyn_down_size,bm_low,11,0.2777777777777778,0.02777777777777779,0.3055555555555556
8,dyn_down_size,bm_low,12,0.3055555555555556,0.027777777777777735,0.3333333333333333
8,dyn_down,gen_low,1,0.0,0.0,0.0
8,dyn_down,gen_low,2,0.024390243902439025,0.024390243902439025,0.04878048780487805
8,dyn_down,gen_low,3,0.04878048780487805,0.02439024390243902,0.07317073170731707
8,dyn_down,gen_low,4,0.07317073170731707,0.024390243902439032,0.0975609756097561
8,dyn_down,gen_low,5,0.0975609756097561,0.02439024390243902,0.12195121951219512
8,dyn_down,gen_low,6,0.12195121951219512,0.02439024390243902,0.14634146341463414
8,dyn_down,gen_low,7,0.14634146341463414,0.024390243902439046,0.17073170731707318
8,dyn_down,gen_low,8,0.17073170731707318,0.02439024390243902,0.1951219512195122
8,dyn_down,gen_low,9,0.1951219512195122,0.02439024390243902,0.21951219512195122
8,dyn_down,gen_low,10,0.21951219512195122,0.02439024390243902,0.24390243902439024
8,dyn_down,gen_low,11,0.24390243902439024,0.024390243902439046,0.2682926829268293
8,dyn_down,gen_low,12,0.2682926829268293,0.02439024390243899,0.2926829268292683
8,dyn_down,gen_low,13,0.2926829268292683,0.024390243902439046,0.3170731707317073
8,dyn_down,gen_low,14,0.3170731707317073,0.024390243902439046,0.34146341463414637
8,dyn_down,gen_low,15,0.34146341463414637,0.02439024390243899,0.36585365853658536
8,dyn_down,gen_low,16,0.36585365853658536,0.024390243902439046,0.3902439024390244
8,dyn_down,gen_low,17,0.3902439024390244,0.02439024390243899,0.4146341463414634
8,dyn_down,gen_low,18,0.4146341463414634,0.04878048780487809,0.4634146341463415
8,dyn_down,gen_low,19,0.43902439024390244,0.04878048780487804,0.4878048780487805
8,dyn_down,gen_low,20,0.4634146341463415,0.04878048780487804,0.5121951219512195
8,dyn_down,gen_low,21,0.4878048780487805,0.04878048780487809,0.5365853658536586
8,dyn_down,gen_low,22,0.5121951219512195,0.04878048780487809,0.5609756097560976
8,dyn_down,gen_low,23,0.5365853658536586,0.04878048780487798,0.5853658536585366
8,dyn_down,gen_low,24,0.5609756097560976,0.04878048780487798,0.6097560975609756
8,dyn_down,vul_low,1,0.0,0.0,0.0
8,dyn_down,vul_low,2,0.024390243902439025,0.024390243902439025,0.04878048780487805
8,dyn_down,vul_low,3,0.04878048780487805,0.02439024390243902,0.07317073170731707
8,dyn_down,vul_low,4,0.07317073170731707,0.024390243902439032,0.0975609756097561
8,dyn_down,vul_low,5,0.0975609756097561,0.02439024390243902,0.12195121951219512
8,dyn_down,vul_low,6,0.12195121951219512,0.02439024390243902,0.14634146341463414
8,dyn_down,vul_low,7,0.14634146341463414,0.024390243902439046,0.17073170731707318
8,dyn_down,vul_low,8,0.17073170731707318,0.02439024390243902,0.1951219512195122
8,dyn_down,vul_low,9,0.1951219512195122,0.02439024390243902,0.21951219512195122
8,dyn_down,vul_low,10,0.21951219512195122,0.02439024390243902,0.24390243902439024
8,dyn_down,vul_low,11,0.24390243902439024,0.024390243902439046,0.2682926829268293
8,dyn_down,vul_low,12,0.2682926829268293,0.02439024390243899,0.2926829268292683
8,dyn_down,vul_low,13,0.2926829268292683,0.024390243902439046,0.3170731707317073
8,dyn_down,vul_low,14,0.3170731707317073,0.024390243902439046,0.34146341463414637
8,dyn_down,vul_low,15,0.34146341463414637,0.02439024390243899,0.36585365853658536
8,dyn_down,vul_low,16,0.36585365853658536,0.024390243902439046,0.3902439024390244
8,dyn_down,vul_low,17,0.3902439024390244,0.04878048780487804,0.43902439024390244
8,dyn_down,vul_low,18,0.4146341463414634,0.04878048780487809,0.4634146341463415
8,dyn_down,vul_low,19,0.43902439024390244,0.04878048780487804,0.4878048780487805
8,dyn_down,vul_low,20,0.4634146341463415,0.04878048780487804,0.5121951219512195
8,dyn_down,vul_low,21,0.4878048780487805,0.04878048780487809,0.5365853658536586
8,dyn_down,vul_low,22,0.5121951219512195,0.04878048780487809,0.5609756097560976
8,dyn_down,vul_low,23,0.5365853658536586,0.04878048780487798,0.5853658536585366
8,dyn_down,vul_low,24,0.5609756097560976,0.04878048780487798,0.6097560975609756
8,dyn_down,rand_basal,1,0.0,0.0,0.0
8,dyn_down,rand_basal,2,0.024390243902439025,0.024390243902439025,0.04878048780487805
8,dyn_down,rand_basal,3,0.04878048780487805,0.02439024390243902,0.07317073170731707
8,dyn_down,rand_basal,4,0.07317073170731707,0.024390243902439032,0.0975609756097561
8,dyn_down,rand_basal,5,0.0975609756097561,0.02439024390243902,0.12195121951219512
8,dyn_down,rand_basal,6,0.12195121951219512,0.02439024390243902,0.14634146341463414
8,dyn_down,rand_basal,7,0.14634146341463414,0.024390243902439046,0.17073170731707318
8,dyn_down,rand_basal,8,0.17073170731707318,0.02439024390243902,0.1951219512195122
8,dyn_down,rand_basal,9,0.1951219512195122,0.02439024390243902,0.21951219512195122
8,dyn_down,rand_basal,10,0.21951219512195122,0.02439024390243902,0.24390243902439024
8,dyn_down,rand_basal,11,0.24390243902439024,0.024390243902439046,0.2682926829268293
8,dyn_down,rand_basal,12,0.2682926829268293,0.02439024390243899,0.2926829268292683
8,dyn_down,rand_basal,13,0.2926829268292683,0.024390243902439046,0.3170731707317073
8,dyn_down,rand_basal,14,0.3170731707317073,0.024390243902439046,0.34146341463414637
8,dyn_down,rand_basal,15,0.34146341463414637,0.02439024390243899,0.36585365853658536
8,dyn_down,rand_basal,16,0.36585365853658536,0.024390243902439046,0.3902439024390244
8,dyn_down,rand_basal,17,0.3902439024390244,0.02439024390243899,0.4146341463414634
8,dyn_down,rand_consumer,1,0.0,0.0,0.0
8,dyn_down,rand_consumer,2,0.024390243902439025,0.024390243902439025,0.04878048780487805
8,dyn_down,rand_consumer,3,0.04878048780487805,0.02439024390243902,0.07317073170731707
8,dyn_down,rand_consumer,4,0.07317073170731707,0.024390243902439032,0.0975609756097561
8,dyn_down,rand_consumer,5,0.0975609756097561,0.02439024390243902,0.12195121951219512
8,dyn_down,rand_consumer,6,0.12195121951219512,0.02439024390243902,0.14634146341463414
8,dyn_down,rand_consumer,7,0.14634146341463414,0.024390243902439046,0.17073170731707318
8,dyn_down,rand_consumer,8,0.17073170731707318,0.02439024390243902,0.1951219512195122
8,dyn_down,rand_consumer,9,0.1951219512195122,0.02439024390243902,0.21951219512195122
8,dyn_down,rand_consumer,10,0.21951219512195122,0.02439024390243902,0.24390243902439024
8,dyn_down,rand_consumer,11,0.24390243902439024,0.024390243902439046,0.2682926829268293
8,dyn_down,rand_consumer,12,0.2682926829268293,0.02439024390243899,0.2926829268292683
8,dyn_down,rand_consumer,13,0.2926829268292683,0.024390243902439046,0.3170731707317073
8,dyn_down,rand_consumer,14,0.3170731707317073,0.024390243902439046,0.34146341463414637
8,dyn_down,rand_consumer,15,0.34146341463414637,0.02439024390243899,0.36585365853658536
8,dyn_down,rand_consumer,16,0.36585365853658536,0.024390243902439046,0.3902439024390244
8,dyn_down,rand_consumer,17,0.3902439024390244,0.02439024390243899,0.4146341463414634
8,dyn_down,rand_consumer,18,0.4146341463414634,0.024390243902439046,0.43902439024390244
8,dyn_down,rand_consumer,19,0.43902439024390244,0.024390243902439046,0.4634146341463415
8,dyn_down,rand_consumer,20,0.4634146341463415,0.02439024390243899,0.4878048780487805
8,dyn_down,rand_consumer,21,0.4878048780487805,0.024390243902439046,0.5121951219512195
8,dyn_down,rand_consumer,22,0.5121951219512195,0.024390243902439046,0.5365853658536586
8,dyn_down,rand_consumer,23,0.5365853658536586,0.024390243902439046,0.5609756097560976
8,dyn_down,rand_consumer,24,0.5609756097560976,0.024390243902438935,0.5853658536585366
8,dyn_down,rand_consumer,25,0.5853658536585366,0.024390243902439046,0.6097560975609756
8,dyn_down,bm_high,1,0.0,0.0,0.0
8,dyn_down,bm_high,2,0.024390243902439025,0.024390243902439025,0.04878048780487805
8,dyn_down,bm_high,3,0.04878048780487805,0.02439024390243902,0.07317073170731707
8,dyn_down,bm_high,4,0.07317073170731707,0.024390243902439032,0.0975609756097561
8,dyn_down,bm_high,5,0.0975609756097561,0.02439024390243902,0.12195121951219512
8,dyn_down,bm_high,6,0.12195121951219512,0.02439024390243902,0.14634146341463414
8,dyn_down,bm_high,7,0.14634146341463414,0.024390243902439046,0.17073170731707318
8,dyn_down,bm_high,8,0.17073170731707318,0.02439024390243902,0.1951219512195122
8,dyn_down,bm_high,9,0.1951219512195122,0.02439024390243902,0.21951219512195122
8,dyn_down,bm_high,10,0.21951219512195122,0.02439024390243902,0.24390243902439024
8,dyn_down,bm_high,11,0.24390243902439024,0.024390243902439046,0.2682926829268293
8,dyn_down,bm_high,12,0.2682926829268293,0.02439024390243899,0.2926829268292683
8,dyn_down,bm_high,13,0.2926829268292683,0.024390243902439046,0.3170731707317073
8,dyn_down,bm_high,14,0.3170731707317073,0.024390243902439046,0.34146341463414637
8,dyn_down,bm_high,15,0.34146341463414637,0.02439024390243899,0.36585365853658536
8,dyn_down,bm_high,16,0.36585365853658536,0.024390243902439046,0.3902439024390244
8,dyn_down,bm_high,17,0.3902439024390244,0.02439024390243899,0.4146341463414634
8,dyn_down,bm_high,18,0.4146341463414634,0.024390243902439046,0.43902439024390244
8,dyn_down,bm_high,19,0.43902439024390244,0.024390243902439046,0.4634146341463415
8,dyn_down,bm_high,20,0.4634146341463415,0.02439024390243899,0.4878048780487805
8,dyn_down,bm_high,21,0.4878048780487805,0.024390243902439046,0.5121951219512195
8,dyn_down,bm_high,22,0.5121951219512195,0.024390243902439046,0.5365853658536586
8,dyn_down,bm_high,23,0.5365853658536586,0.024390243902439046,0.5609756097560976
8,dyn_down,bm_high,24,0.5609756097560976,0.024390243902438935,0.5853658536585366
8,dyn_down,bm_high,25,0.5853658536585366,0.024390243902439046,0.6097560975609756
8,dyn_down,gen_high,1,0.0,0.0,0.0
8,dyn_down,gen_high,2,0.024390243902439025,0.024390243902439025,0.04878048780487805
8,dyn_down,gen_high,3,0.04878048780487805,0.02439024390243902,0.07317073170731707
8,dyn_down,gen_high,4,0.07317073170731707,0.024390243902439032,0.0975609756097561
8,dyn_down,gen_high,5,0.0975609756097561,0.02439024390243902,0.12195121951219512
8,dyn_down,gen_high,6,0.12195121951219512,0.02439024390243902,0.14634146341463414
8,dyn_down,gen_high,7,0.14634146341463414,0.024390243902439046,0.17073170731707318
8,dyn_down,gen_high,8,0.17073170731707318,0.02439024390243902,0.1951219512195122
8,dyn_down,gen_high,9,0.1951219512195122,0.02439024390243902,0.21951219512195122
8,dyn_down,gen_high,10,0.21951219512195122,0.02439024390243902,0.24390243902439024
8,dyn_down,gen_high,11,0.24390243902439024,0.024390243902439046,0.2682926829268293
8,dyn_down,gen_high,12,0.2682926829268293,0.02439024390243899,0.2926829268292683
8,dyn_down,gen_high,13,0.2926829268292683,0.024390243902439046,0.3170731707317073
8,dyn_down,gen_high,14,0.3170731707317073,0.024390243902439046,0.34146341463414637
8,dyn_down,gen_high,15,0.34146341463414637,0.02439024390243899,0.36585365853658536
8,dyn_down,gen_high,16,0.36585365853658536,0.024390243902439046,0.3902439024390244
8,dyn_down,gen_high,17,0.3902439024390244,0.02439024390243899,0.4146341463414634
8,dyn_down,gen_high,18,0.4146341463414634,0.024390243902439046,0.43902439024390244
8,dyn_down,gen_high,19,0.43902439024390244,0.024390243902439046,0.4634146341463415
8,dyn_down,gen_high,20,0.4634146341463415,0.02439024390243899,0.4878048780487805
8,dyn_down,gen_high,21,0.4878048780487805,0.024390243902439046,0.5121951219512195
8,dyn_down,gen_high,22,0.5121951219512195,0.024390243902439046,0.5365853658536586
8,dyn_down,gen_high,23,0.5365853658536586,0.024390243902439046,0.5609756097560976
8,dyn_down,gen_high,24,0.5609756097560976,0.024390243902438935,0.5853658536585366
8,dyn_down,gen_high,25,0.5853658536585366,0.024390243902439046,0.6097560975609756
8,dyn_down,degree_high,1,0.0,0.0,0.0
8,dyn_down,degree_high,2,0.024390243902439025,0.024390243902439025,0.04878048780487805
8,dyn_down,degree_high,3,0.04878048780487805,0.02439024390243902,0.07317073170731707
8,dyn_down,degree_high,4,0.07317073170731707,0.024390243902439032,0.0975609756097561
8,dyn_down,degree_high,5,0.0975609756097561,0.02439024390243902,0.12195121951219512
8,dyn_down,degree_high,6,0.12195121951219512,0.02439024390243902,0.14634146341463414
8,dyn_down,degree_high,7,0.14634146341463414,0.024390243902439046,0.17073170731707318
8,dyn_down,degree_high,8,0.17073170731707318,0.02439024390243902,0.1951219512195122
8,dyn_down,degree_high,9,0.1951219512195122,0.02439024390243902,0.21951219512195122
8,dyn_down,degree_high,10,0.21951219512195122,0.02439024390243902,0.24390243902439024
8,dyn_down,degree_high,11,0.24390243902439024,0.024390243902439046,0.2682926829268293
8,dyn_down,degree_high,12,0.2682926829268293,0.02439024390243899,0.2926829268292683
8,dyn_down,degree_high,13,0.2926829268292683,0.024390243902439046,0.3170731707317073
8,dyn_down,degree_high,14,0.3170731707317073,0.024390243902439046,0.34146341463414637
8,dyn_down,degree_high,15,0.34146341463414637,0.02439024390243899,0.36585365853658536
8,dyn_down,degree_high,16,0.36585365853658536,0.024390243902439046,0.3902439024390244
8,dyn_down,degree_high,17,0.3902439024390244,0.02439024390243899,0.4146341463414634
8,dyn_down,degree_high,18,0.4146341463414634,0.024390243902439046,0.43902439024390244
8,dyn_down,degree_high,19,0.43902439024390244,0.024390243902439046,0.4634146341463415
8,dyn_down,degree_high,20,0.4634146341463415,0.02439024390243899,0.4878048780487805
8,dyn_down,degree_high,21,0.4878048780487805,0.024390243902439046,0.5121951219512195
8,dyn_down,degree_high,22,0.5121951219512195,0.024390243902439046,0.5365853658536586
8,dyn_down,degree_high,23,0.5365853658536586,0.024390243902439046,0.5609756097560976
8,dyn_down,degree_high,24,0.5609756097560976,0.024390243902438935,0.5853658536585366
8,dyn_down,degree_high,25,0.5853658536585366,0.024390243902439046,0.6097560975609756
8,dyn_down,degree_low,1,0.0,0.0,0.0
8,dyn_down,degree_low,2,0.024390243902439025,0.024390243902439025,0.04878048780487805
8,dyn_down,degree_low,3,0.04878048780487805,0.02439024390243902,0.07317073170731707
8,dyn_down,degree_low,4,0.07317073170731707,0.04878048780487805,0.12195121951219512
8,dyn_down,degree_low,5,0.0975609756097561,0.04878048780487804,0.14634146341463414
8,dyn_down,degree_low,6,0.12195121951219512,0.048780487804878064,0.17073170731707318
8,dyn_down,degree_low,7,0.14634146341463414,0.048780487804878064,0.1951219512195122
8,dyn_down,degree_low,8,0.17073170731707318,0.04878048780487804,0.21951219512195122
8,dyn_down,degree_low,9,0.1951219512195122,0.04878048780487804,0.24390243902439024
8,dyn_down,degree_low,10,0.21951219512195122,0.048780487804878064,0.2682926829268293
8,dyn_down,degree_low,11,0.24390243902439024,0.04878048780487804,0.2926829268292683
8,dyn_down,degree_low,12,0.2682926829268293,0.04878048780487804,0.3170731707317073
8,dyn_down,degree_low,13,0.2926829268292683,0.04878048780487809,0.34146341463414637
8,dyn_down,degree_low,14,0.3170731707317073,0.04878048780487804,0.36585365853658536
8,dyn_down,degree_low,15,0.34146341463414637,0.04878048780487804,0.3902439024390244
8,dyn_down,degree_low,16,0.36585365853658536,0.04878048780487804,0.4146341463414634
8,dyn_down,degree_low,17,0.3902439024390244,0.04878048780487804,0.43902439024390244
8,dyn_down,degree_low,18,0.4146341463414634,0.04878048780487809,0.4634146341463415
8,dyn_down,degree_low,19,0.43902439024390244,0.04878048780487804,0.4878048780487805
8,dyn_down,degree_low,20,0.4634146341463415,0.04878048780487804,0.5121951219512195
8,dyn_down,degree_low,21,0.4878048780487805,0.04878048780487809,0.5365853658536586
8,dyn_down,degree_low,22,0.5121951219512195,0.04878048780487809,0.5609756097560976
8,dyn_down,degree_low,23,0.5365853658536586,0.04878048780487798,0.5853658536585366
8,dyn_down,degree_low,24,0.5609756097560976,0.04878048780487798,0.6097560975609756
8,dyn_down,vul_high,1,0.0,0.0,0.0
8,dyn_down,vul_high,2,0.024390243902439025,0.024390243902439025,0.04878048780487805
8,dyn_down,vul_high,3,0.04878048780487805,0.02439024390243902,0.07317073170731707
8,dyn_down,vul_high,4,0.07317073170731707,0.024390243902439032,0.0975609756097561
8,dyn_down,vul_high,5,0.0975609756097561,0.02439024390243902,0.12195121951219512
8,dyn_down,vul_high,6,0.12195121951219512,0.02439024390243902,0.14634146341463414
8,dyn_down,vul_high,7,0.14634146341463414,0.024390243902439046,0.17073170731707318
8,dyn_down,vul_high,8,0.17073170731707318,0.02439024390243902,0.1951219512195122
8,dyn_down,vul_high,9,0.1951219512195122,0.02439024390243902,0.21951219512195122
8,dyn_down,vul_high,10,0.21951219512195122,0.02439024390243902,0.24390243902439024
8,dyn_down,vul_high,11,0.24390243902439024,0.024390243902439046,0.2682926829268293
8,dyn_down,vul_high,12,0.2682926829268293,0.02439024390243899,0.2926829268292683
8,dyn_down,vul_high,13,0.2926829268292683,0.024390243902439046,0.3170731707317073
8,dyn_down,vul_high,14,0.3170731707317073,0.024390243902439046,0.34146341463414637
8,dyn_down,vul_high,15,0.34146341463414637,0.02439024390243899,0.36585365853658536
8,dyn_down,vul_high,16,0.36585365853658536,0.024390243902439046,0.3902439024390244
8,dyn_down,vul_high,17,0.3902439024390244,0.02439024390243899,0.4146341463414634
8,dyn_down,vul_high,18,0.4146341463414634,0.024390243902439046,0.43902439024390244
8,dyn_down,vul_high,19,0.43902439024390244,0.024390243902439046,0.4634146341463415
8,dyn_down,vul_high,20,0.4634146341463415,0.02439024390243899,0.4878048780487805
8,dyn_down,vul_high,21,0.4878048780487805,0.024390243902439046,0.5121951219512195
8,dyn_down,vul_high,22,0.5121951219512195,0.024390243902439046,0.5365853658536586
8,dyn_down,vul_high,23,0.5365853658536586,0.024390243902439046,0.5609756097560976
8,dyn_down,vul_high,24,0.5609756097560976,0.024390243902438935,0.5853658536585366
8,dyn_down,vul_high,25,0.5853658536585366,0.024390243902439046,0.6097560975609756
8,dyn_down,bm_low,1,0.0,0.0,0.0
8,dyn_down,bm_low,2,0.024390243902439025,0.024390243902439025,0.04878048780487805
8,dyn_down,bm_low,3,0.04878048780487805,0.02439024390243902,0.07317073170731707
8,dyn_down,bm_low,4,0.07317073170731707,0.024390243902439032,0.0975609756097561
8,dyn_down,bm_low,5,0.0975609756097561,0.02439024390243902,0.12195121951219512
8,dyn_down,bm_low,6,0.12195121951219512,0.02439024390243902,0.14634146341463414
8,dyn_down,bm_low,7,0.14634146341463414,0.024390243902439046,0.17073170731707318
8,dyn_down,bm_low,8,0.17073170731707318,0.02439024390243902,0.1951219512195122
8,dyn_down,bm_low,9,0.1951219512195122,0.02439024390243902,0.21951219512195122
8,dyn_down,bm_low,10,0.21951219512195122,0.048780487804878064,0.2682926829268293
8,dyn_down,bm_low,11,0.24390243902439024,0.04878048780487804,0.2926829268292683
8,dyn_down,bm_low,12,0.2682926829268293,0.04878048780487804,0.3170731707317073
8,dyn_down,bm_low,13,0.2926829268292683,0.04878048780487809,0.34146341463414637
8,dyn_down,bm_low,14,0.3170731707317073,0.04878048780487804,0.36585365853658536
8,dyn_down,bm_low,15,0.34146341463414637,0.04878048780487804,0.3902439024390244
8,dyn_down,bm_low,16,0.36585365853658536,0.04878048780487804,0.4146341463414634
8,dyn_down,bm_low,17,0.3902439024390244,0.04878048780487804,0.43902439024390244
8,dyn_down,bm_low,18,0.4146341463414634,0.04878048780487809,0.4634146341463415
8,dyn_down,bm_low,19,0.43902439024390244,0.04878048780487804,0.4878048780487805
8,dyn_down,bm_low,20,0.4634146341463415,0.04878048780487804,0.5121951219512195
8,dyn_down,bm_low,21,0.4878048780487805,0.04878048780487809,0.5365853658536586
8,dyn_down,bm_low,22,0.5121951219512195,0.04878048780487809,0.5609756097560976
8,dyn_down,bm_low,23,0.5365853658536586,0.04878048780487798,0.5853658536585366
8,dyn_down,bm_low,24,0.5609756097560976,0.04878048780487798,0.6097560975609756
9,dyn_niche,gen_low,1,0.0,0.0,0.0
9,dyn_niche,gen_low,2,0.02857142857142857,0.8,0.8285714285714286
9,dyn_niche,gen_low,3,0.05714285714285714,0.7999999999999999,0.8571428571428571
9,dyn_niche,gen_low,4,0.08571428571428572,0.7999999999999999,0.8857142857142857
9,dyn_niche,gen_low,5,0.11428571428571428,0.7999999999999999,0.9142857142857143
9,dyn_niche,gen_low,6,0.14285714285714285,0.8,0.9428571428571428
9,dyn_niche,vul_low,1,0.0,0.0,0.0
9,dyn_niche,vul_low,2,0.02857142857142857,0.8,0.8285714285714286
9,dyn_niche,vul_low,3,0.05714285714285714,0.7999999999999999,0.8571428571428571
9,dyn_niche,vul_low,4,0.08571428571428572,0.7999999999999999,0.8857142857142857
9,dyn_niche,vul_low,5,0.11428571428571428,0.7999999999999999,0.9142857142857143
9,dyn_niche,vul_low,6,0.14285714285714285,0.8,0.9428571428571428
9,dyn_niche,rand_basal,1,0.0,0.0,0.0
9,dyn_niche,rand_basal,2,0.02857142857142857,0.8285714285714285,0.8571428571428571
9,dyn_niche,rand_basal,3,0.05714285714285714,0.8285714285714285,0.8857142857142857
9,dyn_niche,rand_consumer,1,0.0,0.0,0.0
9,dyn_niche,rand_consumer,2,0.02857142857142857,0.8,0.8285714285714286
9,dyn_niche,rand_consumer,3,0.05714285714285714,0.7999999999999999,0.8571428571428571
9,dyn_niche,rand_consumer,4,0.08571428571428572,0.7999999999999999,0.8857142857142857
9,dyn_niche,rand_consumer,5,0.11428571428571428,0.7999999999999999,0.9142857142857143
9,dyn_niche,rand_consumer,6,0.14285714285714285,0.8,0.9428571428571428
9,dyn_niche,bm_high,1,0.0,0.0,0.0
9,dyn_niche,bm_high,2,0.02857142857142857,0.8,0.8285714285714286
9,dyn_niche,bm_high,3,0.05714285714285714,0.7999999999999999,0.8571428571428571
9,dyn_niche,bm_high,4,0.08571428571428572,0.7999999999999999,0.8857142857142857
9,dyn_niche,bm_high,5,0.11428571428571428,0.7999999999999999,0.9142857142857143
9,dyn_niche,bm_high,6,0.14285714285714285,0.8,0.9428571428571428
9,dyn_niche,gen_high,1,0.0,0.0,0.0
9,dyn_niche,gen_high,2,0.02857142857142857,0.8285714285714285,0.8571428571428571
9,dyn_niche,gen_high,3,0.05714285714285714,0.8285714285714285,0.8857142857142857
9,dyn_niche,gen_high,4,0.08571428571428572,0.8285714285714285,0.9142857142857143
9,dyn_niche,gen_high,5,0.11428571428571428,0.8285714285714285,0.9428571428571428
9,dyn_niche,degree_high,1,0.0,0.0,0.0
9,dyn_niche,degree_high,2,0.02857142857142857,0.8,0.8285714285714286
9,dyn_niche,degree_high,3,0.05714285714285714,0.7999999999999999,0.8571428571428571
9,dyn_niche,degree_high,4,0.08571428571428572,0.7999999999999999,0.8857142857142857
9,dyn_niche,degree_high,5,0.11428571428571428,0.7999999999999999,0.9142857142857143
9,dyn_niche,degree_high,6,0.14285714285714285,0.8,0.9428571428571428
9,dyn_niche,degree_low,1,0.0,0.0,0.0
9,dyn_niche,degree_low,2,0.02857142857142857,0.8285714285714285,0.8571428571428571
9,dyn_niche,degree_low,3,0.05714285714285714,0.8285714285714285,0.8857142857142857
9,dyn_niche,degree_low,4,0.08571428571428572,0.8285714285714285,0.9142857142857143
9,dyn_niche,degree_low,5,0.11428571428571428,0.8285714285714285,0.9428571428571428
9,dyn_niche,vul_high,1,0.0,0.0,0.0
9,dyn_niche,vul_high,2,0.02857142857142857,0.8,0.8285714285714286
9,dyn_niche,vul_high,3,0.05714285714285714,0.7999999999999999,0.8571428571428571
9,dyn_niche,vul_high,4,0.08571428571428572,0.7999999999999999,0.8857142857142857
9,dyn_niche,vul_high,5,0.11428571428571428,0.7999999999999999,0.9142857142857143
9,dyn_niche,vul_high,6,0.14285714285714285,0.8,0.9428571428571428
9,dyn_niche,bm_low,1,0.0,0.0,0.0
9,dyn_niche,bm_low,2,0.02857142857142857,0.8,0.8285714285714286
9,dyn_niche,bm_low,3,0.05714285714285714,0.7999999999999999,0.8571428571428571
9,dyn_niche,bm_low,4,0.08571428571428572,0.7999999999999999,0.8857142857142857
9,dyn_niche,bm_low,5,0.11428571428571428,0.7999999999999999,0.9142857142857143
9,dyn_niche,bm_low,6,0.14285714285714285,0.8,0.9428571428571428
9,dyn_down_size,gen_low,1,0.0,0.0,0.0
9,dyn_down_size,gen_low,2,0.027777777777777776,0.0,0.027777777777777776
9,dyn_down_size,gen_low,3,0.05555555555555555,0.0,0.05555555555555555
9,dyn_down_size,gen_low,4,0.08333333333333333,0.0,0.08333333333333333
9,dyn_down_size,gen_low,5,0.1111111111111111,0.0,0.1111111111111111
9,dyn_down_size,gen_low,6,0.1388888888888889,0.0,0.1388888888888889
9,dyn_down_size,gen_low,7,0.16666666666666666,0.0,0.16666666666666666
9,dyn_down_size,gen_low,8,0.19444444444444445,0.0,0.19444444444444445
9,dyn_down_size,gen_low,9,0.2222222222222222,0.0,0.2222222222222222
9,dyn_down_size,gen_low,10,0.25,0.0,0.25
9,dyn_down_size,gen_low,11,0.2777777777777778,0.0,0.2777777777777778
9,dyn_down_size,gen_low,12,0.3055555555555556,0.0,0.3055555555555556
9,dyn_down_size,gen_low,13,0.3333333333333333,0.0,0.3333333333333333
9,dyn_down_size,vul_low,1,0.0,0.0,0.0
9,dyn_down_size,vul_low,2,0.027777777777777776,0.0,0.027777777777777776
9,dyn_down_size,vul_low,3,0.05555555555555555,0.0,0.05555555555555555
9,dyn_down_size,vul_low,4,0.08333333333333333,0.0,0.08333333333333333
9,dyn_down_size,vul_low,5,0.1111111111111111,0.0,0.1111111111111111
9,dyn_down_size,vul_low,6,0.1388888888888889,0.0,0.1388888888888889
9,dyn_down_size,vul_low,7,0.16666666666666666,0.0,0.16666666666666666
9,dyn_down_size,vul_low,8,0.19444444444444445,0.0,0.19444444444444445
9,dyn_down_size,vul_low,9,0.2222222222222222,0.0,0.2222222222222222
9,dyn_down_size,vul_low,10,0.25,0.0,0.25
9,dyn_down_size,vul_low,11,0.2777777777777778,0.0,0.2777777777777778
9,dyn_down_size,vul_low,12,0.3055555555555556,0.0,0.3055555555555556
9,dyn_down_size,vul_low,13,0.3333333333333333,0.0,0.3333333333333333
9,dyn_down_size,rand_basal,1,0.0,0.0,0.0
9,dyn_down_size,rand_basal,2,0.027777777777777776,0.0,0.027777777777777776
9,dyn_down_size,rand_basal,3,0.05555555555555555,0.0,0.05555555555555555
9,dyn_down_size,rand_basal,4,0.08333333333333333,0.0,0.08333333333333333
9,dyn_down_size,rand_basal,5,0.1111111111111111,0.0,0.1111111111111111
9,dyn_down_size,rand_basal,6,0.1388888888888889,0.0,0.1388888888888889
9,dyn_down_size,rand_basal,7,0.16666666666666666,0.0,0.16666666666666666
9,dyn_down_size,rand_basal,8,0.19444444444444445,0.0,0.19444444444444445
9,dyn_down_size,rand_basal,9,0.2222222222222222,0.0,0.2222222222222222
9,dyn_down_size,rand_basal,10,0.25,0.0,0.25
9,dyn_down_size,rand_basal,11,0.2777777777777778,0.0,0.2777777777777778
9,dyn_down_size,rand_basal,12,0.3055555555555556,0.0,0.3055555555555556
9,dyn_down_size,rand_basal,13,0.3333333333333333,0.0,0.3333333333333333
9,dyn_down_size,rand_basal,14,0.3611111111111111,0.0,0.3611111111111111
9,dyn_down_size,rand_basal,15,0.3888888888888889,0.0,0.3888888888888889
9,dyn_down_size,rand_basal,16,0.4166666666666667,0.0,0.4166666666666667
9,dyn_down_size,rand_basal,17,0.4444444444444444,0.0,0.4444444444444444
9,dyn_down_size,rand_basal,18,0.4722222222222222,0.0,0.4722222222222222
9,dyn_down_size,rand_basal,19,0.5,0.0,0.5
9,dyn_down_size,rand_basal,20,0.5277777777777778,0.0,0.5277777777777778
9,dyn_down_size,rand_basal,21,0.5555555555555556,0.0,0.5555555555555556
9,dyn_down_size,rand_basal,22,0.5833333333333334,0.0,0.5833333333333334
9,dyn_down_size,rand_basal,23,0.6111111111111112,0.05555555555555547,0.6666666666666666
9,dyn_down_size,rand_basal,24,0.6388888888888888,0.13888888888888895,0.7777777777777778
9,dyn_down_size,rand_basal,25,0.6666666666666666,0.19444444444444453,0.8611111111111112
9,dyn_down_size,rand_consumer,1,0.0,0.0,0.0
9,dyn_down_size,rand_consumer,2,0.027777777777777776,0.0,0.027777777777777776
9,dyn_down_size,rand_consumer,3,0.05555555555555555,0.0,0.05555555555555555
9,dyn_down_size,rand_consumer,4,0.08333333333333333,0.0,0.08333333333333333
9,dyn_down_size,rand_consumer,5,0.1111111111111111,0.0,0.1111111111111111
9,dyn_down_size,rand_consumer,6,0.1388888888888889,0.0,0.1388888888888889
9,dyn_down_size,rand_consumer,7,0.16666666666666666,0.0,0.16666666666666666
9,dyn_down_size,rand_consumer,8,0.19444444444444445,0.0,0.19444444444444445
9,dyn_down_size,rand_consumer,9,0.2222222222222222,0.0,0.2222222222222222
9,dyn_down_size,rand_consumer,10,0.25,0.0,0.25
9,dyn_down_size,rand_consumer,11,0.2777777777777778,0.0,0.2777777777777778
9,dyn_down_size,rand_consumer,12,0.3055555555555556,0.0,0.3055555555555556
9,dyn_down_size,rand_consumer,13,0.3333333333333333,0.0,0.3333333333333333
9,dyn_down_size,bm_high,1,0.0,0.0,0.0
9,dyn_down_size,bm_high,2,0.027777777777777776,0.0,0.027777777777777776
9,dyn_down_size,bm_high,3,0.05555555555555555,0.0,0.05555555555555555
9,dyn_down_size,bm_high,4,0.08333333333333333,0.0,0.08333333333333333
9,dyn_down_size,bm_high,5,0.1111111111111111,0.0,0.1111111111111111
9,dyn_down_size,bm_high,6,0.1388888888888889,0.0,0.1388888888888889
9,dyn_down_size,bm_high,7,0.16666666666666666,0.0,0.16666666666666666
9,dyn_down_size,bm_high,8,0.19444444444444445,0.0,0.19444444444444445
9,dyn_down_size,bm_high,9,0.2222222222222222,0.0,0.2222222222222222
9,dyn_down_size,bm_high,10,0.25,0.0,0.25
9,dyn_down_size,bm_high,11,0.2777777777777778,0.0,0.2777777777777778
9,dyn_down_size,bm_high,12,0.3055555555555556,0.0,0.3055555555555556
9,dyn_down_size,bm_high,13,0.3333333333333333,0.0,0.3333333333333333
9,dyn_down_size,gen_high,1,0.0,0.0,0.0
9,dyn_down_size,gen_high,2,0.027777777777777776,0.0,0.027777777777777776
9,dyn_down_size,gen_high,3,0.05555555555555555,0.0,0.05555555555555555
9,dyn_down_size,gen_high,4,0.08333333333333333,0.0,0.08333333333333333
9,dyn_down_size,gen_high,5,0.1111111111111111,0.0,0.1111111111111111
9,dyn_down_size,gen_high,6,0.1388888888888889,0.0,0.1388888888888889
9,dyn_down_size,gen_high,7,0.16666666666666666,0.0,0.16666666666666666
9,dyn_down_size,gen_high,8,0.19444444444444445,0.0,0.19444444444444445
9,dyn_down_size,gen_high,9,0.2222222222222222,0.0,0.2222222222222222
9,dyn_down_size,gen_high,10,0.25,0.0,0.25
9,dyn_down_size,gen_high,11,0.2777777777777778,0.0,0.2777777777777778
9,dyn_down_size,gen_high,12,0.3055555555555556,0.0,0.3055555555555556
9,dyn_down_size,gen_high,13,0.3333333333333333,0.0,0.3333333333333333
9,dyn_down_size,degree_high,1,0.0,0.0,0.0
9,dyn_down_size,degree_high,2,0.027777777777777776,0.0,0.027777777777777776
9,dyn_down_size,degree_high,3,0.05555555555555555,0.0,0.05555555555555555
9,dyn_down_size,degree_high,4,0.08333333333333333,0.0,0.08333333333333333
9,dyn_down_size,degree_high,5,0.1111111111111111,0.0,0.1111111111111111
9,dyn_down_size,degree_high,6,0.1388888888888889,0.0,0.1388888888888889
9,dyn_down_size,degree_high,7,0.16666666666666666,0.0,0.16666666666666666
9,dyn_down_size,degree_high,8,0.19444444444444445,0.0,0.19444444444444445
9,dyn_down_size,degree_high,9,0.2222222222222222,0.0,0.2222222222222222
9,dyn_down_size,degree_high,10,0.25,0.0,0.25
9,dyn_down_size,degree_high,11,0.2777777777777778,0.0,0.2777777777777778
9,dyn_down_size,degree_high,12,0.3055555555555556,0.0,0.3055555555555556
9,dyn_down_size,degree_high,13,0.3333333333333333,0.0,0.3333333333333333
9,dyn_down_size,degree_low,1,0.0,0.0,0.0
9,dyn_down_size,degree_low,2,0.027777777777777776,0.0,0.027777777777777776
9,dyn_down_size,degree_low,3,0.05555555555555555,0.0,0.05555555555555555
9,dyn_down_size,degree_low,4,0.08333333333333333,0.0,0.08333333333333333
9,dyn_down_size,degree_low,5,0.1111111111111111,0.0,0.1111111111111111
9,dyn_down_size,degree_low,6,0.1388888888888889,0.0,0.1388888888888889
9,dyn_down_size,degree_low,7,0.16666666666666666,0.0,0.16666666666666666
9,dyn_down_size,degree_low,8,0.19444444444444445,0.0,0.19444444444444445
9,dyn_down_size,degree_low,9,0.2222222222222222,0.0,0.2222222222222222
9,dyn_down_size,degree_low,10,0.25,0.0,0.25
9,dyn_down_size,degree_low,11,0.2777777777777778,0.0,0.2777777777777778
9,dyn_down_size,degree_low,12,0.3055555555555556,0.0,0.3055555555555556
9,dyn_down_size,degree_low,13,0.3333333333333333,0.0,0.3333333333333333
9,dyn_down_size,vul_high,1,0.0,0.0,0.0
9,dyn_down_size,vul_high,2,0.027777777777777776,0.0,0.027777777777777776
9,dyn_down_size,vul_high,3,0.05555555555555555,0.0,0.05555555555555555
9,dyn_down_size,vul_high,4,0.08333333333333333,0.0,0.08333333333333333
9,dyn_down_size,vul_high,5,0.1111111111111111,0.0,0.1111111111111111
9,dyn_down_size,vul_high,6,0.1388888888888889,0.0,0.1388888888888889
9,dyn_down_size,vul_high,7,0.16666666666666666,0.0,0.16666666666666666
9,dyn_down_size,vul_high,8,0.19444444444444445,0.0,0.19444444444444445
9,dyn_down_size,vul_high,9,0.2222222222222222,0.0,0.2222222222222222
9,dyn_down_size,vul_high,10,0.25,0.0,0.25
9,dyn_down_size,vul_high,11,0.2777777777777778,0.0,0.2777777777777778
9,dyn_down_size,vul_high,12,0.3055555555555556,0.0,0.3055555555555556
9,dyn_down_size,vul_high,13,0.3333333333333333,0.0,0.3333333333333333
9,dyn_down_size,bm_low,1,0.0,0.0,0.0
9,dyn_down_size,bm_low,2,0.027777777777777776,0.0,0.027777777777777776
9,dyn_down_size,bm_low,3,0.05555555555555555,0.0,0.05555555555555555
9,dyn_down_size,bm_low,4,0.08333333333333333,0.0,0.08333333333333333
9,dyn_down_size,bm_low,5,0.1111111111111111,0.0,0.1111111111111111
9,dyn_down_size,bm_low,6,0.1388888888888889,0.0,0.1388888888888889
9,dyn_down_size,bm_low,7,0.16666666666666666,0.0,0.16666666666666666
9,dyn_down_size,bm_low,8,0.19444444444444445,0.0,0.19444444444444445
9,dyn_down_size,bm_low,9,0.2222222222222222,0.0,0.2222222222222222
9,dyn_down_size,bm_low,10,0.25,0.0,0.25
9,dyn_down_size,bm_low,11,0.2777777777777778,0.0,0.2777777777777778
9,dyn_down_size,bm_low,12,0.3055555555555556,0.0,0.3055555555555556
9,dyn_down_size,bm_low,13,0.3333333333333333,0.0,0.3333333333333333
9,dyn_down,gen_low,1,0.0,0.0,0.0
9,dyn_down,gen_low,2,0.024390243902439025,0.14634146341463417,0.17073170731707318
9,dyn_down,gen_low,3,0.04878048780487805,0.14634146341463417,0.1951219512195122
9,dyn_down,gen_low,4,0.07317073170731707,0.14634146341463417,0.21951219512195122
9,dyn_down,gen_low,5,0.0975609756097561,0.14634146341463414,0.24390243902439024
9,dyn_down,gen_low,6,0.12195121951219512,0.14634146341463417,0.2682926829268293
9,dyn_down,gen_low,7,0.14634146341463414,0.14634146341463414,0.2926829268292683
9,dyn_down,gen_low,8,0.17073170731707318,0.14634146341463414,0.3170731707317073
9,dyn_down,gen_low,9,0.1951219512195122,0.14634146341463417,0.34146341463414637
9,dyn_down,gen_low,10,0.21951219512195122,0.14634146341463414,0.36585365853658536
9,dyn_down,gen_low,11,0.24390243902439024,0.14634146341463417,0.3902439024390244
9,dyn_down,gen_low,12,0.2682926829268293,0.1463414634146341,0.4146341463414634
9,dyn_down,gen_low,13,0.2926829268292683,0.14634146341463417,0.43902439024390244
9,dyn_down,gen_low,14,0.3170731707317073,0.14634146341463417,0.4634146341463415
9,dyn_down,gen_low,15,0.34146341463414637,0.1463414634146341,0.4878048780487805
9,dyn_down,gen_low,16,0.36585365853658536,0.14634146341463417,0.5121951219512195
9,dyn_down,gen_low,17,0.3902439024390244,0.14634146341463417,0.5365853658536586
9,dyn_down,gen_low,18,0.4146341463414634,0.14634146341463422,0.5609756097560976
9,dyn_down,gen_low,19,0.43902439024390244,0.1463414634146341,0.5853658536585366
9,dyn_down,gen_low,20,0.4634146341463415,0.1463414634146341,0.6097560975609756
9,dyn_down,gen_low,21,0.4878048780487805,0.14634146341463417,0.6341463414634146
9,dyn_down,gen_low,22,0.5121951219512195,0.14634146341463417,0.6585365853658537
9,dyn_down,gen_low,23,0.5365853658536586,0.14634146341463417,0.6829268292682927
9,dyn_down,gen_low,24,0.5609756097560976,0.14634146341463405,0.7073170731707317
9,dyn_down,vul_low,1,0.0,0.0,0.0
9,dyn_down,vul_low,2,0.024390243902439025,0.14634146341463417,0.17073170731707318
9,dyn_down,vul_low,3,0.04878048780487805,0.14634146341463417,0.1951219512195122
9,dyn_down,vul_low,4,0.07317073170731707,0.14634146341463417,0.21951219512195122
9,dyn_down,vul_low,5,0.0975609756097561,0.14634146341463414,0.24390243902439024
9,dyn_down,vul_low,6,0.12195121951219512,0.14634146341463417,0.2682926829268293
9,dyn_down,vul_low,7,0.14634146341463414,0.14634146341463414,0.2926829268292683
9,dyn_down,vul_low,8,0.17073170731707318,0.14634146341463414,0.3170731707317073
9,dyn_down,vul_low,9,0.1951219512195122,0.14634146341463417,0.34146341463414637
9,dyn_down,vul_low,10,0.21951219512195122,0.14634146341463414,0.36585365853658536
9,dyn_down,vul_low,11,0.24390243902439024,0.14634146341463417,0.3902439024390244
9,dyn_down,vul_low,12,0.2682926829268293,0.1463414634146341,0.4146341463414634
9,dyn_down,vul_low,13,0.2926829268292683,0.14634146341463417,0.43902439024390244
9,dyn_down,vul_low,14,0.3170731707317073,0.14634146341463417,0.4634146341463415
9,dyn_down,vul_low,15,0.34146341463414637,0.1463414634146341,0.4878048780487805
9,dyn_down,vul_low,16,0.36585365853658536,0.14634146341463417,0.5121951219512195
9,dyn_down,vul_low,17,0.3902439024390244,0.14634146341463417,0.5365853658536586
9,dyn_down,vul_low,18,0.4146341463414634,0.14634146341463422,0.5609756097560976
9,dyn_down,vul_low,19,0.43902439024390244,0.1463414634146341,0.5853658536585366
9,dyn_down,vul_low,20,0.4634146341463415,0.1463414634146341,0.6097560975609756
9,dyn_down,vul_low,21,0.4878048780487805,0.14634146341463417,0.6341463414634146
9,dyn_down,vul_low,22,0.5121951219512195,0.14634146341463417,0.6585365853658537
9,dyn_down,vul_low,23,0.5365853658536586,0.14634146341463417,0.6829268292682927
9,dyn_down,vul_low,24,0.5609756097560976,0.14634146341463405,0.7073170731707317
9,dyn_down,rand_basal,1,0.0,0.0,0.0
9,dyn_down,rand_basal,2,0.024390243902439025,0.14634146341463417,0.17073170731707318
9,dyn_down,rand_basal,3,0.04878048780487805,0.14634146341463417,0.1951219512195122
9,dyn_down,rand_basal,4,0.07317073170731707,0.24390243902439024,0.3170731707317073
9,dyn_down,rand_basal,5,0.0975609756097561,0.24390243902439027,0.34146341463414637
9,dyn_down,rand_basal,6,0.12195121951219512,0.24390243902439024,0.36585365853658536
9,dyn_down,rand_basal,7,0.14634146341463414,0.24390243902439027,0.3902439024390244
9,dyn_down,rand_basal,8,0.17073170731707318,0.2439024390243902,0.4146341463414634
9,dyn_down,rand_basal,9,0.1951219512195122,0.24390243902439024,0.43902439024390244
9,dyn_down,rand_basal,10,0.21951219512195122,0.24390243902439027,0.4634146341463415
9,dyn_down,rand_basal,11,0.24390243902439024,0.24390243902439024,0.4878048780487805
9,dyn_down,rand_basal,12,0.2682926829268293,0.24390243902439024,0.5121951219512195
9,dyn_down,rand_basal,13,0.2926829268292683,0.2439024390243903,0.5365853658536586
9,dyn_down,rand_consumer,1,0.0,0.0,0.0
9,dyn_down,rand_consumer,2,0.024390243902439025,0.14634146341463417,0.17073170731707318
9,dyn_down,rand_consumer,3,0.04878048780487805,0.14634146341463417,0.1951219512195122
9,dyn_down,rand_consumer,4,0.07317073170731707,0.14634146341463417,0.21951219512195122
9,dyn_down,rand_consumer,5,0.0975609756097561,0.14634146341463414,0.24390243902439024
9,dyn_down,rand_consumer,6,0.12195121951219512,0.14634146341463417,0.2682926829268293
9,dyn_down,rand_consumer,7,0.14634146341463414,0.14634146341463414,0.2926829268292683
9,dyn_down,rand_consumer,8,0.17073170731707318,0.14634146341463414,0.3170731707317073
9,dyn_down,rand_consumer,9,0.1951219512195122,0.14634146341463417,0.34146341463414637
9,dyn_down,rand_consumer,10,0.21951219512195122,0.14634146341463414,0.36585365853658536
9,dyn_down,rand_consumer,11,0.24390243902439024,0.14634146341463417,0.3902439024390244
9,dyn_down,rand_consumer,12,0.2682926829268293,0.1463414634146341,0.4146341463414634
9,dyn_down,rand_consumer,13,0.2926829268292683,0.14634146341463417,0.43902439024390244
9,dyn_down,rand_consumer,14,0.3170731707317073,0.14634146341463417,0.4634146341463415
9,dyn_down,rand_consumer,15,0.34146341463414637,0.1463414634146341,0.4878048780487805
9,dyn_down,rand_consumer,16,0.36585365853658536,0.14634146341463417,0.5121951219512195
9,dyn_down,rand_consumer,17,0.3902439024390244,0.14634146341463417,0.5365853658536586
9,dyn_down,rand_consumer,18,0.4146341463414634,0.14634146341463422,0.5609756097560976
9,dyn_down,rand_consumer,19,0.43902439024390244,0.1463414634146341,0.5853658536585366
9,dyn_down,rand_consumer,20,0.4634146341463415,0.1463414634146341,0.6097560975609756
9,dyn_down,rand_consumer,21,0.4878048780487805,0.14634146341463417,0.6341463414634146
9,dyn_down,rand_consumer,22,0.5121951219512195,0.14634146341463417,0.6585365853658537
9,dyn_down,rand_consumer,23,0.5365853658536586,0.14634146341463417,0.6829268292682927
9,dyn_down,rand_consumer,24,0.5609756097560976,0.14634146341463405,0.7073170731707317
9,dyn_down,bm_high,1,0.0,0.0,0.0
9,dyn_down,bm_high,2,0.024390243902439025,0.14634146341463417,0.17073170731707318
9,dyn_down,bm_high,3,0.04878048780487805,0.14634146341463417,0.1951219512195122
9,dyn_down,bm_high,4,0.07317073170731707,0.14634146341463417,0.21951219512195122
9,dyn_down,bm_high,5,0.0975609756097561,0.14634146341463414,0.24390243902439024
9,dyn_down,bm_high,6,0.12195121951219512,0.14634146341463417,0.2682926829268293
9,dyn_down,bm_high,7,0.14634146341463414,0.14634146341463414,0.2926829268292683
9,dyn_down,bm_high,8,0.17073170731707318,0.14634146341463414,0.3170731707317073
9,dyn_down,bm_high,9,0.1951219512195122,0.14634146341463417,0.34146341463414637
9,dyn_down,bm_high,10,0.21951219512195122,0.14634146341463414,0.36585365853658536
9,dyn_down,bm_high,11,0.24390243902439024,0.14634146341463417,0.3902439024390244
9,dyn_down,bm_high,12,0.2682926829268293,0.1463414634146341,0.4146341463414634
9,dyn_down,bm_high,13,0.2926829268292683,0.14634146341463417,0.43902439024390244
9,dyn_down,bm_high,14,0.3170731707317073,0.14634146341463417,0.4634146341463415
9,dyn_down,bm_high,15,0.34146341463414637,0.1463414634146341,0.4878048780487805
9,dyn_down,bm_high,16,0.36585365853658536,0.1707317073170732,0.5365853658536586
9,dyn_down,bm_high,17,0.3902439024390244,0.1707317073170732,0.5609756097560976
9,dyn_down,bm_high,18,0.4146341463414634,0.17073170731707316,0.5853658536585366
9,dyn_down,bm_high,19,0.43902439024390244,0.17073170731707316,0.6097560975609756
9,dyn_down,bm_high,20,0.4634146341463415,0.17073170731707316,0.6341463414634146
9,dyn_down,bm_high,21,0.4878048780487805,0.1707317073170732,0.6585365853658537
9,dyn_down,bm_high,22,0.5121951219512195,0.1707317073170732,0.6829268292682927
9,dyn_down,bm_high,23,0.5365853658536586,0.1707317073170731,0.7073170731707317
9,dyn_down,gen_high,1,0.0,0.0,0.0
9,dyn_down,gen_high,2,0.024390243902439025,0.12195121951219512,0.14634146341463414
9,dyn_down,gen_high,3,0.04878048780487805,0.12195121951219513,0.17073170731707318
9,dyn_down,gen_high,4,0.07317073170731707,0.12195121951219513,0.1951219512195122
9,dyn_down,gen_high,5,0.0975609756097561,0.12195121951219512,0.21951219512195122
9,dyn_down,gen_high,6,0.12195121951219512,0.12195121951219512,0.24390243902439024
9,dyn_down,gen_high,7,0.14634146341463414,0.12195121951219515,0.2682926829268293
9,dyn_down,gen_high,8,0.17073170731707318,0.12195121951219509,0.2926829268292683
9,dyn_down,gen_high,9,0.1951219512195122,0.12195121951219512,0.3170731707317073
9,dyn_down,gen_high,10,0.21951219512195122,0.12195121951219515,0.34146341463414637
9,dyn_down,gen_high,11,0.24390243902439024,0.12195121951219512,0.36585365853658536
9,dyn_down,gen_high,12,0.2682926829268293,0.12195121951219512,0.3902439024390244
9,dyn_down,gen_high,13,0.2926829268292683,0.12195121951219512,0.4146341463414634
9,dyn_down,gen_high,14,0.3170731707317073,0.12195121951219512,0.43902439024390244
9,dyn_down,gen_high,15,0.34146341463414637,0.12195121951219512,0.4634146341463415
9,dyn_down,gen_high,16,0.36585365853658536,0.12195121951219512,0.4878048780487805
9,dyn_down,gen_high,17,0.3902439024390244,0.12195121951219512,0.5121951219512195
9,dyn_down,gen_high,18,0.4146341463414634,0.12195121951219517,0.5365853658536586
9,dyn_down,gen_high,19,0.43902439024390244,0.12195121951219517,0.5609756097560976
9,dyn_down,gen_high,20,0.4634146341463415,0.12195121951219506,0.5853658536585366
9,dyn_down,gen_high,21,0.4878048780487805,0.12195121951219512,0.6097560975609756
9,dyn_down,gen_high,22,0.5121951219512195,0.12195121951219512,0.6341463414634146
9,dyn_down,gen_high,23,0.5365853658536586,0.12195121951219512,0.6585365853658537
9,dyn_down,gen_high,24,0.5609756097560976,0.12195121951219512,0.6829268292682927
9,dyn_down,gen_high,25,0.5853658536585366,0.12195121951219512,0.7073170731707317
9,dyn_down,degree_high,1,0.0,0.0,0.0
9,dyn_down,degree_high,2,0.024390243902439025,0.14634146341463417,0.17073170731707318
9,dyn_down,degree_high,3,0.04878048780487805,0.14634146341463417,0.1951219512195122
9,dyn_down,degree_high,4,0.07317073170731707,0.14634146341463417,0.21951219512195122
9,dyn_down,degree_high,5,0.0975609756097561,0.14634146341463414,0.24390243902439024
9,dyn_down,degree_high,6,0.12195121951219512,0.14634146341463417,0.2682926829268293
9,dyn_down,degree_high,7,0.14634146341463414,0.14634146341463414,0.2926829268292683
9,dyn_down,degree_high,8,0.17073170731707318,0.14634146341463414,0.3170731707317073
9,dyn_down,degree_high,9,0.1951219512195122,0.14634146341463417,0.34146341463414637
9,dyn_down,degree_high,10,0.21951219512195122,0.14634146341463414,0.36585365853658536
9,dyn_down,degree_high,11,0.24390243902439024,0.14634146341463417,0.3902439024390244
9,dyn_down,degree_high,12,0.2682926829268293,0.1463414634146341,0.4146341463414634
9,dyn_down,degree_high,13,0.2926829268292683,0.14634146341463417,0.43902439024390244
9,dyn_down,degree_high,14,0.3170731707317073,0.14634146341463417,0.4634146341463415
9,dyn_down,degree_high,15,0.34146341463414637,0.1463414634146341,0.4878048780487805
9,dyn_down,degree_high,16,0.36585365853658536,0.14634146341463417,0.5121951219512195
9,dyn_down,degree_high,17,0.3902439024390244,0.14634146341463417,0.5365853658536586
9,dyn_down,degree_high,18,0.4146341463414634,0.14634146341463422,0.5609756097560976
9,dyn_down,degree_high,19,0.43902439024390244,0.1463414634146341,0.5853658536585366
9,dyn_down,degree_high,20,0.4634146341463415,0.1463414634146341,0.6097560975609756
9,dyn_down,degree_high,21,0.4878048780487805,0.14634146341463417,0.6341463414634146
9,dyn_down,degree_high,22,0.5121951219512195,0.14634146341463417,0.6585365853658537
9,dyn_down,degree_high,23,0.5365853658536586,0.14634146341463417,0.6829268292682927
9,dyn_down,degree_high,24,0.5609756097560976,0.14634146341463405,0.7073170731707317
9,dyn_down,degree_low,1,0.0,0.0,0.0
9,dyn_down,degree_low,2,0.024390243902439025,0.1951219512195122,0.21951219512195122
9,dyn_down,degree_low,3,0.04878048780487805,0.1951219512195122,0.24390243902439024
9,dyn_down,degree_low,4,0.07317073170731707,0.1951219512195122,0.2682926829268293
9,dyn_down,degree_low,5,0.0975609756097561,0.19512195121951217,0.2926829268292683
9,dyn_down,degree_low,6,0.12195121951219512,0.1951219512195122,0.3170731707317073
9,dyn_down,degree_low,7,0.14634146341463414,0.19512195121951223,0.34146341463414637
9,dyn_down,degree_low,8,0.17073170731707318,0.19512195121951217,0.36585365853658536
9,dyn_down,degree_low,9,0.1951219512195122,0.1951219512195122,0.3902439024390244
9,dyn_down,degree_low,10,0.21951219512195122,0.19512195121951217,0.4146341463414634
9,dyn_down,degree_low,11,0.24390243902439024,0.1951219512195122,0.43902439024390244
9,dyn_down,degree_low,12,0.2682926829268293,0.1951219512195122,0.4634146341463415
9,dyn_down,degree_low,13,0.2926829268292683,0.1951219512195122,0.4878048780487805
9,dyn_down,degree_low,14,0.3170731707317073,0.1951219512195122,0.5121951219512195
9,dyn_down,degree_low,15,0.34146341463414637,0.1951219512195122,0.5365853658536586
9,dyn_down,degree_low,16,0.36585365853658536,0.19512195121951226,0.5609756097560976
9,dyn_down,degree_low,17,0.3902439024390244,0.19512195121951215,0.5853658536585366
9,dyn_down,degree_low,18,0.4146341463414634,0.1951219512195122,0.6097560975609756
9,dyn_down,degree_low,19,0.43902439024390244,0.1951219512195122,0.6341463414634146
9,dyn_down,degree_low,20,0.4634146341463415,0.1951219512195122,0.6585365853658537
9,dyn_down,degree_low,21,0.4878048780487805,0.19512195121951226,0.6829268292682927
9,dyn_down,degree_low,22,0.5121951219512195,0.19512195121951215,0.7073170731707317
9,dyn_down,vul_high,1,0.0,0.0,0.0
9,dyn_down,vul_high,2,0.024390243902439025,0.1951219512195122,0.21951219512195122
9,dyn_down,vul_high,3,0.04878048780487805,0.1951219512195122,0.24390243902439024
9,dyn_down,vul_high,4,0.07317073170731707,0.1951219512195122,0.2682926829268293
9,dyn_down,vul_high,5,0.0975609756097561,0.19512195121951217,0.2926829268292683
9,dyn_down,vul_high,6,0.12195121951219512,0.1951219512195122,0.3170731707317073
9,dyn_down,vul_high,7,0.14634146341463414,0.19512195121951223,0.34146341463414637
9,dyn_down,vul_high,8,0.17073170731707318,0.19512195121951217,0.36585365853658536
9,dyn_down,vul_high,9,0.1951219512195122,0.24390243902439024,0.43902439024390244
9,dyn_down,vul_high,10,0.21951219512195122,0.24390243902439027,0.4634146341463415
9,dyn_down,vul_high,11,0.24390243902439024,0.24390243902439024,0.4878048780487805
9,dyn_down,vul_high,12,0.2682926829268293,0.24390243902439024,0.5121951219512195
9,dyn_down,vul_high,13,0.2926829268292683,0.2439024390243903,0.5365853658536586
9,dyn_down,vul_high,14,0.3170731707317073,0.2439024390243903,0.5609756097560976
9,dyn_down,vul_high,15,0.34146341463414637,0.24390243902439018,0.5853658536585366
9,dyn_down,vul_high,16,0.36585365853658536,0.24390243902439024,0.6097560975609756
9,dyn_down,vul_high,17,0.3902439024390244,0.24390243902439024,0.6341463414634146
9,dyn_down,vul_high,18,0.4146341463414634,0.2439024390243903,0.6585365853658537
9,dyn_down,vul_high,19,0.43902439024390244,0.2439024390243903,0.6829268292682927
9,dyn_down,vul_high,20,0.4634146341463415,0.24390243902439018,0.7073170731707317
9,dyn_down,bm_low,1,0.0,0.0,0.0
9,dyn_down,bm_low,2,0.024390243902439025,0.14634146341463417,0.17073170731707318
9,dyn_down,bm_low,3,0.04878048780487805,0.14634146341463417,0.1951219512195122
9,dyn_down,bm_low,4,0.07317073170731707,0.14634146341463417,0.21951219512195122
9,dyn_down,bm_low,5,0.0975609756097561,0.14634146341463414,0.24390243902439024
9,dyn_down,bm_low,6,0.12195121951219512,0.14634146341463417,0.2682926829268293
9,dyn_down,bm_low,7,0.14634146341463414,0.14634146341463414,0.2926829268292683
9,dyn_down,bm_low,8,0.17073170731707318,0.14634146341463414,0.3170731707317073
9,dyn_down,bm_low,9,0.1951219512195122,0.14634146341463417,0.34146341463414637
9,dyn_down,bm_low,10,0.21951219512195122,0.14634146341463414,0.36585365853658536
9,dyn_down,bm_low,11,0.24390243902439024,0.14634146341463417,0.3902439024390244
9,dyn_down,bm_low,12,0.2682926829268293,0.1463414634146341,0.4146341463414634
9,dyn_down,bm_low,13,0.2926829268292683,0.14634146341463417,0.43902439024390244
9,dyn_down,bm_low,14,0.3170731707317073,0.14634146341463417,0.4634146341463415
9,dyn_down,bm_low,15,0.34146341463414637,0.1463414634146341,0.4878048780487805
9,dyn_down,bm_low,16,0.36585365853658536,0.14634146341463417,0.5121951219512195
9,dyn_down,bm_low,17,0.3902439024390244,0.14634146341463417,0.5365853658536586
9,dyn_down,bm_low,18,0.4146341463414634,0.14634146341463422,0.5609756097560976
9,dyn_down,bm_low,19,0.43902439024390244,0.1463414634146341,0.5853658536585366
9,dyn_down,bm_low,20,0.4634146341463415,0.1463414634146341,0.6097560975609756
9,dyn_down,bm_low,21,0.4878048780487805,0.14634146341463417,0.6341463414634146
9,dyn_down,bm_low,22,0.5121951219512195,0.14634146341463417,0.6585365853658537
9,dyn_down,bm_low,23,0.5365853658536586,0.14634146341463417,0.6829268292682927
9,dyn_down,bm_low,24,0.5609756097560976,0.14634146341463405,0.7073170731707317
10,dyn_niche,gen_low,1,0.0,0.0,0.0
10,dyn_niche,gen_low,2,0.027777777777777776,0.19444444444444442,0.2222222222222222
10,dyn_niche,gen_low,3,0.05555555555555555,0.19444444444444445,0.25
10,dyn_niche,gen_low,4,0.08333333333333333,0.19444444444444448,0.2777777777777778
10,dyn_niche,gen_low,5,0.1111111111111111,0.19444444444444448,0.3055555555555556
10,dyn_niche,gen_low,6,0.1388888888888889,0.19444444444444442,0.3333333333333333
10,dyn_niche,gen_low,7,0.16666666666666666,0.19444444444444445,0.3611111111111111
10,dyn_niche,gen_low,8,0.19444444444444445,0.19444444444444445,0.3888888888888889
10,dyn_niche,gen_low,9,0.2222222222222222,0.19444444444444448,0.4166666666666667
10,dyn_niche,gen_low,10,0.25,0.19444444444444442,0.4444444444444444
10,dyn_niche,gen_low,11,0.2777777777777778,0.19444444444444442,0.4722222222222222
10,dyn_niche,gen_low,12,0.3055555555555556,0.19444444444444442,0.5
10,dyn_niche,gen_low,13,0.3333333333333333,0.19444444444444448,0.5277777777777778
10,dyn_niche,gen_low,14,0.3611111111111111,0.19444444444444448,0.5555555555555556
10,dyn_niche,gen_low,15,0.3888888888888889,0.19444444444444448,0.5833333333333334
10,dyn_niche,gen_low,16,0.4166666666666667,0.22222222222222215,0.6388888888888888
10,dyn_niche,gen_low,17,0.4444444444444444,0.2222222222222222,0.6666666666666666
10,dyn_niche,gen_low,18,0.4722222222222222,0.2222222222222222,0.6944444444444444
10,dyn_niche,gen_low,19,0.5,0.2222222222222222,0.7222222222222222
10,dyn_niche,gen_low,20,0.5277777777777778,0.2222222222222222,0.75
10,dyn_niche,gen_low,21,0.5555555555555556,0.2222222222222222,0.7777777777777778
10,dyn_niche,gen_low,22,0.5833333333333334,0.2222222222222222,0.8055555555555556
10,dyn_niche,gen_low,23,0.6111111111111112,0.2222222222222222,0.8333333333333334
10,dyn_niche,vul_low,1,0.0,0.0,0.0
10,dyn_niche,vul_low,2,0.027777777777777776,0.19444444444444442,0.2222222222222222
10,dyn_niche,vul_low,3,0.05555555555555555,0.19444444444444445,0.25
10,dyn_niche,vul_low,4,0.08333333333333333,0.19444444444444448,0.2777777777777778
10,dyn_niche,vul_low,5,0.1111111111111111,0.19444444444444448,0.3055555555555556
10,dyn_niche,vul_low,6,0.1388888888888889,0.19444444444444442,0.3333333333333333
10,dyn_niche,vul_low,7,0.16666666666666666,0.19444444444444445,0.3611111111111111
10,dyn_niche,vul_low,8,0.19444444444444445,0.19444444444444445,0.3888888888888889
10,dyn_niche,vul_low,9,0.2222222222222222,0.19444444444444448,0.4166666666666667
10,dyn_niche,vul_low,10,0.25,0.19444444444444442,0.4444444444444444
10,dyn_niche,vul_low,11,0.2777777777777778,0.19444444444444442,0.4722222222222222
10,dyn_niche,vul_low,12,0.3055555555555556,0.19444444444444442,0.5
10,dyn_niche,vul_low,13,0.3333333333333333,0.19444444444444448,0.5277777777777778
10,dyn_niche,vul_low,14,0.3611111111111111,0.19444444444444448,0.5555555555555556
10,dyn_niche,vul_low,15,0.3888888888888889,0.19444444444444448,0.5833333333333334
10,dyn_niche,vul_low,16,0.4166666666666667,0.19444444444444448,0.6111111111111112
10,dyn_niche,vul_low,17,0.4444444444444444,0.19444444444444442,0.6388888888888888
10,dyn_niche,vul_low,18,0.4722222222222222,0.19444444444444442,0.6666666666666666
10,dyn_niche,vul_low,19,0.5,0.2222222222222222,0.7222222222222222
10,dyn_niche,vul_low,20,0.5277777777777778,0.2222222222222222,0.75
10,dyn_niche,vul_low,21,0.5555555555555556,0.2222222222222222,0.7777777777777778
10,dyn_niche,vul_low,22,0.5833333333333334,0.2222222222222222,0.8055555555555556
10,dyn_niche,vul_low,23,0.6111111111111112,0.2222222222222222,0.8333333333333334
10,dyn_niche,rand_basal,1,0.0,0.0,0.0
10,dyn_niche,rand_basal,2,0.027777777777777776,0.25,0.2777777777777778
10,dyn_niche,rand_basal,3,0.05555555555555555,0.2777777777777778,0.3333333333333333
10,dyn_niche,rand_basal,4,0.08333333333333333,0.2777777777777778,0.3611111111111111
10,dyn_niche,rand_basal,5,0.1111111111111111,0.2777777777777778,0.3888888888888889
10,dyn_niche,rand_basal,6,0.1388888888888889,0.4166666666666667,0.5555555555555556
10,dyn_niche,rand_basal,7,0.16666666666666666,0.4722222222222222,0.6388888888888888
10,dyn_niche,rand_consumer,1,0.0,0.0,0.0
10,dyn_niche,rand_consumer,2,0.027777777777777776,0.19444444444444442,0.2222222222222222
10,dyn_niche,rand_consumer,3,0.05555555555555555,0.19444444444444445,0.25
10,dyn_niche,rand_consumer,4,0.08333333333333333,0.19444444444444448,0.2777777777777778
10,dyn_niche,rand_consumer,5,0.1111111111111111,0.19444444444444448,0.3055555555555556
10,dyn_niche,rand_consumer,6,0.1388888888888889,0.19444444444444442,0.3333333333333333
10,dyn_niche,rand_consumer,7,0.16666666666666666,0.19444444444444445,0.3611111111111111
10,dyn_niche,rand_consumer,8,0.19444444444444445,0.19444444444444445,0.3888888888888889
10,dyn_niche,rand_consumer,9,0.2222222222222222,0.19444444444444448,0.4166666666666667
10,dyn_niche,rand_consumer,10,0.25,0.19444444444444442,0.4444444444444444
10,dyn_niche,rand_consumer,11,0.2777777777777778,0.19444444444444442,0.4722222222222222
10,dyn_niche,rand_consumer,12,0.3055555555555556,0.19444444444444442,0.5
10,dyn_niche,rand_consumer,13,0.3333333333333333,0.19444444444444448,0.5277777777777778
10,dyn_niche,rand_consumer,14,0.3611111111111111,0.22222222222222227,0.5833333333333334
10,dyn_niche,rand_consumer,15,0.3888888888888889,0.22222222222222227,0.6111111111111112
10,dyn_niche,rand_consumer,16,0.4166666666666667,0.22222222222222215,0.6388888888888888
10,dyn_niche,rand_consumer,17,0.4444444444444444,0.2222222222222222,0.6666666666666666
10,dyn_niche,rand_consumer,18,0.4722222222222222,0.25,0.7222222222222222
10,dyn_niche,rand_consumer,19,0.5,0.25,0.75
10,dyn_niche,rand_consumer,20,0.5277777777777778,0.25,0.7777777777777778
10,dyn_niche,rand_consumer,21,0.5555555555555556,0.25,0.8055555555555556
10,dyn_niche,rand_consumer,22,0.5833333333333334,0.25,0.8333333333333334
10,dyn_niche,bm_high,1,0.0,0.0,0.0
10,dyn_niche,bm_high,2,0.027777777777777776,0.19444444444444442,0.2222222222222222
10,dyn_niche,bm_high,3,0.05555555555555555,0.19444444444444445,0.25
10,dyn_niche,bm_high,4,0.08333333333333333,0.19444444444444448,0.2777777777777778
10,dyn_niche,bm_high,5,0.1111111111111111,0.19444444444444448,0.3055555555555556
10,dyn_niche,bm_high,6,0.1388888888888889,0.19444444444444442,0.3333333333333333
10,dyn_niche,bm_high,7,0.16666666666666666,0.19444444444444445,0.3611111111111111
10,dyn_niche,bm_high,8,0.19444444444444445,0.19444444444444445,0.3888888888888889
10,dyn_niche,bm_high,9,0.2222222222222222,0.19444444444444448,0.4166666666666667
10,dyn_niche,bm_high,10,0.25,0.19444444444444442,0.4444444444444444
10,dyn_niche,bm_high,11,0.2777777777777778,0.36111111111111105,0.6388888888888888
10,dyn_niche,bm_high,12,0.3055555555555556,0.36111111111111105,0.6666666666666666
10,dyn_niche,bm_high,13,0.3333333333333333,0.3611111111111111,0.6944444444444444
10,dyn_niche,bm_high,14,0.3611111111111111,0.3611111111111111,0.7222222222222222
10,dyn_niche,bm_high,15,0.3888888888888889,0.3611111111111111,0.75
10,dyn_niche,bm_high,16,0.4166666666666667,0.3611111111111111,0.7777777777777778
10,dyn_niche,bm_high,17,0.4444444444444444,0.36111111111111116,0.8055555555555556
10,dyn_niche,bm_high,18,0.4722222222222222,0.36111111111111116,0.8333333333333334
10,dyn_niche,gen_high,1,0.0,0.0,0.0
10,dyn_niche,gen_high,2,0.027777777777777776,0.19444444444444442,0.2222222222222222
10,dyn_niche,gen_high,3,0.05555555555555555,0.19444444444444445,0.25
10,dyn_niche,gen_high,4,0.08333333333333333,0.19444444444444448,0.2777777777777778
10,dyn_niche,gen_high,5,0.1111111111111111,0.19444444444444448,0.3055555555555556
10,dyn_niche,gen_high,6,0.1388888888888889,0.19444444444444442,0.3333333333333333
10,dyn_niche,gen_high,7,0.16666666666666666,0.19444444444444445,0.3611111111111111
10,dyn_niche,gen_high,8,0.19444444444444445,0.19444444444444445,0.3888888888888889
10,dyn_niche,gen_high,9,0.2222222222222222,0.19444444444444448,0.4166666666666667
10,dyn_niche,gen_high,10,0.25,0.19444444444444442,0.4444444444444444
10,dyn_niche,gen_high,11,0.2777777777777778,0.19444444444444442,0.4722222222222222
10,dyn_niche,gen_high,12,0.3055555555555556,0.19444444444444442,0.5
10,dyn_niche,gen_high,13,0.3333333333333333,0.19444444444444448,0.5277777777777778
10,dyn_niche,gen_high,14,0.3611111111111111,0.19444444444444448,0.5555555555555556
10,dyn_niche,gen_high,15,0.3888888888888889,0.19444444444444448,0.5833333333333334
10,dyn_niche,gen_high,16,0.4166666666666667,0.19444444444444448,0.6111111111111112
10,dyn_niche,gen_high,17,0.4444444444444444,0.19444444444444442,0.6388888888888888
10,dyn_niche,gen_high,18,0.4722222222222222,0.19444444444444442,0.6666666666666666
10,dyn_niche,gen_high,19,0.5,0.2222222222222222,0.7222222222222222
10,dyn_niche,gen_high,20,0.5277777777777778,0.2222222222222222,0.75
10,dyn_niche,gen_high,21,0.5555555555555556,0.2222222222222222,0.7777777777777778
10,dyn_niche,gen_high,22,0.5833333333333334,0.2222222222222222,0.8055555555555556
10,dyn_niche,gen_high,23,0.6111111111111112,0.2222222222222222,0.8333333333333334
10,dyn_niche,degree_high,1,0.0,0.0,0.0
10,dyn_niche,degree_high,2,0.027777777777777776,0.19444444444444442,0.2222222222222222
10,dyn_niche,degree_high,3,0.05555555555555555,0.19444444444444445,0.25
10,dyn_niche,degree_high,4,0.08333333333333333,0.19444444444444448,0.2777777777777778
10,dyn_niche,degree_high,5,0.1111111111111111,0.19444444444444448,0.3055555555555556
10,dyn_niche,degree_high,6,0.1388888888888889,0.19444444444444442,0.3333333333333333
10,dyn_niche,degree_high,7,0.16666666666666666,0.19444444444444445,0.3611111111111111
10,dyn_niche,degree_high,8,0.19444444444444445,0.19444444444444445,0.3888888888888889
10,dyn_niche,degree_high,9,0.2222222222222222,0.2222222222222222,0.4444444444444444
10,dyn_niche,degree_high,10,0.25,0.2222222222222222,0.4722222222222222
10,dyn_niche,degree_high,11,0.2777777777777778,0.2222222222222222,0.5
10,dyn_niche,degree_high,12,0.3055555555555556,0.2222222222222222,0.5277777777777778
10,dyn_niche,degree_high,13,0.3333333333333333,0.22222222222222227,0.5555555555555556
10,dyn_niche,degree_high,14,0.3611111111111111,0.22222222222222227,0.5833333333333334
10,dyn_niche,degree_high,15,0.3888888888888889,0.22222222222222227,0.6111111111111112
10,dyn_niche,degree_high,16,0.4166666666666667,0.22222222222222215,0.6388888888888888
10,dyn_niche,degree_high,17,0.4444444444444444,0.2222222222222222,0.6666666666666666
10,dyn_niche,degree_high,18,0.4722222222222222,0.25,0.7222222222222222
10,dyn_niche,degree_high,19,0.5,0.25,0.75
10,dyn_niche,degree_high,20,0.5277777777777778,0.25,0.7777777777777778
10,dyn_niche,degree_high,21,0.5555555555555556,0.25,0.8055555555555556
10,dyn_niche,degree_high,22,0.5833333333333334,0.25,0.8333333333333334
10,dyn_niche,degree_low,1,0.0,0.0,0.0
10,dyn_niche,degree_low,2,0.027777777777777776,0.19444444444444442,0.2222222222222222
10,dyn_niche,degree_low,3,0.05555555555555555,0.19444444444444445,0.25
10,dyn_niche,degree_low,4,0.08333333333333333,0.19444444444444448,0.2777777777777778
10,dyn_niche,degree_low,5,0.1111111111111111,0.19444444444444448,0.3055555555555556
10,dyn_niche,degree_low,6,0.1388888888888889,0.19444444444444442,0.3333333333333333
10,dyn_niche,degree_low,7,0.16666666666666666,0.19444444444444445,0.3611111111111111
10,dyn_niche,degree_low,8,0.19444444444444445,0.19444444444444445,0.3888888888888889
10,dyn_niche,degree_low,9,0.2222222222222222,0.19444444444444448,0.4166666666666667
10,dyn_niche,degree_low,10,0.25,0.19444444444444442,0.4444444444444444
10,dyn_niche,degree_low,11,0.2777777777777778,0.19444444444444442,0.4722222222222222
10,dyn_niche,degree_low,12,0.3055555555555556,0.19444444444444442,0.5
10,dyn_niche,degree_low,13,0.3333333333333333,0.19444444444444448,0.5277777777777778
10,dyn_niche,degree_low,14,0.3611111111111111,0.19444444444444448,0.5555555555555556
10,dyn_niche,degree_low,15,0.3888888888888889,0.19444444444444448,0.5833333333333334
10,dyn_niche,degree_low,16,0.4166666666666667,0.19444444444444448,0.6111111111111112
10,dyn_niche,degree_low,17,0.4444444444444444,0.19444444444444442,0.6388888888888888
10,dyn_niche,degree_low,18,0.4722222222222222,0.19444444444444442,0.6666666666666666
10,dyn_niche,degree_low,19,0.5,0.19444444444444442,0.6944444444444444
10,dyn_niche,degree_low,20,0.5277777777777778,0.19444444444444442,0.7222222222222222
10,dyn_niche,degree_low,21,0.5555555555555556,0.19444444444444442,0.75
10,dyn_niche,degree_low,22,0.5833333333333334,0.19444444444444442,0.7777777777777778
10,dyn_niche,degree_low,23,0.6111111111111112,0.19444444444444442,0.8055555555555556
10,dyn_niche,degree_low,24,0.6388888888888888,0.19444444444444453,0.8333333333333334
10,dyn_niche,vul_high,1,0.0,0.0,0.0
10,dyn_niche,vul_high,2,0.027777777777777776,0.19444444444444442,0.2222222222222222
10,dyn_niche,vul_high,3,0.05555555555555555,0.19444444444444445,0.25
10,dyn_niche,vul_high,4,0.08333333333333333,0.19444444444444448,0.2777777777777778
10,dyn_niche,vul_high,5,0.1111111111111111,0.19444444444444448,0.3055555555555556
10,dyn_niche,vul_high,6,0.1388888888888889,0.19444444444444442,0.3333333333333333
10,dyn_niche,vul_high,7,0.16666666666666666,0.19444444444444445,0.3611111111111111
10,dyn_niche,vul_high,8,0.19444444444444445,0.19444444444444445,0.3888888888888889
10,dyn_niche,vul_high,9,0.2222222222222222,0.19444444444444448,0.4166666666666667
10,dyn_niche,vul_high,10,0.25,0.19444444444444442,0.4444444444444444
10,dyn_niche,vul_high,11,0.2777777777777778,0.19444444444444442,0.4722222222222222
10,dyn_niche,vul_high,12,0.3055555555555556,0.2222222222222222,0.5277777777777778
10,dyn_niche,vul_high,13,0.3333333333333333,0.25000000000000006,0.5833333333333334
10,dyn_niche,vul_high,14,0.3611111111111111,0.25000000000000006,0.6111111111111112
10,dyn_niche,vul_high,15,0.3888888888888889,0.24999999999999994,0.6388888888888888
10,dyn_niche,vul_high,16,0.4166666666666667,0.27777777777777773,0.6944444444444444
10,dyn_niche,vul_high,17,0.4444444444444444,0.2777777777777778,0.7222222222222222
10,dyn_niche,vul_high,18,0.4722222222222222,0.2777777777777778,0.75
10,dyn_niche,vul_high,19,0.5,0.2777777777777778,0.7777777777777778
10,dyn_niche,vul_high,20,0.5277777777777778,0.2777777777777778,0.8055555555555556
10,dyn_niche,vul_high,21,0.5555555555555556,0.2777777777777778,0.8333333333333334
10,dyn_niche,bm_low,1,0.0,0.0,0.0
10,dyn_niche,bm_low,2,0.027777777777777776,0.16666666666666669,0.19444444444444445
10,dyn_niche,bm_low,3,0.05555555555555555,0.16666666666666666,0.2222222222222222
10,dyn_niche,bm_low,4,0.08333333333333333,0.16666666666666669,0.25
10,dyn_niche,bm_low,5,0.1111111111111111,0.16666666666666669,0.2777777777777778
10,dyn_niche,bm_low,6,0.1388888888888889,0.16666666666666669,0.3055555555555556
10,dyn_niche,bm_low,7,0.16666666666666666,0.16666666666666666,0.3333333333333333
10,dyn_niche,bm_low,8,0.19444444444444445,0.16666666666666666,0.3611111111111111
10,dyn_niche,bm_low,9,0.2222222222222222,0.16666666666666669,0.3888888888888889
10,dyn_niche,bm_low,10,0.25,0.16666666666666669,0.4166666666666667
10,dyn_niche,bm_low,11,0.2777777777777778,0.16666666666666663,0.4444444444444444
10,dyn_niche,bm_low,12,0.3055555555555556,0.16666666666666663,0.4722222222222222
10,dyn_niche,bm_low,13,0.3333333333333333,0.16666666666666669,0.5
10,dyn_niche,bm_low,14,0.3611111111111111,0.16666666666666669,0.5277777777777778
10,dyn_niche,bm_low,15,0.3888888888888889,0.16666666666666669,0.5555555555555556
10,dyn_niche,bm_low,16,0.4166666666666667,0.16666666666666669,0.5833333333333334
10,dyn_niche,bm_low,17,0.4444444444444444,0.16666666666666674,0.6111111111111112
10,dyn_niche,bm_low,18,0.4722222222222222,0.16666666666666663,0.6388888888888888
10,dyn_niche,bm_low,19,0.5,0.16666666666666663,0.6666666666666666
10,dyn_niche,bm_low,20,0.5277777777777778,0.16666666666666663,0.6944444444444444
10,dyn_niche,bm_low,21,0.5555555555555556,0.16666666666666663,0.7222222222222222
10,dyn_niche,bm_low,22,0.5833333333333334,0.19444444444444442,0.7777777777777778
10,dyn_niche,bm_low,23,0.6111111111111112,0.19444444444444442,0.8055555555555556
10,dyn_niche,bm_low,24,0.6388888888888888,0.19444444444444453,0.8333333333333334
10,dyn_down_size,gen_low,1,0.0,0.0,0.0
10,dyn_down_size,gen_low,2,0.027777777777777776,0.0,0.027777777777777776
10,dyn_down_size,gen_low,3,0.05555555555555555,0.0,0.05555555555555555
10,dyn_down_size,gen_low,4,0.08333333333333333,0.0,0.08333333333333333
10,dyn_down_size,gen_low,5,0.1111111111111111,0.0,0.1111111111111111
10,dyn_down_size,gen_low,6,0.1388888888888889,0.0,0.1388888888888889
10,dyn_down_size,gen_low,7,0.16666666666666666,0.0,0.16666666666666666
10,dyn_down_size,gen_low,8,0.19444444444444445,0.0,0.19444444444444445
10,dyn_down_size,gen_low,9,0.2222222222222222,0.0,0.2222222222222222
10,dyn_down_size,gen_low,10,0.25,0.0,0.25
10,dyn_down_size,gen_low,11,0.2777777777777778,0.0,0.2777777777777778
10,dyn_down_size,gen_low,12,0.3055555555555556,0.0,0.3055555555555556
10,dyn_down_size,vul_low,1,0.0,0.0,0.0
10,dyn_down_size,vul_low,2,0.027777777777777776,0.0,0.027777777777777776
10,dyn_down_size,vul_low,3,0.05555555555555555,0.0,0.05555555555555555
10,dyn_down_size,vul_low,4,0.08333333333333333,0.0,0.08333333333333333
10,dyn_down_size,vul_low,5,0.1111111111111111,0.0,0.1111111111111111
10,dyn_down_size,vul_low,6,0.1388888888888889,0.0,0.1388888888888889
10,dyn_down_size,vul_low,7,0.16666666666666666,0.0,0.16666666666666666
10,dyn_down_size,vul_low,8,0.19444444444444445,0.0,0.19444444444444445
10,dyn_down_size,vul_low,9,0.2222222222222222,0.0,0.2222222222222222
10,dyn_down_size,vul_low,10,0.25,0.0,0.25
10,dyn_down_size,vul_low,11,0.2777777777777778,0.0,0.2777777777777778
10,dyn_down_size,vul_low,12,0.3055555555555556,0.0,0.3055555555555556
10,dyn_down_size,rand_basal,1,0.0,0.0,0.0
10,dyn_down_size,rand_basal,2,0.027777777777777776,0.0,0.027777777777777776
10,dyn_down_size,rand_basal,3,0.05555555555555555,0.0,0.05555555555555555
10,dyn_down_size,rand_basal,4,0.08333333333333333,0.0,0.08333333333333333
10,dyn_down_size,rand_basal,5,0.1111111111111111,0.0,0.1111111111111111
10,dyn_down_size,rand_basal,6,0.1388888888888889,0.0,0.1388888888888889
10,dyn_down_size,rand_basal,7,0.16666666666666666,0.0,0.16666666666666666
10,dyn_down_size,rand_basal,8,0.19444444444444445,0.0,0.19444444444444445
10,dyn_down_size,rand_basal,9,0.2222222222222222,0.0,0.2222222222222222
10,dyn_down_size,rand_basal,10,0.25,0.0,0.25
10,dyn_down_size,rand_basal,11,0.2777777777777778,0.0,0.2777777777777778
10,dyn_down_size,rand_basal,12,0.3055555555555556,0.0,0.3055555555555556
10,dyn_down_size,rand_basal,13,0.3333333333333333,0.0,0.3333333333333333
10,dyn_down_size,rand_basal,14,0.3611111111111111,0.0,0.3611111111111111
10,dyn_down_size,rand_basal,15,0.3888888888888889,0.0,0.3888888888888889
10,dyn_down_size,rand_basal,16,0.4166666666666667,0.0,0.4166666666666667
10,dyn_down_size,rand_basal,17,0.4444444444444444,0.0,0.4444444444444444
10,dyn_down_size,rand_basal,18,0.4722222222222222,0.0,0.4722222222222222
10,dyn_down_size,rand_basal,19,0.5,0.0,0.5
10,dyn_down_size,rand_basal,20,0.5277777777777778,0.0,0.5277777777777778
10,dyn_down_size,rand_basal,21,0.5555555555555556,0.0,0.5555555555555556
10,dyn_down_size,rand_basal,22,0.5833333333333334,0.0,0.5833333333333334
10,dyn_down_size,rand_basal,23,0.6111111111111112,0.0,0.6111111111111112
10,dyn_down_size,rand_basal,24,0.6388888888888888,0.13888888888888895,0.7777777777777778
10,dyn_down_size,rand_basal,25,0.6666666666666666,0.13888888888888895,0.8055555555555556
10,dyn_down_size,rand_basal,26,0.6944444444444444,0.13888888888888895,0.8333333333333334
10,dyn_down_size,rand_consumer,1,0.0,0.0,0.0
10,dyn_down_size,rand_consumer,2,0.027777777777777776,0.0,0.027777777777777776
10,dyn_down_size,rand_consumer,3,0.05555555555555555,0.0,0.05555555555555555
10,dyn_down_size,rand_consumer,4,0.08333333333333333,0.0,0.08333333333333333
10,dyn_down_size,rand_consumer,5,0.1111111111111111,0.0,0.1111111111111111
10,dyn_down_size,rand_consumer,6,0.1388888888888889,0.0,0.1388888888888889
10,dyn_down_size,rand_consumer,7,0.16666666666666666,0.0,0.16666666666666666
10,dyn_down_size,rand_consumer,8,0.19444444444444445,0.0,0.19444444444444445
10,dyn_down_size,rand_consumer,9,0.2222222222222222,0.0,0.2222222222222222
10,dyn_down_size,rand_consumer,10,0.25,0.0,0.25
10,dyn_down_size,rand_consumer,11,0.2777777777777778,0.0,0.2777777777777778
10,dyn_down_size,rand_consumer,12,0.3055555555555556,0.0,0.3055555555555556
10,dyn_down_size,bm_high,1,0.0,0.0,0.0
10,dyn_down_size,bm_high,2,0.027777777777777776,0.0,0.027777777777777776
10,dyn_down_size,bm_high,3,0.05555555555555555,0.0,0.05555555555555555
10,dyn_down_size,bm_high,4,0.08333333333333333,0.0,0.08333333333333333
10,dyn_down_size,bm_high,5,0.1111111111111111,0.0,0.1111111111111111
10,dyn_down_size,bm_high,6,0.1388888888888889,0.0,0.1388888888888889
10,dyn_down_size,bm_high,7,0.16666666666666666,0.0,0.16666666666666666
10,dyn_down_size,bm_high,8,0.19444444444444445,0.0,0.19444444444444445
10,dyn_down_size,bm_high,9,0.2222222222222222,0.0,0.2222222222222222
10,dyn_down_size,bm_high,10,0.25,0.0,0.25
10,dyn_down_size,bm_high,11,0.2777777777777778,0.0,0.2777777777777778
10,dyn_down_size,bm_high,12,0.3055555555555556,0.0,0.3055555555555556
10,dyn_down_size,gen_high,1,0.0,0.0,0.0
10,dyn_down_size,gen_high,2,0.027777777777777776,0.0,0.027777777777777776
10,dyn_down_size,gen_high,3,0.05555555555555555,0.0,0.05555555555555555
10,dyn_down_size,gen_high,4,0.08333333333333333,0.0,0.08333333333333333
10,dyn_down_size,gen_high,5,0.1111111111111111,0.0,0.1111111111111111
10,dyn_down_size,gen_high,6,0.1388888888888889,0.0,0.1388888888888889
10,dyn_down_size,gen_high,7,0.16666666666666666,0.0,0.16666666666666666
10,dyn_down_size,gen_high,8,0.19444444444444445,0.0,0.19444444444444445
10,dyn_down_size,gen_high,9,0.2222222222222222,0.0,0.2222222222222222
10,dyn_down_size,gen_high,10,0.25,0.0,0.25
10,dyn_down_size,gen_high,11,0.2777777777777778,0.0,0.2777777777777778
10,dyn_down_size,gen_high,12,0.3055555555555556,0.0,0.3055555555555556
10,dyn_down_size,degree_high,1,0.0,0.0,0.0
10,dyn_down_size,degree_high,2,0.027777777777777776,0.0,0.027777777777777776
10,dyn_down_size,degree_high,3,0.05555555555555555,0.0,0.05555555555555555
10,dyn_down_size,degree_high,4,0.08333333333333333,0.0,0.08333333333333333
10,dyn_down_size,degree_high,5,0.1111111111111111,0.0,0.1111111111111111
10,dyn_down_size,degree_high,6,0.1388888888888889,0.0,0.1388888888888889
10,dyn_down_size,degree_high,7,0.16666666666666666,0.0,0.16666666666666666
10,dyn_down_size,degree_high,8,0.19444444444444445,0.0,0.19444444444444445
10,dyn_down_size,degree_high,9,0.2222222222222222,0.0,0.2222222222222222
10,dyn_down_size,degree_high,10,0.25,0.0,0.25
10,dyn_down_size,degree_high,11,0.2777777777777778,0.0,0.2777777777777778
10,dyn_down_size,degree_high,12,0.3055555555555556,0.0,0.3055555555555556
10,dyn_down_size,degree_low,1,0.0,0.0,0.0
10,dyn_down_size,degree_low,2,0.027777777777777776,0.0,0.027777777777777776
10,dyn_down_size,degree_low,3,0.05555555555555555,0.0,0.05555555555555555
10,dyn_down_size,degree_low,4,0.08333333333333333,0.0,0.08333333333333333
10,dyn_down_size,degree_low,5,0.1111111111111111,0.0,0.1111111111111111
10,dyn_down_size,degree_low,6,0.1388888888888889,0.0,0.1388888888888889
10,dyn_down_size,degree_low,7,0.16666666666666666,0.0,0.16666666666666666
10,dyn_down_size,degree_low,8,0.19444444444444445,0.0,0.19444444444444445
10,dyn_down_size,degree_low,9,0.2222222222222222,0.0,0.2222222222222222
10,dyn_down_size,degree_low,10,0.25,0.0,0.25
10,dyn_down_size,degree_low,11,0.2777777777777778,0.0,0.2777777777777778
10,dyn_down_size,degree_low,12,0.3055555555555556,0.0,0.3055555555555556
10,dyn_down_size,vul_high,1,0.0,0.0,0.0
10,dyn_down_size,vul_high,2,0.027777777777777776,0.0,0.027777777777777776
10,dyn_down_size,vul_high,3,0.05555555555555555,0.0,0.05555555555555555
10,dyn_down_size,vul_high,4,0.08333333333333333,0.0,0.08333333333333333
10,dyn_down_size,vul_high,5,0.1111111111111111,0.0,0.1111111111111111
10,dyn_down_size,vul_high,6,0.1388888888888889,0.0,0.1388888888888889
10,dyn_down_size,vul_high,7,0.16666666666666666,0.0,0.16666666666666666
10,dyn_down_size,vul_high,8,0.19444444444444445,0.0,0.19444444444444445
10,dyn_down_size,vul_high,9,0.2222222222222222,0.0,0.2222222222222222
10,dyn_down_size,vul_high,10,0.25,0.0,0.25
10,dyn_down_size,vul_high,11,0.2777777777777778,0.0,0.2777777777777778
10,dyn_down_size,vul_high,12,0.3055555555555556,0.0,0.3055555555555556
10,dyn_down_size,bm_low,1,0.0,0.0,0.0
10,dyn_down_size,bm_low,2,0.027777777777777776,0.0,0.027777777777777776
10,dyn_down_size,bm_low,3,0.05555555555555555,0.0,0.05555555555555555
10,dyn_down_size,bm_low,4,0.08333333333333333,0.0,0.08333333333333333
10,dyn_down_size,bm_low,5,0.1111111111111111,0.0,0.1111111111111111
10,dyn_down_size,bm_low,6,0.1388888888888889,0.0,0.1388888888888889
10,dyn_down_size,bm_low,7,0.16666666666666666,0.0,0.16666666666666666
10,dyn_down_size,bm_low,8,0.19444444444444445,0.0,0.19444444444444445
10,dyn_down_size,bm_low,9,0.2222222222222222,0.0,0.2222222222222222
10,dyn_down_size,bm_low,10,0.25,0.0,0.25
10,dyn_down_size,bm_low,11,0.2777777777777778,0.0,0.2777777777777778
10,dyn_down_size,bm_low,12,0.3055555555555556,0.0,0.3055555555555556
10,dyn_down,gen_low,1,0.0,0.0,0.0
10,dyn_down,gen_low,2,0.024390243902439025,0.07317073170731708,0.0975609756097561
10,dyn_down,gen_low,3,0.04878048780487805,0.07317073170731707,0.12195121951219512
10,dyn_down,gen_low,4,0.07317073170731707,0.07317073170731707,0.14634146341463414
10,dyn_down,gen_low,5,0.0975609756097561,0.07317073170731708,0.17073170731707318
10,dyn_down,gen_low,6,0.12195121951219512,0.07317073170731708,0.1951219512195122
10,dyn_down,gen_low,7,0.14634146341463414,0.07317073170731708,0.21951219512195122
10,dyn_down,gen_low,8,0.17073170731707318,0.07317073170731705,0.24390243902439024
10,dyn_down,gen_low,9,0.1951219512195122,0.07317073170731708,0.2682926829268293
10,dyn_down,gen_low,10,0.21951219512195122,0.07317073170731705,0.2926829268292683
10,dyn_down,gen_low,11,0.24390243902439024,0.07317073170731708,0.3170731707317073
10,dyn_down,gen_low,12,0.2682926829268293,0.07317073170731708,0.34146341463414637
10,dyn_down,gen_low,13,0.2926829268292683,0.07317073170731708,0.36585365853658536
10,dyn_down,gen_low,14,0.3170731707317073,0.07317073170731708,0.3902439024390244
10,dyn_down,gen_low,15,0.34146341463414637,0.07317073170731703,0.4146341463414634
10,dyn_down,gen_low,16,0.36585365853658536,0.07317073170731708,0.43902439024390244
10,dyn_down,gen_low,17,0.3902439024390244,0.07317073170731708,0.4634146341463415
10,dyn_down,gen_low,18,0.4146341463414634,0.07317073170731708,0.4878048780487805
10,dyn_down,gen_low,19,0.43902439024390244,0.07317073170731708,0.5121951219512195
10,dyn_down,gen_low,20,0.4634146341463415,0.07317073170731708,0.5365853658536586
10,dyn_down,gen_low,21,0.4878048780487805,0.07317073170731714,0.5609756097560976
10,dyn_down,gen_low,22,0.5121951219512195,0.07317073170731703,0.5853658536585366
10,dyn_down,gen_low,23,0.5365853658536586,0.07317073170731703,0.6097560975609756
10,dyn_down,gen_low,24,0.5609756097560976,0.07317073170731703,0.6341463414634146
10,dyn_down,gen_low,25,0.5853658536585366,0.07317073170731714,0.6585365853658537
10,dyn_down,gen_low,26,0.6097560975609756,0.07317073170731714,0.6829268292682927
10,dyn_down,gen_low,27,0.6341463414634146,0.07317073170731703,0.7073170731707317
10,dyn_down,gen_low,28,0.6585365853658537,0.07317073170731703,0.7317073170731707
10,dyn_down,gen_low,29,0.6829268292682927,0.07317073170731703,0.7560975609756098
10,dyn_down,gen_low,30,0.7073170731707317,0.07317073170731714,0.7804878048780488
10,dyn_down,vul_low,1,0.0,0.0,0.0
10,dyn_down,vul_low,2,0.024390243902439025,0.07317073170731708,0.0975609756097561
10,dyn_down,vul_low,3,0.04878048780487805,0.07317073170731707,0.12195121951219512
10,dyn_down,vul_low,4,0.07317073170731707,0.07317073170731707,0.14634146341463414
10,dyn_down,vul_low,5,0.0975609756097561,0.07317073170731708,0.17073170731707318
10,dyn_down,vul_low,6,0.12195121951219512,0.07317073170731708,0.1951219512195122
10,dyn_down,vul_low,7,0.14634146341463414,0.07317073170731708,0.21951219512195122
10,dyn_down,vul_low,8,0.17073170731707318,0.07317073170731705,0.24390243902439024
10,dyn_down,vul_low,9,0.1951219512195122,0.07317073170731708,0.2682926829268293
10,dyn_down,vul_low,10,0.21951219512195122,0.07317073170731705,0.2926829268292683
10,dyn_down,vul_low,11,0.24390243902439024,0.07317073170731708,0.3170731707317073
10,dyn_down,vul_low,12,0.2682926829268293,0.07317073170731708,0.34146341463414637
10,dyn_down,vul_low,13,0.2926829268292683,0.07317073170731708,0.36585365853658536
10,dyn_down,vul_low,14,0.3170731707317073,0.07317073170731708,0.3902439024390244
10,dyn_down,vul_low,15,0.34146341463414637,0.07317073170731703,0.4146341463414634
10,dyn_down,vul_low,16,0.36585365853658536,0.07317073170731708,0.43902439024390244
10,dyn_down,vul_low,17,0.3902439024390244,0.07317073170731708,0.4634146341463415
10,dyn_down,vul_low,18,0.4146341463414634,0.07317073170731708,0.4878048780487805
10,dyn_down,vul_low,19,0.43902439024390244,0.07317073170731708,0.5121951219512195
10,dyn_down,vul_low,20,0.4634146341463415,0.07317073170731708,0.5365853658536586
10,dyn_down,vul_low,21,0.4878048780487805,0.07317073170731714,0.5609756097560976
10,dyn_down,vul_low,22,0.5121951219512195,0.07317073170731703,0.5853658536585366
10,dyn_down,vul_low,23,0.5365853658536586,0.07317073170731703,0.6097560975609756
10,dyn_down,vul_low,24,0.5609756097560976,0.07317073170731703,0.6341463414634146
10,dyn_down,vul_low,25,0.5853658536585366,0.07317073170731714,0.6585365853658537
10,dyn_down,vul_low,26,0.6097560975609756,0.07317073170731714,0.6829268292682927
10,dyn_down,vul_low,27,0.6341463414634146,0.07317073170731703,0.7073170731707317
10,dyn_down,vul_low,28,0.6585365853658537,0.07317073170731703,0.7317073170731707
10,dyn_down,vul_low,29,0.6829268292682927,0.07317073170731703,0.7560975609756098
10,dyn_down,vul_low,30,0.7073170731707317,0.07317073170731714,0.7804878048780488
10,dyn_down,rand_basal,1,0.0,0.0,0.0
10,dyn_down,rand_basal,2,0.024390243902439025,0.07317073170731708,0.0975609756097561
10,dyn_down,rand_basal,3,0.04878048780487805,0.07317073170731707,0.12195121951219512
10,dyn_down,rand_basal,4,0.07317073170731707,0.12195121951219513,0.1951219512195122
10,dyn_down,rand_basal,5,0.0975609756097561,0.12195121951219512,0.21951219512195122
10,dyn_down,rand_basal,6,0.12195121951219512,0.12195121951219512,0.24390243902439024
10,dyn_down,rand_basal,7,0.14634146341463414,0.12195121951219515,0.2682926829268293
10,dyn_down,rand_basal,8,0.17073170731707318,0.12195121951219509,0.2926829268292683
10,dyn_down,rand_basal,9,0.1951219512195122,0.12195121951219512,0.3170731707317073
10,dyn_down,rand_basal,10,0.21951219512195122,0.12195121951219515,0.34146341463414637
10,dyn_down,rand_consumer,1,0.0,0.0,0.0
10,dyn_down,rand_consumer,2,0.024390243902439025,0.07317073170731708,0.0975609756097561
10,dyn_down,rand_consumer,3,0.04878048780487805,0.07317073170731707,0.12195121951219512
10,dyn_down,rand_consumer,4,0.07317073170731707,0.07317073170731707,0.14634146341463414
10,dyn_down,rand_consumer,5,0.0975609756097561,0.07317073170731708,0.17073170731707318
10,dyn_down,rand_consumer,6,0.12195121951219512,0.07317073170731708,0.1951219512195122
10,dyn_down,rand_consumer,7,0.14634146341463414,0.07317073170731708,0.21951219512195122
10,dyn_down,rand_consumer,8,0.17073170731707318,0.07317073170731705,0.24390243902439024
10,dyn_down,rand_consumer,9,0.1951219512195122,0.07317073170731708,0.2682926829268293
10,dyn_down,rand_consumer,10,0.21951219512195122,0.07317073170731705,0.2926829268292683
10,dyn_down,rand_consumer,11,0.24390243902439024,0.07317073170731708,0.3170731707317073
10,dyn_down,rand_consumer,12,0.2682926829268293,0.1463414634146341,0.4146341463414634
10,dyn_down,rand_consumer,13,0.2926829268292683,0.14634146341463417,0.43902439024390244
10,dyn_down,rand_consumer,14,0.3170731707317073,0.14634146341463417,0.4634146341463415
10,dyn_down,rand_consumer,15,0.34146341463414637,0.1463414634146341,0.4878048780487805
10,dyn_down,rand_consumer,16,0.36585365853658536,0.14634146341463417,0.5121951219512195
10,dyn_down,rand_consumer,17,0.3902439024390244,0.14634146341463417,0.5365853658536586
10,dyn_down,rand_consumer,18,0.4146341463414634,0.14634146341463422,0.5609756097560976
10,dyn_down,rand_consumer,19,0.43902439024390244,0.1463414634146341,0.5853658536585366
10,dyn_down,rand_consumer,20,0.4634146341463415,0.1463414634146341,0.6097560975609756
10,dyn_down,rand_consumer,21,0.4878048780487805,0.14634146341463417,0.6341463414634146
10,dyn_down,rand_consumer,22,0.5121951219512195,0.14634146341463417,0.6585365853658537
10,dyn_down,rand_consumer,23,0.5365853658536586,0.14634146341463417,0.6829268292682927
10,dyn_down,rand_consumer,24,0.5609756097560976,0.14634146341463405,0.7073170731707317
10,dyn_down,rand_consumer,25,0.5853658536585366,0.14634146341463417,0.7317073170731707
10,dyn_down,rand_consumer,26,0.6097560975609756,0.14634146341463417,0.7560975609756098
10,dyn_down,rand_consumer,27,0.6341463414634146,0.14634146341463417,0.7804878048780488
10,dyn_down,bm_high,1,0.0,0.0,0.0
10,dyn_down,bm_high,2,0.024390243902439025,0.048780487804878044,0.07317073170731707
10,dyn_down,bm_high,3,0.04878048780487805,0.07317073170731707,0.12195121951219512
10,dyn_down,bm_high,4,0.07317073170731707,0.07317073170731707,0.14634146341463414
10,dyn_down,bm_high,5,0.0975609756097561,0.07317073170731708,0.17073170731707318
10,dyn_down,bm_high,6,0.12195121951219512,0.07317073170731708,0.1951219512195122
10,dyn_down,bm_high,7,0.14634146341463414,0.07317073170731708,0.21951219512195122
10,dyn_down,bm_high,8,0.17073170731707318,0.07317073170731705,0.24390243902439024
10,dyn_down,bm_high,9,0.1951219512195122,0.07317073170731708,0.2682926829268293
10,dyn_down,bm_high,10,0.21951219512195122,0.07317073170731705,0.2926829268292683
10,dyn_down,bm_high,11,0.24390243902439024,0.07317073170731708,0.3170731707317073
10,dyn_down,bm_high,12,0.2682926829268293,0.07317073170731708,0.34146341463414637
10,dyn_down,bm_high,13,0.2926829268292683,0.07317073170731708,0.36585365853658536
10,dyn_down,bm_high,14,0.3170731707317073,0.07317073170731708,0.3902439024390244
10,dyn_down,bm_high,15,0.34146341463414637,0.07317073170731703,0.4146341463414634
10,dyn_down,bm_high,16,0.36585365853658536,0.07317073170731708,0.43902439024390244
10,dyn_down,bm_high,17,0.3902439024390244,0.07317073170731708,0.4634146341463415
10,dyn_down,bm_high,18,0.4146341463414634,0.07317073170731708,0.4878048780487805
10,dyn_down,bm_high,19,0.43902439024390244,0.07317073170731708,0.5121951219512195
10,dyn_down,bm_high,20,0.4634146341463415,0.07317073170731708,0.5365853658536586
10,dyn_down,bm_high,21,0.4878048780487805,0.07317073170731714,0.5609756097560976
10,dyn_down,bm_high,22,0.5121951219512195,0.07317073170731703,0.5853658536585366
10,dyn_down,bm_high,23,0.5365853658536586,0.07317073170731703,0.6097560975609756
10,dyn_down,bm_high,24,0.5609756097560976,0.07317073170731703,0.6341463414634146
10,dyn_down,bm_high,25,0.5853658536585366,0.07317073170731714,0.6585365853658537
10,dyn_down,bm_high,26,0.6097560975609756,0.07317073170731714,0.6829268292682927
10,dyn_down,bm_high,27,0.6341463414634146,0.07317073170731703,0.7073170731707317
10,dyn_down,bm_high,28,0.6585365853658537,0.07317073170731703,0.7317073170731707
10,dyn_down,bm_high,29,0.6829268292682927,0.07317073170731703,0.7560975609756098
10,dyn_down,bm_high,30,0.7073170731707317,0.07317073170731714,0.7804878048780488
10,dyn_down,gen_high,1,0.0,0.0,0.0
10,dyn_down,gen_high,2,0.024390243902439025,0.07317073170731708,0.0975609756097561
10,dyn_down,gen_high,3,0.04878048780487805,0.07317073170731707,0.12195121951219512
10,dyn_down,gen_high,4,0.07317073170731707,0.07317073170731707,0.14634146341463414
10,dyn_down,gen_high,5,0.0975609756097561,0.07317073170731708,0.17073170731707318
10,dyn_down,gen_high,6,0.12195121951219512,0.07317073170731708,0.1951219512195122
10,dyn_down,gen_high,7,0.14634146341463414,0.07317073170731708,0.21951219512195122
10,dyn_down,gen_high,8,0.17073170731707318,0.07317073170731705,0.24390243902439024
10,dyn_down,gen_high,9,0.1951219512195122,0.07317073170731708,0.2682926829268293
10,dyn_down,gen_high,10,0.21951219512195122,0.07317073170731705,0.2926829268292683
10,dyn_down,gen_high,11,0.24390243902439024,0.07317073170731708,0.3170731707317073
10,dyn_down,gen_high,12,0.2682926829268293,0.07317073170731708,0.34146341463414637
10,dyn_down,gen_high,13,0.2926829268292683,0.07317073170731708,0.36585365853658536
10,dyn_down,gen_high,14,0.3170731707317073,0.07317073170731708,0.3902439024390244
10,dyn_down,gen_high,15,0.34146341463414637,0.07317073170731703,0.4146341463414634
10,dyn_down,gen_high,16,0.36585365853658536,0.09756097560975613,0.4634146341463415
10,dyn_down,gen_high,17,0.3902439024390244,0.09756097560975607,0.4878048780487805
10,dyn_down,gen_high,18,0.4146341463414634,0.12195121951219517,0.5365853658536586
10,dyn_down,gen_high,19,0.43902439024390244,0.12195121951219517,0.5609756097560976
10,dyn_down,gen_high,20,0.4634146341463415,0.12195121951219506,0.5853658536585366
10,dyn_down,gen_high,21,0.4878048780487805,0.12195121951219512,0.6097560975609756
10,dyn_down,gen_high,22,0.5121951219512195,0.12195121951219512,0.6341463414634146
10,dyn_down,gen_high,23,0.5365853658536586,0.14634146341463417,0.6829268292682927
10,dyn_down,gen_high,24,0.5609756097560976,0.14634146341463405,0.7073170731707317
10,dyn_down,gen_high,25,0.5853658536585366,0.14634146341463417,0.7317073170731707
10,dyn_down,gen_high,26,0.6097560975609756,0.14634146341463417,0.7560975609756098
10,dyn_down,gen_high,27,0.6341463414634146,0.14634146341463417,0.7804878048780488
10,dyn_down,degree_high,1,0.0,0.0,0.0
10,dyn_down,degree_high,2,0.024390243902439025,0.07317073170731708,0.0975609756097561
10,dyn_down,degree_high,3,0.04878048780487805,0.07317073170731707,0.12195121951219512
10,dyn_down,degree_high,4,0.07317073170731707,0.07317073170731707,0.14634146341463414
10,dyn_down,degree_high,5,0.0975609756097561,0.07317073170731708,0.17073170731707318
10,dyn_down,degree_high,6,0.12195121951219512,0.07317073170731708,0.1951219512195122
10,dyn_down,degree_high,7,0.14634146341463414,0.07317073170731708,0.21951219512195122
10,dyn_down,degree_high,8,0.17073170731707318,0.07317073170731705,0.24390243902439024
10,dyn_down,degree_high,9,0.1951219512195122,0.07317073170731708,0.2682926829268293
10,dyn_down,degree_high,10,0.21951219512195122,0.07317073170731705,0.2926829268292683
10,dyn_down,degree_high,11,0.24390243902439024,0.07317073170731708,0.3170731707317073
10,dyn_down,degree_high,12,0.2682926829268293,0.07317073170731708,0.34146341463414637
10,dyn_down,degree_high,13,0.2926829268292683,0.07317073170731708,0.36585365853658536
10,dyn_down,degree_high,14,0.3170731707317073,0.07317073170731708,0.3902439024390244
10,dyn_down,degree_high,15,0.34146341463414637,0.07317073170731703,0.4146341463414634
10,dyn_down,degree_high,16,0.36585365853658536,0.07317073170731708,0.43902439024390244
10,dyn_down,degree_high,17,0.3902439024390244,0.07317073170731708,0.4634146341463415
10,dyn_down,degree_high,18,0.4146341463414634,0.07317073170731708,0.4878048780487805
10,dyn_down,degree_high,19,0.43902439024390244,0.07317073170731708,0.5121951219512195
10,dyn_down,degree_high,20,0.4634146341463415,0.07317073170731708,0.5365853658536586
10,dyn_down,degree_high,21,0.4878048780487805,0.07317073170731714,0.5609756097560976
10,dyn_down,degree_high,22,0.5121951219512195,0.07317073170731703,0.5853658536585366
10,dyn_down,degree_high,23,0.5365853658536586,0.07317073170731703,0.6097560975609756
10,dyn_down,degree_high,24,0.5609756097560976,0.07317073170731703,0.6341463414634146
10,dyn_down,degree_high,25,0.5853658536585366,0.07317073170731714,0.6585365853658537
10,dyn_down,degree_high,26,0.6097560975609756,0.07317073170731714,0.6829268292682927
10,dyn_down,degree_high,27,0.6341463414634146,0.07317073170731703,0.7073170731707317
10,dyn_down,degree_high,28,0.6585365853658537,0.07317073170731703,0.7317073170731707
10,dyn_down,degree_high,29,0.6829268292682927,0.07317073170731703,0.7560975609756098
10,dyn_down,degree_high,30,0.7073170731707317,0.07317073170731714,0.7804878048780488
10,dyn_down,degree_low,1,0.0,0.0,0.0
10,dyn_down,degree_low,2,0.024390243902439025,0.07317073170731708,0.0975609756097561
10,dyn_down,degree_low,3,0.04878048780487805,0.07317073170731707,0.12195121951219512
10,dyn_down,degree_low,4,0.07317073170731707,0.07317073170731707,0.14634146341463414
10,dyn_down,degree_low,5,0.0975609756097561,0.07317073170731708,0.17073170731707318
10,dyn_down,degree_low,6,0.12195121951219512,0.07317073170731708,0.1951219512195122
10,dyn_down,degree_low,7,0.14634146341463414,0.07317073170731708,0.21951219512195122
10,dyn_down,degree_low,8,0.17073170731707318,0.07317073170731705,0.24390243902439024
10,dyn_down,degree_low,9,0.1951219512195122,0.07317073170731708,0.2682926829268293
10,dyn_down,degree_low,10,0.21951219512195122,0.07317073170731705,0.2926829268292683
10,dyn_down,degree_low,11,0.24390243902439024,0.07317073170731708,0.3170731707317073
10,dyn_down,degree_low,12,0.2682926829268293,0.07317073170731708,0.34146341463414637
10,dyn_down,degree_low,13,0.2926829268292683,0.07317073170731708,0.36585365853658536
10,dyn_down,degree_low,14,0.3170731707317073,0.07317073170731708,0.3902439024390244
10,dyn_down,degree_low,15,0.34146341463414637,0.07317073170731703,0.4146341463414634
10,dyn_down,degree_low,16,0.36585365853658536,0.07317073170731708,0.43902439024390244
10,dyn_down,degree_low,17,0.3902439024390244,0.07317073170731708,0.4634146341463415
10,dyn_down,degree_low,18,0.4146341463414634,0.07317073170731708,0.4878048780487805
10,dyn_down,degree_low,19,0.43902439024390244,0.07317073170731708,0.5121951219512195
10,dyn_down,degree_low,20,0.4634146341463415,0.09756097560975613,0.5609756097560976
10,dyn_down,degree_low,21,0.4878048780487805,0.09756097560975607,0.5853658536585366
10,dyn_down,degree_low,22,0.5121951219512195,0.09756097560975607,0.6097560975609756
10,dyn_down,degree_low,23,0.5365853658536586,0.09756097560975607,0.6341463414634146
10,dyn_down,degree_low,24,0.5609756097560976,0.09756097560975607,0.6585365853658537
10,dyn_down,degree_low,25,0.5853658536585366,0.09756097560975618,0.6829268292682927
10,dyn_down,degree_low,26,0.6097560975609756,0.09756097560975607,0.7073170731707317
10,dyn_down,degree_low,27,0.6341463414634146,0.09756097560975607,0.7317073170731707
10,dyn_down,degree_low,28,0.6585365853658537,0.09756097560975607,0.7560975609756098
10,dyn_down,degree_low,29,0.6829268292682927,0.09756097560975607,0.7804878048780488
10,dyn_down,vul_high,1,0.0,0.0,0.0
10,dyn_down,vul_high,2,0.024390243902439025,0.07317073170731708,0.0975609756097561
10,dyn_down,vul_high,3,0.04878048780487805,0.07317073170731707,0.12195121951219512
10,dyn_down,vul_high,4,0.07317073170731707,0.07317073170731707,0.14634146341463414
10,dyn_down,vul_high,5,0.0975609756097561,0.07317073170731708,0.17073170731707318
10,dyn_down,vul_high,6,0.12195121951219512,0.07317073170731708,0.1951219512195122
10,dyn_down,vul_high,7,0.14634146341463414,0.07317073170731708,0.21951219512195122
10,dyn_down,vul_high,8,0.17073170731707318,0.07317073170731705,0.24390243902439024
10,dyn_down,vul_high,9,0.1951219512195122,0.07317073170731708,0.2682926829268293
10,dyn_down,vul_high,10,0.21951219512195122,0.07317073170731705,0.2926829268292683
10,dyn_down,vul_high,11,0.24390243902439024,0.07317073170731708,0.3170731707317073
10,dyn_down,vul_high,12,0.2682926829268293,0.07317073170731708,0.34146341463414637
10,dyn_down,vul_high,13,0.2926829268292683,0.07317073170731708,0.36585365853658536
10,dyn_down,vul_high,14,0.3170731707317073,0.07317073170731708,0.3902439024390244
10,dyn_down,vul_high,15,0.34146341463414637,0.07317073170731703,0.4146341463414634
10,dyn_down,vul_high,16,0.36585365853658536,0.07317073170731708,0.43902439024390244
10,dyn_down,vul_high,17,0.3902439024390244,0.07317073170731708,0.4634146341463415
10,dyn_down,vul_high,18,0.4146341463414634,0.07317073170731708,0.4878048780487805
10,dyn_down,vul_high,19,0.43902439024390244,0.07317073170731708,0.5121951219512195
10,dyn_down,vul_high,20,0.4634146341463415,0.07317073170731708,0.5365853658536586
10,dyn_down,vul_high,21,0.4878048780487805,0.07317073170731714,0.5609756097560976
10,dyn_down,vul_high,22,0.5121951219512195,0.07317073170731703,0.5853658536585366
10,dyn_down,vul_high,23,0.5365853658536586,0.07317073170731703,0.6097560975609756
10,dyn_down,vul_high,24,0.5609756097560976,0.07317073170731703,0.6341463414634146
10,dyn_down,vul_high,25,0.5853658536585366,0.07317073170731714,0.6585365853658537
10,dyn_down,vul_high,26,0.6097560975609756,0.07317073170731714,0.6829268292682927
10,dyn_down,vul_high,27,0.6341463414634146,0.07317073170731703,0.7073170731707317
10,dyn_down,vul_high,28,0.6585365853658537,0.07317073170731703,0.7317073170731707
10,dyn_down,vul_high,29,0.6829268292682927,0.07317073170731703,0.7560975609756098
10,dyn_down,vul_high,30,0.7073170731707317,0.07317073170731714,0.7804878048780488
10,dyn_down,bm_low,1,0.0,0.0,0.0
10,dyn_down,bm_low,2,0.024390243902439025,0.07317073170731708,0.0975609756097561
10,dyn_down,bm_low,3,0.04878048780487805,0.09756097560975609,0.14634146341463414
10,dyn_down,bm_low,4,0.07317073170731707,0.09756097560975611,0.17073170731707318
10,dyn_down,bm_low,5,0.0975609756097561,0.0975609756097561,0.1951219512195122
10,dyn_down,bm_low,6,0.12195121951219512,0.0975609756097561,0.21951219512195122
10,dyn_down,bm_low,7,0.14634146341463414,0.0975609756097561,0.24390243902439024
10,dyn_down,bm_low,8,0.17073170731707318,0.0975609756097561,0.2682926829268293
10,dyn_down,bm_low,9,0.1951219512195122,0.09756097560975607,0.2926829268292683
10,dyn_down,bm_low,10,0.21951219512195122,0.0975609756097561,0.3170731707317073
10,dyn_down,bm_low,11,0.24390243902439024,0.09756097560975613,0.34146341463414637
10,dyn_down,bm_low,12,0.2682926829268293,0.09756097560975607,0.36585365853658536
10,dyn_down,bm_low,13,0.2926829268292683,0.09756097560975613,0.3902439024390244
10,dyn_down,bm_low,14,0.3170731707317073,0.09756097560975607,0.4146341463414634
10,dyn_down,bm_low,15,0.34146341463414637,0.09756097560975607,0.43902439024390244
10,dyn_down,bm_low,16,0.36585365853658536,0.09756097560975613,0.4634146341463415
10,dyn_down,bm_low,17,0.3902439024390244,0.09756097560975607,0.4878048780487805
10,dyn_down,bm_low,18,0.4146341463414634,0.09756097560975613,0.5121951219512195
10,dyn_down,bm_low,19,0.43902439024390244,0.09756097560975613,0.5365853658536586
10,dyn_down,bm_low,20,0.4634146341463415,0.09756097560975613,0.5609756097560976
10,dyn_down,bm_low,21,0.4878048780487805,0.09756097560975607,0.5853658536585366
10,dyn_down,bm_low,22,0.5121951219512195,0.09756097560975607,0.6097560975609756
10,dyn_down,bm_low,23,0.5365853658536586,0.09756097560975607,0.6341463414634146
10,dyn_down,bm_low,24,0.5609756097560976,0.09756097560975607,0.6585365853658537
10,dyn_down,bm_low,25,0.5853658536585366,0.09756097560975618,0.6829268292682927
10,dyn_down,bm_low,26,0.6097560975609756,0.09756097560975607,0.7073170731707317
10,dyn_down,bm_low,27,0.6341463414634146,0.09756097560975607,0.7317073170731707
10,dyn_down,bm_low,28,0.6585365853658537,0.09756097560975607,0.7560975609756098
10,dyn_down,bm_low,29,0.6829268292682927,0.09756097560975607,0.7804878048780488
